Year,Gear,Flag,Fleet,SpeciesName,Catch
2023,H,ID,,ALB,450
2023,H,ID,,BET,850
2023,H,ID,,YFT,22150
2023,H,ID,,BUM,6
2023,H,ID,,BLM,5509
2023,H,ID,,MLS,207
2023,H,ID,,SWO,29
2023,H,ID,,SFA,5032
2023,H,PH,,ALB,1299
2023,H,PH,,BET,759
2023,H,PH,,SKJ,1625
2023,H,PH,,YFT,18354
2023,H,PH,,BUM,875
2023,H,PH,,BLM,250
2023,H,PH,,SWO,16
2023,O,ID,,BET,10540
2023,O,ID,,SKJ,48111
2023,O,ID,,YFT,50213
2023,O,ID,,BLM,1410
2023,O,ID,,MLS,79
2023,O,ID,,SWO,30
2023,O,ID,,SFA,973
2023,O,ID,,OCS,2
2023,O,ID,,THR,9
2023,O,PH,,ALB,107
2023,O,PH,,BET,131
2023,O,PH,,SKJ,4169
2023,O,PH,,YFT,2192
2023,O,WF,,SKJ,2
2023,O,WF,,YFT,2
2023,O,WF,,MLS,1
2023,O,JP,,ALB,243
2023,O,JP,,BET,84
2023,O,JP,,SKJ,728
2023,O,JP,,YFT,973
2023,O,JP,,PBF,2731
2023,O,JP,,BUM,159
2023,O,JP,,BLM,89
2023,O,JP,,MLS,108
2023,O,JP,,SWO,525
2023,O,KI,,SKJ,2190
2023,O,KI,,YFT,2169
2023,O,PF,PM,ALB,214
2023,O,PF,PM,BET,13
2023,O,PF,PM,SKJ,390
2023,O,PF,PM,YFT,703
2023,O,PF,PM,BUM,157
2023,O,PF,PM,BLM,48
2023,O,PF,PM,MLS,39
2023,T,JP,,ALB,428
2023,T,JP,,BET,78
2023,T,JP,,SKJ,2161
2023,T,JP,,YFT,2160
2023,T,JP,,PBF,760
2023,T,JP,,BUM,6
2023,T,JP,,BLM,156
2023,O,NU,,YFT,4
2023,T,US,GU,SKJ,233
2023,T,US,GU,YFT,44
2023,T,US,GU,BUM,6
2023,T,US,GU,SFA,1
2023,T,US,AS,SKJ,2
2023,H,US,HW,ALB,5
2023,H,US,HW,BET,132
2023,H,US,HW,SKJ,8
2023,H,US,HW,YFT,249
2023,H,US,HW,BUM,3
2023,H,US,HW,SWO,1
2023,T,US,HW,BET,5
2023,T,US,HW,SKJ,108
2023,T,US,HW,YFT,259
2023,T,US,HW,BUM,87
2023,T,US,HW,BLM,1
2023,T,US,HW,MLS,6
2023,T,US,HW,SFA,1
2023,O,TV,,BET,27
2023,O,TV,,SKJ,194
2023,O,TV,,YFT,127
2023,O,NR,,SKJ,2
2023,O,NR,,YFT,24
2023,O,VU,,BET,1
2023,O,VU,,SKJ,92
2023,O,VU,,YFT,124
2023,O,TO,,SKJ,19
2023,O,TO,,YFT,5
2023,T,US,MP,SKJ,35
2023,T,US,MP,YFT,9
2023,R,PH,,BET,416
2023,R,PH,,SKJ,19118
2023,R,PH,,YFT,5438
2023,R,PH,,BUM,60
2023,R,PH,,BLM,60
2023,T,CK,,BET,1
2023,T,CK,,SKJ,15
2023,T,CK,,YFT,184
2023,K,PH,,ALB,138
2023,K,PH,,BET,1452
2023,K,PH,,SKJ,15815
2023,K,PH,,YFT,26881
2023,O,TK,,BET,1
2023,O,TK,,SKJ,25
2023,O,TK,,YFT,24
2023,G,VN,,ALB,185
2023,G,VN,,BET,60
2023,G,VN,,SKJ,12171
2023,G,VN,,YFT,214
2023,G,VN,,SWO,176
2023,K,ID,,BET,14980
2023,K,ID,,SKJ,54783
2023,K,ID,,YFT,90490
2023,G,ID,,BET,3201
2023,G,ID,,SKJ,18744
2023,G,ID,,YFT,2142
2023,G,ID,,BUM,3
2023,G,ID,,BLM,121
2023,G,ID,,SWO,12
2023,G,ID,,SFA,567
2023,G,ID,,FAL,12
2023,R,TW,,SKJ,4510
1950,O,ID,,SKJ,2645
1950,O,ID,,YFT,625
1950,O,PH,,SKJ,2782
1950,O,PH,,YFT,2314
1951,O,ID,,SKJ,2854
1951,O,ID,,YFT,693
1951,O,JP,,SKJ,1676
1951,O,PH,,SKJ,2927
1951,O,PH,,YFT,2363
1952,O,ID,,SKJ,3079
1952,O,ID,,YFT,768
1952,O,JP,,ALB,237
1952,O,JP,,SKJ,2614
1952,O,PH,,SKJ,3080
1952,O,PH,,YFT,2414
1953,O,ID,,SKJ,3322
1953,O,ID,,YFT,852
1953,O,JP,,ALB,132
1953,O,JP,,SKJ,3495
1953,O,PH,,SKJ,3241
1953,O,PH,,YFT,2466
1954,O,ID,,SKJ,3584
1954,O,ID,,YFT,945
1954,O,JP,,ALB,38
1954,O,JP,,SKJ,3101
1954,O,PH,,SKJ,3411
1954,O,PH,,YFT,2519
1955,O,ID,,SKJ,3867
1955,O,ID,,YFT,1048
1955,O,JP,,ALB,136
1955,O,JP,,SKJ,3626
1955,O,PH,,SKJ,3590
1955,O,PH,,YFT,2574
1956,O,ID,,SKJ,4173
1956,O,ID,,YFT,1162
1956,O,JP,,ALB,57
1956,O,JP,,SKJ,3428
1956,O,PH,,SKJ,3779
1956,O,PH,,YFT,2630
1957,O,ID,,SKJ,4503
1957,O,ID,,YFT,1289
1957,O,JP,,ALB,151
1957,O,JP,,SKJ,1616
1957,O,PH,,SKJ,3978
1957,O,PH,,YFT,2687
1958,O,ID,,SKJ,4859
1958,O,ID,,YFT,1429
1958,O,JP,,ALB,124
1958,O,JP,,SKJ,4184
1958,O,PH,,SKJ,4187
1958,O,PH,,YFT,2746
1959,O,ID,,SKJ,5243
1959,O,ID,,YFT,1585
1959,O,JP,,ALB,67
1959,O,JP,,SKJ,3019
1959,O,PH,,SKJ,4408
1959,O,PH,,YFT,2808
1960,O,ID,,SKJ,5657
1960,O,ID,,YFT,1758
1960,O,JP,,ALB,76
1960,O,JP,,SKJ,3119
1960,O,PH,,SKJ,4640
1960,O,PH,,YFT,2871
1961,O,ID,,SKJ,6104
1961,O,ID,,YFT,1950
1961,O,JP,,ALB,268
1961,O,JP,,SKJ,4479
1961,O,PH,,SKJ,4884
1961,O,PH,,YFT,2936
1962,O,ID,,SKJ,6586
1962,O,ID,,YFT,2163
1962,O,JP,,ALB,191
1962,O,JP,,SKJ,3050
1962,O,PH,,SKJ,5142
1962,O,PH,,YFT,3003
1963,O,ID,,SKJ,7106
1963,O,ID,,YFT,2399
1963,O,JP,,ALB,218
1963,O,JP,,SKJ,2820
1963,O,PH,,SKJ,5413
1963,O,PH,,YFT,3071
1964,O,ID,,SKJ,7667
1964,O,ID,,YFT,2660
1964,O,JP,,ALB,319
1964,O,JP,,BET,28
1964,O,JP,,SKJ,4120
1964,O,JP,,YFT,867
1964,O,JP,,PBF,3350
1964,O,JP,,BUM,38
1964,O,JP,,MLS,2364
1964,O,JP,,SWO,1156
1964,O,PH,,SKJ,5699
1964,O,PH,,YFT,3141
1965,O,ID,,SKJ,8273
1965,O,ID,,YFT,2950
1965,O,JP,,ALB,121
1965,O,JP,,BET,30
1965,O,JP,,SKJ,2770
1965,O,JP,,YFT,464
1965,O,JP,,PBF,3175
1965,O,JP,,BUM,65
1965,O,JP,,MLS,2789
1965,O,JP,,SWO,2072
1965,O,PH,,SKJ,6000
1965,O,PH,,YFT,3213
1966,O,ID,,SKJ,8927
1966,O,ID,,YFT,3271
1966,O,JP,,ALB,585
1966,O,JP,,BET,86
1966,O,JP,,SKJ,3801
1966,O,JP,,YFT,1662
1966,O,JP,,PBF,1348
1966,O,JP,,BUM,88
1966,O,JP,,MLS,1674
1966,O,JP,,SWO,1885
1966,O,PH,,SKJ,6317
1966,O,PH,,YFT,3287
1967,O,ID,,SKJ,9632
1967,O,ID,,YFT,3628
1967,O,JP,,ALB,520
1967,O,JP,,BET,253
1967,O,JP,,SKJ,4466
1967,O,JP,,YFT,3204
1967,O,JP,,PBF,2866
1967,O,JP,,BUM,128
1967,O,JP,,MLS,1638
1967,O,JP,,SWO,1109
1967,O,PH,,SKJ,6651
1967,O,PH,,YFT,3363
1967,T,NZ,,ALB,5
1968,O,ID,,SKJ,10393
1968,O,ID,,YFT,4024
1968,O,JP,,ALB,1109
1968,O,JP,,BET,204
1968,O,JP,,SKJ,3017
1968,O,JP,,YFT,1519
1968,O,JP,,PBF,3269
1968,O,JP,,BUM,77
1968,O,JP,,MLS,1252
1968,O,JP,,SWO,1828
1968,O,PH,,SKJ,7003
1968,O,PH,,YFT,3441
1968,T,NZ,,ALB,14
1969,O,ID,,SKJ,11214
1969,O,ID,,YFT,4463
1969,O,JP,,ALB,959
1969,O,JP,,BET,62
1969,O,JP,,SKJ,6587
1969,O,JP,,YFT,534
1969,O,JP,,PBF,2349
1969,O,JP,,BUM,207
1969,O,JP,,MLS,2622
1969,O,JP,,SWO,1615
1969,O,PH,,SKJ,7374
1969,O,PH,,YFT,3521
1970,O,ID,,BET,550
1970,O,ID,,SKJ,12100
1970,O,ID,,YFT,4950
1970,O,JP,,ALB,517
1970,O,JP,,BET,46
1970,O,JP,,SKJ,6651
1970,O,JP,,YFT,1278
1970,O,JP,,PBF,1940
1970,O,JP,,BUM,55
1970,O,JP,,MLS,1181
1970,O,JP,,SWO,1828
1970,O,PH,,BET,400
1970,O,PH,,SKJ,7765
1970,O,PH,,YFT,3604
1970,O,TW,,BET,2
1970,O,TW,,SKJ,322
1970,O,TW,,YFT,406
1970,R,PH,,BET,166
1970,R,PH,,SKJ,3051
1970,R,PH,,YFT,1511
1970,R,PH,,BUM,12
1970,R,PH,,BLM,12
1970,T,NZ,,ALB,50
1971,O,ID,,BET,570
1971,O,ID,,SKJ,12400
1971,O,ID,,YFT,5130
1971,O,JP,,ALB,359
1971,O,JP,,BET,21
1971,O,JP,,SKJ,2269
1971,O,JP,,YFT,226
1971,O,JP,,PBF,1837
1971,O,JP,,BUM,56
1971,O,JP,,MLS,2274
1971,O,JP,,SWO,541
1971,O,PH,,BET,448
1971,O,PH,,SKJ,8309
1971,O,PH,,YFT,4032
1971,O,TW,,SKJ,466
1971,O,TW,,YFT,363
1971,R,PH,,BET,186
1971,R,PH,,SKJ,3265
1971,R,PH,,YFT,1690
1971,R,PH,,BUM,13
1971,R,PH,,BLM,13
1972,O,ID,,BET,900
1972,O,ID,,SKJ,19600
1972,O,ID,,YFT,8100
1972,O,JP,,ALB,644
1972,O,JP,,BET,19
1972,O,JP,,SKJ,6139
1972,O,JP,,YFT,839
1972,O,JP,,PBF,1265
1972,O,JP,,BUM,59
1972,O,JP,,MLS,1126
1972,O,JP,,SWO,303
1972,O,PH,,BET,466
1972,O,PH,,SKJ,9123
1972,O,PH,,YFT,4188
1972,O,TW,,BET,15
1972,O,TW,,SKJ,582
1972,O,TW,,YFT,331
1972,R,PH,,BET,193
1972,R,PH,,SKJ,3585
1972,R,PH,,YFT,1757
1972,R,PH,,BUM,14
1972,R,PH,,BLM,14
1972,T,NZ,,ALB,268
1973,O,ID,,BET,1020
1973,O,ID,,SKJ,22300
1973,O,ID,,YFT,9180
1973,O,JP,,ALB,530
1973,O,JP,,BET,52
1973,O,JP,,SKJ,9888
1973,O,JP,,YFT,422
1973,O,JP,,PBF,2678
1973,O,JP,,BUM,113
1973,O,JP,,MLS,746
1973,O,JP,,SWO,159
1973,O,PH,,BET,557
1973,O,PH,,SKJ,10250
1973,O,PH,,YFT,5011
1973,O,TW,,BET,74
1973,O,TW,,SKJ,536
1973,O,TW,,YFT,441
1973,R,PH,,BET,231
1973,R,PH,,SKJ,4028
1973,R,PH,,YFT,2102
1973,R,PH,,BUM,16
1973,R,PH,,BLM,16
1973,T,NZ,,ALB,484
1974,O,ID,,BET,1017
1974,O,ID,,SKJ,23613
1974,O,ID,,YFT,9149
1974,O,JP,,ALB,904
1974,O,JP,,BET,67
1974,O,JP,,SKJ,5936
1974,O,JP,,YFT,676
1974,O,JP,,PBF,6439
1974,O,JP,,BUM,107
1974,O,JP,,MLS,818
1974,O,JP,,SWO,376
1974,O,NZ,,YFT,1
1974,O,PH,,BET,647
1974,O,PH,,SKJ,11436
1974,O,PH,,YFT,5825
1974,O,TW,,BET,39
1974,O,TW,,SKJ,442
1974,O,TW,,YFT,334
1974,R,PH,,BET,268
1974,R,PH,,SKJ,4494
1974,R,PH,,YFT,2444
1974,R,PH,,BUM,18
1974,R,PH,,BLM,18
1974,T,NZ,,ALB,898
1975,O,ID,,BET,1106
1975,O,ID,,SKJ,23316
1975,O,ID,,YFT,9956
1975,O,JP,,ALB,243
1975,O,JP,,BET,72
1975,O,JP,,SKJ,5211
1975,O,JP,,YFT,560
1975,O,JP,,PBF,2565
1975,O,JP,,BUM,230
1975,O,JP,,MLS,721
1975,O,JP,,SWO,289
1975,O,NZ,,YFT,1
1975,O,PH,,BET,660
1975,O,PH,,SKJ,12290
1975,O,PH,,YFT,5947
1975,O,TW,,BET,1
1975,O,TW,,SKJ,533
1975,O,TW,,YFT,426
1975,R,PH,,BET,274
1975,R,PH,,SKJ,4830
1975,R,PH,,YFT,2493
1975,R,PH,,BUM,19
1975,R,PH,,BLM,19
1975,T,NZ,,ALB,646
1976,O,ID,,BET,753
1976,O,ID,,SKJ,25338
1976,O,ID,,YFT,6777
1976,O,JP,,ALB,285
1976,O,JP,,BET,81
1976,O,JP,,SKJ,6240
1976,O,JP,,YFT,820
1976,O,JP,,PBF,3148
1976,O,JP,,BUM,526
1976,O,JP,,MLS,602
1976,O,JP,,SWO,557
1976,O,PH,,BET,557
1976,O,PH,,SKJ,10693
1976,O,PH,,YFT,5008
1976,O,TW,,BET,64
1976,O,TW,,SKJ,521
1976,O,TW,,YFT,1359
1976,R,PH,,BET,231
1976,R,PH,,SKJ,4891
1976,R,PH,,YFT,2100
1976,R,PH,,BUM,18
1976,R,PH,,BLM,18
1976,T,NZ,,ALB,25
1977,O,ID,,BET,1027
1977,O,ID,,SKJ,26376
1977,O,ID,,YFT,9241
1977,O,JP,,ALB,370
1977,O,JP,,BET,149
1977,O,JP,,SKJ,5472
1977,O,JP,,YFT,520
1977,O,JP,,PBF,2425
1977,O,JP,,BUM,326
1977,O,JP,,MLS,556
1977,O,JP,,SWO,326
1977,O,PH,,BET,789
1977,O,PH,,SKJ,18478
1977,O,PH,,YFT,7102
1977,O,TW,,BET,68
1977,O,TW,,SKJ,945
1977,O,TW,,YFT,428
1977,R,PH,,BET,327
1977,R,PH,,SKJ,4765
1977,R,PH,,YFT,2978
1977,R,PH,,BUM,20
1977,R,PH,,BLM,20
1977,T,NZ,,ALB,621
1978,O,ID,,BET,823
1978,O,ID,,SKJ,29422
1978,O,ID,,YFT,7403
1978,O,JP,,ALB,2094
1978,O,JP,,BET,294
1978,O,JP,,SKJ,8311
1978,O,JP,,YFT,520
1978,O,JP,,PBF,2793
1978,O,JP,,BUM,579
1978,O,JP,,MLS,442
1978,O,JP,,SWO,300
1978,O,NZ,,YFT,15
1978,O,PH,,BET,683
1978,O,PH,,SKJ,19303
1978,O,PH,,YFT,6145
1978,O,TW,,BET,48
1978,O,TW,,SKJ,1422
1978,O,TW,,YFT,1517
1978,R,PH,,BET,100
1978,R,PH,,SKJ,7585
1978,R,PH,,YFT,910
1978,R,PH,,BUM,21
1978,R,PH,,BLM,21
1978,T,NZ,,ALB,1686
1979,O,ID,,BET,1148
1979,O,ID,,SKJ,36310
1979,O,ID,,YFT,10334
1979,O,JP,,ALB,1155
1979,O,JP,,BET,182
1979,O,JP,,SKJ,7536
1979,O,JP,,YFT,1373
1979,O,JP,,PBF,5447
1979,O,JP,,BUM,427
1979,O,JP,,MLS,526
1979,O,JP,,SWO,283
1979,O,NZ,,YFT,16
1979,O,PH,,BET,404
1979,O,PH,,SKJ,4946
1979,O,PH,,YFT,3632
1979,O,TW,,BET,13
1979,O,TW,,SKJ,940
1979,O,TW,,YFT,1743
1979,R,PH,,BET,351
1979,R,PH,,SKJ,5702
1979,R,PH,,YFT,3190
1979,R,PH,,BUM,23
1979,R,PH,,BLM,23
1979,T,NZ,,ALB,814
1980,O,ID,,BET,684
1980,O,ID,,SKJ,11181
1980,O,ID,,YFT,6140
1980,O,JP,,ALB,1187
1980,O,JP,,BET,67
1980,O,JP,,SKJ,7553
1980,O,JP,,YFT,793
1980,O,JP,,PBF,2995
1980,O,JP,,BUM,259
1980,O,JP,,MLS,541
1980,O,JP,,SWO,468
1980,O,KI,,YFT,1812
1980,O,NZ,,YFT,51
1980,O,PH,,BET,345
1980,O,PH,,SKJ,4889
1980,O,PH,,YFT,3107
1980,O,TW,,BET,7
1980,O,TW,,SKJ,956
1980,O,TW,,YFT,901
1980,R,PH,,BET,423
1980,R,PH,,SKJ,3351
1980,R,PH,,YFT,3852
1980,R,PH,,BUM,19
1980,R,PH,,BLM,19
1980,T,US,GU,SKJ,12
1980,T,US,GU,YFT,9
1980,T,NZ,,ALB,1468
1981,O,AU,,ALB,5
1981,O,ID,,BET,905
1981,O,ID,,SKJ,11539
1981,O,ID,,YFT,8124
1981,O,JP,,ALB,707
1981,O,JP,,BET,41
1981,O,JP,,SKJ,5137
1981,O,JP,,YFT,550
1981,O,JP,,PBF,2652
1981,O,JP,,BUM,317
1981,O,JP,,MLS,544
1981,O,JP,,SWO,250
1981,O,KI,,YFT,1812
1981,O,NZ,,YFT,26
1981,O,PH,,BET,413
1981,O,PH,,SKJ,4862
1981,O,PH,,YFT,3709
1981,O,TW,,BET,1
1981,O,TW,,SKJ,1112
1981,O,TW,,YFT,634
1981,R,PH,,BET,380
1981,R,PH,,SKJ,4683
1981,R,PH,,YFT,3459
1981,R,PH,,BUM,21
1981,R,PH,,BLM,21
1981,T,US,GU,SKJ,17
1981,T,US,GU,YFT,16
1981,T,NZ,,ALB,2085
1982,O,AU,,ALB,6
1982,O,ID,,BET,1006
1982,O,ID,,SKJ,12317
1982,O,ID,,YFT,9031
1982,O,JP,,ALB,493
1982,O,JP,,BET,52
1982,O,JP,,SKJ,7396
1982,O,JP,,YFT,475
1982,O,JP,,PBF,1799
1982,O,JP,,BUM,392
1982,O,JP,,MLS,646
1982,O,JP,,SWO,291
1982,O,KI,,YFT,1812
1982,O,NZ,,YFT,2
1982,O,PH,,BET,262
1982,O,PH,,SKJ,11842
1982,O,PH,,YFT,2350
1982,O,TW,,SKJ,437
1982,O,TW,,YFT,565
1982,R,PH,,BET,137
1982,R,PH,,SKJ,4081
1982,R,PH,,YFT,1251
1982,R,PH,,BUM,14
1982,R,PH,,BLM,14
1982,T,US,AS,SKJ,7
1982,T,US,AS,YFT,3
1982,T,US,GU,SKJ,57
1982,T,US,GU,YFT,51
1982,T,US,GU,BUM,9
1982,T,NZ,,ALB,2434
1983,G,JP,,ALB,6884
1983,G,JP,,BET,87
1983,G,JP,,SKJ,4427
1983,G,JP,,YFT,43
1983,G,JP,,PBF,807
1983,G,JP,,BUM,931
1983,G,JP,,MLS,1867
1983,G,JP,,SWO,1033
1983,O,AU,,ALB,7
1983,O,ID,,BET,908
1983,O,ID,,SKJ,16277
1983,O,ID,,YFT,8050
1983,O,JP,,ALB,121
1983,O,JP,,BET,47
1983,O,JP,,SKJ,7911
1983,O,JP,,YFT,454
1983,O,JP,,PBF,1281
1983,O,JP,,BUM,524
1983,O,JP,,MLS,800
1983,O,JP,,SWO,249
1983,O,KI,,YFT,1812
1983,O,NZ,,YFT,1
1983,O,PH,,BET,538
1983,O,PH,,SKJ,6751
1983,O,PH,,YFT,4841
1983,O,TW,,BET,5
1983,O,TW,,SKJ,931
1983,O,TW,,YFT,317
1983,R,PH,,BET,333
1983,R,PH,,SKJ,4210
1983,R,PH,,YFT,3028
1983,R,PH,,BUM,19
1983,R,PH,,BLM,19
1983,T,US,AS,SKJ,27
1983,T,US,AS,YFT,9
1983,T,US,AS,BUM,1
1983,O,FJ,,YFT,3
1983,T,US,GU,SKJ,43
1983,T,US,GU,YFT,29
1983,T,US,GU,BUM,13
1983,T,US,MP,SKJ,84
1983,T,US,MP,YFT,10
1983,T,US,MP,BUM,1
1983,T,NZ,,ALB,744
1984,G,JP,,ALB,10569
1984,G,JP,,BET,84
1984,G,JP,,SKJ,5823
1984,G,JP,,YFT,105
1984,G,JP,,PBF,532
1984,G,JP,,BUM,243
1984,G,JP,,MLS,2333
1984,G,JP,,SWO,1053
1984,H,ID,,BET,88
1984,H,ID,,YFT,2759
1984,H,ID,,BUM,191
1984,H,ID,,BLM,12
1984,H,ID,,SWO,7
1984,O,AU,,ALB,8
1984,O,ID,,BET,1374
1984,O,ID,,SKJ,13741
1984,O,ID,,YFT,12366
1984,O,JP,,ALB,518
1984,O,JP,,BET,48
1984,O,JP,,SKJ,8128
1984,O,JP,,YFT,671
1984,O,JP,,PBF,2570
1984,O,JP,,BUM,409
1984,O,JP,,MLS,727
1984,O,JP,,SWO,261
1984,O,KI,,YFT,1812
1984,O,NZ,,YFT,2
1984,O,PH,,BET,365
1984,O,PH,,SKJ,2072
1984,O,PH,,YFT,3282
1984,O,TW,,SKJ,535
1984,O,TW,,YFT,1037
1984,R,PH,,BET,422
1984,R,PH,,SKJ,8538
1984,R,PH,,YFT,3839
1984,R,PH,,BUM,32
1984,R,PH,,BLM,32
1984,T,US,AS,SKJ,53
1984,T,US,AS,YFT,27
1984,T,US,AS,BUM,3
1984,T,US,GU,SKJ,98
1984,T,US,GU,YFT,31
1984,T,US,GU,BUM,22
1984,T,US,MP,SKJ,133
1984,T,US,MP,YFT,9
1984,T,US,MP,BUM,1
1984,T,NZ,,ALB,2773
1985,G,JP,,ALB,13132
1985,G,JP,,BET,117
1985,G,JP,,SKJ,2366
1985,G,JP,,YFT,51
1985,G,JP,,PBF,728
1985,G,JP,,BUM,408
1985,G,JP,,MLS,2363
1985,G,JP,,SWO,1133
1985,H,ID,,BET,96
1985,H,ID,,YFT,3003
1985,H,ID,,BUM,216
1985,H,ID,,BLM,14
1985,H,ID,,SWO,8
1985,O,AU,,ALB,9
1985,O,ID,,BET,1585
1985,O,ID,,SKJ,14178
1985,O,ID,,YFT,14148
1985,O,JP,,ALB,407
1985,O,JP,,BET,101
1985,O,JP,,SKJ,5116
1985,O,JP,,YFT,602
1985,O,JP,,PBF,3009
1985,O,JP,,BUM,486
1985,O,JP,,MLS,753
1985,O,JP,,SWO,285
1985,O,KI,,YFT,1812
1985,O,NZ,,YFT,1
1985,O,PH,,BET,538
1985,O,PH,,SKJ,6712
1985,O,PH,,YFT,4840
1985,O,TW,,BET,70
1985,O,TW,,SKJ,776
1985,O,TW,,YFT,825
1985,R,PH,,BET,615
1985,R,PH,,SKJ,14303
1985,R,PH,,YFT,5595
1985,R,PH,,BUM,51
1985,R,PH,,BLM,51
1985,T,US,AS,SKJ,18
1985,T,US,AS,YFT,18
1985,T,US,AS,BUM,1
1985,O,FJ,,YFT,3
1985,T,US,GU,SKJ,48
1985,T,US,GU,YFT,42
1985,T,US,GU,BUM,24
1985,T,US,MP,SKJ,80
1985,T,US,MP,YFT,6
1985,T,US,MP,BUM,1
1985,T,NZ,,ALB,3253
1986,G,JP,,ALB,9749
1986,G,JP,,BET,150
1986,G,JP,,SKJ,6611
1986,G,JP,,YFT,55
1986,G,JP,,PBF,316
1986,G,JP,,BUM,178
1986,G,JP,,MLS,3584
1986,G,JP,,SWO,1264
1986,H,ID,,BET,100
1986,H,ID,,YFT,3127
1986,H,ID,,BUM,233
1986,H,ID,,BLM,15
1986,H,ID,,SWO,9
1986,O,AU,,ALB,10
1986,O,ID,,BET,2055
1986,O,ID,,SKJ,10712
1986,O,ID,,YFT,18373
1986,O,JP,,ALB,655
1986,O,JP,,BET,87
1986,O,JP,,SKJ,9271
1986,O,JP,,YFT,621
1986,O,JP,,PBF,3317
1986,O,JP,,BUM,472
1986,O,JP,,MLS,597
1986,O,JP,,SWO,244
1986,O,KI,,YFT,1812
1986,O,NZ,,YFT,7
1986,O,PH,,BET,332
1986,O,PH,,SKJ,5370
1986,O,PH,,YFT,2988
1986,O,TW,,BET,20
1986,O,TW,,SKJ,756
1986,O,TW,,YFT,847
1986,R,PH,,BET,490
1986,R,PH,,SKJ,18343
1986,R,PH,,YFT,4461
1986,R,PH,,BUM,58
1986,R,PH,,BLM,58
1986,T,US,GU,SKJ,62
1986,T,US,GU,YFT,23
1986,T,US,GU,BUM,2
1986,O,FJ,,SKJ,8
1986,O,FJ,,YFT,6
1986,T,US,AS,SKJ,34
1986,T,US,AS,YFT,25
1986,T,US,AS,BUM,25
1986,T,US,MP,SKJ,115
1986,T,US,MP,YFT,8
1986,T,US,MP,BUM,1
1986,T,NZ,,ALB,1911
1986,T,US,,ALB,92
1987,G,JP,,ALB,7617
1987,G,JP,,BET,83
1987,G,JP,,SKJ,6430
1987,G,JP,,YFT,43
1987,G,JP,,PBF,258
1987,G,JP,,BUM,256
1987,G,JP,,MLS,1888
1987,G,JP,,SWO,1051
1987,H,ID,,BET,113
1987,H,ID,,YFT,3553
1987,H,ID,,BUM,237
1987,H,ID,,BLM,15
1987,H,ID,,SWO,9
1987,O,AU,,ALB,11
1987,O,ID,,BET,2300
1987,O,ID,,SKJ,12491
1987,O,ID,,YFT,20594
1987,O,JP,,ALB,189
1987,O,JP,,BET,90
1987,O,JP,,SKJ,6042
1987,O,JP,,YFT,920
1987,O,JP,,PBF,2385
1987,O,JP,,BUM,367
1987,O,JP,,MLS,511
1987,O,JP,,SWO,172
1987,O,KI,,YFT,1812
1987,O,NZ,,YFT,7
1987,O,PH,,BET,354
1987,O,PH,,SKJ,6105
1987,O,PH,,YFT,3187
1987,O,TW,,BET,52
1987,O,TW,,SKJ,966
1987,O,TW,,YFT,3066
1987,R,PH,,BET,289
1987,R,PH,,SKJ,11873
1987,R,PH,,YFT,2627
1987,R,PH,,BUM,37
1987,R,PH,,BLM,37
1987,T,US,GU,SKJ,53
1987,T,US,GU,YFT,12
1987,O,FJ,,SKJ,14
1987,O,FJ,,YFT,13
1987,T,US,AS,SKJ,27
1987,T,US,AS,YFT,18
1987,T,US,AS,BUM,21
1987,T,US,MP,SKJ,74
1987,T,US,MP,YFT,5
1987,T,US,MP,BUM,1
1987,T,NZ,,ALB,1256
1987,T,US,,ALB,878
1988,G,JP,,ALB,13345
1988,G,JP,,BET,89
1988,G,JP,,SKJ,9742
1988,G,JP,,YFT,84
1988,G,JP,,PBF,371
1988,G,JP,,BUM,368
1988,G,JP,,MLS,2211
1988,G,JP,,SWO,1234
1988,G,TW,,ALB,1000
1988,H,ID,,BET,134
1988,H,ID,,YFT,4199
1988,H,ID,,BUM,246
1988,H,ID,,BLM,16
1988,H,ID,,SWO,9
1988,O,AU,,ALB,12
1988,O,ID,,BET,2718
1988,O,ID,,SKJ,14595
1988,O,ID,,YFT,24507
1988,O,JP,,ALB,177
1988,O,JP,,BET,171
1988,O,JP,,SKJ,8657
1988,O,JP,,YFT,1262
1988,O,JP,,PBF,970
1988,O,JP,,BUM,343
1988,O,JP,,MLS,669
1988,O,JP,,SWO,206
1988,O,KI,,YFT,1812
1988,O,NZ,,YFT,5
1988,O,PH,,BET,352
1988,O,PH,,SKJ,4631
1988,O,PH,,YFT,3167
1988,O,TW,,BET,181
1988,O,TW,,SKJ,552
1988,O,TW,,YFT,3583
1988,R,PH,,BET,399
1988,R,PH,,SKJ,9006
1988,R,PH,,YFT,3633
1988,R,PH,,BUM,33
1988,R,PH,,BLM,33
1988,T,US,AS,SKJ,69
1988,T,US,AS,YFT,22
1988,T,US,AS,BUM,5
1988,T,CA,,ALB,235
1988,O,FJ,,SKJ,13
1988,O,FJ,,YFT,9
1988,T,US,GU,SKJ,96
1988,T,US,GU,YFT,37
1988,T,US,GU,BUM,28
1988,T,US,MP,SKJ,121
1988,T,US,MP,YFT,8
1988,T,NZ,,ALB,405
1988,T,US,,ALB,3656
1989,G,JP,,ALB,14695
1989,G,JP,,BET,240
1989,G,JP,,SKJ,8367
1989,G,JP,,YFT,136
1989,G,JP,,PBF,173
1989,G,JP,,BUM,300
1989,G,JP,,MLS,1664
1989,G,JP,,SWO,1596
1989,G,KR,,ALB,172
1989,G,TW,,ALB,8520
1989,H,ID,,BET,146
1989,H,ID,,YFT,4574
1989,H,ID,,BUM,232
1989,H,ID,,BLM,15
1989,H,ID,,SWO,9
1989,O,AU,,ALB,13
1989,O,ID,,BET,3098
1989,O,ID,,SKJ,14670
1989,O,ID,,YFT,27792
1989,O,JP,,ALB,466
1989,O,JP,,BET,139
1989,O,JP,,SKJ,5955
1989,O,JP,,YFT,1263
1989,O,JP,,PBF,857
1989,O,JP,,BUM,475
1989,O,JP,,MLS,547
1989,O,JP,,SWO,398
1989,O,KI,,YFT,1812
1989,O,NZ,,YFT,9
1989,O,PH,,BET,383
1989,O,PH,,SKJ,5352
1989,O,PH,,YFT,3447
1989,O,TW,,BET,1
1989,O,TW,,SKJ,861
1989,O,TW,,YFT,484
1989,R,PH,,BET,435
1989,R,PH,,SKJ,10409
1989,R,PH,,YFT,3957
1989,R,PH,,BUM,37
1989,R,PH,,BLM,37
1989,T,US,AS,SKJ,55
1989,T,US,AS,YFT,24
1989,T,US,AS,BUM,5
1989,T,CA,,ALB,235
1989,O,FJ,,SKJ,15
1989,O,FJ,,YFT,26
1989,T,US,GU,SKJ,56
1989,T,US,GU,YFT,18
1989,T,US,GU,BUM,37
1989,T,US,MP,SKJ,118
1989,T,US,MP,YFT,5
1989,T,US,MP,BUM,3
1989,T,NZ,,ALB,4361
1989,T,PF,,ALB,102
1989,T,US,,ALB,3672
1990,G,JP,,ALB,9885
1990,G,JP,,BET,61
1990,G,JP,,SKJ,8326
1990,G,JP,,YFT,49
1990,G,JP,,PBF,256
1990,G,JP,,BUM,252
1990,G,JP,,MLS,1926
1990,G,JP,,SWO,1026
1990,G,TW,,ALB,1859
1990,H,ID,,BET,167
1990,H,ID,,YFT,5247
1990,H,ID,,BUM,272
1990,H,ID,,BLM,17
1990,H,ID,,SWO,10
1990,O,AU,,ALB,15
1990,O,ID,,BET,2195
1990,O,ID,,SKJ,30415
1990,O,ID,,YFT,19649
1990,O,JP,,ALB,253
1990,O,JP,,BET,42
1990,O,JP,,SKJ,8454
1990,O,JP,,YFT,644
1990,O,JP,,PBF,915
1990,O,JP,,BUM,397
1990,O,JP,,MLS,543
1990,O,JP,,SWO,146
1990,O,KI,,YFT,1812
1990,O,NZ,,ALB,44
1990,O,NZ,,SKJ,116
1990,O,PF,PM,ALB,53
1990,O,PF,PM,BET,1
1990,O,PF,PM,SKJ,56
1990,O,PF,PM,YFT,106
1990,O,PF,PM,BUM,33
1990,O,PF,PM,BLM,1
1990,O,PF,PM,MLS,1
1990,O,PH,,BET,929
1990,O,PH,,SKJ,16533
1990,O,PH,,YFT,8366
1990,O,TW,,BET,73
1990,O,TW,,SKJ,737
1990,O,TW,,YFT,2153
1990,R,PH,,BET,413
1990,R,PH,,SKJ,19045
1990,R,PH,,YFT,3760
1990,R,PH,,BUM,58
1990,R,PH,,BLM,58
1990,T,US,AS,SKJ,23
1990,T,US,AS,YFT,11
1990,T,US,AS,BUM,2
1990,T,CA,,ALB,235
1990,O,FJ,,SKJ,18
1990,O,FJ,,YFT,20
1990,T,US,GU,SKJ,67
1990,T,US,GU,YFT,32
1990,T,US,GU,BUM,41
1990,T,US,MP,SKJ,68
1990,T,US,MP,YFT,5
1990,T,US,MP,BUM,1
1990,T,NZ,,ALB,2555
1990,T,PF,,ALB,299
1990,T,US,,ALB,3886
1991,G,TW,,ALB,1394
1991,H,ID,,BET,171
1991,H,ID,,YFT,5366
1991,H,ID,,BUM,375
1991,H,ID,,BLM,24
1991,H,ID,,SWO,14
1991,O,AU,,ALB,20
1991,O,ID,,BET,2245
1991,O,ID,,SKJ,31106
1991,O,ID,,YFT,20096
1991,O,JP,,ALB,399
1991,O,JP,,BET,56
1991,O,JP,,SKJ,8668
1991,O,JP,,YFT,1148
1991,O,JP,,PBF,1900
1991,O,JP,,BUM,202
1991,O,JP,,MLS,509
1991,O,JP,,SWO,185
1991,O,KI,,YFT,1812
1991,O,NZ,,ALB,15
1991,O,PF,PM,ALB,60
1991,O,PF,PM,BET,1
1991,O,PF,PM,SKJ,53
1991,O,PF,PM,YFT,121
1991,O,PF,PM,BUM,48
1991,O,PF,PM,BLM,1
1991,O,PF,PM,MLS,1
1991,O,PH,,BET,1096
1991,O,PH,,SKJ,15449
1991,O,PH,,YFT,9860
1991,O,TW,,SKJ,960
1991,O,TW,,YFT,824
1991,R,PH,,BET,487
1991,R,PH,,SKJ,14612
1991,R,PH,,YFT,4431
1991,R,PH,,BUM,49
1991,R,PH,,BLM,49
1991,T,US,AS,SKJ,19
1991,T,US,AS,YFT,12
1991,T,US,AS,BUM,3
1991,T,CA,,ALB,235
1991,O,FJ,,SKJ,22
1991,O,FJ,,YFT,13
1991,T,US,GU,SKJ,54
1991,T,US,GU,YFT,20
1991,T,US,GU,BUM,40
1991,T,US,MP,SKJ,53
1991,T,US,MP,YFT,6
1991,T,US,MP,BUM,1
1991,T,NZ,,ALB,2350
1991,T,PF,,ALB,326
1991,T,US,,ALB,4894
1992,H,ID,,BET,196
1992,H,ID,,YFT,6169
1992,H,ID,,BUM,501
1992,H,ID,,BLM,32
1992,H,ID,,SWO,19
1992,O,AU,,ALB,20
1992,O,ID,,BET,2581
1992,O,ID,,SKJ,35762
1992,O,ID,,YFT,23104
1992,O,JP,,ALB,1534
1992,O,JP,,BET,563
1992,O,JP,,SKJ,8034
1992,O,JP,,YFT,1519
1992,O,JP,,PBF,1402
1992,O,JP,,BUM,178
1992,O,JP,,MLS,310
1992,O,JP,,SWO,410
1992,O,KI,,YFT,1812
1992,O,NZ,,ALB,7
1992,O,PF,PM,ALB,38
1992,O,PF,PM,BET,1
1992,O,PF,PM,SKJ,47
1992,O,PF,PM,YFT,77
1992,O,PF,PM,BUM,47
1992,O,PF,PM,BLM,1
1992,O,PF,PM,MLS,1
1992,O,PH,,BET,481
1992,O,PH,,SKJ,12870
1992,O,PH,,YFT,4324
1992,O,TW,,SKJ,1175
1992,O,TW,,YFT,544
1992,R,PH,,BET,269
1992,R,PH,,SKJ,18721
1992,R,PH,,YFT,2447
1992,R,PH,,BUM,54
1992,R,PH,,BLM,54
1992,T,US,AS,SKJ,31
1992,T,US,AS,YFT,11
1992,T,US,AS,BUM,2
1992,T,AU,,ALB,50
1992,T,CA,,ALB,235
1992,O,FJ,,SKJ,43
1992,O,FJ,,YFT,15
1992,T,US,GU,SKJ,56
1992,T,US,GU,YFT,61
1992,T,US,GU,BUM,38
1992,T,US,MP,SKJ,38
1992,T,US,MP,YFT,11
1992,T,US,MP,BUM,3
1992,T,NZ,,ALB,3265
1992,T,PF,,ALB,72
1992,T,US,,ALB,2956
1993,H,ID,,BET,180
1993,H,ID,,YFT,5652
1993,H,ID,,BUM,406
1993,H,ID,,BLM,26
1993,H,ID,,SWO,15
1993,O,AU,,ALB,20
1993,O,ID,,BET,2364
1993,O,ID,,SKJ,32762
1993,O,ID,,YFT,21166
1993,O,JP,,ALB,900
1993,O,JP,,BET,134
1993,O,JP,,SKJ,10101
1993,O,JP,,YFT,1686
1993,O,JP,,PBF,1055
1993,O,JP,,BUM,237
1993,O,JP,,MLS,438
1993,O,JP,,SWO,356
1993,O,KI,,YFT,1812
1993,O,NZ,,ALB,11
1993,O,PF,PM,ALB,39
1993,O,PF,PM,BET,1
1993,O,PF,PM,SKJ,51
1993,O,PF,PM,YFT,80
1993,O,PF,PM,BUM,41
1993,O,PF,PM,BLM,1
1993,O,PF,PM,MLS,1
1993,O,PH,,BET,472
1993,O,PH,,SKJ,5480
1993,O,PH,,YFT,4247
1993,O,TW,,BET,97
1993,O,TW,,SKJ,1084
1993,O,TW,,YFT,318
1993,R,PH,,BET,155
1993,R,PH,,SKJ,19226
1993,R,PH,,YFT,1406
1993,R,PH,,BUM,52
1993,R,PH,,BLM,52
1993,T,US,AS,SKJ,11
1993,T,US,AS,YFT,8
1993,T,US,AS,BUM,3
1993,T,AU,,ALB,35
1993,T,CA,,ALB,235
1993,O,FJ,,SKJ,70
1993,O,FJ,,YFT,104
1993,T,US,GU,SKJ,50
1993,T,US,GU,YFT,23
1993,T,US,GU,BUM,26
1993,T,US,MP,SKJ,44
1993,T,US,MP,YFT,6
1993,T,US,MP,BUM,1
1993,T,NZ,,ALB,2971
1993,T,PF,,ALB,45
1993,T,US,,ALB,1010
1994,H,ID,,BET,200
1994,H,ID,,YFT,6269
1994,H,ID,,BUM,627
1994,H,ID,,BLM,40
1994,H,ID,,SWO,24
1994,O,AU,,ALB,20
1994,O,ID,,BET,2622
1994,O,ID,,SKJ,36339
1994,O,ID,,YFT,23477
1994,O,JP,,ALB,834
1994,O,JP,,BET,163
1994,O,JP,,SKJ,6370
1994,O,JP,,YFT,1464
1994,O,JP,,PBF,1430
1994,O,JP,,BUM,195
1994,O,JP,,MLS,380
1994,O,JP,,SWO,347
1994,O,KI,,YFT,1812
1994,O,NZ,,ALB,11
1994,O,PF,PM,ALB,58
1994,O,PF,PM,BET,1
1994,O,PF,PM,SKJ,63
1994,O,PF,PM,YFT,118
1994,O,PF,PM,BUM,39
1994,O,PF,PM,BLM,1
1994,O,PF,PM,MLS,1
1994,O,PH,,BET,539
1994,O,PH,,SKJ,4056
1994,O,PH,,YFT,5043
1994,O,TW,,SKJ,899
1994,O,TW,,YFT,52
1994,R,PH,,BET,161
1994,R,PH,,SKJ,8274
1994,R,PH,,YFT,1464
1994,R,PH,,BUM,25
1994,R,PH,,BLM,25
1994,T,US,AS,SKJ,61
1994,T,US,AS,YFT,22
1994,T,US,AS,BUM,8
1994,T,AU,,ALB,50
1994,T,AU,,PBF,1
1994,T,CA,,ALB,235
1994,O,FJ,,SKJ,41
1994,O,FJ,,YFT,41
1994,T,US,GU,SKJ,85
1994,T,US,GU,YFT,32
1994,T,US,GU,BUM,35
1994,T,US,MP,SKJ,41
1994,T,US,MP,YFT,6
1994,T,US,MP,BUM,1
1994,T,NZ,,ALB,4609
1994,T,US,,ALB,2270
1995,H,ID,,BET,213
1995,H,ID,,YFT,6680
1995,H,ID,,BUM,667
1995,H,ID,,BLM,42
1995,H,ID,,SWO,25
1995,O,AU,,ALB,25
1995,O,ID,,BET,2795
1995,O,ID,,SKJ,38724
1995,O,ID,,YFT,25018
1995,O,JP,,ALB,107
1995,O,JP,,BET,66
1995,O,JP,,SKJ,1550
1995,O,JP,,YFT,278
1995,O,JP,,PBF,2335
1995,O,JP,,BUM,39
1995,O,JP,,MLS,212
1995,O,JP,,SWO,447
1995,O,KI,,YFT,1812
1995,O,NZ,,ALB,10
1995,O,NZ,,SKJ,3
1995,O,PF,PM,ALB,69
1995,O,PF,PM,BET,1
1995,O,PF,PM,SKJ,130
1995,O,PF,PM,YFT,140
1995,O,PF,PM,BUM,46
1995,O,PF,PM,BLM,1
1995,O,PF,PM,MLS,1
1995,O,PH,,BET,280
1995,O,PH,,SKJ,1958
1995,O,PH,,YFT,2707
1995,O,TW,,BET,1
1995,O,TW,,SKJ,1764
1995,O,TW,,YFT,147
1995,R,PH,,BET,125
1995,R,PH,,SKJ,10200
1995,R,PH,,YFT,1136
1995,R,PH,,BUM,29
1995,R,PH,,BLM,29
1995,T,US,AS,SKJ,75
1995,T,US,AS,YFT,24
1995,T,US,AS,BUM,9
1995,T,CA,,ALB,235
1995,O,FJ,,SKJ,54
1995,O,FJ,,YFT,41
1995,T,US,GU,SKJ,81
1995,T,US,GU,YFT,42
1995,T,US,GU,BUM,35
1995,T,JP,,ALB,856
1995,T,JP,,BET,145
1995,T,JP,,SKJ,11873
1995,T,JP,,YFT,1263
1995,T,JP,,PBF,4778
1995,T,JP,,BUM,144
1995,T,JP,,MLS,65
1995,T,JP,,SWO,17
1995,T,US,MP,SKJ,60
1995,T,US,MP,YFT,10
1995,T,US,MP,BUM,3
1995,T,NZ,,ALB,5339
1995,T,PF,,ALB,183
1995,T,US,HW,SKJ,155
1995,T,US,HW,YFT,1190
1995,T,US,,ALB,1951
1996,H,ID,,BET,330
1996,H,ID,,YFT,10368
1996,H,ID,,BUM,793
1996,H,ID,,BLM,50
1996,H,ID,,SWO,30
1996,O,AU,,ALB,50
1996,O,ID,,BET,4337
1996,O,ID,,SKJ,60099
1996,O,ID,,YFT,38827
1996,O,JP,,ALB,170
1996,O,JP,,BET,57
1996,O,JP,,SKJ,967
1996,O,JP,,YFT,143
1996,O,JP,,PBF,1652
1996,O,JP,,BUM,34
1996,O,JP,,MLS,92
1996,O,JP,,SWO,613
1996,O,KI,,YFT,1812
1996,O,NZ,,ALB,26
1996,O,PF,PM,ALB,80
1996,O,PF,PM,BET,2
1996,O,PF,PM,SKJ,144
1996,O,PF,PM,YFT,160
1996,O,PF,PM,BUM,42
1996,O,PF,PM,BLM,1
1996,O,PF,PM,MLS,1
1996,O,PH,,BET,282
1996,O,PH,,SKJ,1956
1996,O,PH,,YFT,2721
1996,O,TW,,BET,1
1996,O,TW,,SKJ,1908
1996,O,TW,,YFT,159
1996,R,PH,,BET,126
1996,R,PH,,SKJ,10206
1996,R,PH,,YFT,1144
1996,R,PH,,BUM,29
1996,R,PH,,BLM,29
1996,T,US,AS,SKJ,24
1996,T,US,AS,YFT,17
1996,T,US,AS,BUM,3
1996,T,CA,,ALB,136
1996,T,CK,,ALB,43
1996,O,FJ,,SKJ,58
1996,O,FJ,,YFT,41
1996,T,US,GU,SKJ,108
1996,T,US,GU,YFT,49
1996,T,US,GU,BUM,29
1996,T,JP,,ALB,815
1996,T,JP,,BET,247
1996,T,JP,,SKJ,6006
1996,T,JP,,YFT,1464
1996,T,JP,,PBF,3640
1996,T,JP,,BUM,169
1996,T,JP,,MLS,61
1996,T,JP,,SWO,36
1996,T,US,MP,SKJ,94
1996,T,US,MP,YFT,21
1996,T,US,MP,BUM,4
1996,T,NZ,,ALB,5215
1996,T,PF,,ALB,69
1996,T,US,HW,BET,185
1996,T,US,HW,SKJ,224
1996,T,US,HW,YFT,1044
1996,T,US,HW,BUM,409
1996,T,US,HW,MLS,55
1996,T,US,,ALB,1947
1997,H,ID,,BET,246
1997,H,ID,,YFT,7714
1997,H,ID,,BUM,663
1997,H,ID,,BLM,42
1997,H,ID,,SWO,25
1997,H,PH,,BET,531
1997,H,PH,,YFT,8165
1997,H,PH,,BUM,286
1997,H,PH,,BLM,82
1997,H,PH,,SWO,28
1997,K,PH,,BET,3084
1997,K,PH,,SKJ,29457
1997,K,PH,,YFT,32766
1997,O,AU,,ALB,50
1997,O,AU,,YFT,1
1997,O,ID,,BET,3227
1997,O,ID,,SKJ,44718
1997,O,ID,,YFT,28890
1997,O,JP,,ALB,175
1997,O,JP,,BET,35
1997,O,JP,,SKJ,679
1997,O,JP,,YFT,244
1997,O,JP,,PBF,1505
1997,O,JP,,BUM,24
1997,O,JP,,MLS,110
1997,O,JP,,SWO,362
1997,O,KI,,YFT,1812
1997,O,NZ,,ALB,14
1997,O,NZ,,YFT,1
1997,O,PF,PM,ALB,69
1997,O,PF,PM,BET,2
1997,O,PF,PM,SKJ,176
1997,O,PF,PM,YFT,99
1997,O,PF,PM,BUM,41
1997,O,PF,PM,BLM,1
1997,O,PF,PM,MLS,1
1997,O,PH,,BET,117
1997,O,PH,,SKJ,597
1997,O,PH,,YFT,1061
1997,O,TW,,BET,1
1997,O,TW,,SKJ,1339
1997,O,TW,,YFT,155
1997,R,PH,,BET,257
1997,R,PH,,SKJ,8803
1997,R,PH,,YFT,2830
1997,R,PH,,BUM,30
1997,R,PH,,BLM,30
1997,T,US,AS,SKJ,14
1997,T,US,AS,YFT,10
1997,T,US,AS,BUM,2
1997,T,CA,,ALB,149
1997,O,FJ,,SKJ,54
1997,O,FJ,,YFT,41
1997,T,US,GU,SKJ,96
1997,T,US,GU,YFT,41
1997,T,US,GU,BUM,41
1997,T,JP,,ALB,1585
1997,T,JP,,BET,320
1997,T,JP,,SKJ,8781
1997,T,JP,,YFT,1822
1997,T,JP,,PBF,2740
1997,T,JP,,BUM,213
1997,T,JP,,MLS,54
1997,T,JP,,SWO,50
1997,T,US,MP,SKJ,76
1997,T,US,MP,YFT,13
1997,T,US,MP,BUM,4
1997,T,NZ,,ALB,2767
1997,T,PF,,ALB,24
1997,T,US,HW,BET,92
1997,T,US,HW,SKJ,197
1997,T,US,HW,YFT,911
1997,T,US,HW,BUM,379
1997,T,US,HW,MLS,39
1997,T,US,,ALB,1739
1998,H,ID,,BET,324
1998,H,ID,,YFT,10185
1998,H,ID,,BUM,820
1998,H,ID,,BLM,52
1998,H,ID,,SWO,31
1998,H,PH,,BET,401
1998,H,PH,,YFT,9198
1998,H,PH,,BUM,322
1998,H,PH,,BLM,92
1998,H,PH,,SWO,31
1998,K,PH,,BET,3563
1998,K,PH,,SKJ,30663
1998,K,PH,,YFT,37861
1998,O,AU,,ALB,50
1998,O,AU,,YFT,2
1998,O,ID,,BET,4261
1998,O,ID,,SKJ,59041
1998,O,ID,,YFT,38143
1998,O,JP,,ALB,146
1998,O,JP,,BET,15
1998,O,JP,,SKJ,1094
1998,O,JP,,YFT,307
1998,O,JP,,PBF,1483
1998,O,JP,,BUM,75
1998,O,JP,,MLS,169
1998,O,JP,,SWO,490
1998,O,KI,,YFT,1812
1998,O,NZ,,ALB,5
1998,O,NZ,,SKJ,2
1998,O,PF,PM,ALB,30
1998,O,PF,PM,BET,1
1998,O,PF,PM,SKJ,474
1998,O,PF,PM,YFT,190
1998,O,PF,PM,BUM,61
1998,O,PF,PM,BLM,1
1998,O,PF,PM,MLS,1
1998,O,PH,,BET,116
1998,O,PH,,SKJ,620
1998,O,PH,,YFT,1222
1998,R,PH,,BET,359
1998,R,PH,,SKJ,9101
1998,R,PH,,YFT,3665
1998,R,PH,,BUM,33
1998,R,PH,,BLM,33
1998,T,US,AS,SKJ,7
1998,T,US,AS,YFT,3
1998,T,US,AS,BUM,1
1998,T,AU,,ALB,10
1998,T,CA,,ALB,167
1998,T,CK,,ALB,22
1998,O,FJ,,SKJ,54
1998,O,FJ,,YFT,41
1998,T,US,GU,SKJ,86
1998,T,US,GU,YFT,62
1998,T,US,GU,BUM,20
1998,T,JP,,ALB,1190
1998,T,JP,,BET,264
1998,T,JP,,SKJ,7946
1998,T,JP,,YFT,1709
1998,T,JP,,PBF,2865
1998,T,JP,,BUM,238
1998,T,JP,,MLS,134
1998,T,JP,,SWO,59
1998,T,US,MP,SKJ,76
1998,T,US,MP,YFT,9
1998,T,US,MP,BUM,3
1998,T,NZ,,ALB,4463
1998,T,US,HW,BET,243
1998,T,US,HW,SKJ,147
1998,T,US,HW,YFT,982
1998,T,US,HW,BUM,243
1998,T,US,HW,MLS,26
1998,T,US,,ALB,1618
1999,H,ID,,BET,308
1999,H,ID,,YFT,9666
1999,H,ID,,BUM,847
1999,H,ID,,BLM,54
1999,H,ID,,SWO,32
1999,H,PH,,BET,175
1999,H,PH,,YFT,9582
1999,H,PH,,BUM,335
1999,H,PH,,BLM,96
1999,H,PH,,SWO,31
1999,K,PH,,BET,3927
1999,K,PH,,SKJ,27624
1999,K,PH,,YFT,41729
1999,O,AU,,ALB,50
1999,O,ID,,BET,4044
1999,O,ID,,SKJ,56033
1999,O,ID,,YFT,36200
1999,O,JP,,ALB,152
1999,O,JP,,BET,14
1999,O,JP,,SKJ,1156
1999,O,JP,,YFT,168
1999,O,JP,,PBF,1747
1999,O,JP,,BUM,16
1999,O,JP,,MLS,103
1999,O,JP,,SWO,424
1999,O,KI,,SKJ,2790
1999,O,KI,,YFT,930
1999,O,NZ,,ALB,1
1999,O,PF,PM,ALB,23
1999,O,PF,PM,BET,2
1999,O,PF,PM,SKJ,479
1999,O,PF,PM,YFT,257
1999,O,PF,PM,BUM,85
1999,O,PF,PM,BLM,1
1999,O,PF,PM,MLS,1
1999,O,PH,,BET,124
1999,O,PH,,SKJ,548
1999,O,PH,,YFT,1319
1999,R,PH,,BET,146
1999,R,PH,,SKJ,11012
1999,R,PH,,YFT,2184
1999,R,PH,,BUM,33
1999,R,PH,,BLM,33
1999,T,US,AS,SKJ,16
1999,T,US,AS,YFT,5
1999,T,CA,,ALB,253
1999,T,CK,,ALB,56
1999,O,FJ,,SKJ,54
1999,O,FJ,,YFT,41
1999,T,US,GU,SKJ,54
1999,T,US,GU,YFT,58
1999,T,US,GU,BUM,37
1999,T,JP,,ALB,891
1999,T,JP,,BET,219
1999,T,JP,,SKJ,5304
1999,T,JP,,YFT,1777
1999,T,JP,,PBF,3387
1999,T,JP,,BUM,171
1999,T,JP,,MLS,82
1999,T,JP,,SWO,45
1999,T,US,MP,SKJ,48
1999,T,US,MP,YFT,11
1999,T,US,MP,BUM,1
1999,T,NZ,,ALB,1799
1999,T,US,HW,BET,97
1999,T,US,HW,SKJ,184
1999,T,US,HW,YFT,1270
1999,T,US,HW,BUM,295
1999,T,US,HW,MLS,29
1999,T,US,,ALB,1339
2000,H,ID,,BET,328
2000,H,ID,,YFT,10285
2000,H,ID,,BUM,80
2000,H,ID,,BLM,7
2000,H,ID,,SWO,4
2000,H,PH,,BET,510
2000,H,PH,,YFT,9454
2000,H,PH,,BUM,331
2000,H,PH,,BLM,95
2000,H,PH,,SWO,32
2000,K,PH,,BET,3951
2000,K,PH,,SKJ,28887
2000,K,PH,,YFT,41991
2000,O,AU,,ALB,50
2000,O,AU,,YFT,1
2000,O,ID,,BET,4302
2000,O,ID,,SKJ,59619
2000,O,ID,,YFT,38517
2000,O,JP,,ALB,222
2000,O,JP,,BET,13
2000,O,JP,,SKJ,1263
2000,O,JP,,YFT,153
2000,O,JP,,PBF,1762
2000,O,JP,,BUM,35
2000,O,JP,,MLS,215
2000,O,JP,,SWO,518
2000,O,KI,,SKJ,5850
2000,O,KI,,YFT,3900
2000,O,PF,PM,ALB,89
2000,O,PF,PM,BET,1
2000,O,PF,PM,SKJ,377
2000,O,PF,PM,YFT,350
2000,O,PF,PM,BUM,106
2000,O,PF,PM,BLM,1
2000,O,PF,PM,MLS,1
2000,O,PH,,BET,125
2000,O,PH,,SKJ,575
2000,O,PH,,YFT,1333
2000,R,PH,,BET,457
2000,R,PH,,SKJ,10019
2000,R,PH,,YFT,3148
2000,R,PH,,BUM,34
2000,R,PH,,BLM,34
2000,T,US,AS,SKJ,7
2000,T,US,AS,YFT,2
2000,T,AU,,SKJ,1
2000,T,CA,,ALB,351
2000,T,CK,,ALB,335
2000,O,FJ,,SKJ,54
2000,O,FJ,,YFT,41
2000,T,US,GU,SKJ,121
2000,T,US,GU,YFT,35
2000,T,US,GU,BUM,39
2000,T,JP,,ALB,645
2000,T,JP,,BET,190
2000,T,JP,,SKJ,14528
2000,T,JP,,YFT,2258
2000,T,JP,,PBF,5121
2000,T,JP,,BUM,194
2000,T,JP,,MLS,88
2000,T,JP,,SWO,42
2000,T,US,MP,SKJ,206
2000,T,US,MP,YFT,1
2000,T,US,MP,BUM,5
2000,T,NZ,,ALB,3336
2000,T,US,HW,BET,207
2000,T,US,HW,SKJ,88
2000,T,US,HW,YFT,1006
2000,T,US,HW,BUM,197
2000,T,US,HW,MLS,14
2000,T,US,,ALB,2433
2001,H,ID,,BET,301
2001,H,ID,,YFT,9464
2001,H,ID,,BUM,80
2001,H,ID,,BLM,7
2001,H,ID,,SWO,4
2001,H,PH,,BET,349
2001,H,PH,,YFT,8914
2001,H,PH,,BUM,312
2001,H,PH,,BLM,89
2001,H,PH,,SWO,30
2001,K,PH,,BET,3659
2001,K,PH,,SKJ,27005
2001,K,PH,,YFT,38904
2001,O,AU,,ALB,50
2001,O,AU,,YFT,2
2001,O,ID,,BET,3959
2001,O,ID,,SKJ,54861
2001,O,ID,,YFT,35443
2001,O,JP,,ALB,113
2001,O,JP,,BET,26
2001,O,JP,,SKJ,1074
2001,O,JP,,YFT,277
2001,O,JP,,PBF,2048
2001,O,JP,,BUM,24
2001,O,JP,,MLS,218
2001,O,JP,,SWO,259
2001,O,KI,,SKJ,530
2001,O,KI,,YFT,250
2001,O,NZ,,ALB,2
2001,O,NZ,,SKJ,39
2001,O,NZ,,YFT,8
2001,O,PF,PM,ALB,147
2001,O,PF,PM,BET,1
2001,O,PF,PM,SKJ,477
2001,O,PF,PM,YFT,264
2001,O,PF,PM,BUM,78
2001,O,PF,PM,BLM,1
2001,O,PF,PM,MLS,1
2001,O,PH,,BET,117
2001,O,PH,,SKJ,538
2001,O,PH,,YFT,1236
2001,R,PH,,BET,285
2001,R,PH,,SKJ,9654
2001,R,PH,,YFT,2727
2001,R,PH,,BUM,32
2001,R,PH,,BLM,32
2001,T,US,AS,SKJ,7
2001,T,US,AS,YFT,3
2001,T,AU,,ALB,2
2001,T,AU,,SKJ,3
2001,T,CA,,ALB,206
2001,T,CK,,ALB,202
2001,O,FJ,,SKJ,54
2001,O,FJ,,YFT,41
2001,T,US,GU,SKJ,151
2001,T,US,GU,YFT,27
2001,T,US,GU,BUM,15
2001,T,JP,,ALB,416
2001,T,JP,,BET,182
2001,T,JP,,SKJ,6949
2001,T,JP,,YFT,2840
2001,T,JP,,PBF,3329
2001,T,JP,,BUM,135
2001,T,JP,,MLS,30
2001,T,JP,,SWO,25
2001,T,US,MP,SKJ,261
2001,T,US,MP,YFT,16
2001,T,US,MP,BUM,1
2001,T,NZ,,ALB,2736
2001,T,US,HW,BET,226
2001,T,US,HW,SKJ,111
2001,T,US,HW,YFT,789
2001,T,US,HW,BUM,278
2001,T,US,HW,MLS,44
2001,T,US,,ALB,2107
2002,H,ID,,BET,290
2002,H,ID,,YFT,9097
2002,H,ID,,BUM,80
2002,H,ID,,BLM,7
2002,H,ID,,SWO,4
2002,H,PH,,BET,336
2002,H,PH,,YFT,9943
2002,H,PH,,BUM,348
2002,H,PH,,BLM,99
2002,H,PH,,SWO,33
2002,K,PH,,BET,4274
2002,K,PH,,SKJ,27516
2002,K,PH,,YFT,45406
2002,O,AU,,ALB,50
2002,O,AU,,YFT,1
2002,O,ID,,BET,3805
2002,O,ID,,SKJ,52730
2002,O,ID,,YFT,34066
2002,O,JP,,ALB,194
2002,O,JP,,BET,23
2002,O,JP,,SKJ,892
2002,O,JP,,YFT,285
2002,O,JP,,PBF,1519
2002,O,JP,,BUM,32
2002,O,JP,,MLS,277
2002,O,JP,,SWO,230
2002,O,KI,,SKJ,2520
2002,O,KI,,YFT,2050
2002,O,NZ,,ALB,1
2002,O,NZ,,BET,1
2002,O,NZ,,SKJ,20
2002,O,NZ,,YFT,1
2002,O,PF,PM,ALB,99
2002,O,PF,PM,BET,2
2002,O,PF,PM,SKJ,515
2002,O,PF,PM,YFT,307
2002,O,PF,PM,BUM,110
2002,O,PF,PM,BLM,1
2002,O,PF,PM,MLS,1
2002,O,PH,,BET,140
2002,O,PH,,SKJ,538
2002,O,PH,,YFT,1420
2002,R,PH,,BET,37
2002,R,PH,,SKJ,12023
2002,R,PH,,YFT,1995
2002,R,PH,,BUM,35
2002,R,PH,,BLM,35
2002,T,US,AS,SKJ,5
2002,T,US,AS,YFT,5
2002,T,AU,,ALB,2
2002,T,AU,,SKJ,1
2002,T,CA,,ALB,144
2002,T,CK,,ALB,166
2002,O,FJ,,SKJ,54
2002,O,FJ,,YFT,41
2002,T,US,GU,SKJ,80
2002,T,US,GU,YFT,20
2002,T,US,GU,BUM,24
2002,T,JP,,ALB,787
2002,T,JP,,BET,126
2002,T,JP,,SKJ,6376
2002,T,JP,,YFT,2524
2002,T,JP,,PBF,2427
2002,T,JP,,BUM,146
2002,T,JP,,MLS,18
2002,T,JP,,SWO,21
2002,T,US,MP,SKJ,177
2002,T,US,MP,YFT,7
2002,T,NZ,,ALB,3012
2002,T,US,HW,BET,586
2002,T,US,HW,SKJ,98
2002,T,US,HW,YFT,573
2002,T,US,HW,BUM,204
2002,T,US,HW,MLS,29
2002,T,US,,ALB,1337
2003,H,ID,,BET,296
2003,H,ID,,YFT,9279
2003,H,ID,,BUM,80
2003,H,ID,,BLM,7
2003,H,ID,,SWO,4
2003,H,PH,,BET,472
2003,H,PH,,YFT,12540
2003,H,PH,,BUM,439
2003,H,PH,,BLM,125
2003,H,PH,,SWO,42
2003,K,PH,,BET,5436
2003,K,PH,,SKJ,34527
2003,K,PH,,YFT,57763
2003,O,AU,,ALB,50
2003,O,AU,,BET,12
2003,O,AU,,YFT,5
2003,O,ID,,BET,3882
2003,O,ID,,SKJ,53788
2003,O,ID,,YFT,34750
2003,O,JP,,ALB,154
2003,O,JP,,BET,26
2003,O,JP,,SKJ,858
2003,O,JP,,YFT,360
2003,O,JP,,PBF,1242
2003,O,JP,,BUM,30
2003,O,JP,,MLS,189
2003,O,JP,,SWO,168
2003,O,KI,,SKJ,940
2003,O,KI,,YFT,1120
2003,O,NZ,,ALB,1
2003,O,NZ,,BET,1
2003,O,NZ,,SKJ,7
2003,O,NZ,,YFT,1
2003,O,PF,PM,ALB,79
2003,O,PF,PM,BET,2
2003,O,PF,PM,SKJ,435
2003,O,PF,PM,YFT,211
2003,O,PF,PM,BUM,127
2003,O,PF,PM,BLM,1
2003,O,PF,PM,MLS,1
2003,O,PH,,BET,190
2003,O,PH,,SKJ,668
2003,O,PH,,YFT,1798
2003,R,PH,,BET,385
2003,R,PH,,SKJ,13541
2003,R,PH,,YFT,3866
2003,R,PH,,BUM,44
2003,R,PH,,BLM,44
2003,T,US,AS,SKJ,9
2003,T,US,AS,YFT,3
2003,T,US,AS,BUM,1
2003,T,AU,,ALB,1
2003,T,AU,,SKJ,2
2003,T,CK,,ALB,688
2003,O,FJ,,SKJ,54
2003,O,FJ,,YFT,41
2003,T,US,GU,SKJ,83
2003,T,US,GU,YFT,31
2003,T,US,GU,BUM,30
2003,T,JP,,ALB,922
2003,T,JP,,BET,105
2003,T,JP,,SKJ,9386
2003,T,JP,,YFT,2683
2003,T,JP,,PBF,1839
2003,T,JP,,BUM,170
2003,T,JP,,MLS,16
2003,T,JP,,SWO,18
2003,T,US,MP,SKJ,77
2003,T,US,MP,YFT,12
2003,T,US,MP,BUM,1
2003,T,NZ,,ALB,3721
2003,T,US,HW,ALB,5
2003,T,US,HW,BET,37
2003,T,US,HW,SKJ,108
2003,T,US,HW,YFT,330
2003,T,US,HW,BUM,177
2003,T,US,HW,MLS,29
2003,T,US,HW,SWO,1
2003,T,US,,ALB,1574
2004,H,ID,,BET,389
2004,H,ID,,YFT,12217
2004,H,ID,,BUM,80
2004,H,ID,,BLM,7
2004,H,ID,,SWO,4
2004,H,PH,,BET,263
2004,H,PH,,YFT,13099
2004,H,PH,,BUM,458
2004,H,PH,,BLM,131
2004,H,PH,,SWO,43
2004,K,PH,,BET,5548
2004,K,PH,,SKJ,35830
2004,K,PH,,YFT,58974
2004,O,AU,,ALB,50
2004,O,AU,,BET,23
2004,O,AU,,YFT,11
2004,O,ID,,BET,5111
2004,O,ID,,SKJ,70819
2004,O,ID,,YFT,45752
2004,O,JP,,ALB,84
2004,O,JP,,BET,21
2004,O,JP,,SKJ,535
2004,O,JP,,YFT,290
2004,O,JP,,PBF,1316
2004,O,JP,,BUM,46
2004,O,JP,,MLS,74
2004,O,JP,,SWO,247
2004,O,KI,,SKJ,940
2004,O,KI,,YFT,1120
2004,O,NZ,,ALB,1
2004,O,NZ,,BET,8
2004,O,NZ,,SKJ,14
2004,O,NZ,,YFT,22
2004,O,PF,PM,ALB,72
2004,O,PF,PM,BET,2
2004,O,PF,PM,SKJ,491
2004,O,PF,PM,YFT,412
2004,O,PF,PM,BUM,126
2004,O,PF,PM,BLM,1
2004,O,PF,PM,MLS,1
2004,O,PH,,BET,174
2004,O,PH,,SKJ,704
2004,O,PH,,YFT,1849
2004,R,PH,,BET,311
2004,R,PH,,SKJ,13399
2004,R,PH,,YFT,4560
2004,R,PH,,BUM,46
2004,R,PH,,BLM,46
2004,T,US,AS,SKJ,9
2004,T,US,AS,YFT,3
2004,T,US,AS,BUM,1
2004,T,AU,,ALB,3
2004,T,CA,,ALB,63
2004,T,CK,,ALB,376
2004,O,FJ,,SKJ,54
2004,O,FJ,,YFT,41
2004,T,US,GU,SKJ,73
2004,T,US,GU,YFT,46
2004,T,US,GU,BUM,22
2004,T,JP,,ALB,772
2004,T,JP,,BET,83
2004,T,JP,,SKJ,14802
2004,T,JP,,YFT,2294
2004,T,JP,,PBF,2182
2004,T,JP,,BUM,182
2004,T,JP,,MLS,17
2004,T,JP,,SWO,20
2004,T,US,MP,SKJ,66
2004,T,US,MP,YFT,12
2004,T,US,MP,BUM,1
2004,T,NZ,,ALB,3212
2004,T,US,HW,ALB,3
2004,T,US,HW,BET,149
2004,T,US,HW,SKJ,112
2004,T,US,HW,YFT,309
2004,T,US,HW,BUM,163
2004,T,US,HW,MLS,34
2004,T,US,,ALB,960
2005,H,ID,,BET,83
2005,H,ID,,YFT,4154
2005,H,ID,,BUM,80
2005,H,ID,,BLM,7
2005,H,ID,,SWO,4
2005,H,PH,,BET,670
2005,H,PH,,YFT,12990
2005,H,PH,,BUM,455
2005,H,PH,,BLM,130
2005,H,PH,,SWO,44
2005,K,PH,,BET,3078
2005,K,PH,,SKJ,48217
2005,K,PH,,YFT,51295
2005,O,AU,,ALB,50
2005,O,AU,,BET,3
2005,O,AU,,YFT,1
2005,O,ID,,BET,196
2005,O,ID,,SKJ,61680
2005,O,ID,,YFT,3914
2005,O,JP,,ALB,331
2005,O,JP,,BET,100
2005,O,JP,,SKJ,971
2005,O,JP,,YFT,325
2005,O,JP,,PBF,2595
2005,O,JP,,BUM,43
2005,O,JP,,MLS,79
2005,O,JP,,SWO,520
2005,O,KI,,SKJ,940
2005,O,KI,,YFT,1120
2005,O,NZ,,ALB,1
2005,O,NZ,,BET,1
2005,O,NZ,,SKJ,19
2005,O,NZ,,YFT,3
2005,O,PF,PM,ALB,86
2005,O,PF,PM,SKJ,365
2005,O,PF,PM,YFT,288
2005,O,PF,PM,BUM,159
2005,O,PF,PM,BLM,1
2005,O,PF,PM,MLS,1
2005,O,PH,,BET,167
2005,O,PH,,SKJ,836
2005,O,PH,,YFT,1775
2005,R,PH,,BET,336
2005,R,PH,,SKJ,12363
2005,R,PH,,YFT,5979
2005,R,PH,,BUM,47
2005,R,PH,,BLM,47
2005,T,US,AS,SKJ,5
2005,T,US,AS,YFT,3
2005,T,CA,,ALB,72
2005,T,CK,,ALB,89
2005,O,FJ,,SKJ,54
2005,O,FJ,,YFT,41
2005,T,US,GU,SKJ,65
2005,T,US,GU,YFT,17
2005,T,US,GU,BUM,6
2005,T,JP,,ALB,665
2005,T,JP,,BET,135
2005,T,JP,,SKJ,5971
2005,T,JP,,YFT,2094
2005,T,JP,,PBF,3406
2005,T,JP,,BUM,175
2005,T,JP,,MLS,20
2005,T,JP,,SWO,13
2005,T,US,MP,SKJ,108
2005,T,US,MP,YFT,22
2005,T,US,MP,BUM,1
2005,T,NZ,,ALB,2855
2005,T,US,HW,ALB,6
2005,T,US,HW,BET,85
2005,T,US,HW,SKJ,86
2005,T,US,HW,YFT,319
2005,T,US,HW,BUM,178
2005,T,US,HW,MLS,20
2005,T,US,,ALB,576
2006,H,ID,,BET,86
2006,H,ID,,YFT,4249
2006,H,ID,,BUM,80
2006,H,ID,,BLM,7
2006,H,ID,,SWO,4
2006,H,PH,,BET,555
2006,H,PH,,YFT,14498
2006,H,PH,,BUM,507
2006,H,PH,,BLM,145
2006,H,PH,,SWO,48
2006,K,PH,,BET,3391
2006,K,PH,,SKJ,53132
2006,K,PH,,YFT,56524
2006,O,AU,,ALB,50
2006,O,AU,,BET,8
2006,O,AU,,YFT,3
2006,O,ID,,BET,244
2006,O,ID,,SKJ,74038
2006,O,ID,,YFT,4699
2006,O,JP,,ALB,97
2006,O,JP,,BET,39
2006,O,JP,,SKJ,516
2006,O,JP,,YFT,281
2006,O,JP,,PBF,1885
2006,O,JP,,BUM,30
2006,O,JP,,MLS,84
2006,O,JP,,SWO,581
2006,O,KI,,SKJ,940
2006,O,KI,,YFT,1120
2006,O,NZ,,BET,1
2006,O,NZ,,SKJ,7
2006,O,PF,PM,ALB,138
2006,O,PF,PM,SKJ,516
2006,O,PF,PM,YFT,419
2006,O,PF,PM,BUM,170
2006,O,PF,PM,BLM,2
2006,O,PF,PM,MLS,2
2006,O,PH,,BET,184
2006,O,PH,,SKJ,922
2006,O,PH,,YFT,1956
2006,R,PH,,BET,823
2006,R,PH,,SKJ,13623
2006,R,PH,,YFT,6175
2006,R,PH,,BUM,52
2006,R,PH,,BLM,52
2006,T,US,AS,SKJ,5
2006,T,US,AS,YFT,4
2006,T,CA,,ALB,135
2006,T,CK,,ALB,121
2006,O,FJ,,SKJ,54
2006,O,FJ,,YFT,41
2006,T,US,GU,SKJ,67
2006,T,US,GU,YFT,13
2006,T,US,GU,BUM,13
2006,T,JP,,ALB,460
2006,T,JP,,BET,101
2006,T,JP,,SKJ,3624
2006,T,JP,,YFT,2262
2006,T,JP,,PBF,1544
2006,T,JP,,BUM,133
2006,T,JP,,MLS,11
2006,T,JP,,SWO,14
2006,T,US,MP,SKJ,124
2006,T,US,MP,YFT,20
2006,T,US,MP,BUM,1
2006,T,NZ,,ALB,2043
2006,T,US,HW,ALB,1
2006,T,US,HW,BET,56
2006,T,US,HW,SKJ,100
2006,T,US,HW,YFT,262
2006,T,US,HW,BUM,144
2006,T,US,HW,MLS,21
2006,T,US,,ALB,587
2007,H,ID,,BET,74
2007,H,ID,,YFT,3669
2007,H,ID,,BUM,80
2007,H,ID,,BLM,7
2007,H,ID,,SWO,4
2007,H,PH,,BET,521
2007,H,PH,,YFT,16853
2007,H,PH,,BUM,590
2007,H,PH,,BLM,169
2007,H,PH,,SWO,56
2007,K,PH,,BET,3914
2007,K,PH,,SKJ,61327
2007,K,PH,,YFT,65241
2007,O,AU,,ALB,50
2007,O,AU,,BET,21
2007,O,AU,,YFT,2
2007,O,ID,,BET,371
2007,O,ID,,SKJ,86808
2007,O,ID,,YFT,5515
2007,O,JP,,ALB,74
2007,O,JP,,BET,65
2007,O,JP,,SKJ,770
2007,O,JP,,YFT,348
2007,O,JP,,PBF,2568
2007,O,JP,,BUM,35
2007,O,JP,,MLS,56
2007,O,JP,,SWO,480
2007,O,KI,,SKJ,8223
2007,O,KI,,YFT,4347
2007,O,NZ,,SKJ,11
2007,O,PF,PM,ALB,10
2007,O,PF,PM,SKJ,508
2007,O,PF,PM,YFT,370
2007,O,PF,PM,BUM,165
2007,O,PF,PM,MLS,9
2007,O,PH,,BET,213
2007,O,PH,,SKJ,1064
2007,O,PH,,YFT,2257
2007,R,PH,,BET,713
2007,R,PH,,SKJ,16629
2007,R,PH,,YFT,6652
2007,R,PH,,BUM,60
2007,R,PH,,BLM,60
2007,T,US,AS,SKJ,6
2007,T,US,AS,YFT,4
2007,T,CA,,ALB,27
2007,T,CK,,ALB,53
2007,O,FJ,,SKJ,54
2007,O,FJ,,YFT,41
2007,T,US,GU,SKJ,71
2007,T,US,GU,YFT,22
2007,T,US,GU,BUM,9
2007,T,JP,,ALB,519
2007,T,JP,,BET,124
2007,T,JP,,SKJ,3249
2007,T,JP,,YFT,2297
2007,T,JP,,PBF,2385
2007,T,JP,,BUM,160
2007,T,JP,,MLS,35
2007,T,JP,,SWO,14
2007,T,US,MP,SKJ,108
2007,T,US,MP,YFT,16
2007,T,NZ,,ALB,1736
2007,T,NZ,,PBF,1
2007,T,US,HW,ALB,3
2007,T,US,HW,BET,63
2007,T,US,HW,SKJ,87
2007,T,US,HW,YFT,463
2007,T,US,HW,BUM,119
2007,T,US,HW,MLS,13
2007,T,US,HW,SWO,1
2007,T,US,,ALB,272
2008,R,PH,,BET,322
2008,R,PH,,SKJ,17761
2008,R,PH,,YFT,8421
2008,R,PH,,BUM,60
2008,R,PH,,BLM,60
2008,T,NZ,,ALB,3352
2008,T,US,,ALB,151
2008,T,US,MP,SKJ,77
2008,T,US,MP,YFT,8
2008,T,US,MP,BUM,1
2008,T,US,HW,ALB,1
2008,T,US,HW,BET,74
2008,T,US,HW,SKJ,157
2008,T,US,HW,YFT,427
2008,T,US,HW,BUM,175
2008,T,US,HW,MLS,14
2008,H,ID,,BET,106
2008,H,ID,,YFT,3505
2008,H,ID,,BUM,80
2008,H,ID,,BLM,7
2008,H,ID,,SWO,4
2008,H,PH,,BET,637
2008,H,PH,,YFT,15712
2008,H,PH,,BUM,550
2008,H,PH,,BLM,157
2008,H,PH,,SWO,32
2008,O,ID,,BET,337
2008,O,ID,,SKJ,93881
2008,O,ID,,YFT,6016
2008,O,PH,,BET,15
2008,O,PH,,SKJ,1355
2008,O,PH,,YFT,1327
2008,K,PH,,BET,3914
2008,K,PH,,SKJ,61327
2008,K,PH,,YFT,65241
2008,O,JP,,ALB,116
2008,O,JP,,BET,80
2008,O,JP,,SKJ,532
2008,O,JP,,YFT,519
2008,O,JP,,PBF,3550
2008,O,JP,,BUM,53
2008,O,JP,,MLS,107
2008,O,JP,,SWO,525
2008,O,KI,,SKJ,8238
2008,O,KI,,YFT,4329
2008,O,NZ,,BET,1
2008,O,NZ,,SKJ,5
2008,O,NZ,,YFT,2
2008,O,PF,PM,ALB,160
2008,O,PF,PM,SKJ,443
2008,O,PF,PM,YFT,409
2008,O,PF,PM,BUM,151
2008,T,JP,,ALB,549
2008,T,JP,,BET,138
2008,T,JP,,SKJ,4178
2008,T,JP,,YFT,2436
2008,T,JP,,PBF,2377
2008,T,JP,,BUM,197
2008,T,JP,,MLS,23
2008,T,JP,,SWO,12
1950,H,PH,,YFT,1196
1950,H,PH,,BUM,42
1950,H,PH,,BLM,12
1950,H,PH,,SWO,19
1951,H,PH,,YFT,1268
1951,H,PH,,BUM,44
1951,H,PH,,BLM,13
1951,H,PH,,SWO,20
1952,H,PH,,YFT,1344
1952,H,PH,,BUM,47
1952,H,PH,,BLM,13
1952,H,PH,,SWO,22
1953,H,PH,,YFT,1424
1953,H,PH,,BUM,50
1953,H,PH,,BLM,14
1953,H,PH,,SWO,23
1954,H,PH,,YFT,1510
1954,H,PH,,BUM,53
1954,H,PH,,BLM,15
1954,H,PH,,SWO,24
1955,H,PH,,YFT,1600
1955,H,PH,,BUM,56
1955,H,PH,,BLM,16
1955,H,PH,,SWO,26
1956,H,PH,,YFT,1696
1956,H,PH,,BUM,59
1956,H,PH,,BLM,17
1956,H,PH,,SWO,27
1957,H,PH,,YFT,1798
1957,H,PH,,BUM,63
1957,H,PH,,BLM,18
1957,H,PH,,SWO,29
1958,H,PH,,YFT,1906
1958,H,PH,,BUM,67
1958,H,PH,,BLM,19
1958,H,PH,,SWO,30
1959,H,PH,,YFT,2020
1959,H,PH,,BUM,71
1959,H,PH,,BLM,20
1959,H,PH,,SWO,32
1960,H,PH,,YFT,2142
1960,H,PH,,BUM,75
1960,H,PH,,BLM,21
1960,H,PH,,SWO,34
1961,H,PH,,YFT,2270
1961,H,PH,,BUM,79
1961,H,PH,,BLM,23
1961,H,PH,,SWO,36
1962,H,PH,,YFT,2406
1962,H,PH,,BUM,84
1962,H,PH,,BLM,24
1962,H,PH,,SWO,38
1963,H,PH,,YFT,2551
1963,H,PH,,BUM,89
1963,H,PH,,BLM,26
1963,H,PH,,SWO,41
1964,H,PH,,YFT,2704
1964,H,PH,,BUM,95
1964,H,PH,,BLM,27
1964,H,PH,,SWO,43
1965,H,PH,,YFT,2866
1965,H,PH,,BUM,100
1965,H,PH,,BLM,29
1965,H,PH,,SWO,46
1966,H,PH,,YFT,3038
1966,H,PH,,BUM,106
1966,H,PH,,BLM,30
1966,H,PH,,SWO,49
1967,H,PH,,YFT,3220
1967,H,PH,,BUM,113
1967,H,PH,,BLM,32
1967,H,PH,,SWO,52
1968,H,PH,,YFT,3413
1968,H,PH,,BUM,119
1968,H,PH,,BLM,34
1968,H,PH,,SWO,55
1969,H,PH,,YFT,3618
1969,H,PH,,BUM,127
1969,H,PH,,BLM,36
1969,H,PH,,SWO,58
1970,H,PH,,BET,119
1970,H,PH,,YFT,3835
1970,H,PH,,BUM,134
1970,H,PH,,BLM,38
1970,H,PH,,SWO,67
1971,H,PH,,BET,133
1971,H,PH,,YFT,4290
1971,H,PH,,BUM,150
1971,H,PH,,BLM,43
1971,H,PH,,SWO,75
1972,H,PH,,BET,138
1972,H,PH,,YFT,4458
1972,H,PH,,BUM,156
1972,H,PH,,BLM,45
1972,H,PH,,SWO,78
1973,H,PH,,BET,165
1973,H,PH,,YFT,5333
1973,H,PH,,BUM,187
1973,H,PH,,BLM,53
1973,H,PH,,SWO,93
1974,H,PH,,BET,191
1974,H,PH,,YFT,6200
1974,H,PH,,BUM,217
1974,H,PH,,BLM,62
1974,H,PH,,SWO,109
1975,H,PH,,BET,195
1975,H,PH,,YFT,6327
1975,H,PH,,BUM,221
1975,H,PH,,BLM,63
1975,H,PH,,SWO,111
1976,H,PH,,BET,165
1976,H,PH,,YFT,5330
1976,H,PH,,BUM,187
1976,H,PH,,BLM,53
1976,H,PH,,SWO,93
1977,H,PH,,BET,233
1977,H,PH,,YFT,7557
1977,H,PH,,BUM,264
1977,H,PH,,BLM,76
1977,H,PH,,SWO,132
1978,H,PH,,BET,141
1978,H,PH,,YFT,4559
1978,H,PH,,BUM,160
1978,H,PH,,BLM,46
1978,H,PH,,SWO,80
1979,H,PH,,BET,181
1979,H,PH,,YFT,5846
1979,H,PH,,BUM,205
1979,H,PH,,BLM,58
1979,H,PH,,SWO,102
1980,H,PH,,BET,165
1980,H,PH,,YFT,5344
1980,H,PH,,BUM,187
1980,H,PH,,BLM,53
1980,H,PH,,SWO,94
1981,H,PH,,BET,182
1981,H,PH,,YFT,5896
1981,H,PH,,BUM,206
1981,H,PH,,BLM,59
1981,H,PH,,SWO,103
1982,H,PH,,BET,168
1982,H,PH,,YFT,5452
1982,H,PH,,BUM,191
1982,H,PH,,BLM,55
1982,H,PH,,SWO,95
1983,H,PH,,BET,183
1983,H,PH,,YFT,5922
1983,H,PH,,BUM,207
1983,H,PH,,BLM,59
1983,H,PH,,SWO,104
1984,H,PH,,BET,175
1984,H,PH,,YFT,5668
1984,H,PH,,BUM,198
1984,H,PH,,BLM,57
1984,H,PH,,SWO,99
1985,H,PH,,BET,201
1985,H,PH,,YFT,6490
1985,H,PH,,BUM,227
1985,H,PH,,BLM,65
1985,H,PH,,SWO,114
1986,H,PH,,BET,204
1986,H,PH,,YFT,6615
1986,H,PH,,BUM,232
1986,H,PH,,BLM,66
1986,H,PH,,SWO,116
1987,H,PH,,BET,149
1987,H,PH,,YFT,4827
1987,H,PH,,BUM,169
1987,H,PH,,BLM,48
1987,H,PH,,SWO,85
1988,H,PH,,BET,181
1988,H,PH,,YFT,5865
1988,H,PH,,BUM,205
1988,H,PH,,BLM,59
1988,H,PH,,SWO,103
1989,H,PH,,BET,197
1989,H,PH,,YFT,6388
1989,H,PH,,BUM,224
1989,H,PH,,BLM,64
1989,H,PH,,SWO,112
1990,H,PH,,BET,278
1990,H,PH,,YFT,9012
1990,H,PH,,BUM,315
1990,H,PH,,BLM,90
1990,H,PH,,SWO,158
1991,H,PH,,BET,328
1991,H,PH,,YFT,10623
1991,H,PH,,BUM,372
1991,H,PH,,BLM,106
1991,H,PH,,SWO,186
1992,H,PH,,BET,137
1992,H,PH,,YFT,4420
1992,H,PH,,BUM,155
1992,H,PH,,BLM,44
1992,H,PH,,SWO,77
1993,H,PH,,BET,149
1993,H,PH,,YFT,4813
1993,H,PH,,BUM,168
1993,H,PH,,BLM,48
1993,H,PH,,SWO,84
1994,H,PH,,BET,271
1994,H,PH,,YFT,7433
1994,H,PH,,BUM,260
1994,H,PH,,BLM,74
1994,H,PH,,SWO,132
1995,H,PH,,BET,314
1995,H,PH,,YFT,8607
1995,H,PH,,BUM,301
1995,H,PH,,BLM,86
1995,H,PH,,SWO,153
1996,H,PH,,BET,314
1996,H,PH,,YFT,8618
1996,H,PH,,BUM,302
1996,H,PH,,BLM,86
1996,H,PH,,SWO,153
1950,K,PH,,SKJ,1056
1950,K,PH,,YFT,4784
1951,K,PH,,SKJ,1145
1951,K,PH,,YFT,5071
1952,K,PH,,SKJ,1241
1952,K,PH,,YFT,5375
1953,K,PH,,SKJ,1345
1953,K,PH,,YFT,5698
1954,K,PH,,SKJ,1458
1954,K,PH,,YFT,6039
1955,K,PH,,SKJ,1581
1955,K,PH,,YFT,6402
1956,K,PH,,SKJ,1714
1956,K,PH,,YFT,6786
1957,K,PH,,SKJ,1858
1957,K,PH,,YFT,7193
1958,K,PH,,SKJ,2014
1958,K,PH,,YFT,7624
1959,K,PH,,SKJ,2183
1959,K,PH,,YFT,8082
1960,K,PH,,SKJ,2366
1960,K,PH,,YFT,8566
1961,K,PH,,SKJ,2565
1961,K,PH,,YFT,9080
1962,K,PH,,SKJ,2781
1962,K,PH,,YFT,9625
1963,K,PH,,SKJ,3015
1963,K,PH,,YFT,10202
1964,K,PH,,SKJ,3268
1964,K,PH,,YFT,10814
1965,K,PH,,SKJ,3542
1965,K,PH,,YFT,11463
1966,K,PH,,SKJ,3839
1966,K,PH,,YFT,12151
1967,K,PH,,SKJ,4161
1967,K,PH,,YFT,12880
1968,K,PH,,SKJ,4511
1968,K,PH,,YFT,13653
1969,K,PH,,SKJ,4890
1969,K,PH,,YFT,14472
1970,K,PH,,BET,1685
1970,K,PH,,SKJ,5301
1970,K,PH,,YFT,15340
1971,K,PH,,BET,1885
1971,K,PH,,SKJ,5672
1971,K,PH,,YFT,17162
1972,K,PH,,BET,1959
1972,K,PH,,SKJ,6229
1972,K,PH,,YFT,17833
1973,K,PH,,BET,2344
1973,K,PH,,SKJ,6997
1973,K,PH,,YFT,21331
1974,K,PH,,BET,2726
1974,K,PH,,SKJ,7807
1974,K,PH,,YFT,24798
1975,K,PH,,BET,2781
1975,K,PH,,SKJ,8391
1975,K,PH,,YFT,25307
1976,K,PH,,BET,2343
1976,K,PH,,SKJ,7607
1976,K,PH,,YFT,21321
1977,K,PH,,BET,3322
1977,K,PH,,SKJ,13475
1977,K,PH,,YFT,30228
1978,K,PH,,BET,2004
1978,K,PH,,SKJ,13178
1978,K,PH,,YFT,18237
1979,K,PH,,BET,2569
1979,K,PH,,SKJ,10006
1979,K,PH,,YFT,23384
1980,K,PH,,BET,2349
1980,K,PH,,SKJ,9383
1980,K,PH,,YFT,21377
1981,K,PH,,BET,2592
1981,K,PH,,SKJ,14406
1981,K,PH,,YFT,23584
1982,K,PH,,BET,2397
1982,K,PH,,SKJ,7735
1982,K,PH,,YFT,21809
1983,K,PH,,BET,2603
1983,K,PH,,SKJ,8999
1983,K,PH,,YFT,23688
1984,K,PH,,BET,2491
1984,K,PH,,SKJ,9287
1984,K,PH,,YFT,22671
1985,K,PH,,BET,2852
1985,K,PH,,SKJ,10309
1985,K,PH,,YFT,25962
1986,K,PH,,BET,2908
1986,K,PH,,SKJ,13683
1986,K,PH,,YFT,26461
1987,K,PH,,BET,2122
1987,K,PH,,SKJ,14627
1987,K,PH,,YFT,19310
1988,K,PH,,BET,2578
1988,K,PH,,SKJ,11095
1988,K,PH,,YFT,23461
1989,K,PH,,BET,2808
1989,K,PH,,SKJ,12823
1989,K,PH,,YFT,25552
1990,K,PH,,BET,3962
1990,K,PH,,SKJ,9444
1990,K,PH,,YFT,36049
1991,K,PH,,BET,4670
1991,K,PH,,SKJ,9598
1991,K,PH,,YFT,42490
1992,K,PH,,BET,1943
1992,K,PH,,SKJ,7264
1992,K,PH,,YFT,17681
1993,K,PH,,BET,2115
1993,K,PH,,SKJ,8349
1993,K,PH,,YFT,19253
1994,K,PH,,BET,3856
1994,K,PH,,SKJ,20315
1994,K,PH,,YFT,29733
1995,K,PH,,BET,4465
1995,K,PH,,SKJ,23523
1995,K,PH,,YFT,34427
1996,K,PH,,BET,4471
1996,K,PH,,SKJ,23553
1996,K,PH,,YFT,34470
2004,O,NU,,SKJ,2
2004,O,NU,,YFT,4
2005,O,NU,,YFT,2
2006,O,NU,,YFT,1
1990,N,JP,,ALB,1846
1990,N,JP,,BET,1
1990,N,JP,,SKJ,1457
1990,N,JP,,YFT,1
1990,N,JP,,PBF,1
1990,N,JP,,BUM,4
1990,N,JP,,MLS,19
1990,N,JP,,SWO,48
1991,N,JP,,ALB,1551
1991,N,JP,,BET,4
1991,N,JP,,SKJ,971
1991,N,JP,,YFT,2
1991,N,JP,,PBF,1
1991,N,JP,,BUM,2
1991,N,JP,,MLS,27
1991,N,JP,,SWO,74
1992,N,JP,,ALB,935
1992,N,JP,,SKJ,414
1992,N,JP,,YFT,3
1992,N,JP,,PBF,4
1992,N,JP,,BUM,7
1992,N,JP,,MLS,35
1992,N,JP,,SWO,47
1993,N,JP,,SKJ,12
1993,N,JP,,YFT,2
1993,N,JP,,PBF,1
1993,N,JP,,BUM,32
1994,N,JP,,SKJ,6
1994,N,JP,,YFT,3
1994,N,JP,,BUM,76
1995,N,JP,,ALB,1
1995,N,JP,,BET,1
1995,N,JP,,SKJ,15
1995,N,JP,,YFT,2
1995,N,JP,,PBF,4
1995,N,JP,,BUM,76
1964,G,JP,,SKJ,47
1964,G,JP,,PBF,9
1964,G,JP,,MLS,2
1964,G,JP,,SWO,4
1965,G,JP,,SKJ,35
1965,G,JP,,PBF,52
1965,G,JP,,MLS,1
1966,G,JP,,SKJ,29
1966,G,JP,,PBF,42
1966,G,JP,,MLS,2
1967,G,JP,,SKJ,20
1967,G,JP,,YFT,8
1967,G,JP,,PBF,39
1967,G,JP,,MLS,3
1968,G,JP,,SKJ,5
1968,G,JP,,YFT,35
1968,G,JP,,PBF,6
1968,G,JP,,MLS,3
1969,G,JP,,SKJ,5
1969,G,JP,,YFT,4
1969,G,JP,,PBF,32
1969,G,JP,,MLS,3
1970,G,JP,,SKJ,25
1970,G,JP,,YFT,9
1970,G,JP,,PBF,62
1970,G,JP,,MLS,3
1971,G,JP,,SKJ,48
1971,G,JP,,YFT,1
1971,G,JP,,PBF,35
1971,G,JP,,MLS,10
1971,G,JP,,SWO,1
1972,G,JP,,ALB,1
1972,G,JP,,SKJ,110
1972,G,JP,,PBF,39
1972,G,JP,,BUM,8
1972,G,JP,,MLS,243
1972,G,JP,,SWO,55
1973,G,JP,,ALB,39
1973,G,JP,,BET,6
1973,G,JP,,SKJ,436
1973,G,JP,,YFT,8
1973,G,JP,,PBF,309
1973,G,JP,,BUM,268
1973,G,JP,,MLS,3265
1973,G,JP,,SWO,720
1974,G,JP,,ALB,224
1974,G,JP,,BET,32
1974,G,JP,,SKJ,294
1974,G,JP,,YFT,14
1974,G,JP,,PBF,335
1974,G,JP,,BUM,230
1974,G,JP,,MLS,3112
1974,G,JP,,SWO,1304
1975,G,JP,,ALB,166
1975,G,JP,,BET,123
1975,G,JP,,SKJ,448
1975,G,JP,,YFT,12
1975,G,JP,,PBF,676
1975,G,JP,,BUM,795
1975,G,JP,,MLS,6534
1975,G,JP,,SWO,2672
1976,G,JP,,ALB,1070
1976,G,JP,,BET,160
1976,G,JP,,SKJ,817
1976,G,JP,,YFT,51
1976,G,JP,,PBF,1085
1976,G,JP,,BUM,580
1976,G,JP,,MLS,3561
1976,G,JP,,SWO,3488
1977,G,JP,,ALB,688
1977,G,JP,,BET,39
1977,G,JP,,SKJ,1729
1977,G,JP,,YFT,16
1977,G,JP,,PBF,884
1977,G,JP,,BUM,998
1977,G,JP,,MLS,4424
1977,G,JP,,SWO,2344
1978,G,JP,,ALB,4029
1978,G,JP,,BET,238
1978,G,JP,,SKJ,2008
1978,G,JP,,YFT,95
1978,G,JP,,PBF,2030
1978,G,JP,,BUM,884
1978,G,JP,,MLS,5593
1978,G,JP,,SWO,2475
1979,G,JP,,ALB,2856
1979,G,JP,,BET,118
1979,G,JP,,SKJ,702
1979,G,JP,,YFT,47
1979,G,JP,,PBF,1541
1979,G,JP,,BUM,513
1979,G,JP,,MLS,2532
1979,G,JP,,SWO,983
1980,G,JP,,ALB,2986
1980,G,JP,,BET,46
1980,G,JP,,SKJ,971
1980,G,JP,,YFT,49
1980,G,JP,,PBF,1479
1980,G,JP,,BUM,868
1980,G,JP,,MLS,3467
1980,G,JP,,SWO,1746
1981,G,JP,,ALB,10348
1981,G,JP,,BET,110
1981,G,JP,,SKJ,2485
1981,G,JP,,YFT,182
1981,G,JP,,PBF,2130
1981,G,JP,,BUM,1165
1981,G,JP,,MLS,3866
1981,G,JP,,SWO,1848
1982,G,JP,,ALB,12511
1982,G,JP,,BET,120
1982,G,JP,,SKJ,4230
1982,G,JP,,YFT,53
1982,G,JP,,PBF,1577
1982,G,JP,,BUM,954
1982,G,JP,,MLS,2351
1982,G,JP,,SWO,1257
1991,G,JP,,ALB,1850
1991,G,JP,,BET,289
1991,G,JP,,SKJ,10160
1991,G,JP,,YFT,143
1991,G,JP,,PBF,236
1991,G,JP,,BUM,178
1991,G,JP,,MLS,1302
1991,G,JP,,SWO,424
1992,G,JP,,ALB,1786
1992,G,JP,,BET,30
1992,G,JP,,SKJ,6602
1992,G,JP,,YFT,26
1992,G,JP,,PBF,888
1992,G,JP,,BUM,161
1992,G,JP,,MLS,1169
1992,G,JP,,SWO,840
1993,G,JP,,ALB,287
1993,G,JP,,BET,3
1993,G,JP,,SKJ,817
1993,G,JP,,YFT,18
1993,G,JP,,PBF,159
1993,G,JP,,BUM,146
1993,G,JP,,MLS,828
1993,G,JP,,SWO,292
1994,G,JP,,ALB,263
1994,G,JP,,BET,10
1994,G,JP,,SKJ,642
1994,G,JP,,YFT,9
1994,G,JP,,PBF,126
1994,G,JP,,BUM,157
1994,G,JP,,MLS,1443
1994,G,JP,,SWO,421
1995,G,JP,,ALB,281
1995,G,JP,,BET,4
1995,G,JP,,SKJ,476
1995,G,JP,,YFT,7
1995,G,JP,,PBF,110
1995,G,JP,,BUM,142
1995,G,JP,,MLS,970
1995,G,JP,,SWO,561
1996,G,JP,,ALB,116
1996,G,JP,,BET,4
1996,G,JP,,SKJ,399
1996,G,JP,,YFT,8
1996,G,JP,,PBF,67
1996,G,JP,,BUM,107
1996,G,JP,,MLS,703
1996,G,JP,,SWO,428
1997,G,JP,,ALB,358
1997,G,JP,,BET,18
1997,G,JP,,SKJ,490
1997,G,JP,,YFT,15
1997,G,JP,,PBF,109
1997,G,JP,,BUM,76
1997,G,JP,,MLS,813
1997,G,JP,,SWO,365
1998,G,JP,,ALB,206
1998,G,JP,,BET,3
1998,G,JP,,SKJ,685
1998,G,JP,,YFT,28
1998,G,JP,,PBF,91
1998,G,JP,,BUM,55
1998,G,JP,,MLS,1091
1998,G,JP,,SWO,470
1999,G,JP,,ALB,284
1999,G,JP,,BET,7
1999,G,JP,,SKJ,924
1999,G,JP,,YFT,24
1999,G,JP,,PBF,59
1999,G,JP,,BUM,77
1999,G,JP,,MLS,1125
1999,G,JP,,SWO,724
2000,G,JP,,ALB,67
2000,G,JP,,BET,1
2000,G,JP,,SKJ,2
2000,G,JP,,YFT,9
2000,G,JP,,PBF,51
2000,G,JP,,BUM,21
2000,G,JP,,MLS,1062
2000,G,JP,,SWO,808
2001,G,JP,,ALB,116
2001,G,JP,,BET,3
2001,G,JP,,SKJ,794
2001,G,JP,,YFT,20
2001,G,JP,,PBF,100
2001,G,JP,,BUM,162
2001,G,JP,,MLS,1077
2001,G,JP,,SWO,732
2002,G,JP,,ALB,331
2002,G,JP,,BET,12
2002,G,JP,,SKJ,484
2002,G,JP,,YFT,32
2002,G,JP,,PBF,212
2002,G,JP,,BUM,106
2002,G,JP,,MLS,1262
2002,G,JP,,SWO,1154
2003,G,JP,,ALB,126
2003,G,JP,,BET,11
2003,G,JP,,SKJ,696
2003,G,JP,,YFT,21
2003,G,JP,,PBF,43
2003,G,JP,,BUM,36
2003,G,JP,,MLS,1025
2003,G,JP,,SWO,1130
2004,G,JP,,ALB,61
2004,G,JP,,BET,5
2004,G,JP,,SKJ,721
2004,G,JP,,YFT,10
2004,G,JP,,PBF,93
2004,G,JP,,BUM,20
2004,G,JP,,MLS,1339
2004,G,JP,,SWO,1062
2005,G,JP,,ALB,154
2005,G,JP,,BET,6
2005,G,JP,,SKJ,707
2005,G,JP,,YFT,13
2005,G,JP,,PBF,135
2005,G,JP,,BUM,37
2005,G,JP,,MLS,1214
2005,G,JP,,SWO,956
2006,G,JP,,ALB,221
2006,G,JP,,BET,11
2006,G,JP,,SKJ,311
2006,G,JP,,YFT,13
2006,G,JP,,PBF,313
2006,G,JP,,BUM,32
2006,G,JP,,MLS,1190
2006,G,JP,,SWO,796
2007,G,JP,,ALB,226
2007,G,JP,,BET,3
2007,G,JP,,SKJ,480
2007,G,JP,,YFT,16
2007,G,JP,,PBF,144
2007,G,JP,,BUM,76
2007,G,JP,,MLS,970
2007,G,JP,,SWO,829
2008,G,JP,,ALB,1531
2008,G,JP,,BET,13
2008,G,JP,,SKJ,332
2008,G,JP,,YFT,23
2008,G,JP,,PBF,276
2008,G,JP,,BUM,1
2008,G,JP,,MLS,1302
2008,G,JP,,SWO,648
1996,N,JP,,SKJ,3
1996,N,JP,,YFT,1
1996,N,JP,,PBF,2
1997,N,JP,,SKJ,1
1997,N,JP,,YFT,2
1997,N,JP,,PBF,4
1998,N,JP,,SKJ,6
1998,N,JP,,PBF,5
1998,N,JP,,SWO,1
1999,N,JP,,ALB,5
1999,N,JP,,SKJ,12
1999,N,JP,,YFT,1
1999,N,JP,,PBF,4
2000,N,JP,,ALB,1
2000,N,JP,,SKJ,817
2000,N,JP,,YFT,2
2000,N,JP,,PBF,8
2001,N,JP,,ALB,1
2001,N,JP,,SKJ,2
2001,N,JP,,PBF,2
2002,N,JP,,ALB,1
2002,N,JP,,SKJ,4
2002,N,JP,,PBF,4
2002,N,JP,,SWO,10
2003,N,JP,,ALB,1
2003,N,JP,,SKJ,15
2003,N,JP,,YFT,1
2003,N,JP,,PBF,4
2003,N,JP,,BUM,1
2003,N,JP,,MLS,1
2003,N,JP,,SWO,68
2008,T,US,AS,SKJ,7
2008,T,US,AS,YFT,9
2008,T,US,GU,SKJ,134
2008,T,US,GU,YFT,9
2008,T,US,GU,BUM,4
2009,G,JP,,ALB,149
2009,G,JP,,BET,7
2009,G,JP,,SKJ,324
2009,G,JP,,YFT,12
2009,G,JP,,PBF,103
2009,G,JP,,BUM,58
2009,G,JP,,MLS,821
2009,G,JP,,SWO,682
2009,T,NZ,,ALB,1794
2009,T,NZ,,SKJ,9
2009,T,US,,ALB,237
2009,T,US,MP,SKJ,109
2009,T,US,MP,YFT,11
2009,T,US,HW,ALB,3
2009,T,US,HW,BET,59
2009,T,US,HW,SKJ,139
2009,T,US,HW,YFT,436
2009,T,US,HW,BUM,165
2009,T,US,HW,MLS,10
2009,R,PH,,BET,291
2009,R,PH,,SKJ,29862
2009,R,PH,,YFT,7347
2009,R,PH,,BUM,60
2009,R,PH,,BLM,60
2009,H,ID,,BET,155
2009,H,ID,,YFT,15345
2009,H,ID,,BUM,80
2009,H,ID,,BLM,7
2009,H,ID,,SWO,4
2009,H,PH,,ALB,102
2009,H,PH,,BET,330
2009,H,PH,,YFT,7768
2009,H,PH,,BUM,272
2009,H,PH,,BLM,78
2009,H,PH,,SWO,16
2009,O,ID,,BET,547
2009,O,ID,,SKJ,89210
2009,O,ID,,YFT,19703
2009,O,PH,,BET,15
2009,O,PH,,SKJ,1355
2009,O,PH,,YFT,1327
2009,K,PH,,BET,2929
2009,K,PH,,SKJ,23899
2009,K,PH,,YFT,43172
2009,O,JP,,ALB,75
2009,O,JP,,BET,98
2009,O,JP,,SKJ,552
2009,O,JP,,YFT,421
2009,O,JP,,PBF,3149
2009,O,JP,,BUM,41
2009,O,JP,,MLS,111
2009,O,JP,,SWO,491
2009,O,KI,,SKJ,8438
2009,O,KI,,YFT,4529
2009,O,PF,PM,ALB,211
2009,O,PF,PM,SKJ,605
2009,O,PF,PM,YFT,400
2009,O,PF,PM,BUM,178
2009,T,JP,,ALB,410
2009,T,JP,,BET,115
2009,T,JP,,SKJ,3819
2009,T,JP,,YFT,2534
2009,T,JP,,PBF,2003
2009,T,JP,,BUM,154
2009,T,JP,,MLS,32
2009,T,JP,,SWO,13
2009,T,US,GU,SKJ,150
2009,T,US,GU,YFT,23
2009,T,US,GU,BUM,15
2009,T,US,AS,SKJ,1
2009,T,US,AS,YFT,1
2003,H,US,HW,ALB,80
2003,H,US,HW,BET,176
2003,H,US,HW,SKJ,7
2003,H,US,HW,YFT,362
2003,H,US,HW,BUM,2
2003,H,US,HW,SWO,9
2004,H,US,HW,ALB,154
2004,H,US,HW,BET,232
2004,H,US,HW,SKJ,10
2004,H,US,HW,YFT,379
2004,H,US,HW,BUM,2
2004,H,US,HW,MLS,1
2004,H,US,HW,SWO,7
2005,H,US,HW,ALB,169
2005,H,US,HW,BET,210
2005,H,US,HW,SKJ,10
2005,H,US,HW,YFT,321
2005,H,US,HW,BUM,2
2005,H,US,HW,SWO,5
2006,H,US,HW,ALB,94
2006,H,US,HW,BET,247
2006,H,US,HW,SKJ,5
2006,H,US,HW,YFT,209
2006,H,US,HW,BUM,2
2006,H,US,HW,SWO,4
2007,H,US,HW,ALB,94
2007,H,US,HW,BET,324
2007,H,US,HW,SKJ,7
2007,H,US,HW,YFT,254
2007,H,US,HW,BUM,1
2007,H,US,HW,SWO,5
2008,H,US,HW,ALB,28
2008,H,US,HW,BET,148
2008,H,US,HW,SKJ,9
2008,H,US,HW,YFT,227
2008,H,US,HW,BUM,1
2008,H,US,HW,SWO,6
2009,H,US,HW,ALB,97
2009,H,US,HW,BET,136
2009,H,US,HW,SKJ,11
2009,H,US,HW,YFT,317
2009,H,US,HW,BUM,1
2009,H,US,HW,SWO,5
2002,O,TK,,BET,1
2002,O,TK,,SKJ,5
2002,O,TK,,YFT,2
2003,O,TK,,SKJ,2
2003,O,TK,,YFT,1
2004,O,TK,,SKJ,2
2004,O,TK,,YFT,1
2005,O,TK,,SKJ,5
2005,O,TK,,YFT,1
2006,O,TK,,SKJ,4
2006,O,TK,,YFT,2
2007,O,TK,,SKJ,6
2007,O,TK,,YFT,2
2008,O,TK,,SKJ,6
2008,O,TK,,YFT,2
2009,O,TK,,BET,1
2009,O,TK,,SKJ,8
2009,O,TK,,YFT,3
1995,T,CK,,ALB,8
2005,O,TV,,SKJ,8
2005,O,TV,,YFT,11
2006,O,TV,,SKJ,9
2006,O,TV,,YFT,3
2007,O,TV,,SKJ,17
2007,O,TV,,YFT,9
2008,O,TV,,SKJ,12
2008,O,TV,,YFT,10
2009,O,TV,,SKJ,16
2009,O,TV,,YFT,12
2008,O,NR,,SKJ,1
2008,O,NR,,YFT,2
2009,O,NR,,SKJ,1
2009,O,NR,,YFT,7
2010,G,JP,,ALB,24
2010,G,JP,,BET,2
2010,G,JP,,SKJ,315
2010,G,JP,,YFT,22
2010,G,JP,,BUM,94
2010,G,JP,,MLS,899
2010,G,JP,,SWO,483
2010,T,NZ,,ALB,1832
2010,T,NZ,,SKJ,8
2010,T,NZ,,PBF,4
2010,T,US,,ALB,307
2010,T,US,MP,SKJ,147
2010,T,US,MP,YFT,15
2010,R,PH,,BET,218
2010,R,PH,,SKJ,26417
2010,R,PH,,YFT,5363
2010,R,PH,,BUM,60
2010,R,PH,,BLM,60
2010,H,ID,,BET,218
2010,H,ID,,YFT,10692
2010,H,ID,,BUM,80
2010,H,ID,,BLM,7
2010,H,ID,,SWO,4
2010,H,PH,,ALB,102
2010,H,PH,,BET,284
2010,H,PH,,SKJ,131
2010,H,PH,,YFT,11314
2010,H,PH,,BUM,396
2010,H,PH,,BLM,113
2010,H,PH,,SWO,16
2010,O,ID,,BET,490
2010,O,ID,,SKJ,79842
2010,O,ID,,YFT,17634
2010,O,PH,,BET,365
2010,O,PH,,SKJ,2167
2010,O,PH,,YFT,1500
2010,K,PH,,BET,1400
2010,K,PH,,SKJ,25200
2010,K,PH,,YFT,43400
2010,O,TK,,SKJ,4
2010,O,JP,,ALB,79
2010,O,JP,,BET,86
2010,O,JP,,SKJ,853
2010,O,JP,,YFT,546
2010,O,JP,,PBF,2521
2010,O,JP,,BUM,132
2010,O,JP,,MLS,124
2010,O,JP,,SWO,350
2010,O,KI,,SKJ,8438
2010,O,KI,,YFT,4529
2010,O,PF,PM,ALB,190
2010,O,PF,PM,SKJ,628
2010,O,PF,PM,YFT,503
2010,O,PF,PM,BUM,251
2010,T,JP,,ALB,588
2010,T,JP,,BET,157
2010,T,JP,,SKJ,4279
2010,T,JP,,YFT,3167
2010,T,JP,,PBF,1583
2010,T,JP,,BUM,222
2010,T,US,GU,SKJ,154
2010,T,US,GU,YFT,11
2010,T,US,GU,BUM,14
2010,T,US,AS,SKJ,1
2010,T,US,AS,YFT,1
2010,H,US,HW,ALB,53
2010,H,US,HW,BET,340
2010,H,US,HW,SKJ,7
2010,H,US,HW,YFT,265
2010,H,US,HW,BUM,2
2010,H,US,HW,SWO,3
2010,H,US,HW,MAK,1
2010,H,US,HW,THR,1
2010,T,US,HW,ALB,2
2010,T,US,HW,BET,118
2010,T,US,HW,SKJ,96
2010,T,US,HW,YFT,401
2010,T,US,HW,BUM,134
2010,T,US,HW,MLS,19
2010,O,TV,,SKJ,16
2010,O,TV,,YFT,12
2010,O,NR,,YFT,4
2011,G,JP,,ALB,12
2011,G,JP,,BET,1
2011,G,JP,,SKJ,111
2011,G,JP,,YFT,6
2011,G,JP,,BUM,99
2011,G,JP,,MLS,333
2011,G,JP,,SWO,189
2011,T,CA,,ALB,1
2011,T,NZ,,ALB,2787
2011,T,NZ,,SKJ,13
2011,T,NZ,,PBF,4
2011,T,US,,ALB,471
2011,T,US,MP,SKJ,101
2011,T,US,MP,YFT,19
2011,T,US,MP,BUM,2
2011,R,PH,,BET,579
2011,R,PH,,SKJ,21667
2011,R,PH,,YFT,5677
2011,R,PH,,BUM,60
2011,R,PH,,BLM,60
2011,H,ID,,BET,444
2011,H,ID,,YFT,10738
2011,H,ID,,BUM,80
2011,H,ID,,BLM,7
2011,H,ID,,SWO,4
2011,H,PH,,ALB,102
2011,H,PH,,BET,225
2011,H,PH,,SKJ,62
2011,H,PH,,YFT,10577
2011,H,PH,,BUM,370
2011,H,PH,,BLM,106
2011,H,PH,,SWO,16
2011,O,ID,,BET,2688
2011,O,ID,,SKJ,95446
2011,O,ID,,YFT,36296
2011,O,PH,,BET,1
2011,O,PH,,SKJ,1149
2011,O,PH,,YFT,721
2011,K,PH,,BET,600
2011,K,PH,,SKJ,6600
2011,K,PH,,YFT,13000
2011,O,TK,,SKJ,4
2011,O,AU,,BET,20
2011,O,AU,,YFT,12
2011,O,AU,,MAK,4
2011,O,JP,,ALB,128
2011,O,JP,,BET,140
2011,O,JP,,SKJ,718
2011,O,JP,,YFT,450
2011,O,JP,,PBF,2305
2011,O,JP,,BUM,48
2011,O,JP,,MLS,143
2011,O,JP,,SWO,247
2011,O,KI,,SKJ,8238
2011,O,KI,,YFT,4329
2011,O,PF,PM,ALB,233
2011,O,PF,PM,SKJ,540
2011,O,PF,PM,YFT,482
2011,O,PF,PM,BUM,231
2011,T,JP,,ALB,443
2011,T,JP,,BET,141
2011,T,JP,,SKJ,1780
2011,T,JP,,YFT,2497
2011,T,JP,,PBF,1820
2011,T,JP,,BUM,234
2011,T,US,GU,SKJ,159
2011,T,US,GU,YFT,37
2011,T,US,GU,BUM,9
2011,T,US,AS,SKJ,9
2011,T,US,AS,YFT,6
2011,H,US,HW,ALB,84
2011,H,US,HW,BET,296
2011,H,US,HW,SKJ,9
2011,H,US,HW,YFT,357
2011,H,US,HW,BUM,2
2011,H,US,HW,SWO,5
2011,H,US,HW,MAK,1
2011,T,US,HW,ALB,4
2011,T,US,HW,BET,110
2011,T,US,HW,SKJ,126
2011,T,US,HW,YFT,440
2011,T,US,HW,BUM,188
2011,T,US,HW,MLS,16
2011,O,TV,,SKJ,2017
2011,O,TV,,YFT,797
2011,O,NR,,SKJ,5
2011,O,NR,,YFT,6
2000,G,VN,,BET,315
2000,G,VN,,SKJ,8164
2000,G,VN,,YFT,522
2001,G,VN,,BET,332
2001,G,VN,,SKJ,8593
2001,G,VN,,YFT,549
2002,G,VN,,BET,353
2002,G,VN,,SKJ,9147
2002,G,VN,,YFT,585
2003,G,VN,,BET,351
2003,G,VN,,SKJ,9093
2003,G,VN,,YFT,581
2004,G,VN,,BET,473
2004,G,VN,,SKJ,12263
2004,G,VN,,YFT,784
2005,G,VN,,BET,673
2005,G,VN,,SKJ,12371
2005,G,VN,,YFT,982
2006,G,VN,,BET,675
2006,G,VN,,SKJ,12409
2006,G,VN,,YFT,985
2007,G,VN,,BET,696
2007,G,VN,,SKJ,12796
2007,G,VN,,YFT,1016
2008,G,VN,,BET,641
2008,G,VN,,SKJ,11779
2008,G,VN,,YFT,935
2009,G,VN,,BET,708
2009,G,VN,,SKJ,13016
2009,G,VN,,YFT,1033
2010,G,VN,,BET,646
2010,G,VN,,SKJ,11866
2010,G,VN,,YFT,942
2011,G,VN,,BET,606
2011,G,VN,,SKJ,11142
2011,G,VN,,YFT,884
2012,G,JP,,ALB,26
2012,G,JP,,BET,2
2012,G,JP,,SKJ,95
2012,G,JP,,YFT,6
2012,G,JP,,BUM,41
2012,G,JP,,MLS,582
2012,G,JP,,SWO,300
2012,T,NZ,,ALB,2727
2012,T,NZ,,SKJ,13
2012,T,NZ,,PBF,4
2012,T,US,,ALB,235
2012,T,US,MP,SKJ,130
2012,T,US,MP,YFT,33
2012,T,US,MP,BUM,4
2012,R,PH,,BET,655
2012,R,PH,,SKJ,23255
2012,R,PH,,YFT,5590
2012,R,PH,,BUM,60
2012,R,PH,,BLM,60
2012,H,ID,,BET,1231
2012,H,ID,,YFT,14269
2012,H,ID,,BUM,80
2012,H,ID,,BLM,7
2012,H,ID,,SWO,4
2012,H,PH,,ALB,125
2012,H,PH,,BET,508
2012,H,PH,,SKJ,439
2012,H,PH,,YFT,14449
2012,H,PH,,BUM,506
2012,H,PH,,BLM,144
2012,H,PH,,SWO,16
2012,O,ID,,BET,8565
2012,O,ID,,SKJ,109732
2012,O,ID,,YFT,55227
2012,O,PH,,BET,43
2012,O,PH,,SKJ,3078
2012,O,PH,,YFT,1247
2012,K,PH,,BET,1000
2012,K,PH,,SKJ,10600
2012,K,PH,,YFT,8400
2012,O,TK,,SKJ,123
2012,O,TK,,YFT,106
2012,O,AU,,BET,8
2012,O,AU,,SKJ,1
2012,O,AU,,YFT,5
2012,O,AU,,MAK,4
2012,O,JP,,ALB,177
2012,O,JP,,BET,146
2012,O,JP,,SKJ,592
2012,O,JP,,YFT,482
2012,O,JP,,PBF,2711
2012,O,JP,,BUM,88
2012,O,JP,,MLS,148
2012,O,JP,,SWO,300
2012,O,KI,,SKJ,8310
2012,O,KI,,YFT,1672
2012,O,PF,PM,ALB,248
2012,O,PF,PM,SKJ,788
2012,O,PF,PM,YFT,637
2012,O,PF,PM,BUM,253
2012,T,JP,,ALB,610
2012,T,JP,,BET,118
2012,T,JP,,SKJ,3487
2012,T,JP,,YFT,2279
2012,T,JP,,PBF,570
2012,T,JP,,BUM,237
2012,T,US,GU,SKJ,142
2012,T,US,GU,YFT,13
2012,T,US,GU,BUM,6
2012,T,US,AS,SKJ,4
2012,T,US,AS,YFT,4
2012,H,US,HW,ALB,253
2012,H,US,HW,BET,298
2012,H,US,HW,SKJ,12
2012,H,US,HW,YFT,381
2012,H,US,HW,BUM,2
2012,H,US,HW,SWO,6
2012,H,US,HW,MAK,1
2012,H,US,HW,THR,1
2012,T,US,HW,ALB,3
2012,T,US,HW,BET,155
2012,T,US,HW,SKJ,109
2012,T,US,HW,YFT,597
2012,T,US,HW,BUM,131
2012,T,US,HW,BLM,3
2012,T,US,HW,MLS,11
2012,T,US,HW,SWO,1
2012,T,US,HW,SFA,1
2012,O,TV,,SKJ,2224
2012,O,TV,,YFT,895
2012,O,NR,,SKJ,3
2012,O,NR,,YFT,8
2012,G,VN,,BET,363
2012,G,VN,,SKJ,20998
2012,G,VN,,YFT,1024
2012,G,VN,,BUM,378
2012,G,VN,,BLM,18
2012,G,VN,,SWO,1259
2013,G,JP,,ALB,14
2013,G,JP,,BET,1
2013,G,JP,,SKJ,112
2013,G,JP,,YFT,8
2013,G,JP,,BUM,41
2013,G,JP,,MLS,336
2013,G,JP,,SWO,209
2013,T,NZ,,ALB,2836
2013,T,NZ,,BET,2
2013,T,NZ,,SKJ,6
2013,T,NZ,,PBF,4
2013,T,US,,ALB,390
2013,T,US,MP,SKJ,159
2013,T,US,MP,YFT,16
2013,T,US,MP,BUM,1
2013,R,PH,,BET,449
2013,R,PH,,SKJ,30714
2013,R,PH,,YFT,6829
2013,R,PH,,BUM,60
2013,R,PH,,BLM,60
2013,H,ID,,BET,471
2013,H,ID,,YFT,11309
2013,H,ID,,BUM,80
2013,H,ID,,BLM,7
2013,H,ID,,SWO,4
2013,H,PH,,ALB,125
2013,H,PH,,BET,767
2013,H,PH,,SKJ,708
2013,H,PH,,YFT,12731
2013,H,PH,,BUM,446
2013,H,PH,,BLM,127
2013,H,PH,,SWO,16
2013,O,ID,,BET,8114
2013,O,ID,,SKJ,96706
2013,O,ID,,YFT,49988
2013,O,PH,,BET,216
2013,O,PH,,SKJ,2910
2013,O,PH,,YFT,3365
2013,K,PH,,BET,440
2013,K,PH,,SKJ,10360
2013,K,PH,,YFT,11000
2013,O,TK,,SKJ,90
2013,O,TK,,YFT,87
2013,O,AU,,BET,6
2013,O,AU,,YFT,1
2013,O,JP,,ALB,247
2013,O,JP,,BET,116
2013,O,JP,,SKJ,320
2013,O,JP,,YFT,594
2013,O,JP,,PBF,1944
2013,O,JP,,BUM,89
2013,O,JP,,MLS,125
2013,O,JP,,SWO,472
2013,O,KI,,SKJ,2190
2013,O,KI,,YFT,2169
2013,O,PF,PM,ALB,248
2013,O,PF,PM,BET,14
2013,O,PF,PM,SKJ,556
2013,O,PF,PM,YFT,495
2013,O,PF,PM,BUM,253
2013,T,JP,,ALB,302
2013,T,JP,,BET,116
2013,T,JP,,SKJ,2514
2013,T,JP,,YFT,1817
2013,T,JP,,PBF,904
2013,T,JP,,BUM,167
2013,T,US,GU,SKJ,227
2013,T,US,GU,YFT,24
2013,T,US,GU,BUM,7
2013,T,US,GU,SFA,1
2013,T,US,AS,SKJ,3
2013,T,US,AS,YFT,3
2013,H,US,HW,ALB,46
2013,H,US,HW,BET,393
2013,H,US,HW,SKJ,14
2013,H,US,HW,YFT,442
2013,H,US,HW,BUM,3
2013,H,US,HW,SWO,6
2013,H,US,HW,THR,1
2013,T,US,HW,ALB,2
2013,T,US,HW,BET,148
2013,T,US,HW,SKJ,149
2013,T,US,HW,YFT,488
2013,T,US,HW,BUM,128
2013,T,US,HW,BLM,3
2013,T,US,HW,MLS,8
2013,T,US,HW,SWO,1
2013,T,US,HW,SFA,1
2013,O,TV,,BET,5
2013,O,TV,,SKJ,67
2013,O,TV,,YFT,5
2013,O,NR,,SKJ,3
2013,O,NR,,YFT,16
2013,G,VN,,BET,400
2013,G,VN,,SKJ,36496
2013,G,VN,,YFT,2823
2013,G,VN,,BUM,657
2013,G,VN,,BLM,31
2013,G,VN,,SWO,2189
2013,K,ID,,BET,615
2013,K,ID,,SKJ,6046
2013,K,ID,,YFT,6981
2001,R,TW,,SKJ,848
2002,R,TW,,SKJ,987
2003,R,TW,,SKJ,1980
2004,R,TW,,SKJ,2473
2005,R,TW,,SKJ,607
2006,R,TW,,SKJ,1231
2007,R,TW,,SKJ,1994
2008,R,TW,,SKJ,2528
2009,R,TW,,SKJ,2790
2010,R,TW,,SKJ,2939
2011,R,TW,,SKJ,3961
2012,R,TW,,SKJ,4054
2013,R,TW,,SKJ,4510
2014,G,JP,,ALB,11
2014,G,JP,,SKJ,119
2014,G,JP,,YFT,8
2014,G,JP,,BUM,28
2014,G,JP,,MLS,173
2014,G,JP,,SWO,269
2014,T,NZ,,ALB,1937
2014,T,NZ,,SKJ,14
2014,T,US,,ALB,445
2014,T,US,MP,SKJ,109
2014,T,US,MP,YFT,8
2014,T,US,MP,BUM,3
2014,R,PH,,BET,499
2014,R,PH,,SKJ,37885
2014,R,PH,,YFT,7118
2014,R,PH,,BUM,60
2014,R,PH,,BLM,60
2014,H,ID,,BET,2079
2014,H,ID,,YFT,23157
2014,H,ID,,BUM,80
2014,H,ID,,BLM,7
2014,H,ID,,SWO,4
2014,H,PH,,ALB,125
2014,H,PH,,BET,713
2014,H,PH,,SKJ,3806
2014,H,PH,,YFT,26925
2014,H,PH,,BUM,942
2014,H,PH,,BLM,269
2014,H,PH,,SWO,16
2014,O,ID,,BET,9101
2014,O,ID,,SKJ,122232
2014,O,ID,,YFT,26860
2014,O,PH,,BET,155
2014,O,PH,,SKJ,6197
2014,O,PH,,YFT,3411
2014,T,CK,,ALB,21
2014,K,PH,,BET,58
2014,K,PH,,SKJ,6374
2014,K,PH,,YFT,8434
2014,O,TK,,SKJ,66
2014,O,TK,,YFT,20
2014,O,AU,,BET,19
2014,O,AU,,YFT,3
2014,O,JP,,ALB,221
2014,O,JP,,BET,138
2014,O,JP,,SKJ,224
2014,O,JP,,YFT,496
2014,O,JP,,PBF,2406
2014,O,JP,,BUM,41
2014,O,JP,,MLS,92
2014,O,JP,,SWO,300
2014,O,KI,,SKJ,2190
2014,O,KI,,YFT,2169
2014,O,PF,PM,ALB,248
2014,O,PF,PM,BET,16
2014,O,PF,PM,SKJ,679
2014,O,PF,PM,YFT,529
2014,O,PF,PM,BUM,253
2014,T,JP,,ALB,197
2014,T,JP,,BET,160
2014,T,JP,,SKJ,954
2014,T,JP,,YFT,1523
2014,T,JP,,PBF,1023
2014,T,JP,,BUM,174
2014,T,US,GU,SKJ,177
2014,T,US,GU,YFT,15
2014,T,US,GU,BUM,13
2014,T,US,AS,SKJ,6
2014,T,US,AS,YFT,3
2014,T,US,AS,BUM,1
2014,T,US,AS,BLM,1
2014,H,US,HW,ALB,49
2014,H,US,HW,BET,206
2014,H,US,HW,SKJ,8
2014,H,US,HW,YFT,385
2014,H,US,HW,BUM,4
2014,H,US,HW,SWO,7
2014,T,US,HW,ALB,3
2014,T,US,HW,BET,143
2014,T,US,HW,SKJ,78
2014,T,US,HW,YFT,555
2014,T,US,HW,BUM,144
2014,T,US,HW,BLM,3
2014,T,US,HW,MLS,12
2014,T,US,HW,SWO,1
2014,T,US,HW,SFA,1
2014,T,US,HW,THR,1
2014,O,TV,,BET,9
2014,O,TV,,SKJ,155
2014,O,TV,,YFT,53
2014,O,NR,,SKJ,3
2014,O,NR,,YFT,16
2014,G,VN,,BET,641
2014,G,VN,,SKJ,32789
2014,G,VN,,YFT,173
2014,G,VN,,BUM,657
2014,G,VN,,BLM,31
2014,G,VN,,SWO,2015
2014,K,ID,,BET,1386
2014,K,ID,,YFT,15438
2014,R,TW,,SKJ,4510
2015,G,JP,,ALB,138
2015,G,JP,,BET,4
2015,G,JP,,SKJ,119
2015,G,JP,,YFT,12
2015,G,JP,,BUM,28
2015,G,JP,,MLS,287
2015,G,JP,,SWO,277
2015,T,NZ,,ALB,2425
2015,T,NZ,,SKJ,8
2015,T,US,,ALB,156
2015,T,US,MP,SKJ,29
2015,T,US,MP,YFT,13
2015,R,PH,,BET,373
2015,R,PH,,SKJ,37471
2015,R,PH,,YFT,7955
2015,R,PH,,BUM,60
2015,R,PH,,BLM,60
2015,H,ID,,BET,2824
2015,H,ID,,YFT,29679
2015,H,ID,,BUM,80
2015,H,ID,,BLM,7
2015,H,ID,,SWO,4
2015,H,PH,,ALB,125
2015,H,PH,,BET,743
2015,H,PH,,SKJ,2820
2015,H,PH,,YFT,20825
2015,H,PH,,BUM,729
2015,H,PH,,BLM,208
2015,H,PH,,SWO,16
2015,O,ID,,BET,6177
2015,O,ID,,SKJ,92387
2015,O,ID,,YFT,29787
2015,O,PH,,BET,220
2015,O,PH,,SKJ,11797
2015,O,PH,,YFT,2266
2015,T,CK,,ALB,21
2015,K,PH,,BET,585
2015,K,PH,,SKJ,12833
2015,K,PH,,YFT,17726
2015,O,TK,,SKJ,73
2015,O,TK,,YFT,106
2015,O,JP,,ALB,187
2015,O,JP,,BET,117
2015,O,JP,,SKJ,199
2015,O,JP,,YFT,655
2015,O,JP,,PBF,1674
2015,O,JP,,BUM,63
2015,O,JP,,MLS,144
2015,O,JP,,SWO,489
2015,O,KI,,SKJ,2190
2015,O,KI,,YFT,2169
2015,O,PF,PM,ALB,263
2015,O,PF,PM,BET,12
2015,O,PF,PM,SKJ,604
2015,O,PF,PM,YFT,762
2015,O,PF,PM,BUM,237
2015,O,PF,PM,MLS,5
2015,T,JP,,ALB,239
2015,T,JP,,BET,140
2015,T,JP,,SKJ,1238
2015,T,JP,,YFT,2014
2015,T,JP,,PBF,413
2015,T,JP,,BUM,169
2015,T,US,GU,SKJ,273
2015,T,US,GU,YFT,51
2015,T,US,GU,BUM,17
2015,T,US,AS,SKJ,3
2015,T,US,AS,YFT,2
2015,T,US,AS,BUM,1
2015,H,US,HW,ALB,62
2015,H,US,HW,BET,202
2015,H,US,HW,SKJ,5
2015,H,US,HW,YFT,401
2015,H,US,HW,BUM,3
2015,H,US,HW,SWO,5
2015,T,US,HW,ALB,2
2015,T,US,HW,BET,59
2015,T,US,HW,SKJ,96
2015,T,US,HW,YFT,492
2015,T,US,HW,BUM,179
2015,T,US,HW,BLM,4
2015,T,US,HW,MLS,11
2015,T,US,HW,SWO,1
2015,T,US,HW,SFA,2
2015,T,US,HW,THR,1
2015,O,TV,,BET,5
2015,O,TV,,SKJ,49
2015,O,TV,,YFT,33
2015,O,NR,,SKJ,3
2015,O,NR,,YFT,16
2015,G,VN,,BET,472
2015,G,VN,,SKJ,29730
2015,G,VN,,YFT,1762
2015,G,VN,,BUM,657
2015,G,VN,,BLM,31
2015,G,VN,,SWO,2015
2015,K,ID,,BET,3021
2015,K,ID,,SKJ,49838
2015,K,ID,,YFT,22653
2015,R,TW,,SKJ,4510
2016,T,NZ,,ALB,1969
2016,T,NZ,,SKJ,1
2016,T,NZ,,YFT,2
2016,T,NZ,,MAK,3
2016,T,US,,ALB,168
2016,T,US,MP,SKJ,87
2016,T,US,MP,YFT,9
2016,R,PH,,BET,363
2016,R,PH,,SKJ,26475
2016,R,PH,,YFT,8290
2016,R,PH,,BUM,60
2016,R,PH,,BLM,60
2016,H,ID,,BET,1886
2016,H,ID,,YFT,20650
2016,H,ID,,BUM,80
2016,H,ID,,BLM,7
2016,H,ID,,SWO,4
2016,H,PH,,ALB,125
2016,H,PH,,BET,850
2016,H,PH,,SKJ,1954
2016,H,PH,,YFT,17593
2016,H,PH,,BUM,616
2016,H,PH,,BLM,176
2016,H,PH,,SWO,16
2016,O,ID,,BET,12678
2016,O,ID,,SKJ,104592
2016,O,ID,,YFT,48314
2016,O,PH,,BET,124
2016,O,PH,,SKJ,6420
2016,O,PH,,YFT,2546
2016,T,CK,,ALB,21
2016,K,PH,,BET,327
2016,K,PH,,SKJ,5864
2016,K,PH,,YFT,14188
2016,O,TK,,SKJ,73
2016,O,TK,,YFT,106
2016,O,KI,,SKJ,2190
2016,O,KI,,YFT,2169
2016,O,PF,PM,ALB,333
2016,O,PF,PM,BET,20
2016,O,PF,PM,SKJ,512
2016,O,PF,PM,YFT,607
2016,O,PF,PM,BUM,228
2016,O,PF,PM,MLS,5
2016,T,US,GU,SKJ,198
2016,T,US,GU,YFT,58
2016,T,US,GU,BUM,20
2016,T,US,AS,SKJ,4
2016,T,US,AS,YFT,4
2016,T,US,AS,BUM,1
2016,H,US,HW,ALB,24
2016,H,US,HW,BET,183
2016,H,US,HW,SKJ,5
2016,H,US,HW,YFT,269
2016,H,US,HW,BUM,2
2016,H,US,HW,SWO,4
2016,T,US,HW,ALB,1
2016,T,US,HW,BET,34
2016,T,US,HW,SKJ,117
2016,T,US,HW,YFT,464
2016,T,US,HW,BUM,137
2016,T,US,HW,BLM,3
2016,T,US,HW,MLS,12
2016,T,US,HW,SFA,2
2016,T,US,HW,THR,1
2016,O,TV,,BET,27
2016,O,TV,,SKJ,194
2016,O,TV,,YFT,127
2016,O,NR,,SKJ,3
2016,O,NR,,YFT,16
2016,G,VN,,BET,1671
2016,G,VN,,SKJ,44997
2016,G,VN,,YFT,771
2016,G,VN,,BUM,3319
2016,G,VN,,BLM,16
2016,G,VN,,MLS,257
2016,G,VN,,SWO,2994
2016,K,ID,,BET,3145
2016,K,ID,,SKJ,51883
2016,K,ID,,YFT,23583
2016,R,TW,,SKJ,4510
2017,T,CA,,ALB,55
2017,T,NZ,,ALB,1953
2017,T,NZ,,SKJ,3
2017,T,NZ,,YFT,2
2017,T,NZ,,MAK,1
2017,T,US,,ALB,800
2017,T,US,MP,SKJ,107
2017,T,US,MP,YFT,8
2017,T,US,MP,BUM,1
2017,R,PH,,ALB,19
2017,R,PH,,BET,611
2017,R,PH,,SKJ,27827
2017,R,PH,,YFT,9592
2017,R,PH,,BUM,60
2017,R,PH,,BLM,60
2017,H,ID,,BET,463
2017,H,ID,,YFT,12512
2017,H,ID,,BUM,80
2017,H,ID,,BLM,7
2017,H,ID,,SWO,4
2017,H,PH,,ALB,114
2017,H,PH,,BET,1294
2017,H,PH,,SKJ,3038
2017,H,PH,,YFT,23961
2017,H,PH,,BUM,839
2017,H,PH,,BLM,240
2017,H,PH,,SWO,16
2017,O,ID,,BET,3112
2017,O,ID,,SKJ,82023
2017,O,ID,,YFT,11125
2017,O,PH,,ALB,90
2017,O,PH,,BET,335
2017,O,PH,,SKJ,4878
2017,O,PH,,YFT,4187
2017,T,CK,,SKJ,4
2017,T,CK,,YFT,92
2017,K,PH,,BET,506
2017,K,PH,,SKJ,10742
2017,K,PH,,YFT,14862
2017,O,TK,,SKJ,38
2017,O,TK,,YFT,29
2017,O,KI,,SKJ,2190
2017,O,KI,,YFT,2169
2017,O,PF,PM,ALB,199
2017,O,PF,PM,BET,9
2017,O,PF,PM,SKJ,598
2017,O,PF,PM,YFT,688
2017,O,PF,PM,BUM,266
2017,O,PF,PM,MLS,5
2017,T,US,GU,SKJ,185
2017,T,US,GU,YFT,27
2017,T,US,GU,BUM,14
2017,T,US,AS,BET,1
2017,T,US,AS,SKJ,3
2017,T,US,AS,YFT,6
2017,H,US,HW,ALB,35
2017,H,US,HW,BET,106
2017,H,US,HW,SKJ,6
2017,H,US,HW,YFT,400
2017,H,US,HW,BUM,2
2017,H,US,HW,SWO,6
2017,T,US,HW,BET,37
2017,T,US,HW,SKJ,97
2017,T,US,HW,YFT,431
2017,T,US,HW,BUM,139
2017,T,US,HW,BLM,2
2017,T,US,HW,MLS,6
2017,T,US,HW,SFA,2
2017,T,US,HW,THR,1
2017,O,TV,,BET,27
2017,O,TV,,SKJ,194
2017,O,TV,,YFT,127
2017,O,NR,,SKJ,3
2017,O,NR,,YFT,16
2017,G,VN,,BET,411
2017,G,VN,,SKJ,40281
2017,G,VN,,YFT,560
2017,G,VN,,BUM,970
2017,G,VN,,BLM,96
2017,G,VN,,MLS,19
2017,G,VN,,SWO,1109
2017,G,VN,,OCS,38
2017,K,ID,,BET,4152
2017,K,ID,,SKJ,42221
2017,K,ID,,YFT,20287
2017,R,TW,,SKJ,4510
2013,O,WF,,SKJ,5
2013,O,WF,,YFT,4
2014,O,WF,,SKJ,5
2014,O,WF,,YFT,2
2015,O,WF,,SKJ,4
2015,O,WF,,YFT,2
2016,O,WF,,SKJ,4
2016,O,WF,,YFT,3
2016,O,WF,,MLS,1
2017,O,WF,,SKJ,2
2017,O,WF,,YFT,3
2018,T,NZ,,ALB,2255
2018,T,NZ,,SKJ,18
2018,T,NZ,,MAK,7
2018,T,US,,ALB,441
2018,T,US,MP,SKJ,170
2018,T,US,MP,YFT,5
2018,T,US,MP,BUM,1
2018,R,PH,,ALB,3
2018,R,PH,,BET,165
2018,R,PH,,SKJ,25912
2018,R,PH,,YFT,6670
2018,R,PH,,BUM,60
2018,R,PH,,BLM,60
2018,H,ID,,BET,634
2018,H,ID,,YFT,23370
2018,H,ID,,BUM,80
2018,H,ID,,BLM,7
2018,H,ID,,SWO,4
2018,H,PH,,ALB,89
2018,H,PH,,BET,468
2018,H,PH,,SKJ,2926
2018,H,PH,,YFT,27041
2018,H,PH,,BUM,946
2018,H,PH,,BLM,270
2018,H,PH,,SWO,16
2018,O,ID,,ALB,161
2018,O,ID,,BET,8034
2018,O,ID,,SKJ,95363
2018,O,ID,,YFT,50805
2018,O,PH,,ALB,23
2018,O,PH,,BET,201
2018,O,PH,,SKJ,4111
2018,O,PH,,YFT,3123
2018,T,CK,,ALB,1
2018,T,CK,,BET,1
2018,T,CK,,SKJ,5
2018,T,CK,,YFT,87
2018,K,PH,,ALB,123
2018,K,PH,,BET,519
2018,K,PH,,SKJ,11649
2018,K,PH,,YFT,18900
2018,O,TK,,SKJ,28
2018,O,TK,,YFT,27
2018,O,WF,,SKJ,7
2018,O,WF,,YFT,4
2018,O,WF,,MLS,1
2018,O,KI,,SKJ,2190
2018,O,KI,,YFT,2169
2018,O,PF,PM,ALB,219
2018,O,PF,PM,BET,17
2018,O,PF,PM,SKJ,289
2018,O,PF,PM,YFT,782
2018,O,PF,PM,BUM,231
2018,O,PF,PM,MLS,5
2018,T,US,GU,SKJ,277
2018,T,US,GU,YFT,24
2018,T,US,GU,BUM,11
2018,T,US,AS,SKJ,4
2018,T,US,AS,YFT,5
2018,T,US,AS,BUM,1
2018,H,US,HW,ALB,20
2018,H,US,HW,BET,124
2018,H,US,HW,SKJ,5
2018,H,US,HW,YFT,337
2018,H,US,HW,BUM,3
2018,H,US,HW,SWO,3
2018,T,US,HW,BET,27
2018,T,US,HW,SKJ,84
2018,T,US,HW,YFT,562
2018,T,US,HW,BUM,152
2018,T,US,HW,BLM,2
2018,T,US,HW,MLS,12
2018,T,US,HW,SWO,1
2018,T,US,HW,SFA,2
2018,O,TV,,BET,27
2018,O,TV,,SKJ,194
2018,O,TV,,YFT,127
2018,O,NR,,SKJ,6
2018,O,NR,,YFT,11
2018,G,VN,,BET,276
2018,G,VN,,SKJ,34229
2018,G,VN,,YFT,521
2018,G,VN,,BUM,970
2018,G,VN,,BLM,96
2018,G,VN,,MLS,19
2018,G,VN,,SWO,1109
2018,G,VN,,OCS,38
2018,K,ID,,BET,689
2018,K,ID,,SKJ,22383
2018,K,ID,,YFT,62068
2018,R,TW,,SKJ,4510
2019,T,NZ,,ALB,2635
2019,T,NZ,,SKJ,5
2019,T,NZ,,MAK,7
2019,T,US,,ALB,874
2019,T,US,MP,SKJ,157
2019,T,US,MP,YFT,17
2019,T,US,MP,BUM,2
2019,R,PH,,ALB,13
2019,R,PH,,BET,294
2019,R,PH,,SKJ,17832
2019,R,PH,,YFT,5950
2019,R,PH,,BUM,60
2019,R,PH,,BLM,60
2019,H,ID,,ALB,12
2019,H,ID,,BET,684
2019,H,ID,,YFT,25213
2019,H,ID,,BUM,80
2019,H,ID,,BLM,7
2019,H,ID,,SWO,4
2019,H,PH,,ALB,151
2019,H,PH,,BET,975
2019,H,PH,,SKJ,2418
2019,H,PH,,YFT,24988
2019,H,PH,,BUM,875
2019,H,PH,,BLM,250
2019,H,PH,,SWO,16
2019,O,ID,,ALB,9
2019,O,ID,,BET,7470
2019,O,ID,,SKJ,94851
2019,O,ID,,YFT,63552
2019,O,PH,,ALB,27
2019,O,PH,,BET,57
2019,O,PH,,SKJ,4230
2019,O,PH,,YFT,2164
2019,T,CK,,BET,1
2019,T,CK,,SKJ,26
2019,T,CK,,YFT,185
2019,K,PH,,ALB,494
2019,K,PH,,BET,933
2019,K,PH,,SKJ,9818
2019,K,PH,,YFT,12030
2019,O,TK,,SKJ,44
2019,O,TK,,YFT,23
2019,O,WF,,SKJ,8
2019,O,WF,,YFT,11
2019,O,WF,,MLS,1
2019,O,KI,,SKJ,2190
2019,O,KI,,YFT,2169
2019,O,PF,PM,ALB,242
2019,O,PF,PM,BET,12
2019,O,PF,PM,SKJ,326
2019,O,PF,PM,YFT,707
2019,O,PF,PM,BUM,247
2019,O,PF,PM,MLS,5
2019,T,US,GU,SKJ,215
2019,T,US,GU,YFT,29
2019,T,US,GU,BUM,23
2019,T,US,AS,SKJ,6
2019,T,US,AS,YFT,1
2019,H,US,HW,ALB,10
2019,H,US,HW,BET,226
2019,H,US,HW,SKJ,10
2019,H,US,HW,YFT,249
2019,H,US,HW,BUM,5
2019,H,US,HW,SWO,3
2019,T,US,HW,ALB,1
2019,T,US,HW,BET,35
2019,T,US,HW,SKJ,105
2019,T,US,HW,YFT,410
2019,T,US,HW,BUM,152
2019,T,US,HW,BLM,2
2019,T,US,HW,MLS,13
2019,T,US,HW,SFA,1
2019,O,TV,,BET,27
2019,O,TV,,SKJ,194
2019,O,TV,,YFT,127
2019,O,NR,,SKJ,1
2019,O,NR,,YFT,6
2019,G,VN,,BET,228
2019,G,VN,,SKJ,31977
2019,G,VN,,YFT,599
2019,G,VN,,BUM,970
2019,G,VN,,BLM,96
2019,G,VN,,MLS,19
2019,G,VN,,SWO,1109
2019,G,VN,,OCS,38
2019,K,ID,,BET,3678
2019,K,ID,,SKJ,7167
2019,K,ID,,YFT,80969
2019,R,TW,,SKJ,4510
2016,G,JP,,ALB,19
2016,G,JP,,BET,4
2016,G,JP,,SKJ,119
2016,G,JP,,YFT,12
2016,G,JP,,BUM,28
2016,G,JP,,MLS,308
2016,G,JP,,SWO,303
2017,G,JP,,ALB,40
2017,G,JP,,BET,1
2017,G,JP,,SKJ,61
2017,G,JP,,YFT,7
2017,G,JP,,BUM,15
2017,G,JP,,MLS,241
2017,G,JP,,SWO,291
2016,O,JP,,ALB,156
2016,O,JP,,BET,117
2016,O,JP,,SKJ,199
2016,O,JP,,YFT,655
2016,O,JP,,PBF,1736
2016,O,JP,,BUM,63
2016,O,JP,,MLS,131
2016,O,JP,,SWO,429
2016,T,JP,,ALB,148
2016,T,JP,,BET,140
2016,T,JP,,SKJ,1238
2016,T,JP,,YFT,2014
2016,T,JP,,PBF,778
2016,T,JP,,BUM,169
2017,O,JP,,ALB,167
2017,O,JP,,BET,89
2017,O,JP,,SKJ,482
2017,O,JP,,YFT,825
2017,O,JP,,PBF,2886
2017,O,JP,,BUM,41
2017,O,JP,,MLS,132
2017,O,JP,,SWO,568
2017,T,JP,,ALB,107
2017,T,JP,,BET,119
2017,T,JP,,SKJ,1615
2017,T,JP,,YFT,1877
2017,T,JP,,PBF,605
2017,T,JP,,BUM,117
2018,G,JP,,ALB,35
2018,G,JP,,BET,1
2018,G,JP,,SKJ,91
2018,G,JP,,YFT,6
2018,G,JP,,BUM,5
2018,G,JP,,MLS,278
2018,G,JP,,SWO,230
2018,O,JP,,ALB,83
2018,O,JP,,BET,84
2018,O,JP,,SKJ,627
2018,O,JP,,YFT,664
2018,O,JP,,PBF,1076
2018,O,JP,,BUM,44
2018,O,JP,,MLS,144
2018,O,JP,,SWO,754
2018,T,JP,,ALB,78
2018,T,JP,,BET,80
2018,T,JP,,SKJ,1154
2018,T,JP,,YFT,1738
2018,T,JP,,PBF,371
2018,T,JP,,BUM,168
2019,G,JP,,ALB,9
2019,G,JP,,BET,1
2019,G,JP,,SKJ,96
2019,G,JP,,YFT,4
2019,G,JP,,BUM,17
2019,G,JP,,BLM,16
2019,G,JP,,MLS,241
2019,G,JP,,SWO,242
2019,O,JP,,ALB,122
2019,O,JP,,BET,113
2019,O,JP,,SKJ,356
2019,O,JP,,YFT,986
2019,O,JP,,PBF,1313
2019,O,JP,,BUM,70
2019,O,JP,,MLS,129
2019,O,JP,,SWO,554
2019,T,JP,,ALB,543
2019,T,JP,,BET,110
2019,T,JP,,SKJ,1387
2019,T,JP,,YFT,2070
2019,T,JP,,PBF,720
2019,T,JP,,BUM,154
2020,G,JP,,ALB,7
2020,G,JP,,SKJ,70
2020,G,JP,,YFT,13
2020,G,JP,,BUM,50
2020,G,JP,,BLM,3
2020,G,JP,,MLS,155
2020,G,JP,,SWO,290
2020,T,NZ,,ALB,2825
2020,T,NZ,,SKJ,6
2020,T,NZ,,YFT,1
2020,T,NZ,,MAK,7
2020,T,US,,ALB,1926
2020,T,US,MP,SKJ,108
2020,T,US,MP,YFT,11
2020,R,PH,,ALB,13
2020,R,PH,,BET,1363
2020,R,PH,,SKJ,27155
2020,R,PH,,YFT,8726
2020,R,PH,,BUM,60
2020,R,PH,,BLM,60
2020,H,ID,,BET,759
2020,H,ID,,YFT,27287
2020,H,ID,,BUM,80
2020,H,ID,,BLM,7
2020,H,ID,,SWO,4
2020,H,PH,,ALB,260
2020,H,PH,,BET,1062
2020,H,PH,,SKJ,988
2020,H,PH,,YFT,16584
2020,H,PH,,BUM,875
2020,H,PH,,BLM,250
2020,H,PH,,SWO,16
2020,O,ID,,ALB,129
2020,O,ID,,BET,11561
2020,O,ID,,SKJ,70137
2020,O,ID,,YFT,56371
2020,O,PH,,ALB,20
2020,O,PH,,BET,137
2020,O,PH,,SKJ,6724
2020,O,PH,,YFT,2581
2020,T,CK,,BET,1
2020,T,CK,,SKJ,13
2020,T,CK,,YFT,163
2020,K,PH,,ALB,66
2020,K,PH,,BET,514
2020,K,PH,,SKJ,8765
2020,K,PH,,YFT,20807
2020,O,TK,,SKJ,28
2020,O,TK,,YFT,23
2020,O,WF,,SKJ,7
2020,O,WF,,YFT,6
2020,O,WF,,MLS,1
2020,O,JP,,ALB,184
2020,O,JP,,BET,113
2020,O,JP,,SKJ,356
2020,O,JP,,YFT,986
2020,O,JP,,PBF,1736
2020,O,JP,,BUM,70
2020,O,JP,,MLS,94
2020,O,JP,,SWO,490
2020,O,KI,,SKJ,2190
2020,O,KI,,YFT,2169
2020,O,PF,PM,ALB,163
2020,O,PF,PM,BET,14
2020,O,PF,PM,SKJ,301
2020,O,PF,PM,YFT,750
2020,O,PF,PM,BUM,264
2020,O,PF,PM,MLS,5
2020,T,JP,,ALB,784
2020,T,JP,,BET,69
2020,T,JP,,SKJ,949
2020,T,JP,,YFT,2008
2020,T,JP,,PBF,760
2020,T,JP,,BUM,113
2020,T,US,GU,SKJ,158
2020,T,US,GU,YFT,25
2020,T,US,GU,BUM,23
2020,T,US,AS,SKJ,3
2020,T,US,AS,YFT,2
2020,H,US,HW,ALB,3
2020,H,US,HW,BET,145
2020,H,US,HW,SKJ,5
2020,H,US,HW,YFT,243
2020,H,US,HW,BUM,3
2020,H,US,HW,SWO,2
2020,T,US,HW,BET,18
2020,T,US,HW,SKJ,78
2020,T,US,HW,YFT,293
2020,T,US,HW,BUM,88
2020,T,US,HW,BLM,1
2020,T,US,HW,MLS,10
2020,T,US,HW,SFA,1
2020,O,TV,,BET,27
2020,O,TV,,SKJ,194
2020,O,TV,,YFT,127
2020,O,NR,,SKJ,1
2020,O,NR,,YFT,9
2020,G,VN,,ALB,127
2020,G,VN,,BET,95
2020,G,VN,,SKJ,21307
2020,G,VN,,YFT,741
2020,G,VN,,BUM,2138
2020,G,VN,,BLM,991
2020,G,VN,,SWO,266
2020,G,VN,,FAL,1
2020,K,ID,,ALB,39
2020,K,ID,,BET,5462
2020,K,ID,,SKJ,9133
2020,K,ID,,YFT,87962
2020,R,TW,,SKJ,4510
2020,O,VU,,BET,46
2020,O,VU,,SKJ,56
2020,O,VU,,YFT,160
2020,O,FJ,,BET,1
2020,O,FJ,,SKJ,2
2020,O,FJ,,YFT,37
2021,G,JP,,ALB,3
2021,G,JP,,SKJ,144
2021,G,JP,,YFT,7
2021,G,JP,,BUM,17
2021,G,JP,,BLM,4
2021,G,JP,,MLS,95
2021,G,JP,,SWO,301
2021,T,CA,,ALB,31
2021,T,NZ,,ALB,3383
2021,T,NZ,,SKJ,3
2021,T,NZ,,MAK,7
2021,T,US,,ALB,654
2021,O,FJ,,SKJ,14
2021,O,FJ,,YFT,55
2021,T,US,MP,SKJ,136
2021,T,US,MP,YFT,12
2021,R,PH,,ALB,7
2021,R,PH,,BET,430
2021,R,PH,,SKJ,20018
2021,R,PH,,YFT,6240
2021,R,PH,,BUM,60
2021,R,PH,,BLM,60
2021,H,ID,,BET,934
2021,H,ID,,YFT,34429
2021,H,ID,,BUM,80
2021,H,ID,,BLM,7
2021,H,ID,,SWO,4
2021,H,PH,,ALB,228
2021,H,PH,,BET,582
2021,H,PH,,SKJ,862
2021,H,PH,,YFT,19519
2021,H,PH,,BUM,875
2021,H,PH,,BLM,250
2021,H,PH,,SWO,16
2021,T,CK,,BET,4
2021,T,CK,,SKJ,12
2021,T,CK,,YFT,141
2021,K,PH,,ALB,78
2021,K,PH,,BET,551
2021,K,PH,,SKJ,13525
2021,K,PH,,YFT,29925
2021,O,TK,,BET,2
2021,O,TK,,SKJ,18
2021,O,TK,,YFT,31
2021,O,WF,,SKJ,7
2021,O,WF,,YFT,6
2021,O,WF,,MLS,1
2021,T,US,GU,SKJ,302
2021,T,US,GU,YFT,42
2021,T,US,GU,BUM,14
2021,T,US,AS,SKJ,8
2021,T,US,AS,YFT,2
2021,H,US,HW,ALB,5
2021,H,US,HW,BET,121
2021,H,US,HW,SKJ,5
2021,H,US,HW,YFT,277
2021,H,US,HW,BUM,3
2021,H,US,HW,SWO,1
2021,T,US,HW,ALB,1
2021,T,US,HW,BET,12
2021,T,US,HW,SKJ,68
2021,T,US,HW,YFT,330
2021,T,US,HW,BUM,112
2021,T,US,HW,BLM,1
2021,T,US,HW,MLS,8
2021,T,US,HW,SFA,1
2021,O,TV,,BET,27
2021,O,TV,,SKJ,194
2021,O,TV,,YFT,127
2021,O,NR,,SKJ,2
2021,O,NR,,YFT,18
2021,O,VU,,BET,1
2021,O,VU,,SKJ,34
2021,O,VU,,YFT,80
2023,G,JP,,ALB,3
2023,G,JP,,SKJ,144
2023,G,JP,,YFT,7
2023,G,JP,,BUM,17
2023,G,JP,,BLM,4
2023,G,JP,,MLS,95
2023,G,JP,,SWO,301
2023,T,NZ,,ALB,864
2023,T,NZ,,SKJ,10
2023,T,NZ,,YFT,1
2023,T,US,,ALB,328
2023,O,FJ,,SKJ,16
2023,O,FJ,,YFT,63
2021,O,ID,,ALB,2
2021,O,ID,,BET,8902
2021,O,ID,,SKJ,69045
2021,O,ID,,YFT,48286
2021,O,PH,,ALB,27
2021,O,PH,,BET,123
2021,O,PH,,SKJ,5499
2021,O,PH,,YFT,3310
2021,O,JP,,ALB,243
2021,O,JP,,BET,84
2021,O,JP,,SKJ,728
2021,O,JP,,YFT,973
2021,O,JP,,PBF,2182
2021,O,JP,,BUM,159
2021,O,JP,,BLM,89
2021,O,JP,,MLS,108
2021,O,JP,,SWO,525
2021,O,KI,,SKJ,2190
2021,O,KI,,YFT,2169
2021,O,PF,PM,ALB,255
2021,O,PF,PM,BET,28
2021,O,PF,PM,SKJ,339
2021,O,PF,PM,YFT,711
2021,O,PF,PM,BUM,140
2021,O,PF,PM,BLM,45
2021,O,PF,PM,MLS,36
2021,T,JP,,ALB,428
2021,T,JP,,BET,78
2021,T,JP,,SKJ,2161
2021,T,JP,,YFT,2160
2021,T,JP,,PBF,760
2021,T,JP,,BUM,6
2021,T,JP,,BLM,156
2021,O,NU,,SKJ,1
2021,O,NU,,YFT,2
2021,G,VN,,ALB,127
2021,G,VN,,BET,175
2021,G,VN,,SKJ,17356
2021,G,VN,,YFT,528
2021,G,VN,,BUM,974
2021,G,VN,,BLM,451
2021,G,VN,,SWO,121
2021,G,VN,,FAL,1
2021,K,ID,,ALB,85
2021,K,ID,,BET,8602
2021,K,ID,,SKJ,12845
2021,K,ID,,YFT,103928
2021,R,TW,,SKJ,4510
2022,G,JP,,ALB,3
2022,G,JP,,SKJ,144
2022,G,JP,,YFT,7
2022,G,JP,,BUM,17
2022,G,JP,,BLM,4
2022,G,JP,,MLS,95
2022,G,JP,,SWO,301
2022,T,NZ,,ALB,2377
2022,T,NZ,,SKJ,3
2022,T,US,,ALB,1400
2022,O,FJ,,SKJ,2
2022,O,FJ,,YFT,52
2022,T,US,MP,SKJ,60
2022,T,US,MP,YFT,6
2022,T,US,MP,SFA,2
2022,R,PH,,BET,480
2022,R,PH,,SKJ,20876
2022,R,PH,,YFT,5629
2022,R,PH,,BUM,60
2022,R,PH,,BLM,60
2022,H,ID,,ALB,65
2022,H,ID,,BET,850
2022,H,ID,,YFT,22150
2022,H,ID,,BUM,80
2022,H,ID,,BLM,7
2022,H,ID,,SWO,4
2022,H,PH,,ALB,70
2022,H,PH,,BET,613
2022,H,PH,,SKJ,1416
2022,H,PH,,YFT,17867
2022,H,PH,,BUM,875
2022,H,PH,,BLM,250
2022,H,PH,,SWO,16
2022,T,CK,,BET,1
2022,T,CK,,SKJ,15
2022,T,CK,,YFT,184
2022,K,PH,,ALB,35
2022,K,PH,,BET,821
2022,K,PH,,SKJ,10599
2022,K,PH,,YFT,16422
2022,O,TO,,BET,11
2022,O,TO,,SKJ,48
2022,O,TO,,YFT,33
2022,O,WF,,SKJ,2
2022,O,WF,,YFT,2
2022,O,WF,,MLS,1
2022,T,US,GU,SKJ,190
2022,T,US,GU,YFT,15
2022,T,US,GU,BUM,4
2022,T,US,AS,SKJ,2
2022,H,US,HW,ALB,5
2022,H,US,HW,BET,201
2022,H,US,HW,SKJ,5
2022,H,US,HW,YFT,405
2022,H,US,HW,BUM,3
2022,H,US,HW,SWO,1
2022,T,US,HW,ALB,1
2022,T,US,HW,BET,13
2022,T,US,HW,SKJ,101
2022,T,US,HW,YFT,345
2022,T,US,HW,BUM,112
2022,T,US,HW,BLM,1
2022,T,US,HW,MLS,9
2022,T,US,HW,SFA,1
2022,O,TV,,BET,27
2022,O,TV,,SKJ,194
2022,O,TV,,YFT,127
2022,O,NR,,SKJ,7
2022,O,NR,,YFT,31
2022,O,VU,,SKJ,191
2022,O,VU,,YFT,148
2022,O,TK,,BET,1
2022,O,TK,,SKJ,11
2022,O,TK,,YFT,7
2022,O,ID,,BET,13761
2022,O,ID,,SKJ,70365
2022,O,ID,,YFT,28535
2022,O,PH,,ALB,68
2022,O,PH,,BET,218
2022,O,PH,,SKJ,6825
2022,O,PH,,YFT,2554
2022,O,JP,,ALB,243
2022,O,JP,,BET,84
2022,O,JP,,SKJ,728
2022,O,JP,,YFT,973
2022,O,JP,,PBF,2731
2022,O,JP,,BUM,159
2022,O,JP,,BLM,89
2022,O,JP,,MLS,108
2022,O,JP,,SWO,525
2022,O,KI,,SKJ,2190
2022,O,KI,,YFT,2169
2022,O,PF,PM,ALB,205
2022,O,PF,PM,BET,12
2022,O,PF,PM,SKJ,373
2022,O,PF,PM,YFT,673
2022,O,PF,PM,BUM,150
2022,O,PF,PM,BLM,46
2022,O,PF,PM,MLS,37
2022,T,JP,,ALB,428
2022,T,JP,,BET,78
2022,T,JP,,SKJ,2161
2022,T,JP,,YFT,2160
2022,T,JP,,PBF,760
2022,T,JP,,BUM,6
2022,T,JP,,BLM,156
2022,O,NU,,YFT,2
2022,G,VN,,ALB,15
2022,G,VN,,BET,104
2022,G,VN,,SKJ,9094
2022,G,VN,,YFT,1504
2022,G,VN,,BUM,1261
2022,G,VN,,BLM,585
2022,G,VN,,SWO,157
2022,G,VN,,FAL,1
2022,K,ID,,BET,8200
2022,K,ID,,SKJ,14453
2022,K,ID,,YFT,119936
2022,R,TW,,SKJ,4510
2023,L,CN,,ALB,26552
2023,L,CN,,BET,5393
2023,L,CN,,YFT,14248
2023,L,CN,,BUM,1297
2023,L,CN,,BLM,96
2023,L,CN,,MLS,76
2023,L,CN,,SWO,547
2023,L,CN,,SFA,257
2023,L,CN,,FAL,9
2023,L,CN,,OCS,14
2023,L,CN,,BSH,208
2023,L,CN,,THR,25
2023,L,CK,,ALB,217
2023,L,CK,,BET,9
2023,L,CK,,SKJ,4
2023,L,CK,,YFT,30
2023,L,CK,,BUM,5
2023,L,CK,,BLM,2
2023,L,CK,,MLS,6
2023,L,CK,,SWO,2
2023,L,CK,,MAK,1.45
2023,L,CK,,BSH,23.32
2023,L,NZ,,ALB,70
2023,L,NZ,,BET,153
2023,L,NZ,,YFT,36
2023,L,NZ,,PBF,105
2023,L,NZ,,BUM,1
2023,L,NZ,,MLS,25
2023,L,NZ,,SWO,250
2023,L,NZ,,MAK,35
2023,L,NZ,,BSH,114
2023,L,NZ,,THR,5
2023,L,NZ,,POR,28
2023,L,PG,,ALB,131
2023,L,PG,,BET,254
2023,L,PG,,SKJ,13
2023,L,PG,,YFT,1214
2023,L,PG,,PBF,2
2023,L,PG,,BUM,51
2023,L,PG,,BLM,10
2023,L,PG,,MLS,2
2023,L,PG,,SWO,7
2023,L,PG,,FAL,22.46
2023,L,PG,,OCS,7.48
2023,L,PG,,MAK,2.07
2023,L,PG,,BSH,13.52
2023,L,PG,,THR,0.29
2023,L,PG,,HAM,1.66
2023,L,WS,,ALB,1929
2023,L,WS,,BET,206
2023,L,WS,,SKJ,59
2023,L,WS,,YFT,517
2023,L,WS,,BUM,87
2023,L,WS,,MLS,5
2023,L,WS,,SWO,17
2023,L,WS,,FAL,0.48
2023,L,WS,,OCS,1.44
2023,L,WS,,MAK,5.56
2023,L,WS,,BSH,24.59
2023,L,WS,,THR,0.95
2023,L,WS,,HAM,0.58
2023,L,SB,,ALB,2408
2023,L,SB,,BET,947
2023,L,SB,,SKJ,54
2023,L,SB,,YFT,4947
2023,L,SB,,PBF,1
2023,L,SB,,BUM,235
2023,L,SB,,BLM,5
2023,L,SB,,MLS,2
2023,L,SB,,SWO,56
2023,L,SB,,FAL,29.95
2023,L,SB,,MAK,5.18
2023,L,SB,,BSH,16.16
2023,L,SB,,THR,0.18
2023,L,SB,,HAM,2.85
2023,L,TW,DW,ALB,7588
2023,L,TW,DW,BET,5706
2023,L,TW,DW,SKJ,165
2023,L,TW,DW,YFT,3092
2023,L,TW,DW,BUM,716
2023,L,TW,DW,BLM,6
2023,L,TW,DW,MLS,354
2023,L,TW,DW,SWO,1182
2023,L,TW,DW,FAL,5
2023,L,TW,DW,OCS,3
2023,L,TW,DW,MAK,523
2023,L,TW,DW,BSH,5992
2023,L,TW,DW,THR,67
2023,L,TW,DW,HAM,3
2023,L,TW,OS,ALB,9061
2023,L,TW,OS,BET,3122
2023,L,TW,OS,SKJ,372
2023,L,TW,OS,YFT,8847
2023,L,TW,OS,PBF,2117
2023,L,TW,OS,BUM,2243
2023,L,TW,OS,BLM,321
2023,L,TW,OS,MLS,493
2023,L,TW,OS,SWO,1195
2023,L,TW,OS,MAK,1326
2023,L,TW,OS,BSH,18696
2023,L,TW,OS,THR,862
2023,L,TW,OS,HAM,535
2023,L,TO,,ALB,34
2023,L,TO,,BET,14
2023,L,TO,,SKJ,1
2023,L,TO,,YFT,166
2023,L,TO,,BUM,56
2023,L,TO,,BLM,1
2023,L,TO,,MLS,28
2023,L,TO,,SWO,7
2023,L,TO,,OCS,2.87
2023,L,TO,,MAK,2.7
2023,L,TO,,BSH,2.41
2023,L,TO,,THR,0.16
2023,L,TO,,HAM,0.04
2023,L,US,HW,ALB,238
2023,L,US,HW,BET,3553
2023,L,US,HW,SKJ,52
2023,L,US,HW,YFT,2329
2023,L,US,HW,BUM,289
2023,L,US,HW,BLM,1
2023,L,US,HW,MLS,169
2023,L,US,HW,SWO,748
2023,L,US,HW,SFA,9
2023,L,US,HW,THR,0.99
2023,L,PW,,BET,3
2023,L,PW,,YFT,5
2023,L,PW,,MAK,0.11
2023,L,PW,,BSH,10.2
2023,L,ES,,ALB,7
2023,L,ES,,BET,192
2023,L,ES,,YFT,72
2023,L,ES,,BUM,53
2023,L,ES,,BLM,18
2023,L,ES,,MLS,130
2023,L,ES,,SWO,1886
2023,L,ES,,BSH,5391.014
2023,L,US,MP,BET,1205
2023,L,VU,,ALB,2868
2023,L,VU,,BET,2190
2023,L,VU,,SKJ,29
2023,L,VU,,YFT,469
2023,L,VU,,BUM,131
2023,L,VU,,BLM,3
2023,L,VU,,MLS,93
2023,L,VU,,SWO,341
2023,L,VU,,FAL,0.21
2023,L,VU,,MAK,20.77
2023,L,VU,,BSH,803.54
2023,L,VU,,THR,0.06
2023,L,ID,,ALB,11
2023,L,ID,,BET,587
2023,L,ID,,SKJ,886
2023,L,ID,,YFT,2523
2023,L,ID,,BLM,2
2023,L,ID,,SWO,57
2023,L,ID,,SFA,29
2023,L,ID,,THR,4
2023,L,AU,AU,ALB,704
2023,L,AU,AU,BET,225
2023,L,AU,AU,SKJ,5
2023,L,AU,AU,YFT,1615
2023,L,AU,AU,BUM,46
2023,L,AU,AU,BLM,35
2023,L,AU,AU,MLS,224
2023,L,AU,AU,SWO,908
2023,L,AU,AU,SFA,1
2023,L,AU,AU,OCS,19
2023,L,AU,AU,MAK,22
2023,L,AU,AU,BSH,570
2023,L,AU,AU,THR,1
2023,L,AU,AU,POR,1
2023,L,AU,AU,HAM,6
2023,L,VN,,ALB,53
2023,L,VN,,BET,602
2023,L,VN,,SKJ,61
2023,L,VN,,YFT,18054
2023,L,VN,,SWO,998
1950,L,JP,JP,ALB,16713
1950,L,JP,JP,BET,17463
1950,L,JP,JP,YFT,12575
1950,L,JP,JP,BUM,1361
1950,L,JP,JP,MLS,7
1950,L,JP,JP,SWO,1
1950,L,JP,JP,SFA,1
1950,L,US,HW,ALB,27
1950,L,US,HW,BET,781
1950,L,US,HW,SKJ,34
1950,L,US,HW,YFT,269
1951,L,JP,JP,ALB,11384
1951,L,JP,JP,BET,11895
1951,L,JP,JP,YFT,8566
1951,L,JP,JP,BUM,2103
1951,L,JP,JP,MLS,19
1951,L,JP,JP,SWO,21
1951,L,JP,JP,SFA,14
1951,L,US,HW,ALB,24
1951,L,US,HW,BET,913
1951,L,US,HW,SKJ,12
1951,L,US,HW,YFT,296
1952,L,JP,CS,YFT,322
1952,L,JP,JP,ALB,22340
1952,L,JP,JP,BET,23342
1952,L,JP,JP,YFT,16809
1952,L,JP,JP,BUM,10097
1952,L,JP,JP,BLM,650
1952,L,JP,JP,MLS,7383
1952,L,JP,JP,SWO,8387
1952,L,JP,JP,SFA,485
1952,L,US,HW,ALB,46
1952,L,US,HW,BET,1013
1952,L,US,HW,SKJ,54
1952,L,US,HW,YFT,322
1953,L,JP,JP,ALB,23604
1953,L,JP,JP,BET,21783
1953,L,JP,JP,YFT,22926
1953,L,JP,JP,BUM,11220
1953,L,JP,JP,BLM,1159
1953,L,JP,JP,MLS,6547
1953,L,JP,JP,SWO,10208
1953,L,JP,JP,SFA,747
1953,L,US,HW,ALB,23
1953,L,US,HW,BET,1242
1953,L,US,HW,SKJ,1
1953,L,US,HW,YFT,213
1954,L,JP,CS,YFT,255
1954,L,JP,JP,ALB,25864
1954,L,JP,JP,BET,14956
1954,L,JP,JP,YFT,21024
1954,L,JP,JP,BUM,7100
1954,L,JP,JP,BLM,1595
1954,L,JP,JP,MLS,14347
1954,L,JP,JP,SWO,12290
1954,L,JP,JP,SFA,568
1954,L,TW,OS,YFT,1192
1954,L,US,HW,ALB,13
1954,L,US,HW,BET,1248
1954,L,US,HW,YFT,191
1955,L,JP,CS,YFT,154
1955,L,JP,JP,ALB,21179
1955,L,JP,JP,BET,23752
1955,L,JP,JP,YFT,19721
1955,L,JP,JP,BUM,9791
1955,L,JP,JP,BLM,852
1955,L,JP,JP,MLS,10514
1955,L,JP,JP,SWO,12809
1955,L,JP,JP,SFA,577
1955,L,TW,OS,YFT,2724
1955,L,US,HW,ALB,9
1955,L,US,HW,BET,997
1955,L,US,HW,SKJ,157
1955,L,US,HW,YFT,201
1956,L,JP,JP,ALB,18229
1956,L,JP,JP,BET,27296
1956,L,JP,JP,YFT,22863
1956,L,JP,JP,BUM,8643
1956,L,JP,JP,BLM,1229
1956,L,JP,JP,MLS,11268
1956,L,JP,JP,SWO,14135
1956,L,JP,JP,SFA,650
1956,L,TW,OS,YFT,2377
1956,L,US,HW,ALB,6
1956,L,US,HW,BET,1046
1956,L,US,HW,YFT,96
1957,L,JP,CS,YFT,353
1957,L,JP,JP,ALB,24113
1957,L,JP,JP,BET,34725
1957,L,JP,JP,YFT,39348
1957,L,JP,JP,BUM,13136
1957,L,JP,JP,BLM,1704
1957,L,JP,JP,MLS,9979
1957,L,JP,JP,SWO,13727
1957,L,JP,JP,SFA,946
1957,L,TW,OS,YFT,2109
1957,L,US,HW,ALB,4
1957,L,US,HW,BET,738
1957,L,US,HW,SKJ,17
1957,L,US,HW,YFT,101
1958,L,JP,CS,YFT,177
1958,L,JP,JP,ALB,29549
1958,L,JP,JP,BET,43653
1958,L,JP,JP,YFT,39689
1958,L,JP,JP,BUM,12796
1958,L,JP,JP,BLM,930
1958,L,JP,JP,MLS,13030
1958,L,JP,JP,SWO,17921
1958,L,JP,JP,SFA,796
1958,L,KR,,ALB,146
1958,L,KR,,BET,18
1958,L,KR,,YFT,70
1958,L,TW,OS,ALB,27
1958,L,TW,OS,BET,1604
1958,L,TW,OS,YFT,3370
1958,L,TW,OS,BUM,887
1958,L,TW,OS,BLM,1869
1958,L,TW,OS,MLS,543
1958,L,TW,OS,SWO,367
1958,L,TW,OS,SFA,1142
1958,L,US,HW,ALB,7
1958,L,US,HW,BET,719
1958,L,US,HW,YFT,115
1959,L,JP,CS,YFT,327
1959,L,JP,JP,ALB,26174
1959,L,JP,JP,BET,39169
1959,L,JP,JP,YFT,40665
1959,L,JP,JP,BUM,11090
1959,L,JP,JP,BLM,693
1959,L,JP,JP,MLS,12311
1959,L,JP,JP,SWO,16655
1959,L,JP,JP,SFA,1019
1959,L,KR,,ALB,456
1959,L,KR,,BET,24
1959,L,KR,,YFT,67
1959,L,TW,OS,ALB,38
1959,L,TW,OS,BET,1278
1959,L,TW,OS,YFT,2731
1959,L,TW,OS,BUM,781
1959,L,TW,OS,BLM,1244
1959,L,TW,OS,MLS,391
1959,L,TW,OS,SWO,427
1959,L,TW,OS,SFA,740
1959,L,US,HW,ALB,5
1959,L,US,HW,BET,596
1959,L,US,HW,SKJ,33
1959,L,US,HW,YFT,175
1960,L,JP,CS,YFT,254
1960,L,JP,JP,ALB,30762
1960,L,JP,JP,BET,41530
1960,L,JP,JP,YFT,51841
1960,L,JP,JP,BUM,9497
1960,L,JP,JP,BLM,692
1960,L,JP,JP,MLS,11432
1960,L,JP,JP,SWO,19086
1960,L,JP,JP,SFA,725
1960,L,KR,,ALB,610
1960,L,KR,,BET,50
1960,L,KR,,YFT,84
1960,L,TW,OS,ALB,11
1960,L,TW,OS,BET,1320
1960,L,TW,OS,YFT,2704
1960,L,TW,OS,BUM,948
1960,L,TW,OS,BLM,1332
1960,L,TW,OS,MLS,398
1960,L,TW,OS,SWO,520
1960,L,TW,OS,SFA,1799
1960,L,US,HW,ALB,4
1960,L,US,HW,BET,567
1960,L,US,HW,YFT,137
1961,L,JP,CS,YFT,295
1961,L,JP,JP,ALB,32264
1961,L,JP,JP,BET,35657
1961,L,JP,JP,YFT,49618
1961,L,JP,JP,BUM,13071
1961,L,JP,JP,BLM,825
1961,L,JP,JP,MLS,12845
1961,L,JP,JP,SWO,18624
1961,L,JP,JP,SFA,882
1961,L,KR,,ALB,330
1961,L,KR,,BET,9
1961,L,KR,,YFT,46
1961,L,TW,OS,ALB,48
1961,L,TW,OS,BET,1382
1961,L,TW,OS,YFT,3055
1961,L,TW,OS,BUM,703
1961,L,TW,OS,BLM,1175
1961,L,TW,OS,MLS,306
1961,L,TW,OS,SWO,318
1961,L,TW,OS,SFA,1223
1961,L,US,HW,ALB,5
1961,L,US,HW,BET,469
1961,L,US,HW,YFT,152
1962,L,JP,CS,YFT,291
1962,L,JP,JP,ALB,36637
1962,L,JP,JP,BET,33632
1962,L,JP,JP,YFT,52088
1962,L,JP,JP,BUM,13569
1962,L,JP,JP,BLM,978
1962,L,JP,JP,MLS,14875
1962,L,JP,JP,SWO,9860
1962,L,JP,JP,SFA,1121
1962,L,KR,,ALB,635
1962,L,KR,,BET,26
1962,L,KR,,YFT,47
1962,L,TW,OS,ALB,79
1962,L,TW,OS,BET,1689
1962,L,TW,OS,YFT,3011
1962,L,TW,OS,BUM,628
1962,L,TW,OS,BLM,1113
1962,L,TW,OS,MLS,332
1962,L,TW,OS,SWO,494
1962,L,TW,OS,SFA,1585
1962,L,US,HW,ALB,7
1962,L,US,HW,BET,548
1962,L,US,HW,SKJ,4
1962,L,US,HW,YFT,110
1963,L,JP,CS,YFT,267
1963,L,JP,JP,ALB,24902
1963,L,JP,JP,BET,40061
1963,L,JP,JP,YFT,49887
1963,L,JP,JP,BUM,10892
1963,L,JP,JP,BLM,838
1963,L,JP,JP,MLS,11824
1963,L,JP,JP,SWO,9398
1963,L,JP,JP,SFA,1187
1963,L,KR,,ALB,1461
1963,L,KR,,BET,242
1963,L,KR,,YFT,252
1963,L,TW,OS,ALB,608
1963,L,TW,OS,BET,1813
1963,L,TW,OS,YFT,2661
1963,L,TW,OS,BUM,691
1963,L,TW,OS,BLM,1262
1963,L,TW,OS,MLS,560
1963,L,TW,OS,SWO,343
1963,L,TW,OS,SFA,2064
1963,L,US,HW,ALB,7
1963,L,US,HW,BET,424
1963,L,US,HW,YFT,118
1964,L,JP,CS,ALB,216
1964,L,JP,CS,YFT,150
1964,L,JP,JP,ALB,23558
1964,L,JP,JP,BET,28525
1964,L,JP,JP,YFT,41507
1964,L,JP,JP,BUM,9287
1964,L,JP,JP,BLM,717
1964,L,JP,JP,MLS,16628
1964,L,JP,JP,SWO,5581
1964,L,JP,JP,SFA,557
1964,L,KR,,ALB,1768
1964,L,KR,,BET,359
1964,L,KR,,YFT,400
1964,L,TW,DW,ALB,523
1964,L,TW,DW,BET,76
1964,L,TW,DW,SKJ,5
1964,L,TW,DW,YFT,139
1964,L,TW,DW,BUM,19
1964,L,TW,DW,BLM,2
1964,L,TW,DW,MLS,3
1964,L,TW,DW,SWO,3
1964,L,TW,OS,ALB,171
1964,L,TW,OS,BET,1650
1964,L,TW,OS,YFT,2918
1964,L,TW,OS,BUM,934
1964,L,TW,OS,BLM,978
1964,L,TW,OS,MLS,392
1964,L,TW,OS,SWO,358
1964,L,TW,OS,SFA,1332
1964,L,US,HW,ALB,4
1964,L,US,HW,BET,379
1964,L,US,HW,YFT,133
1965,L,JP,CS,ALB,268
1965,L,JP,CS,YFT,195
1965,L,JP,JP,ALB,22469
1965,L,JP,JP,BET,26293
1965,L,JP,JP,YFT,39627
1965,L,JP,JP,BUM,7247
1965,L,JP,JP,BLM,1123
1965,L,JP,JP,MLS,12939
1965,L,JP,JP,SWO,7842
1965,L,JP,JP,SFA,737
1965,L,KR,,ALB,4345
1965,L,KR,,BET,1303
1965,L,KR,,YFT,1430
1965,L,TW,DW,ALB,1257
1965,L,TW,DW,BET,451
1965,L,TW,DW,SKJ,11
1965,L,TW,DW,YFT,629
1965,L,TW,DW,BUM,40
1965,L,TW,DW,BLM,47
1965,L,TW,DW,MLS,4
1965,L,TW,DW,SWO,3
1965,L,TW,OS,ALB,261
1965,L,TW,OS,BET,1456
1965,L,TW,OS,YFT,3459
1965,L,TW,OS,BUM,1016
1965,L,TW,OS,BLM,1090
1965,L,TW,OS,MLS,355
1965,L,TW,OS,SWO,331
1965,L,TW,OS,SFA,918
1965,L,US,HW,ALB,3
1965,L,US,HW,BET,345
1965,L,US,HW,YFT,153
1966,L,JP,CS,ALB,307
1966,L,JP,CS,YFT,1388
1966,L,JP,JP,ALB,35701
1966,L,JP,JP,BET,27229
1966,L,JP,JP,YFT,51923
1966,L,JP,JP,BUM,7676
1966,L,JP,JP,BLM,1024
1966,L,JP,JP,MLS,9222
1966,L,JP,JP,SWO,9198
1966,L,JP,JP,SFA,963
1966,L,KR,,ALB,9117
1966,L,KR,,BET,2268
1966,L,KR,,YFT,2020
1966,L,TW,DW,ALB,6184
1966,L,TW,DW,BET,905
1966,L,TW,DW,SKJ,52
1966,L,TW,DW,YFT,1848
1966,L,TW,DW,BUM,52
1966,L,TW,DW,BLM,403
1966,L,TW,DW,MLS,86
1966,L,TW,DW,SWO,35
1966,L,TW,OS,ALB,271
1966,L,TW,OS,BET,1236
1966,L,TW,OS,YFT,4316
1966,L,TW,OS,BUM,1035
1966,L,TW,OS,BLM,981
1966,L,TW,OS,MLS,340
1966,L,TW,OS,SWO,588
1966,L,TW,OS,SFA,1309
1966,L,US,HW,ALB,8
1966,L,US,HW,BET,346
1966,L,US,HW,YFT,159
1967,L,JP,CS,ALB,378
1967,L,JP,CS,YFT,2187
1967,L,JP,JP,ALB,33386
1967,L,JP,JP,BET,26316
1967,L,JP,JP,YFT,24954
1967,L,JP,JP,BUM,6290
1967,L,JP,JP,BLM,587
1967,L,JP,JP,MLS,10913
1967,L,JP,JP,SWO,9942
1967,L,JP,JP,SFA,718
1967,L,KR,,ALB,9699
1967,L,KR,,BET,2699
1967,L,KR,,YFT,2071
1967,L,TW,DW,ALB,14428
1967,L,TW,DW,BET,2925
1967,L,TW,DW,SKJ,124
1967,L,TW,DW,YFT,2867
1967,L,TW,DW,BUM,99
1967,L,TW,DW,BLM,723
1967,L,TW,DW,MLS,208
1967,L,TW,DW,SWO,55
1967,L,TW,OS,ALB,305
1967,L,TW,OS,BET,1399
1967,L,TW,OS,YFT,3863
1967,L,TW,OS,BUM,898
1967,L,TW,OS,BLM,1052
1967,L,TW,OS,MLS,385
1967,L,TW,OS,SWO,646
1967,L,TW,OS,SFA,1338
1967,L,US,HW,ALB,12
1967,L,US,HW,BET,293
1967,L,US,HW,YFT,141
1968,L,JP,CS,ALB,833
1968,L,JP,CS,YFT,1067
1968,L,JP,JP,ALB,23371
1968,L,JP,JP,BET,20610
1968,L,JP,JP,YFT,27792
1968,L,JP,JP,BUM,5041
1968,L,JP,JP,BLM,424
1968,L,JP,JP,MLS,11216
1968,L,JP,JP,SWO,8632
1968,L,JP,JP,SFA,585
1968,L,KR,,ALB,6476
1968,L,KR,,BET,1272
1968,L,KR,,YFT,3046
1968,L,TW,DW,ALB,15053
1968,L,TW,DW,BET,3560
1968,L,TW,DW,SKJ,82
1968,L,TW,DW,YFT,8261
1968,L,TW,DW,BUM,189
1968,L,TW,DW,BLM,1261
1968,L,TW,DW,MLS,235
1968,L,TW,DW,SWO,109
1968,L,TW,OS,ALB,482
1968,L,TW,OS,BET,2059
1968,L,TW,OS,YFT,5805
1968,L,TW,OS,BUM,1443
1968,L,TW,OS,BLM,1266
1968,L,TW,OS,MLS,332
1968,L,TW,OS,SWO,763
1968,L,TW,OS,SFA,1822
1968,L,US,HW,ALB,11
1968,L,US,HW,BET,256
1968,L,US,HW,SKJ,1
1968,L,US,HW,YFT,99
1969,L,JP,CS,ALB,931
1969,L,JP,CS,BET,485
1969,L,JP,CS,SKJ,53
1969,L,JP,CS,YFT,2459
1969,L,JP,CS,PBF,565
1969,L,JP,CS,BUM,117
1969,L,JP,CS,MLS,600
1969,L,JP,CS,SWO,286
1969,L,JP,JP,ALB,16874
1969,L,JP,JP,BET,25276
1969,L,JP,JP,YFT,29116
1969,L,JP,JP,BUM,5585
1969,L,JP,JP,BLM,579
1969,L,JP,JP,MLS,7221
1969,L,JP,JP,SWO,7784
1969,L,JP,JP,SFA,438
1969,L,KR,,ALB,10264
1969,L,KR,,BET,1838
1969,L,KR,,YFT,4975
1969,L,TW,DW,ALB,9826
1969,L,TW,DW,BET,2327
1969,L,TW,DW,SKJ,77
1969,L,TW,DW,YFT,9562
1969,L,TW,DW,BUM,159
1969,L,TW,DW,BLM,747
1969,L,TW,DW,MLS,108
1969,L,TW,DW,SWO,32
1969,L,TW,OS,ALB,569
1969,L,TW,OS,BET,2326
1969,L,TW,OS,YFT,5409
1969,L,TW,OS,BUM,1230
1969,L,TW,OS,BLM,1293
1969,L,TW,OS,MLS,571
1969,L,TW,OS,SWO,843
1969,L,TW,OS,SFA,1859
1969,L,US,HW,ALB,14
1969,L,US,HW,BET,319
1969,L,US,HW,YFT,106
1970,L,JP,CS,ALB,1691
1970,L,JP,CS,BET,565
1970,L,JP,CS,SKJ,32
1970,L,JP,CS,YFT,4220
1970,L,JP,CS,PBF,426
1970,L,JP,CS,BUM,160
1970,L,JP,CS,MLS,690
1970,L,JP,CS,SWO,391
1970,L,JP,JP,ALB,18431
1970,L,JP,JP,BET,28959
1970,L,JP,JP,SKJ,335
1970,L,JP,JP,YFT,34908
1970,L,JP,JP,BUM,8225
1970,L,JP,JP,BLM,1223
1970,L,JP,JP,MLS,6135
1970,L,JP,JP,SWO,6213
1970,L,JP,JP,SFA,599
1970,L,KR,,ALB,11942
1970,L,KR,,BET,1322
1970,L,KR,,YFT,3663
1970,L,PH,,BET,51
1970,L,PH,,SKJ,1072
1970,L,PH,,YFT,537
1970,L,PH,,BUM,54
1970,L,PH,,BLM,16
1970,L,PH,,MLS,11
1970,L,PH,,SWO,30
1970,L,TW,DW,ALB,15426
1970,L,TW,DW,BET,2704
1970,L,TW,DW,SKJ,169
1970,L,TW,DW,YFT,6095
1970,L,TW,DW,BUM,153
1970,L,TW,DW,BLM,1380
1970,L,TW,DW,MLS,263
1970,L,TW,DW,SWO,40
1970,L,TW,OS,ALB,1482
1970,L,TW,OS,BET,1149
1970,L,TW,OS,YFT,6132
1970,L,TW,OS,BUM,1385
1970,L,TW,OS,BLM,925
1970,L,TW,OS,MLS,495
1970,L,TW,OS,SWO,904
1970,L,TW,OS,SFA,1188
1970,L,US,HW,ALB,9
1970,L,US,HW,BET,215
1970,L,US,HW,YFT,251
1971,L,JP,CS,ALB,1691
1971,L,JP,CS,BET,559
1971,L,JP,CS,SKJ,18
1971,L,JP,CS,YFT,3057
1971,L,JP,CS,PBF,417
1971,L,JP,CS,BUM,116
1971,L,JP,CS,MLS,667
1971,L,JP,CS,SWO,332
1971,L,JP,JP,ALB,13114
1971,L,JP,JP,BET,32113
1971,L,JP,JP,SKJ,135
1971,L,JP,JP,YFT,32366
1971,L,JP,JP,PBF,336
1971,L,JP,JP,BUM,4855
1971,L,JP,JP,BLM,1342
1971,L,JP,JP,MLS,4944
1971,L,JP,JP,SWO,7208
1971,L,JP,JP,SFA,469
1971,L,KR,,ALB,11769
1971,L,KR,,BET,940
1971,L,KR,,YFT,3832
1971,L,PH,,BET,57
1971,L,PH,,SKJ,1147
1971,L,PH,,YFT,601
1971,L,PH,,BUM,60
1971,L,PH,,BLM,18
1971,L,PH,,MLS,12
1971,L,PH,,SWO,33
1971,L,TW,DW,ALB,17701
1971,L,TW,DW,BET,3142
1971,L,TW,DW,SKJ,174
1971,L,TW,DW,YFT,12639
1971,L,TW,DW,BUM,88
1971,L,TW,DW,BLM,1033
1971,L,TW,DW,MLS,301
1971,L,TW,DW,SWO,50
1971,L,TW,OS,ALB,1739
1971,L,TW,OS,BET,1335
1971,L,TW,OS,SKJ,1
1971,L,TW,OS,YFT,5080
1971,L,TW,OS,BUM,1331
1971,L,TW,OS,BLM,1383
1971,L,TW,OS,MLS,449
1971,L,TW,OS,SWO,992
1971,L,TW,OS,SFA,1240
1971,L,US,HW,ALB,11
1971,L,US,HW,BET,213
1971,L,US,HW,YFT,191
1972,L,JP,CS,ALB,2768
1972,L,JP,CS,BET,732
1972,L,JP,CS,SKJ,25
1972,L,JP,CS,YFT,3794
1972,L,JP,CS,PBF,405
1972,L,JP,CS,BUM,217
1972,L,JP,CS,MLS,837
1972,L,JP,CS,SWO,520
1972,L,JP,JP,ALB,12114
1972,L,JP,JP,BET,41858
1972,L,JP,JP,SKJ,131
1972,L,JP,JP,YFT,32411
1972,L,JP,JP,PBF,132
1972,L,JP,JP,BUM,6277
1972,L,JP,JP,BLM,1027
1972,L,JP,JP,MLS,3504
1972,L,JP,JP,SWO,6616
1972,L,JP,JP,SFA,498
1972,L,KR,,ALB,9855
1972,L,KR,,BET,1138
1972,L,KR,,YFT,6685
1972,L,PH,,BET,59
1972,L,PH,,SKJ,1260
1972,L,PH,,YFT,625
1972,L,PH,,BUM,63
1972,L,PH,,BLM,19
1972,L,PH,,MLS,13
1972,L,PH,,SWO,34
1972,L,TW,DW,ALB,20125
1972,L,TW,DW,BET,5215
1972,L,TW,DW,SKJ,110
1972,L,TW,DW,YFT,14177
1972,L,TW,DW,BUM,195
1972,L,TW,DW,BLM,1442
1972,L,TW,DW,MLS,460
1972,L,TW,DW,SWO,78
1972,L,TW,OS,ALB,2904
1972,L,TW,OS,BET,1812
1972,L,TW,OS,SKJ,18
1972,L,TW,OS,YFT,3323
1972,L,TW,OS,BUM,1205
1972,L,TW,OS,BLM,1208
1972,L,TW,OS,MLS,380
1972,L,TW,OS,SWO,862
1972,L,TW,OS,SFA,1124
1972,L,US,HW,ALB,8
1972,L,US,HW,BET,226
1972,L,US,HW,YFT,160
1973,L,JP,CS,ALB,4517
1973,L,JP,CS,BET,913
1973,L,JP,CS,SKJ,39
1973,L,JP,CS,YFT,2576
1973,L,JP,CS,PBF,728
1973,L,JP,CS,BUM,217
1973,L,JP,CS,MLS,632
1973,L,JP,CS,SWO,404
1973,L,JP,JP,ALB,13192
1973,L,JP,JP,BET,31818
1973,L,JP,JP,SKJ,107
1973,L,JP,JP,YFT,33906
1973,L,JP,JP,PBF,165
1973,L,JP,JP,BUM,5334
1973,L,JP,JP,BLM,973
1973,L,JP,JP,MLS,3848
1973,L,JP,JP,SWO,5903
1973,L,JP,JP,SFA,612
1973,L,KR,,ALB,16762
1973,L,KR,,BET,2523
1973,L,KR,,YFT,6653
1973,L,PH,,BET,70
1973,L,PH,,SKJ,1415
1973,L,PH,,YFT,748
1973,L,PH,,BUM,75
1973,L,PH,,BLM,22
1973,L,PH,,MLS,15
1973,L,PH,,SWO,41
1973,L,SB,,ALB,4
1973,L,SB,,BET,16
1973,L,SB,,YFT,91
1973,L,TW,DW,ALB,25218
1973,L,TW,DW,BET,5000
1973,L,TW,DW,SKJ,239
1973,L,TW,DW,YFT,7846
1973,L,TW,DW,BUM,207
1973,L,TW,DW,BLM,1547
1973,L,TW,DW,MLS,487
1973,L,TW,DW,SWO,95
1973,L,TW,OS,ALB,128
1973,L,TW,OS,BET,1891
1973,L,TW,OS,SKJ,61
1973,L,TW,OS,YFT,10373
1973,L,TW,OS,BUM,1650
1973,L,TW,OS,BLM,1251
1973,L,TW,OS,MLS,568
1973,L,TW,OS,SWO,860
1973,L,TW,OS,SFA,1755
1973,L,US,HW,ALB,14
1973,L,US,HW,BET,181
1973,L,US,HW,YFT,98
1974,L,JP,CS,ALB,3115
1974,L,JP,CS,BET,1091
1974,L,JP,CS,SKJ,25
1974,L,JP,CS,YFT,2477
1974,L,JP,CS,PBF,3183
1974,L,JP,CS,BUM,186
1974,L,JP,CS,MLS,327
1974,L,JP,CS,SWO,508
1974,L,JP,JP,ALB,11528
1974,L,JP,JP,BET,37178
1974,L,JP,JP,SKJ,170
1974,L,JP,JP,YFT,35963
1974,L,JP,JP,PBF,151
1974,L,JP,JP,BUM,5519
1974,L,JP,JP,BLM,906
1974,L,JP,JP,MLS,3621
1974,L,JP,JP,SWO,6491
1974,L,JP,JP,SFA,513
1974,L,KR,,ALB,6777
1974,L,KR,,BET,2137
1974,L,KR,,YFT,5191
1974,L,PH,,BET,82
1974,L,PH,,SKJ,1579
1974,L,PH,,YFT,869
1974,L,PH,,BUM,87
1974,L,PH,,BLM,26
1974,L,PH,,MLS,17
1974,L,PH,,SWO,48
1974,L,TW,DW,ALB,17786
1974,L,TW,DW,BET,3074
1974,L,TW,DW,SKJ,89
1974,L,TW,DW,YFT,5708
1974,L,TW,DW,BUM,149
1974,L,TW,DW,BLM,1094
1974,L,TW,DW,MLS,336
1974,L,TW,DW,SWO,127
1974,L,TW,OS,ALB,84
1974,L,TW,OS,BET,1906
1974,L,TW,OS,SKJ,261
1974,L,TW,OS,YFT,7778
1974,L,TW,OS,BUM,1312
1974,L,TW,OS,BLM,1089
1974,L,TW,OS,MLS,487
1974,L,TW,OS,SWO,816
1974,L,TW,OS,SFA,634
1974,L,US,HW,ALB,9
1974,L,US,HW,BET,185
1974,L,US,HW,YFT,130
1975,L,JP,CS,ALB,3100
1975,L,JP,CS,BET,2167
1975,L,JP,CS,SKJ,13
1975,L,JP,CS,YFT,5237
1975,L,JP,CS,PBF,846
1975,L,JP,CS,BUM,477
1975,L,JP,CS,MLS,286
1975,L,JP,CS,SWO,602
1975,L,JP,JP,ALB,7689
1975,L,JP,JP,BET,37743
1975,L,JP,JP,SKJ,64
1975,L,JP,JP,YFT,32897
1975,L,JP,JP,PBF,256
1975,L,JP,JP,BUM,3709
1975,L,JP,JP,BLM,740
1975,L,JP,JP,MLS,2314
1975,L,JP,JP,SWO,6846
1975,L,JP,JP,SFA,546
1975,L,KR,,ALB,6261
1975,L,KR,,BET,13543
1975,L,KR,,SKJ,10
1975,L,KR,,YFT,9529
1975,L,KR,,BUM,29
1975,L,KR,,MLS,27
1975,L,KR,,SWO,23
1975,L,KR,,SFA,150
1975,L,PH,,BET,83
1975,L,PH,,SKJ,1697
1975,L,PH,,YFT,887
1975,L,PH,,BUM,89
1975,L,PH,,BLM,27
1975,L,PH,,MLS,18
1975,L,PH,,SWO,49
1975,L,TW,DW,ALB,13843
1975,L,TW,DW,BET,4015
1975,L,TW,DW,SKJ,69
1975,L,TW,DW,YFT,7271
1975,L,TW,DW,BUM,147
1975,L,TW,DW,BLM,1062
1975,L,TW,DW,MLS,387
1975,L,TW,DW,SWO,100
1975,L,TW,OS,ALB,254
1975,L,TW,OS,BET,3787
1975,L,TW,OS,SKJ,66
1975,L,TW,OS,YFT,13539
1975,L,TW,OS,BUM,2628
1975,L,TW,OS,BLM,1452
1975,L,TW,OS,MLS,732
1975,L,TW,OS,SWO,899
1975,L,TW,OS,SFA,1643
1975,L,US,HW,ALB,33
1975,L,US,HW,BET,150
1975,L,US,HW,YFT,102
1976,L,JP,CS,ALB,3781
1976,L,JP,CS,BET,2833
1976,L,JP,CS,SKJ,64
1976,L,JP,CS,YFT,7132
1976,L,JP,CS,PBF,233
1976,L,JP,CS,BUM,436
1976,L,JP,CS,MLS,244
1976,L,JP,CS,SWO,691
1976,L,JP,JP,ALB,12948
1976,L,JP,JP,BET,45244
1976,L,JP,JP,SKJ,106
1976,L,JP,JP,YFT,36977
1976,L,JP,JP,PBF,166
1976,L,JP,JP,BUM,4019
1976,L,JP,JP,BLM,492
1976,L,JP,JP,MLS,2284
1976,L,JP,JP,SWO,8031
1976,L,JP,JP,SFA,555
1976,L,KR,,ALB,9008
1976,L,KR,,BET,20176
1976,L,KR,,SKJ,162
1976,L,KR,,YFT,15118
1976,L,KR,,BUM,712
1976,L,KR,,MLS,248
1976,L,KR,,SWO,422
1976,L,KR,,SFA,189
1976,L,PH,,BET,70
1976,L,PH,,SKJ,1539
1976,L,PH,,YFT,748
1976,L,PH,,BUM,75
1976,L,PH,,BLM,22
1976,L,PH,,MLS,15
1976,L,PH,,SWO,41
1976,L,SB,,ALB,6
1976,L,SB,,BET,25
1976,L,SB,,YFT,146
1976,L,SB,,BUM,1
1976,L,SB,,BLM,1
1976,L,SB,,SWO,1
1976,L,TW,DW,ALB,18691
1976,L,TW,DW,BET,3155
1976,L,TW,DW,SKJ,110
1976,L,TW,DW,YFT,4913
1976,L,TW,DW,BUM,176
1976,L,TW,DW,BLM,992
1976,L,TW,DW,MLS,359
1976,L,TW,DW,SWO,156
1976,L,TW,OS,ALB,565
1976,L,TW,OS,BET,1628
1976,L,TW,OS,SKJ,115
1976,L,TW,OS,YFT,12425
1976,L,TW,OS,BUM,1291
1976,L,TW,OS,BLM,735
1976,L,TW,OS,MLS,347
1976,L,TW,OS,SWO,613
1976,L,TW,OS,SFA,1169
1976,L,US,HW,ALB,23
1976,L,US,HW,BET,194
1976,L,US,HW,YFT,111
1977,L,JP,CS,ALB,4173
1977,L,JP,CS,BET,2512
1977,L,JP,CS,SKJ,60
1977,L,JP,CS,YFT,7605
1977,L,JP,CS,PBF,183
1977,L,JP,CS,BUM,531
1977,L,JP,CS,MLS,256
1977,L,JP,CS,SWO,834
1977,L,JP,JP,ALB,10969
1977,L,JP,JP,BET,48644
1977,L,JP,JP,SKJ,47
1977,L,JP,JP,YFT,46701
1977,L,JP,JP,PBF,176
1977,L,JP,JP,BUM,4532
1977,L,JP,JP,BLM,606
1977,L,JP,JP,MLS,1599
1977,L,JP,JP,SWO,7895
1977,L,JP,JP,SFA,502
1977,L,KR,,ALB,11454
1977,L,KR,,BET,15978
1977,L,KR,,SKJ,111
1977,L,KR,,YFT,16179
1977,L,KR,,BUM,546
1977,L,KR,,MLS,115
1977,L,KR,,SWO,166
1977,L,KR,,SFA,132
1977,L,PH,,BET,100
1977,L,PH,,SKJ,2725
1977,L,PH,,YFT,1059
1977,L,PH,,BUM,106
1977,L,PH,,BLM,32
1977,L,PH,,MLS,21
1977,L,PH,,SWO,58
1977,L,SB,,ALB,9
1977,L,SB,,BET,34
1977,L,SB,,YFT,198
1977,L,SB,,BUM,1
1977,L,SB,,BLM,1
1977,L,SB,,SWO,1
1977,L,TW,DW,ALB,21846
1977,L,TW,DW,BET,3421
1977,L,TW,DW,SKJ,66
1977,L,TW,DW,YFT,6025
1977,L,TW,DW,BUM,129
1977,L,TW,DW,BLM,1240
1977,L,TW,DW,MLS,433
1977,L,TW,DW,SWO,87
1977,L,TW,OS,ALB,301
1977,L,TW,OS,BET,1169
1977,L,TW,OS,SKJ,118
1977,L,TW,OS,YFT,16471
1977,L,TW,OS,BUM,1175
1977,L,TW,OS,BLM,548
1977,L,TW,OS,MLS,524
1977,L,TW,OS,SWO,542
1977,L,TW,OS,SFA,2455
1977,L,US,HW,ALB,37
1977,L,US,HW,BET,225
1977,L,US,HW,YFT,176
1978,L,ID,,BET,232
1978,L,ID,,YFT,984
1978,L,ID,,BUM,111
1978,L,ID,,BLM,33
1978,L,ID,,MLS,22
1978,L,ID,,SWO,61
1978,L,ID,,SFA,50
1978,L,JP,CS,ALB,2801
1978,L,JP,CS,BET,2883
1978,L,JP,CS,SKJ,36
1978,L,JP,CS,YFT,7873
1978,L,JP,CS,PBF,204
1978,L,JP,CS,BUM,849
1978,L,JP,CS,MLS,243
1978,L,JP,CS,SWO,984
1978,L,JP,JP,ALB,9983
1978,L,JP,JP,BET,41576
1978,L,JP,JP,SKJ,52
1978,L,JP,JP,YFT,64897
1978,L,JP,JP,PBF,448
1978,L,JP,JP,BUM,5552
1978,L,JP,JP,BLM,851
1978,L,JP,JP,MLS,2153
1978,L,JP,JP,SWO,8087
1978,L,JP,JP,SFA,544
1978,L,KR,,ALB,11302
1978,L,KR,,BET,7878
1978,L,KR,,SKJ,110
1978,L,KR,,YFT,13812
1978,L,KR,,BUM,592
1978,L,KR,,MLS,480
1978,L,KR,,SWO,127
1978,L,KR,,SFA,62
1978,L,PH,,BET,59
1978,L,PH,,SKJ,2665
1978,L,PH,,YFT,630
1978,L,PH,,BUM,63
1978,L,PH,,BLM,19
1978,L,PH,,MLS,13
1978,L,PH,,SWO,35
1978,L,SB,,ALB,9
1978,L,SB,,BET,36
1978,L,SB,,YFT,207
1978,L,SB,,BUM,1
1978,L,SB,,BLM,1
1978,L,SB,,SWO,1
1978,L,TW,DW,ALB,17833
1978,L,TW,DW,BET,1731
1978,L,TW,DW,SKJ,90
1978,L,TW,DW,YFT,2462
1978,L,TW,DW,BUM,60
1978,L,TW,DW,BLM,732
1978,L,TW,DW,MLS,215
1978,L,TW,DW,SWO,30
1978,L,TW,OS,ALB,278
1978,L,TW,OS,BET,1780
1978,L,TW,OS,SKJ,280
1978,L,TW,OS,YFT,19165
1978,L,TW,OS,BUM,1633
1978,L,TW,OS,BLM,1151
1978,L,TW,OS,MLS,618
1978,L,TW,OS,SWO,546
1978,L,TW,OS,SFA,2153
1978,L,US,HW,ALB,54
1978,L,US,HW,BET,189
1978,L,US,HW,YFT,172
1979,L,ID,,BET,243
1979,L,ID,,YFT,1031
1979,L,ID,,BUM,116
1979,L,ID,,BLM,35
1979,L,ID,,MLS,23
1979,L,ID,,SWO,64
1979,L,ID,,SFA,52
1979,L,JP,CS,ALB,2615
1979,L,JP,CS,BET,3376
1979,L,JP,CS,SKJ,16
1979,L,JP,CS,YFT,6867
1979,L,JP,CS,PBF,509
1979,L,JP,CS,BUM,768
1979,L,JP,CS,MLS,366
1979,L,JP,CS,SWO,973
1979,L,JP,JP,ALB,11276
1979,L,JP,JP,BET,44070
1979,L,JP,JP,SKJ,32
1979,L,JP,JP,YFT,55233
1979,L,JP,JP,PBF,253
1979,L,JP,JP,BUM,5258
1979,L,JP,JP,BLM,810
1979,L,JP,JP,MLS,3660
1979,L,JP,JP,SWO,9001
1979,L,JP,JP,SFA,332
1979,L,KR,,ALB,11046
1979,L,KR,,BET,12448
1979,L,KR,,YFT,18421
1979,L,KR,,BUM,1188
1979,L,KR,,MLS,291
1979,L,KR,,SWO,211
1979,L,KR,,SFA,371
1979,L,PH,,BET,78
1979,L,PH,,SKJ,2004
1979,L,PH,,YFT,829
1979,L,PH,,BUM,83
1979,L,PH,,BLM,25
1979,L,PH,,MLS,17
1979,L,PH,,SWO,46
1979,L,SB,,ALB,21
1979,L,SB,,BET,86
1979,L,SB,,YFT,493
1979,L,SB,,BUM,2
1979,L,SB,,BLM,2
1979,L,SB,,SWO,2
1979,L,TW,DW,ALB,11231
1979,L,TW,DW,BET,1300
1979,L,TW,DW,SKJ,124
1979,L,TW,DW,YFT,3262
1979,L,TW,DW,BUM,373
1979,L,TW,DW,BLM,160
1979,L,TW,DW,MLS,270
1979,L,TW,DW,SWO,220
1979,L,TW,OS,ALB,106
1979,L,TW,OS,BET,2099
1979,L,TW,OS,SKJ,3
1979,L,TW,OS,YFT,22629
1979,L,TW,OS,BUM,1626
1979,L,TW,OS,BLM,1363
1979,L,TW,OS,MLS,432
1979,L,TW,OS,SWO,661
1979,L,TW,OS,SFA,1110
1979,L,US,HW,BET,137
1979,L,US,HW,YFT,145
1980,L,ID,,BET,807
1980,L,ID,,YFT,3589
1980,L,ID,,BUM,135
1980,L,ID,,BLM,40
1980,L,ID,,MLS,27
1980,L,ID,,SWO,74
1980,L,ID,,SFA,61
1980,L,JP,CS,ALB,2975
1980,L,JP,CS,BET,2658
1980,L,JP,CS,SKJ,17
1980,L,JP,CS,YFT,5840
1980,L,JP,CS,PBF,671
1980,L,JP,CS,BUM,702
1980,L,JP,CS,MLS,607
1980,L,JP,CS,SWO,824
1980,L,JP,JP,ALB,12183
1980,L,JP,JP,BET,41514
1980,L,JP,JP,SKJ,41
1980,L,JP,JP,YFT,66189
1980,L,JP,JP,PBF,180
1980,L,JP,JP,BUM,6852
1980,L,JP,JP,BLM,806
1980,L,JP,JP,MLS,3492
1980,L,JP,JP,SWO,6764
1980,L,JP,JP,SFA,1016
1980,L,KR,,ALB,9640
1980,L,KR,,BET,13106
1980,L,KR,,SKJ,58
1980,L,KR,,YFT,22795
1980,L,KR,,BUM,826
1980,L,KR,,MLS,51
1980,L,KR,,SWO,227
1980,L,KR,,SFA,127
1980,L,PH,,BET,101
1980,L,PH,,SKJ,315
1980,L,PH,,YFT,1076
1980,L,PH,,BUM,108
1980,L,PH,,BLM,32
1980,L,PH,,MLS,22
1980,L,PH,,SWO,59
1980,L,SB,,ALB,25
1980,L,SB,,BET,98
1980,L,SB,,YFT,564
1980,L,SB,,BUM,2
1980,L,SB,,BLM,2
1980,L,SB,,MLS,1
1980,L,SB,,SWO,3
1980,L,TW,DW,ALB,17481
1980,L,TW,DW,BET,3332
1980,L,TW,DW,SKJ,25
1980,L,TW,DW,YFT,5828
1980,L,TW,DW,BUM,454
1980,L,TW,DW,BLM,142
1980,L,TW,DW,MLS,295
1980,L,TW,DW,SWO,186
1980,L,TW,OS,ALB,39
1980,L,TW,OS,BET,904
1980,L,TW,OS,SKJ,154
1980,L,TW,OS,YFT,18696
1980,L,TW,OS,BUM,1134
1980,L,TW,OS,BLM,530
1980,L,TW,OS,MLS,223
1980,L,TW,OS,SWO,603
1980,L,TW,OS,SFA,1897
1980,L,US,HW,BET,17
1980,L,US,HW,SKJ,22
1980,L,US,HW,YFT,536
1980,L,US,HW,BUM,32
1980,L,US,HW,MLS,105
1981,L,ID,,BET,922
1981,L,ID,,YFT,4100
1981,L,ID,,BUM,165
1981,L,ID,,BLM,49
1981,L,ID,,MLS,33
1981,L,ID,,SWO,91
1981,L,ID,,SFA,74
1981,L,JP,CS,ALB,2908
1981,L,JP,CS,BET,2523
1981,L,JP,CS,SKJ,15
1981,L,JP,CS,YFT,5123
1981,L,JP,CS,PBF,277
1981,L,JP,CS,BUM,820
1981,L,JP,CS,MLS,259
1981,L,JP,CS,SWO,675
1981,L,JP,JP,ALB,17394
1981,L,JP,JP,BET,32681
1981,L,JP,JP,SKJ,31
1981,L,JP,JP,YFT,55603
1981,L,JP,JP,PBF,339
1981,L,JP,JP,BUM,5983
1981,L,JP,JP,BLM,748
1981,L,JP,JP,MLS,3142
1981,L,JP,JP,SWO,8123
1981,L,JP,JP,SFA,842
1981,L,KR,,ALB,13153
1981,L,KR,,BET,7838
1981,L,KR,,SKJ,37
1981,L,KR,,YFT,10245
1981,L,KR,,BUM,953
1981,L,KR,,MLS,489
1981,L,KR,,SWO,317
1981,L,KR,,SFA,130
1981,L,PH,,BET,139
1981,L,PH,,SKJ,440
1981,L,PH,,YFT,1480
1981,L,PH,,BUM,148
1981,L,PH,,BLM,44
1981,L,PH,,MLS,30
1981,L,PH,,SWO,81
1981,L,SB,,ALB,2
1981,L,SB,,BET,25
1981,L,SB,,YFT,146
1981,L,SB,,BUM,1
1981,L,SB,,BLM,1
1981,L,SB,,SWO,1
1981,L,TW,DW,ALB,13627
1981,L,TW,DW,BET,1236
1981,L,TW,DW,SKJ,14
1981,L,TW,DW,YFT,1966
1981,L,TW,DW,BUM,408
1981,L,TW,DW,BLM,80
1981,L,TW,DW,MLS,235
1981,L,TW,DW,SWO,167
1981,L,TW,OS,ALB,163
1981,L,TW,OS,BET,1150
1981,L,TW,OS,SKJ,219
1981,L,TW,OS,YFT,17778
1981,L,TW,OS,BUM,1812
1981,L,TW,OS,BLM,1087
1981,L,TW,OS,MLS,491
1981,L,TW,OS,SWO,656
1981,L,TW,OS,SFA,1323
1981,L,US,HW,ALB,25
1981,L,US,HW,BET,76
1981,L,US,HW,YFT,673
1981,L,US,HW,BUM,42
1981,L,US,HW,MLS,94
1982,L,ID,,BET,1002
1982,L,ID,,YFT,4456
1982,L,ID,,BUM,329
1982,L,ID,,BLM,99
1982,L,ID,,MLS,66
1982,L,ID,,SWO,181
1982,L,ID,,SFA,148
1982,L,JP,CS,ALB,3674
1982,L,JP,CS,BET,2904
1982,L,JP,CS,SKJ,4
1982,L,JP,CS,YFT,5117
1982,L,JP,CS,PBF,512
1982,L,JP,CS,BUM,722
1982,L,JP,CS,MLS,270
1982,L,JP,CS,SWO,839
1982,L,JP,JP,ALB,16371
1982,L,JP,JP,BET,35439
1982,L,JP,JP,SKJ,29
1982,L,JP,JP,YFT,47310
1982,L,JP,JP,PBF,224
1982,L,JP,JP,BUM,5746
1982,L,JP,JP,BLM,703
1982,L,JP,JP,MLS,3114
1982,L,JP,JP,SWO,6961
1982,L,JP,JP,SFA,610
1982,L,KR,,ALB,11499
1982,L,KR,,BET,6988
1982,L,KR,,SKJ,41
1982,L,KR,,YFT,8954
1982,L,KR,,BUM,890
1982,L,KR,,MLS,333
1982,L,KR,,SWO,183
1982,L,KR,,SFA,113
1982,L,PH,,BET,163
1982,L,PH,,SKJ,530
1982,L,PH,,YFT,1734
1982,L,PH,,BUM,173
1982,L,PH,,BLM,52
1982,L,PH,,MLS,35
1982,L,PH,,SWO,95
1982,L,SB,,ALB,8
1982,L,SB,,BET,24
1982,L,SB,,YFT,306
1982,L,SB,,BUM,1
1982,L,SB,,BLM,1
1982,L,SB,,SWO,1
1982,L,TO,,ALB,106
1982,L,TO,,BET,18
1982,L,TO,,YFT,81
1982,L,TO,,BUM,4
1982,L,TO,,BLM,5
1982,L,TO,,MLS,10
1982,L,TO,,SWO,5
1982,L,TO,,SFA,1
1982,L,TW,DW,ALB,11603
1982,L,TW,DW,BET,890
1982,L,TW,DW,SKJ,15
1982,L,TW,DW,YFT,975
1982,L,TW,DW,BUM,268
1982,L,TW,DW,BLM,56
1982,L,TW,DW,MLS,171
1982,L,TW,DW,SWO,94
1982,L,TW,OS,ALB,521
1982,L,TW,OS,BET,777
1982,L,TW,OS,SKJ,353
1982,L,TW,OS,YFT,16508
1982,L,TW,OS,BUM,2129
1982,L,TW,OS,BLM,1107
1982,L,TW,OS,MLS,397
1982,L,TW,OS,SWO,855
1982,L,TW,OS,SFA,1086
1982,L,US,HW,ALB,94
1982,L,US,HW,BET,373
1982,L,US,HW,YFT,708
1982,L,US,HW,BUM,136
1982,L,US,HW,MLS,140
1983,L,ID,,BET,1131
1983,L,ID,,YFT,5030
1983,L,ID,,BUM,96
1983,L,ID,,BLM,29
1983,L,ID,,MLS,19
1983,L,ID,,SWO,53
1983,L,ID,,SFA,43
1983,L,JP,CS,ALB,3808
1983,L,JP,CS,BET,4201
1983,L,JP,CS,SKJ,1134
1983,L,JP,CS,YFT,6207
1983,L,JP,CS,PBF,130
1983,L,JP,CS,BUM,1058
1983,L,JP,CS,MLS,320
1983,L,JP,CS,SWO,955
1983,L,JP,JP,ALB,13651
1983,L,JP,JP,BET,32733
1983,L,JP,JP,SKJ,37
1983,L,JP,JP,YFT,50036
1983,L,JP,JP,PBF,91
1983,L,JP,JP,BUM,4738
1983,L,JP,JP,BLM,577
1983,L,JP,JP,MLS,2124
1983,L,JP,JP,SWO,8014
1983,L,JP,JP,SFA,515
1983,L,KR,,ALB,6997
1983,L,KR,,BET,5923
1983,L,KR,,SKJ,28
1983,L,KR,,YFT,8445
1983,L,KR,,BUM,420
1983,L,KR,,MLS,150
1983,L,KR,,SWO,80
1983,L,KR,,SFA,41
1983,L,NC,,ALB,12
1983,L,NC,,BET,1
1983,L,NC,,YFT,9
1983,L,NC,,BUM,8
1983,L,NC,,BLM,3
1983,L,NC,,MLS,21
1983,L,NC,,SWO,2
1983,L,NC,,SFA,1
1983,L,PH,,BET,243
1983,L,PH,,SKJ,546
1983,L,PH,,YFT,2581
1983,L,PH,,BUM,258
1983,L,PH,,BLM,77
1983,L,PH,,MLS,52
1983,L,PH,,SWO,142
1983,L,SB,,ALB,19
1983,L,SB,,BET,34
1983,L,SB,,YFT,443
1983,L,SB,,BUM,2
1983,L,SB,,BLM,2
1983,L,SB,,SWO,2
1983,L,TO,,ALB,143
1983,L,TO,,BET,17
1983,L,TO,,YFT,48
1983,L,TO,,BUM,4
1983,L,TO,,BLM,5
1983,L,TO,,MLS,10
1983,L,TO,,SWO,5
1983,L,TW,DW,ALB,11636
1983,L,TW,DW,BET,686
1983,L,TW,DW,SKJ,13
1983,L,TW,DW,YFT,839
1983,L,TW,DW,BUM,228
1983,L,TW,DW,BLM,29
1983,L,TW,DW,MLS,111
1983,L,TW,DW,SWO,72
1983,L,TW,OS,ALB,512
1983,L,TW,OS,BET,876
1983,L,TW,OS,SKJ,383
1983,L,TW,OS,YFT,16260
1983,L,TW,OS,BUM,2121
1983,L,TW,OS,BLM,1019
1983,L,TW,OS,MLS,555
1983,L,TW,OS,SWO,783
1983,L,TW,OS,SFA,1447
1983,L,US,HW,ALB,6
1983,L,US,HW,BET,466
1983,L,US,HW,SKJ,3
1983,L,US,HW,YFT,361
1983,L,US,HW,BUM,72
1983,L,US,HW,MLS,114
1984,L,ID,,BET,1231
1984,L,ID,,YFT,5478
1984,L,ID,,BUM,153
1984,L,ID,,BLM,46
1984,L,ID,,MLS,31
1984,L,ID,,SWO,84
1984,L,ID,,SFA,69
1984,L,JP,CS,ALB,3351
1984,L,JP,CS,BET,5168
1984,L,JP,CS,SKJ,13
1984,L,JP,CS,YFT,5968
1984,L,JP,CS,PBF,85
1984,L,JP,CS,BUM,1306
1984,L,JP,CS,MLS,386
1984,L,JP,CS,SWO,1141
1984,L,JP,JP,ALB,11291
1984,L,JP,JP,BET,36834
1984,L,JP,JP,SKJ,56
1984,L,JP,JP,YFT,39427
1984,L,JP,JP,PBF,74
1984,L,JP,JP,BUM,7584
1984,L,JP,JP,BLM,595
1984,L,JP,JP,MLS,2861
1984,L,JP,JP,SWO,7674
1984,L,JP,JP,SFA,909
1984,L,KR,,ALB,5212
1984,L,KR,,BET,7086
1984,L,KR,,SKJ,29
1984,L,KR,,YFT,6792
1984,L,KR,,BUM,848
1984,L,KR,,MLS,253
1984,L,KR,,SWO,144
1984,L,KR,,SFA,49
1984,L,NC,,ALB,112
1984,L,NC,,BET,10
1984,L,NC,,YFT,28
1984,L,NC,,BUM,10
1984,L,NC,,BLM,2
1984,L,NC,,MLS,23
1984,L,NC,,SWO,6
1984,L,NC,,SFA,3
1984,L,PH,,BET,110
1984,L,PH,,SKJ,527
1984,L,PH,,YFT,1174
1984,L,PH,,BUM,117
1984,L,PH,,BLM,35
1984,L,PH,,MLS,23
1984,L,PH,,SWO,65
1984,L,SB,,ALB,19
1984,L,SB,,BET,57
1984,L,SB,,YFT,213
1984,L,SB,,BUM,1
1984,L,SB,,BLM,1
1984,L,SB,,SWO,1
1984,L,TO,,ALB,135
1984,L,TO,,BET,28
1984,L,TO,,YFT,55
1984,L,TO,,BUM,5
1984,L,TO,,BLM,5
1984,L,TO,,MLS,10
1984,L,TO,,SWO,6
1984,L,TW,DW,ALB,10684
1984,L,TW,DW,BET,882
1984,L,TW,DW,SKJ,6
1984,L,TW,DW,YFT,1416
1984,L,TW,DW,BUM,361
1984,L,TW,DW,BLM,36
1984,L,TW,DW,MLS,193
1984,L,TW,DW,SWO,121
1984,L,TW,OS,ALB,471
1984,L,TW,OS,BET,1034
1984,L,TW,OS,SKJ,235
1984,L,TW,OS,YFT,16107
1984,L,TW,OS,BUM,1789
1984,L,TW,OS,BLM,597
1984,L,TW,OS,MLS,965
1984,L,TW,OS,SWO,733
1984,L,TW,OS,SFA,809
1984,L,US,HW,ALB,2
1984,L,US,HW,BET,536
1984,L,US,HW,SKJ,4
1984,L,US,HW,YFT,330
1984,L,US,HW,BUM,23
1984,L,US,HW,MLS,91
1985,L,AU,AU,YFT,9
1985,L,ID,,BET,1340
1985,L,ID,,YFT,5962
1985,L,ID,,BUM,225
1985,L,ID,,BLM,68
1985,L,ID,,MLS,45
1985,L,ID,,SWO,124
1985,L,ID,,SFA,101
1985,L,JP,CS,ALB,4045
1985,L,JP,CS,BET,4607
1985,L,JP,CS,SKJ,54
1985,L,JP,CS,YFT,6229
1985,L,JP,CS,PBF,67
1985,L,JP,CS,BUM,1037
1985,L,JP,CS,MLS,711
1985,L,JP,CS,SWO,980
1985,L,JP,JP,ALB,11901
1985,L,JP,JP,BET,39420
1985,L,JP,JP,SKJ,63
1985,L,JP,JP,YFT,40548
1985,L,JP,JP,PBF,46
1985,L,JP,JP,BUM,5912
1985,L,JP,JP,BLM,558
1985,L,JP,JP,MLS,3678
1985,L,JP,JP,SWO,10350
1985,L,JP,JP,SFA,506
1985,L,KR,,ALB,12935
1985,L,KR,,BET,10022
1985,L,KR,,SKJ,36
1985,L,KR,,YFT,10047
1985,L,KR,,BUM,893
1985,L,KR,,MLS,283
1985,L,KR,,SWO,219
1985,L,KR,,SFA,65
1985,L,NC,,ALB,131
1985,L,NC,,BET,17
1985,L,NC,,YFT,133
1985,L,NC,,BUM,19
1985,L,NC,,BLM,24
1985,L,NC,,MLS,71
1985,L,NC,,SWO,6
1985,L,NC,,SFA,5
1985,L,PH,,BET,156
1985,L,PH,,SKJ,735
1985,L,PH,,YFT,1663
1985,L,PH,,BUM,166
1985,L,PH,,BLM,50
1985,L,PH,,MLS,33
1985,L,PH,,SWO,91
1985,L,SB,,ALB,12
1985,L,SB,,BET,46
1985,L,SB,,YFT,151
1985,L,SB,,BUM,1
1985,L,SB,,BLM,1
1985,L,SB,,SWO,1
1985,L,TO,,ALB,174
1985,L,TO,,BET,15
1985,L,TO,,YFT,44
1985,L,TO,,BUM,5
1985,L,TO,,BLM,5
1985,L,TO,,MLS,11
1985,L,TO,,SWO,6
1985,L,TO,,SFA,1
1985,L,TW,DW,ALB,8682
1985,L,TW,DW,BET,598
1985,L,TW,DW,SKJ,1
1985,L,TW,DW,YFT,1185
1985,L,TW,DW,BUM,196
1985,L,TW,DW,BLM,44
1985,L,TW,DW,MLS,89
1985,L,TW,DW,SWO,72
1985,L,TW,OS,ALB,132
1985,L,TW,OS,BET,1802
1985,L,TW,OS,SKJ,214
1985,L,TW,OS,YFT,13702
1985,L,TW,OS,BUM,1187
1985,L,TW,OS,BLM,298
1985,L,TW,OS,MLS,513
1985,L,TW,OS,SWO,566
1985,L,TW,OS,SFA,299
1985,L,US,HW,BET,606
1985,L,US,HW,SKJ,5
1985,L,US,HW,YFT,300
1985,L,US,HW,BUM,26
1985,L,US,HW,MLS,75
1986,L,AU,AU,BET,1
1986,L,AU,AU,YFT,13
1986,L,ID,,BET,1395
1986,L,ID,,YFT,6207
1986,L,ID,,BUM,223
1986,L,ID,,BLM,67
1986,L,ID,,MLS,45
1986,L,ID,,SWO,123
1986,L,ID,,SFA,100
1986,L,JP,CS,ALB,4712
1986,L,JP,CS,BET,4475
1986,L,JP,CS,SKJ,36
1986,L,JP,CS,YFT,6199
1986,L,JP,CS,PBF,72
1986,L,JP,CS,BUM,898
1986,L,JP,CS,MLS,901
1986,L,JP,CS,SWO,960
1986,L,JP,JP,ALB,10797
1986,L,JP,JP,BET,38867
1986,L,JP,JP,SKJ,87
1986,L,JP,JP,YFT,32340
1986,L,JP,JP,PBF,43
1986,L,JP,JP,BUM,6287
1986,L,JP,JP,BLM,335
1986,L,JP,JP,MLS,4458
1986,L,JP,JP,SWO,9577
1986,L,JP,JP,SFA,535
1986,L,KR,,ALB,15677
1986,L,KR,,BET,10156
1986,L,KR,,SKJ,29
1986,L,KR,,YFT,9532
1986,L,KR,,BUM,791
1986,L,KR,,MLS,199
1986,L,KR,,SWO,180
1986,L,KR,,SFA,49
1986,L,NC,,ALB,179
1986,L,NC,,BET,19
1986,L,NC,,YFT,169
1986,L,NC,,BUM,11
1986,L,NC,,BLM,39
1986,L,NC,,MLS,85
1986,L,NC,,SWO,14
1986,L,NC,,SFA,8
1986,L,PH,,BET,207
1986,L,PH,,SKJ,590
1986,L,PH,,YFT,2204
1986,L,PH,,BUM,220
1986,L,PH,,BLM,66
1986,L,PH,,MLS,44
1986,L,PH,,SWO,121
1986,L,TO,,ALB,206
1986,L,TO,,BET,12
1986,L,TO,,SKJ,1
1986,L,TO,,YFT,33
1986,L,TO,,BUM,5
1986,L,TO,,BLM,6
1986,L,TO,,MLS,12
1986,L,TO,,SWO,6
1986,L,TW,DW,ALB,10131
1986,L,TW,DW,BET,458
1986,L,TW,DW,SKJ,10
1986,L,TW,DW,YFT,1144
1986,L,TW,DW,BUM,152
1986,L,TW,DW,BLM,83
1986,L,TW,DW,MLS,61
1986,L,TW,DW,SWO,36
1986,L,TW,OS,BET,723
1986,L,TW,OS,SKJ,680
1986,L,TW,OS,YFT,10889
1986,L,TW,OS,BUM,1723
1986,L,TW,OS,BLM,525
1986,L,TW,OS,MLS,179
1986,L,TW,OS,SWO,456
1986,L,TW,OS,SFA,293
1986,L,US,HW,BET,676
1986,L,US,HW,SKJ,6
1986,L,US,HW,YFT,269
1986,L,US,HW,BUM,38
1986,L,US,HW,MLS,191
1987,L,AU,AU,ALB,129
1987,L,AU,AU,BET,64
1987,L,AU,AU,SKJ,28
1987,L,AU,AU,YFT,1164
1987,L,AU,AU,BUM,51
1987,L,AU,AU,BLM,17
1987,L,AU,AU,MLS,65
1987,L,AU,AU,SWO,14
1987,L,ID,,BET,1586
1987,L,ID,,YFT,7053
1987,L,ID,,BUM,846
1987,L,ID,,BLM,254
1987,L,ID,,MLS,169
1987,L,ID,,SWO,465
1987,L,ID,,SFA,381
1987,L,JP,CS,ALB,5503
1987,L,JP,CS,BET,4023
1987,L,JP,CS,SKJ,30
1987,L,JP,CS,YFT,7148
1987,L,JP,CS,PBF,181
1987,L,JP,CS,BUM,1526
1987,L,JP,CS,MLS,1187
1987,L,JP,CS,SWO,819
1987,L,JP,JP,ALB,10742
1987,L,JP,JP,BET,43420
1987,L,JP,JP,SKJ,17
1987,L,JP,JP,YFT,29268
1987,L,JP,JP,PBF,61
1987,L,JP,JP,BUM,4465
1987,L,JP,JP,BLM,330
1987,L,JP,JP,MLS,2890
1987,L,JP,JP,SWO,9593
1987,L,JP,JP,SFA,896
1987,L,KR,,ALB,4179
1987,L,KR,,BET,17261
1987,L,KR,,SKJ,25
1987,L,KR,,YFT,11435
1987,L,KR,,PBF,2
1987,L,KR,,BUM,2329
1987,L,KR,,BLM,178
1987,L,KR,,MLS,359
1987,L,KR,,SWO,456
1987,L,KR,,SFA,48
1987,L,NC,,ALB,563
1987,L,NC,,BET,37
1987,L,NC,,YFT,502
1987,L,NC,,BUM,30
1987,L,NC,,BLM,95
1987,L,NC,,MLS,100
1987,L,NC,,SWO,17
1987,L,NC,,SFA,12
1987,L,NZ,,ALB,9
1987,L,PH,,BET,325
1987,L,PH,,SKJ,2019
1987,L,PH,,YFT,3449
1987,L,PH,,BUM,345
1987,L,PH,,BLM,103
1987,L,PH,,MLS,69
1987,L,PH,,SWO,190
1987,L,TO,,ALB,252
1987,L,TO,,BET,14
1987,L,TO,,SKJ,1
1987,L,TO,,YFT,32
1987,L,TO,,BUM,6
1987,L,TO,,BLM,7
1987,L,TO,,MLS,14
1987,L,TO,,SWO,8
1987,L,TW,DW,ALB,11827
1987,L,TW,DW,BET,259
1987,L,TW,DW,SKJ,1
1987,L,TW,DW,YFT,917
1987,L,TW,DW,BUM,143
1987,L,TW,DW,BLM,79
1987,L,TW,DW,MLS,49
1987,L,TW,DW,SWO,40
1987,L,TW,OS,ALB,58
1987,L,TW,OS,BET,1027
1987,L,TW,OS,SKJ,207
1987,L,TW,OS,YFT,14178
1987,L,TW,OS,BUM,4617
1987,L,TW,OS,BLM,470
1987,L,TW,OS,MLS,383
1987,L,TW,OS,SWO,1328
1987,L,TW,OS,SFA,729
1987,L,US,HW,ALB,136
1987,L,US,HW,BET,816
1987,L,US,HW,SKJ,1
1987,L,US,HW,YFT,261
1987,L,US,HW,BUM,45
1987,L,US,HW,MLS,273
1988,L,US,AS,ALB,1
1988,L,US,AS,YFT,1
1988,L,AU,AU,ALB,107
1988,L,AU,AU,BET,43
1988,L,AU,AU,SKJ,47
1988,L,AU,AU,YFT,922
1988,L,AU,AU,BUM,36
1988,L,AU,AU,BLM,13
1988,L,AU,AU,MLS,76
1988,L,AU,AU,SWO,13
1988,L,CN,,BET,24
1988,L,CN,,YFT,20
1988,L,CN,,BUM,4
1988,L,CN,,BLM,2
1988,L,CN,,MLS,1
1988,L,CN,,SWO,3
1988,L,ID,,BET,1874
1988,L,ID,,YFT,8336
1988,L,ID,,BUM,888
1988,L,ID,,BLM,266
1988,L,ID,,MLS,178
1988,L,ID,,SWO,489
1988,L,ID,,SFA,400
1988,L,JP,CS,ALB,5585
1988,L,JP,CS,BET,5012
1988,L,JP,CS,SKJ,46
1988,L,JP,CS,YFT,7528
1988,L,JP,CS,PBF,106
1988,L,JP,CS,BUM,1454
1988,L,JP,CS,MLS,752
1988,L,JP,CS,SWO,665
1988,L,JP,JP,ALB,13055
1988,L,JP,JP,BET,42788
1988,L,JP,JP,SKJ,24
1988,L,JP,JP,YFT,36328
1988,L,JP,JP,PBF,78
1988,L,JP,JP,BUM,6401
1988,L,JP,JP,BLM,592
1988,L,JP,JP,MLS,5015
1988,L,JP,JP,SWO,10180
1988,L,JP,JP,SFA,727
1988,L,KR,,ALB,5725
1988,L,KR,,BET,14766
1988,L,KR,,SKJ,30
1988,L,KR,,YFT,13736
1988,L,KR,,PBF,15
1988,L,KR,,BUM,2260
1988,L,KR,,BLM,306
1988,L,KR,,MLS,417
1988,L,KR,,SWO,446
1988,L,KR,,SFA,26
1988,L,NC,,ALB,584
1988,L,NC,,BET,20
1988,L,NC,,YFT,488
1988,L,NC,,BUM,15
1988,L,NC,,BLM,76
1988,L,NC,,MLS,63
1988,L,NC,,SWO,5
1988,L,NC,,SFA,13
1988,L,NZ,,ALB,4
1988,L,PH,,BET,273
1988,L,PH,,SKJ,1531
1988,L,PH,,YFT,2897
1988,L,PH,,BUM,290
1988,L,PH,,BLM,87
1988,L,PH,,MLS,58
1988,L,PH,,SWO,159
1988,L,TO,,ALB,242
1988,L,TO,,BET,6
1988,L,TO,,SKJ,2
1988,L,TO,,YFT,26
1988,L,TO,,BUM,6
1988,L,TO,,BLM,6
1988,L,TO,,MLS,13
1988,L,TO,,SWO,7
1988,L,TW,DW,ALB,15925
1988,L,TW,DW,BET,246
1988,L,TW,DW,SKJ,24
1988,L,TW,DW,YFT,3008
1988,L,TW,DW,BUM,287
1988,L,TW,DW,BLM,90
1988,L,TW,DW,MLS,83
1988,L,TW,DW,SWO,60
1988,L,TW,OS,ALB,148
1988,L,TW,OS,BET,2003
1988,L,TW,OS,SKJ,225
1988,L,TW,OS,YFT,14970
1988,L,TW,OS,BUM,2822
1988,L,TW,OS,BLM,856
1988,L,TW,OS,MLS,457
1988,L,TW,OS,SWO,777
1988,L,TW,OS,SFA,506
1988,L,US,HW,ALB,318
1988,L,US,HW,BET,1233
1988,L,US,HW,SKJ,8
1988,L,US,HW,YFT,595
1988,L,US,HW,BUM,90
1988,L,US,HW,MLS,500
1989,L,AU,AU,ALB,93
1989,L,AU,AU,BET,19
1989,L,AU,AU,SKJ,43
1989,L,AU,AU,YFT,833
1989,L,AU,AU,BLM,1
1989,L,AU,AU,MLS,6
1989,L,AU,AU,SWO,14
1989,L,AU,JV,ALB,463
1989,L,AU,JV,BET,43
1989,L,AU,JV,YFT,80
1989,L,CN,,BET,99
1989,L,CN,,YFT,45
1989,L,CN,,BUM,14
1989,L,CN,,BLM,5
1989,L,CN,,MLS,3
1989,L,CN,,SWO,10
1989,L,CN,,SFA,3
1989,L,FJ,,ALB,3
1989,L,FJ,,BET,14
1989,L,FJ,,YFT,10
1989,L,FJ,,SFA,1
1989,L,ID,,BET,2041
1989,L,ID,,YFT,9081
1989,L,ID,,BUM,468
1989,L,ID,,BLM,140
1989,L,ID,,MLS,94
1989,L,ID,,SWO,258
1989,L,ID,,SFA,211
1989,L,JP,CS,ALB,4711
1989,L,JP,CS,BET,6101
1989,L,JP,CS,SKJ,42
1989,L,JP,CS,YFT,7685
1989,L,JP,CS,PBF,172
1989,L,JP,CS,BUM,1261
1989,L,JP,CS,MLS,1081
1989,L,JP,CS,SWO,742
1989,L,JP,JP,ALB,11621
1989,L,JP,JP,BET,41236
1989,L,JP,JP,SKJ,21
1989,L,JP,JP,YFT,28231
1989,L,JP,JP,PBF,65
1989,L,JP,JP,BUM,4874
1989,L,JP,JP,BLM,232
1989,L,JP,JP,MLS,3985
1989,L,JP,JP,SWO,7265
1989,L,JP,JP,SFA,860
1989,L,KR,,ALB,1961
1989,L,KR,,BET,12684
1989,L,KR,,SKJ,13
1989,L,KR,,YFT,9671
1989,L,KR,,PBF,1
1989,L,KR,,BUM,1685
1989,L,KR,,BLM,179
1989,L,KR,,MLS,256
1989,L,KR,,SWO,462
1989,L,KR,,SFA,20
1989,L,NC,,ALB,566
1989,L,NC,,BET,27
1989,L,NC,,YFT,278
1989,L,NC,,BUM,24
1989,L,NC,,BLM,82
1989,L,NC,,MLS,123
1989,L,NC,,SWO,7
1989,L,NC,,SFA,12
1989,L,NZ,,ALB,523
1989,L,NZ,,YFT,6
1989,L,NZ,,SWO,12
1989,L,PH,,BET,297
1989,L,PH,,SKJ,1770
1989,L,PH,,YFT,3156
1989,L,PH,,BUM,316
1989,L,PH,,BLM,95
1989,L,PH,,MLS,63
1989,L,PH,,SWO,174
1989,L,TO,,ALB,195
1989,L,TO,,BET,12
1989,L,TO,,SKJ,1
1989,L,TO,,YFT,27
1989,L,TO,,BUM,5
1989,L,TO,,BLM,5
1989,L,TO,,MLS,11
1989,L,TO,,SWO,6
1989,L,TO,,SFA,2
1989,L,TW,DW,ALB,9200
1989,L,TW,DW,BET,205
1989,L,TW,DW,SKJ,4
1989,L,TW,DW,YFT,848
1989,L,TW,DW,BUM,238
1989,L,TW,DW,BLM,162
1989,L,TW,DW,MLS,249
1989,L,TW,DW,SWO,82
1989,L,TW,OS,ALB,539
1989,L,TW,OS,BET,693
1989,L,TW,OS,SKJ,603
1989,L,TW,OS,YFT,12367
1989,L,TW,OS,BUM,2644
1989,L,TW,OS,BLM,306
1989,L,TW,OS,MLS,184
1989,L,TW,OS,SWO,1390
1989,L,TW,OS,SFA,477
1989,L,US,HW,ALB,272
1989,L,US,HW,BET,1445
1989,L,US,HW,SKJ,10
1989,L,US,HW,YFT,988
1989,L,US,HW,BUM,364
1989,L,US,HW,MLS,591
1989,L,US,HW,SWO,273
1990,L,AU,AU,ALB,124
1990,L,AU,AU,BET,24
1990,L,AU,AU,SKJ,63
1990,L,AU,AU,YFT,786
1990,L,AU,AU,BUM,18
1990,L,AU,AU,BLM,13
1990,L,AU,AU,MLS,66
1990,L,AU,AU,SWO,23
1990,L,AU,JV,ALB,145
1990,L,AU,JV,BET,6
1990,L,AU,JV,YFT,4
1990,L,CN,,ALB,4
1990,L,CN,,BET,276
1990,L,CN,,YFT,173
1990,L,CN,,BUM,44
1990,L,CN,,BLM,17
1990,L,CN,,MLS,9
1990,L,CN,,SWO,31
1990,L,CN,,SFA,54
1990,L,FJ,,ALB,68
1990,L,FJ,,BET,27
1990,L,FJ,,YFT,23
1990,L,FJ,,BUM,2
1990,L,FJ,,BLM,1
1990,L,FJ,,MLS,1
1990,L,FJ,,SWO,2
1990,L,FJ,,SFA,1
1990,L,ID,,BET,2342
1990,L,ID,,YFT,10417
1990,L,ID,,BUM,503
1990,L,ID,,BLM,151
1990,L,ID,,MLS,101
1990,L,ID,,SWO,277
1990,L,ID,,SFA,227
1990,L,JP,CS,ALB,6513
1990,L,JP,CS,BET,7053
1990,L,JP,CS,SKJ,57
1990,L,JP,CS,YFT,7800
1990,L,JP,CS,PBF,267
1990,L,JP,CS,BUM,1204
1990,L,JP,CS,MLS,1125
1990,L,JP,CS,SWO,687
1990,L,JP,JP,ALB,12326
1990,L,JP,JP,BET,43035
1990,L,JP,JP,SKJ,22
1990,L,JP,JP,YFT,28779
1990,L,JP,JP,PBF,67
1990,L,JP,JP,BUM,3398
1990,L,JP,JP,BLM,145
1990,L,JP,JP,MLS,2382
1990,L,JP,JP,SWO,6587
1990,L,JP,JP,SFA,536
1990,L,KR,,ALB,1063
1990,L,KR,,BET,17406
1990,L,KR,,SKJ,12
1990,L,KR,,YFT,12967
1990,L,KR,,PBF,26
1990,L,KR,,BUM,1660
1990,L,KR,,BLM,209
1990,L,KR,,MLS,161
1990,L,KR,,SWO,553
1990,L,KR,,SFA,16
1990,L,NC,,ALB,1053
1990,L,NC,,BET,60
1990,L,NC,,YFT,617
1990,L,NC,,BUM,18
1990,L,NC,,BLM,88
1990,L,NC,,MLS,168
1990,L,NC,,SWO,13
1990,L,NC,,SFA,10
1990,L,NZ,,ALB,170
1990,L,NZ,,BET,30
1990,L,NZ,,YFT,4
1990,L,NZ,,MLS,5
1990,L,NZ,,SWO,80
1990,L,PF,,ALB,20
1990,L,PF,,BET,4
1990,L,PF,,YFT,6
1990,L,PF,,BUM,3
1990,L,PF,,MLS,2
1990,L,PF,,SWO,1
1990,L,PH,,BET,59
1990,L,PH,,YFT,484
1990,L,PH,,BUM,48
1990,L,PH,,BLM,14
1990,L,PH,,MLS,10
1990,L,PH,,SWO,26
1990,L,TO,,ALB,152
1990,L,TO,,BET,11
1990,L,TO,,SKJ,2
1990,L,TO,,YFT,27
1990,L,TO,,BUM,4
1990,L,TO,,BLM,4
1990,L,TO,,MLS,9
1990,L,TO,,SWO,5
1990,L,TO,,SFA,4
1990,L,TW,DW,ALB,10002
1990,L,TW,DW,BET,1656
1990,L,TW,DW,YFT,1910
1990,L,TW,DW,BUM,405
1990,L,TW,DW,BLM,87
1990,L,TW,DW,MLS,131
1990,L,TW,DW,SWO,263
1990,L,TW,OS,ALB,348
1990,L,TW,OS,BET,3500
1990,L,TW,OS,SKJ,202
1990,L,TW,OS,YFT,14200
1990,L,TW,OS,BUM,2575
1990,L,TW,OS,BLM,391
1990,L,TW,OS,MLS,201
1990,L,TW,OS,SWO,1013
1990,L,TW,OS,SFA,769
1990,L,US,HW,ALB,182
1990,L,US,HW,BET,1520
1990,L,US,HW,SKJ,5
1990,L,US,HW,YFT,1103
1990,L,US,HW,BUM,318
1990,L,US,HW,MLS,500
1990,L,US,HW,SWO,1909
1991,L,US,AS,ALB,1
1991,L,AU,AU,ALB,158
1991,L,AU,AU,BET,27
1991,L,AU,AU,SKJ,66
1991,L,AU,AU,YFT,807
1991,L,AU,AU,BUM,1
1991,L,AU,AU,BLM,15
1991,L,AU,AU,MLS,32
1991,L,AU,AU,SWO,59
1991,L,AU,AU,BSH,1
1991,L,AU,JV,ALB,67
1991,L,CN,,BET,526
1991,L,CN,,YFT,481
1991,L,CN,,BUM,98
1991,L,CN,,BLM,38
1991,L,CN,,MLS,19
1991,L,CN,,SWO,69
1991,L,CN,,SFA,88
1991,L,FJ,,ALB,208
1991,L,FJ,,BET,123
1991,L,FJ,,YFT,106
1991,L,FJ,,BUM,8
1991,L,FJ,,BLM,3
1991,L,FJ,,MLS,5
1991,L,FJ,,SWO,7
1991,L,FJ,,SFA,4
1991,L,FM,,BET,12
1991,L,FM,,YFT,11
1991,L,FM,,BUM,2
1991,L,ID,,BET,2395
1991,L,ID,,YFT,10653
1991,L,ID,,BUM,637
1991,L,ID,,BLM,191
1991,L,ID,,MLS,127
1991,L,ID,,SWO,350
1991,L,ID,,SFA,286
1991,L,JP,CS,ALB,6664
1991,L,JP,CS,BET,7025
1991,L,JP,CS,SKJ,82
1991,L,JP,CS,YFT,8034
1991,L,JP,CS,PBF,170
1991,L,JP,CS,BUM,1342
1991,L,JP,CS,MLS,1197
1991,L,JP,CS,SWO,799
1991,L,JP,JP,ALB,11189
1991,L,JP,JP,BET,30794
1991,L,JP,JP,SKJ,37
1991,L,JP,JP,YFT,20966
1991,L,JP,JP,PBF,61
1991,L,JP,JP,BUM,3416
1991,L,JP,JP,BLM,138
1991,L,JP,JP,MLS,2581
1991,L,JP,JP,SWO,5482
1991,L,JP,JP,SFA,551
1991,L,KR,,ALB,1278
1991,L,KR,,BET,12544
1991,L,KR,,SKJ,11
1991,L,KR,,YFT,7420
1991,L,KR,,PBF,3
1991,L,KR,,BUM,1196
1991,L,KR,,BLM,109
1991,L,KR,,MLS,142
1991,L,KR,,SWO,442
1991,L,KR,,SFA,11
1991,L,NC,,ALB,909
1991,L,NC,,BET,60
1991,L,NC,,YFT,567
1991,L,NC,,BUM,9
1991,L,NC,,BLM,91
1991,L,NC,,MLS,75
1991,L,NC,,SWO,15
1991,L,NC,,SFA,24
1991,L,NZ,,ALB,85
1991,L,NZ,,BET,44
1991,L,NZ,,YFT,6
1991,L,NZ,,SWO,42
1991,L,PF,,ALB,100
1991,L,PF,,BET,45
1991,L,PF,,SKJ,1
1991,L,PF,,YFT,118
1991,L,PF,,BUM,23
1991,L,PF,,MLS,7
1991,L,PF,,SWO,7
1991,L,PH,,BET,59
1991,L,PH,,YFT,484
1991,L,PH,,BUM,48
1991,L,PH,,BLM,14
1991,L,PH,,MLS,10
1991,L,PH,,SWO,26
1991,L,TO,,ALB,171
1991,L,TO,,BET,5
1991,L,TO,,SKJ,2
1991,L,TO,,YFT,19
1991,L,TO,,BUM,4
1991,L,TO,,BLM,4
1991,L,TO,,MLS,9
1991,L,TO,,SWO,5
1991,L,TO,,SFA,3
1991,L,TW,DW,ALB,13975
1991,L,TW,DW,BET,1878
1991,L,TW,DW,SKJ,7
1991,L,TW,DW,YFT,2241
1991,L,TW,DW,BUM,566
1991,L,TW,DW,BLM,116
1991,L,TW,DW,MLS,207
1991,L,TW,DW,SWO,129
1991,L,TW,OS,ALB,341
1991,L,TW,OS,BET,3925
1991,L,TW,OS,SKJ,640
1991,L,TW,OS,YFT,10822
1991,L,TW,OS,BUM,2788
1991,L,TW,OS,BLM,730
1991,L,TW,OS,MLS,302
1991,L,TW,OS,SWO,781
1991,L,TW,OS,SFA,595
1991,L,US,HW,ALB,313
1991,L,US,HW,BET,1556
1991,L,US,HW,SKJ,39
1991,L,US,HW,YFT,756
1991,L,US,HW,BUM,704
1991,L,US,HW,MLS,524
1991,L,US,HW,SWO,4500
1991,L,US,HW,SFA,19
1991,L,US,US,BET,15
1991,L,US,US,YFT,21
1992,L,AU,AU,ALB,214
1992,L,AU,AU,BET,34
1992,L,AU,AU,SKJ,62
1992,L,AU,AU,YFT,1017
1992,L,AU,AU,BUM,2
1992,L,AU,AU,BLM,8
1992,L,AU,AU,MLS,22
1992,L,AU,AU,SWO,49
1992,L,AU,AU,BSH,28
1992,L,AU,JV,ALB,106
1992,L,CN,,BET,1400
1992,L,CN,,YFT,1315
1992,L,CN,,BUM,265
1992,L,CN,,BLM,103
1992,L,CN,,MLS,51
1992,L,CN,,SWO,185
1992,L,CN,,SFA,15
1992,L,FJ,,ALB,243
1992,L,FJ,,BET,187
1992,L,FJ,,YFT,202
1992,L,FJ,,BUM,11
1992,L,FJ,,BLM,4
1992,L,FJ,,MLS,7
1992,L,FJ,,SWO,10
1992,L,FJ,,SFA,14
1992,L,FM,,BET,47
1992,L,FM,,YFT,93
1992,L,FM,,BUM,10
1992,L,FM,,SWO,2
1992,L,ID,,BET,2753
1992,L,ID,,YFT,12248
1992,L,ID,,BUM,702
1992,L,ID,,BLM,210
1992,L,ID,,MLS,140
1992,L,ID,,SWO,386
1992,L,ID,,SFA,316
1992,L,JP,CS,ALB,8036
1992,L,JP,CS,BET,7302
1992,L,JP,CS,SKJ,79
1992,L,JP,CS,YFT,8452
1992,L,JP,CS,PBF,428
1992,L,JP,CS,BUM,1657
1992,L,JP,CS,MLS,1247
1992,L,JP,CS,SWO,1173
1992,L,JP,JP,ALB,12836
1992,L,JP,JP,BET,38074
1992,L,JP,JP,SKJ,34
1992,L,JP,JP,YFT,25523
1992,L,JP,JP,PBF,86
1992,L,JP,JP,BUM,3524
1992,L,JP,JP,BLM,177
1992,L,JP,JP,MLS,2475
1992,L,JP,JP,SWO,9214
1992,L,JP,JP,SFA,418
1992,L,KR,,ALB,2190
1992,L,KR,,BET,18089
1992,L,KR,,SKJ,7
1992,L,KR,,YFT,12773
1992,L,KR,,BUM,1923
1992,L,KR,,BLM,214
1992,L,KR,,MLS,256
1992,L,KR,,SWO,630
1992,L,KR,,SFA,20
1992,L,MH,,BET,6
1992,L,MH,,YFT,3
1992,L,NC,,ALB,692
1992,L,NC,,BET,27
1992,L,NC,,YFT,373
1992,L,NC,,BUM,15
1992,L,NC,,BLM,43
1992,L,NC,,MLS,71
1992,L,NC,,SWO,9
1992,L,NC,,SFA,11
1992,L,NZ,,ALB,209
1992,L,NZ,,BET,39
1992,L,NZ,,YFT,13
1992,L,NZ,,SWO,29
1992,L,PF,,ALB,195
1992,L,PF,,BET,57
1992,L,PF,,SKJ,7
1992,L,PF,,YFT,150
1992,L,PF,,BUM,77
1992,L,PF,,MLS,25
1992,L,PF,,SWO,24
1992,L,PF,,SFA,6
1992,L,PH,,BET,59
1992,L,PH,,YFT,484
1992,L,PH,,BUM,48
1992,L,PH,,BLM,14
1992,L,PH,,MLS,10
1992,L,PH,,SWO,26
1992,L,PW,,BET,90
1992,L,PW,,YFT,48
1992,L,TO,,ALB,199
1992,L,TO,,BET,5
1992,L,TO,,SKJ,2
1992,L,TO,,YFT,19
1992,L,TO,,BUM,5
1992,L,TO,,BLM,5
1992,L,TO,,MLS,11
1992,L,TO,,SWO,6
1992,L,TO,,SFA,1
1992,L,TW,DW,ALB,19997
1992,L,TW,DW,BET,1886
1992,L,TW,DW,SKJ,148
1992,L,TW,DW,YFT,1314
1992,L,TW,DW,BUM,101
1992,L,TW,DW,BLM,83
1992,L,TW,DW,MLS,220
1992,L,TW,DW,SWO,89
1992,L,TW,OS,ALB,302
1992,L,TW,OS,BET,4416
1992,L,TW,OS,SKJ,68
1992,L,TW,OS,YFT,13335
1992,L,TW,OS,BUM,4609
1992,L,TW,OS,BLM,788
1992,L,TW,OS,MLS,283
1992,L,TW,OS,SWO,1214
1992,L,TW,OS,SFA,905
1992,L,US,HW,ALB,332
1992,L,US,HW,BET,1490
1992,L,US,HW,SKJ,25
1992,L,US,HW,YFT,362
1992,L,US,HW,BUM,353
1992,L,US,HW,BLM,1
1992,L,US,HW,MLS,545
1992,L,US,HW,SWO,5276
1992,L,US,HW,SFA,9
1992,L,US,US,BET,5
1992,L,US,US,YFT,15
1993,L,US,AS,YFT,1
1993,L,AU,AU,ALB,186
1993,L,AU,AU,BET,25
1993,L,AU,AU,SKJ,5
1993,L,AU,AU,YFT,781
1993,L,AU,AU,MLS,27
1993,L,AU,AU,SWO,33
1993,L,AU,AU,BSH,26
1993,L,AU,JV,ALB,126
1993,L,AU,JV,YFT,1
1993,L,CN,,ALB,1
1993,L,CN,,BET,3664
1993,L,CN,,YFT,2754
1993,L,CN,,BUM,626
1993,L,CN,,BLM,243
1993,L,CN,,MLS,121
1993,L,CN,,SWO,437
1993,L,CN,,SFA,44
1993,L,FJ,,ALB,463
1993,L,FJ,,BET,204
1993,L,FJ,,YFT,319
1993,L,FJ,,BUM,17
1993,L,FJ,,BLM,6
1993,L,FJ,,MLS,11
1993,L,FJ,,SWO,15
1993,L,FJ,,SFA,26
1993,L,FM,,BET,40
1993,L,FM,,YFT,61
1993,L,FM,,BUM,11
1993,L,FM,,BLM,1
1993,L,FM,,MLS,1
1993,L,FM,,SWO,3
1993,L,FM,,SFA,1
1993,L,ID,,BET,2522
1993,L,ID,,YFT,11221
1993,L,ID,,BUM,541
1993,L,ID,,BLM,162
1993,L,ID,,MLS,108
1993,L,ID,,SWO,298
1993,L,ID,,SFA,243
1993,L,JP,CS,ALB,16591
1993,L,JP,CS,BET,6889
1993,L,JP,CS,SKJ,157
1993,L,JP,CS,YFT,7950
1993,L,JP,CS,PBF,667
1993,L,JP,CS,BUM,2092
1993,L,JP,CS,MLS,5398
1993,L,JP,CS,SWO,1394
1993,L,JP,JP,ALB,17910
1993,L,JP,JP,BET,31289
1993,L,JP,JP,SKJ,190
1993,L,JP,JP,YFT,25745
1993,L,JP,JP,PBF,148
1993,L,JP,JP,BUM,4316
1993,L,JP,JP,BLM,197
1993,L,JP,JP,MLS,3377
1993,L,JP,JP,SWO,9440
1993,L,JP,JP,SFA,494
1993,L,KR,,ALB,974
1993,L,KR,,BET,13912
1993,L,KR,,SKJ,3
1993,L,KR,,YFT,8704
1993,L,KR,,BUM,1768
1993,L,KR,,BLM,138
1993,L,KR,,MLS,213
1993,L,KR,,SWO,527
1993,L,KR,,SFA,11
1993,L,MH,,BET,67
1993,L,MH,,YFT,70
1993,L,MH,,BUM,14
1993,L,MH,,SWO,2
1993,L,MH,,SFA,1
1993,L,NC,,ALB,755
1993,L,NC,,BET,106
1993,L,NC,,YFT,433
1993,L,NC,,BUM,15
1993,L,NC,,BLM,48
1993,L,NC,,MLS,40
1993,L,NC,,SWO,9
1993,L,NC,,SFA,9
1993,L,NZ,,ALB,345
1993,L,NZ,,BET,74
1993,L,NZ,,YFT,14
1993,L,NZ,,SWO,93
1993,L,PF,,ALB,714
1993,L,PF,,BET,163
1993,L,PF,,SKJ,25
1993,L,PF,,YFT,366
1993,L,PF,,BUM,205
1993,L,PF,,BLM,2
1993,L,PF,,MLS,68
1993,L,PF,,SWO,64
1993,L,PG,,YFT,8
1993,L,PG,,SFA,1
1993,L,PH,,BET,59
1993,L,PH,,YFT,484
1993,L,PH,,BUM,48
1993,L,PH,,BLM,14
1993,L,PH,,MLS,10
1993,L,PH,,SWO,26
1993,L,PW,,ALB,1
1993,L,PW,,BET,66
1993,L,PW,,YFT,39
1993,L,TO,,ALB,231
1993,L,TO,,BET,34
1993,L,TO,,YFT,64
1993,L,TO,,BUM,7
1993,L,TO,,BLM,7
1993,L,TO,,MLS,16
1993,L,TO,,SWO,8
1993,L,TO,,SFA,4
1993,L,TW,DW,ALB,16989
1993,L,TW,DW,BET,652
1993,L,TW,DW,SKJ,113
1993,L,TW,DW,YFT,1536
1993,L,TW,DW,BUM,396
1993,L,TW,DW,BLM,137
1993,L,TW,DW,MLS,237
1993,L,TW,DW,SWO,167
1993,L,TW,OS,ALB,242
1993,L,TW,OS,BET,4673
1993,L,TW,OS,SKJ,41
1993,L,TW,OS,YFT,10787
1993,L,TW,OS,BUM,5422
1993,L,TW,OS,BLM,471
1993,L,TW,OS,MLS,338
1993,L,TW,OS,SWO,1203
1993,L,TW,OS,SFA,255
1993,L,US,HW,ALB,441
1993,L,US,HW,BET,2116
1993,L,US,HW,SKJ,36
1993,L,US,HW,YFT,633
1993,L,US,HW,BUM,373
1993,L,US,HW,BLM,1
1993,L,US,HW,MLS,632
1993,L,US,HW,SWO,5911
1993,L,US,HW,SFA,8
1993,L,US,US,ALB,1
1993,L,US,US,BET,8
1993,L,US,US,YFT,3
1993,L,WS,,ALB,213
1993,L,WS,,BET,3
1993,L,WS,,SKJ,3
1993,L,WS,,YFT,81
1993,L,WS,,BUM,3
1993,L,WS,,BLM,1
1993,L,WS,,MLS,3
1993,L,WS,,SWO,7
1993,L,WS,,SFA,1
1994,L,US,AS,ALB,1
1994,L,US,AS,YFT,1
1994,L,AU,AU,ALB,357
1994,L,AU,AU,BET,123
1994,L,AU,AU,SKJ,5
1994,L,AU,AU,YFT,1221
1994,L,AU,AU,BUM,4
1994,L,AU,AU,BLM,3
1994,L,AU,AU,MLS,54
1994,L,AU,AU,SWO,38
1994,L,AU,AU,BSH,13
1994,L,AU,JV,ALB,43
1994,L,AU,JV,BET,10
1994,L,AU,JV,YFT,43
1994,L,CK,,ALB,16
1994,L,CK,,BET,7
1994,L,CK,,YFT,9
1994,L,CK,,BUM,2
1994,L,CK,,BLM,6
1994,L,CK,,MLS,7
1994,L,CK,,SWO,22
1994,L,CN,,ALB,8
1994,L,CN,,BET,7846
1994,L,CN,,YFT,4823
1994,L,CN,,BUM,1236
1994,L,CN,,BLM,480
1994,L,CN,,MLS,239
1994,L,CN,,SWO,864
1994,L,CN,,SFA,58
1994,L,FJ,,ALB,842
1994,L,FJ,,BET,249
1994,L,FJ,,YFT,625
1994,L,FJ,,BUM,118
1994,L,FJ,,BLM,107
1994,L,FJ,,MLS,35
1994,L,FJ,,SFA,22
1994,L,FM,,ALB,3
1994,L,FM,,BET,72
1994,L,FM,,YFT,117
1994,L,FM,,BUM,27
1994,L,FM,,BLM,6
1994,L,FM,,MLS,1
1994,L,FM,,SWO,4
1994,L,ID,,BET,2798
1994,L,ID,,YFT,12446
1994,L,ID,,BUM,504
1994,L,ID,,BLM,151
1994,L,ID,,MLS,101
1994,L,ID,,SWO,277
1994,L,ID,,SFA,227
1994,L,JP,CS,ALB,16366
1994,L,JP,CS,BET,5974
1994,L,JP,CS,SKJ,81
1994,L,JP,CS,YFT,6970
1994,L,JP,CS,PBF,968
1994,L,JP,CS,BUM,1833
1994,L,JP,CS,MLS,1284
1994,L,JP,CS,SWO,1357
1994,L,JP,JP,ALB,17451
1994,L,JP,JP,BET,30192
1994,L,JP,JP,SKJ,89
1994,L,JP,JP,YFT,29604
1994,L,JP,JP,PBF,248
1994,L,JP,JP,BUM,4681
1994,L,JP,JP,BLM,258
1994,L,JP,JP,MLS,2901
1994,L,JP,JP,SWO,8755
1994,L,JP,JP,SFA,224
1994,L,KR,,ALB,1744
1994,L,KR,,BET,20241
1994,L,KR,,SKJ,5
1994,L,KR,,YFT,9548
1994,L,KR,,BUM,1351
1994,L,KR,,BLM,99
1994,L,KR,,MLS,225
1994,L,KR,,SWO,621
1994,L,KR,,SFA,3
1994,L,MH,,BET,25
1994,L,MH,,YFT,23
1994,L,NC,,ALB,840
1994,L,NC,,BET,78
1994,L,NC,,YFT,437
1994,L,NC,,BUM,22
1994,L,NC,,BLM,52
1994,L,NC,,MLS,193
1994,L,NC,,SWO,8
1994,L,NC,,SFA,21
1994,L,NZ,,ALB,635
1994,L,NZ,,BET,69
1994,L,NZ,,YFT,32
1994,L,NZ,,SWO,94
1994,L,PF,,ALB,913
1994,L,PF,,BET,165
1994,L,PF,,SKJ,43
1994,L,PF,,YFT,275
1994,L,PF,,BUM,349
1994,L,PF,,BLM,2
1994,L,PF,,MLS,103
1994,L,PF,,SWO,72
1994,L,PF,,SFA,9
1994,L,PG,,YFT,30
1994,L,PG,,BUM,1
1994,L,PG,,BLM,1
1994,L,PG,,MLS,1
1994,L,PG,,SWO,1
1994,L,PG,,SFA,2
1994,L,PH,,BET,59
1994,L,PH,,YFT,484
1994,L,PH,,BUM,48
1994,L,PH,,BLM,14
1994,L,PH,,MLS,10
1994,L,PH,,SWO,26
1994,L,PW,,ALB,3
1994,L,PW,,BET,50
1994,L,PW,,YFT,31
1994,L,TO,,ALB,343
1994,L,TO,,BET,19
1994,L,TO,,SKJ,3
1994,L,TO,,YFT,46
1994,L,TO,,BUM,8
1994,L,TO,,BLM,9
1994,L,TO,,MLS,19
1994,L,TO,,SWO,10
1994,L,TW,DW,ALB,18799
1994,L,TW,DW,BET,799
1994,L,TW,DW,SKJ,43
1994,L,TW,DW,YFT,1977
1994,L,TW,DW,BUM,533
1994,L,TW,DW,BLM,24
1994,L,TW,DW,MLS,374
1994,L,TW,DW,SWO,217
1994,L,TW,OS,ALB,76
1994,L,TW,OS,BET,8592
1994,L,TW,OS,SKJ,48
1994,L,TW,OS,YFT,12746
1994,L,TW,OS,BUM,4506
1994,L,TW,OS,BLM,629
1994,L,TW,OS,MLS,251
1994,L,TW,OS,SWO,1537
1994,L,TW,OS,SFA,471
1994,L,US,HW,ALB,547
1994,L,US,HW,BET,1791
1994,L,US,HW,SKJ,54
1994,L,US,HW,YFT,615
1994,L,US,HW,BUM,378
1994,L,US,HW,MLS,384
1994,L,US,HW,SWO,3137
1994,L,US,HW,SFA,9
1994,L,US,US,ALB,1
1994,L,US,US,BET,2
1994,L,US,US,YFT,8
1994,L,WS,,ALB,641
1994,L,WS,,BET,14
1994,L,WS,,SKJ,8
1994,L,WS,,YFT,73
1994,L,WS,,BUM,8
1994,L,WS,,BLM,3
1994,L,WS,,MLS,7
1994,L,WS,,SWO,17
1995,L,US,AS,ALB,27
1995,L,US,AS,BET,1
1995,L,US,AS,YFT,2
1995,L,US,AS,BUM,2
1995,L,AU,AU,ALB,438
1995,L,AU,AU,BET,172
1995,L,AU,AU,SKJ,15
1995,L,AU,AU,YFT,1313
1995,L,AU,AU,BUM,4
1995,L,AU,AU,BLM,2
1995,L,AU,AU,MLS,87
1995,L,AU,AU,SWO,69
1995,L,AU,AU,BSH,403
1995,L,AU,JV,ALB,19
1995,L,CK,,ALB,25
1995,L,CK,,BET,14
1995,L,CK,,YFT,16
1995,L,CK,,BUM,16
1995,L,CK,,BLM,4
1995,L,CK,,MLS,11
1995,L,CK,,SWO,28
1995,L,CN,,ALB,5
1995,L,CN,,BET,4744
1995,L,CN,,YFT,5837
1995,L,CN,,BUM,1032
1995,L,CN,,BLM,400
1995,L,CN,,MLS,199
1995,L,CN,,SWO,721
1995,L,CN,,SFA,8
1995,L,FJ,,ALB,702
1995,L,FJ,,BET,378
1995,L,FJ,,YFT,949
1995,L,FJ,,BUM,224
1995,L,FJ,,BLM,6
1995,L,FJ,,MLS,67
1995,L,FJ,,SWO,211
1995,L,FJ,,SFA,21
1995,L,FM,,BET,51
1995,L,FM,,YFT,153
1995,L,FM,,BUM,18
1995,L,FM,,BLM,1
1995,L,FM,,MLS,5
1995,L,FM,,SWO,2
1995,L,ID,,BET,2981
1995,L,ID,,YFT,13263
1995,L,ID,,BUM,536
1995,L,ID,,BLM,161
1995,L,ID,,MLS,107
1995,L,ID,,SWO,295
1995,L,ID,,SFA,241
1995,L,JP,CS,ALB,17497
1995,L,JP,CS,BET,5532
1995,L,JP,CS,SKJ,111
1995,L,JP,CS,YFT,6886
1995,L,JP,CS,PBF,571
1995,L,JP,CS,BUM,1687
1995,L,JP,CS,MLS,1840
1995,L,JP,CS,SWO,1386
1995,L,JP,JP,ALB,15259
1995,L,JP,JP,BET,24461
1995,L,JP,JP,SKJ,99
1995,L,JP,JP,YFT,29196
1995,L,JP,JP,PBF,105
1995,L,JP,JP,BUM,4262
1995,L,JP,JP,BLM,163
1995,L,JP,JP,MLS,2950
1995,L,JP,JP,SWO,7295
1995,L,JP,JP,SFA,114
1995,L,KI,,BET,1
1995,L,KI,,YFT,5
1995,L,KI,,BUM,1
1995,L,KR,,ALB,2455
1995,L,KR,,BET,18849
1995,L,KR,,SKJ,2
1995,L,KR,,YFT,9596
1995,L,KR,,BUM,2507
1995,L,KR,,BLM,66
1995,L,KR,,MLS,323
1995,L,KR,,SWO,754
1995,L,KR,,SFA,4
1995,L,MH,,BET,10
1995,L,MH,,YFT,12
1995,L,MH,,BUM,1
1995,L,MH,,SWO,2
1995,L,NC,,ALB,332
1995,L,NC,,BET,103
1995,L,NC,,YFT,839
1995,L,NC,,BUM,14
1995,L,NC,,BLM,31
1995,L,NC,,MLS,89
1995,L,NC,,SWO,10
1995,L,NC,,SFA,19
1995,L,NZ,,ALB,810
1995,L,NZ,,BET,60
1995,L,NZ,,SKJ,2
1995,L,NZ,,YFT,94
1995,L,NZ,,SWO,108
1995,L,NZ,,SFA,1
1995,L,PF,,ALB,772
1995,L,PF,,BET,182
1995,L,PF,,SKJ,10
1995,L,PF,,YFT,297
1995,L,PF,,BUM,416
1995,L,PF,,BLM,2
1995,L,PF,,MLS,71
1995,L,PF,,SWO,61
1995,L,PF,,SFA,9
1995,L,PG,,ALB,6
1995,L,PG,,BET,19
1995,L,PG,,YFT,149
1995,L,PG,,BUM,1
1995,L,PG,,BLM,1
1995,L,PG,,MLS,2
1995,L,PG,,SFA,3
1995,L,PH,,BET,59
1995,L,PH,,YFT,484
1995,L,PH,,BUM,48
1995,L,PH,,BLM,14
1995,L,PH,,MLS,10
1995,L,PH,,SWO,26
1995,L,SB,,ALB,24
1995,L,SB,,BET,300
1995,L,SB,,YFT,199
1995,L,SB,,BUM,35
1995,L,SB,,BLM,3
1995,L,SB,,MLS,1
1995,L,SB,,SWO,3
1995,L,TO,,ALB,379
1995,L,TO,,BET,23
1995,L,TO,,YFT,59
1995,L,TO,,BUM,10
1995,L,TO,,BLM,10
1995,L,TO,,MLS,22
1995,L,TO,,SWO,12
1995,L,TW,DW,ALB,18683
1995,L,TW,DW,BET,607
1995,L,TW,DW,SKJ,157
1995,L,TW,DW,YFT,1725
1995,L,TW,DW,BUM,310
1995,L,TW,DW,BLM,5
1995,L,TW,DW,MLS,264
1995,L,TW,DW,SWO,263
1995,L,TW,OS,ALB,66
1995,L,TW,OS,BET,7290
1995,L,TW,OS,SKJ,87
1995,L,TW,OS,YFT,15776
1995,L,TW,OS,BUM,6191
1995,L,TW,OS,BLM,446
1995,L,TW,OS,MLS,391
1995,L,TW,OS,SWO,1755
1995,L,TW,OS,SFA,325
1995,L,US,HW,ALB,888
1995,L,US,HW,BET,2055
1995,L,US,HW,SKJ,103
1995,L,US,HW,YFT,1073
1995,L,US,HW,BUM,693
1995,L,US,HW,BLM,5
1995,L,US,HW,MLS,727
1995,L,US,HW,SWO,2660
1995,L,US,HW,SFA,11
1995,L,US,US,ALB,9
1995,L,US,US,BET,138
1995,L,US,US,YFT,101
1995,L,VU,,ALB,109
1995,L,VU,,BET,20
1995,L,VU,,YFT,47
1995,L,VU,,BUM,11
1995,L,VU,,BLM,1
1995,L,VU,,MLS,2
1995,L,VU,,SWO,2
1995,L,VU,,SFA,1
1995,L,WS,,ALB,1883
1995,L,WS,,BET,40
1995,L,WS,,SKJ,12
1995,L,WS,,YFT,216
1995,L,WS,,BUM,23
1995,L,WS,,BLM,10
1995,L,WS,,MLS,21
1995,L,WS,,SWO,49
1996,L,US,AS,ALB,86
1996,L,US,AS,BET,4
1996,L,US,AS,YFT,12
1996,L,US,AS,BUM,10
1996,L,US,AS,SWO,1
1996,L,AU,AU,ALB,408
1996,L,AU,AU,BET,293
1996,L,AU,AU,SKJ,11
1996,L,AU,AU,YFT,1660
1996,L,AU,AU,BUM,9
1996,L,AU,AU,BLM,5
1996,L,AU,AU,MLS,138
1996,L,AU,AU,SWO,639
1996,L,AU,AU,MAK,30
1996,L,AU,AU,BSH,42
1996,L,CK,,ALB,5
1996,L,CK,,BET,3
1996,L,CK,,YFT,8
1996,L,CK,,BUM,4
1996,L,CK,,BLM,2
1996,L,CK,,MLS,5
1996,L,CK,,SWO,9
1996,L,CN,,ALB,8
1996,L,CN,,BET,3261
1996,L,CN,,YFT,2757
1996,L,CN,,BUM,588
1996,L,CN,,BLM,228
1996,L,CN,,MLS,113
1996,L,CN,,SWO,411
1996,L,CN,,SFA,2
1996,L,FJ,,ALB,1446
1996,L,FJ,,BET,593
1996,L,FJ,,YFT,1376
1996,L,FJ,,BUM,161
1996,L,FJ,,BLM,10
1996,L,FJ,,MLS,75
1996,L,FJ,,SWO,167
1996,L,FJ,,SFA,19
1996,L,FM,,BET,79
1996,L,FM,,YFT,152
1996,L,FM,,BUM,7
1996,L,FM,,MLS,2
1996,L,FM,,SWO,1
1996,L,ID,,BET,4627
1996,L,ID,,YFT,20583
1996,L,ID,,BUM,638
1996,L,ID,,BLM,191
1996,L,ID,,MLS,128
1996,L,ID,,SWO,351
1996,L,ID,,SFA,287
1996,L,JP,CS,ALB,18627
1996,L,JP,CS,BET,6067
1996,L,JP,CS,SKJ,70
1996,L,JP,CS,YFT,6257
1996,L,JP,CS,PBF,778
1996,L,JP,CS,BUM,1332
1996,L,JP,CS,MLS,1836
1996,L,JP,CS,SWO,1063
1996,L,JP,JP,ALB,15698
1996,L,JP,JP,BET,20664
1996,L,JP,JP,SKJ,89
1996,L,JP,JP,YFT,23816
1996,L,JP,JP,PBF,119
1996,L,JP,JP,BUM,2485
1996,L,JP,JP,BLM,99
1996,L,JP,JP,MLS,1986
1996,L,JP,JP,SWO,7801
1996,L,JP,JP,SFA,71
1996,L,KR,,ALB,1948
1996,L,KR,,BET,13006
1996,L,KR,,SKJ,2
1996,L,KR,,YFT,12478
1996,L,KR,,BUM,1315
1996,L,KR,,BLM,44
1996,L,KR,,MLS,203
1996,L,KR,,SWO,677
1996,L,KR,,SFA,2
1996,L,NC,,ALB,414
1996,L,NC,,BET,233
1996,L,NC,,YFT,554
1996,L,NC,,BUM,11
1996,L,NC,,BLM,25
1996,L,NC,,MLS,101
1996,L,NC,,SWO,10
1996,L,NC,,SFA,7
1996,L,NZ,,ALB,1079
1996,L,NZ,,BET,86
1996,L,NZ,,SKJ,3
1996,L,NZ,,YFT,141
1996,L,NZ,,SWO,182
1996,L,PF,,ALB,1463
1996,L,PF,,BET,184
1996,L,PF,,SKJ,26
1996,L,PF,,YFT,380
1996,L,PF,,BUM,422
1996,L,PF,,BLM,2
1996,L,PF,,MLS,109
1996,L,PF,,SWO,84
1996,L,PF,,SFA,5
1996,L,PG,,ALB,38
1996,L,PG,,BET,13
1996,L,PG,,YFT,184
1996,L,PG,,BLM,2
1996,L,PG,,MLS,1
1996,L,PG,,SFA,3
1996,L,PH,,BET,59
1996,L,PH,,YFT,484
1996,L,PH,,BUM,48
1996,L,PH,,BLM,14
1996,L,PH,,MLS,10
1996,L,PH,,SWO,26
1996,L,SB,,ALB,100
1996,L,SB,,BET,403
1996,L,SB,,YFT,533
1996,L,SB,,BUM,209
1996,L,SB,,BLM,16
1996,L,SB,,MLS,4
1996,L,SB,,SWO,19
1996,L,TO,,ALB,431
1996,L,TO,,BET,60
1996,L,TO,,YFT,88
1996,L,TO,,BUM,12
1996,L,TO,,BLM,13
1996,L,TO,,MLS,28
1996,L,TO,,SWO,15
1996,L,TW,DW,ALB,16590
1996,L,TW,DW,BET,282
1996,L,TW,DW,SKJ,118
1996,L,TW,DW,YFT,1038
1996,L,TW,DW,BUM,173
1996,L,TW,DW,BLM,1
1996,L,TW,DW,MLS,177
1996,L,TW,DW,SWO,127
1996,L,TW,OS,ALB,93
1996,L,TW,OS,BET,6061
1996,L,TW,OS,SKJ,3575
1996,L,TW,OS,YFT,17456
1996,L,TW,OS,BUM,6536
1996,L,TW,OS,BLM,278
1996,L,TW,OS,MLS,368
1996,L,TW,OS,SWO,1573
1996,L,TW,OS,SFA,157
1996,L,US,HW,ALB,1188
1996,L,US,HW,BET,1796
1996,L,US,HW,SKJ,41
1996,L,US,HW,YFT,816
1996,L,US,HW,BUM,523
1996,L,US,HW,BLM,1
1996,L,US,HW,MLS,524
1996,L,US,HW,SWO,1969
1996,L,US,HW,SFA,6
1996,L,US,US,ALB,1
1996,L,US,US,BET,137
1996,L,US,US,YFT,185
1996,L,VU,,ALB,192
1996,L,VU,,BET,67
1996,L,VU,,YFT,276
1996,L,VU,,BUM,19
1996,L,VU,,BLM,4
1996,L,VU,,MLS,5
1996,L,VU,,SWO,3
1996,L,WS,,ALB,1775
1996,L,WS,,BET,27
1996,L,WS,,YFT,573
1996,L,WS,,BUM,23
1996,L,WS,,BLM,10
1996,L,WS,,MLS,21
1996,L,WS,,SWO,49
1997,L,US,AS,ALB,309
1997,L,US,AS,BET,4
1997,L,US,AS,SKJ,2
1997,L,US,AS,YFT,22
1997,L,US,AS,BUM,14
1997,L,US,AS,BLM,1
1997,L,US,AS,SWO,2
1997,L,AU,AU,ALB,258
1997,L,AU,AU,BET,808
1997,L,AU,AU,SKJ,8
1997,L,AU,AU,YFT,1680
1997,L,AU,AU,PBF,1
1997,L,AU,AU,MLS,198
1997,L,AU,AU,SWO,2126
1997,L,AU,AU,MAK,46
1997,L,AU,AU,BSH,65
1997,L,CN,,ALB,2
1997,L,CN,,BET,2243
1997,L,CN,,YFT,1419
1997,L,CN,,BUM,357
1997,L,CN,,BLM,139
1997,L,CN,,MLS,69
1997,L,CN,,SWO,250
1997,L,CN,,SFA,1
1997,L,FJ,,ALB,1842
1997,L,FJ,,BET,409
1997,L,FJ,,SKJ,5
1997,L,FJ,,YFT,970
1997,L,FJ,,BUM,209
1997,L,FJ,,BLM,40
1997,L,FJ,,MLS,89
1997,L,FJ,,SWO,78
1997,L,FJ,,SFA,40
1997,L,FM,,ALB,1
1997,L,FM,,BET,185
1997,L,FM,,YFT,267
1997,L,FM,,BUM,13
1997,L,FM,,BLM,4
1997,L,FM,,MLS,1
1997,L,FM,,SWO,4
1997,L,ID,,BET,3443
1997,L,ID,,YFT,15315
1997,L,ID,,BUM,533
1997,L,ID,,BLM,160
1997,L,ID,,MLS,107
1997,L,ID,,SWO,293
1997,L,ID,,SFA,240
1997,L,JP,CS,ALB,24926
1997,L,JP,CS,BET,5442
1997,L,JP,CS,SKJ,103
1997,L,JP,CS,YFT,6079
1997,L,JP,CS,PBF,1158
1997,L,JP,CS,BUM,1023
1997,L,JP,CS,MLS,1400
1997,L,JP,CS,SWO,1213
1997,L,JP,JP,ALB,16165
1997,L,JP,JP,BET,25223
1997,L,JP,JP,SKJ,99
1997,L,JP,JP,YFT,20354
1997,L,JP,JP,PBF,148
1997,L,JP,JP,BUM,2092
1997,L,JP,JP,BLM,76
1997,L,JP,JP,MLS,1688
1997,L,JP,JP,SWO,7905
1997,L,JP,JP,SFA,71
1997,L,KR,,ALB,1913
1997,L,KR,,BET,15891
1997,L,KR,,SKJ,1
1997,L,KR,,YFT,11888
1997,L,KR,,PBF,7
1997,L,KR,,BUM,1689
1997,L,KR,,BLM,115
1997,L,KR,,MLS,350
1997,L,KR,,SWO,518
1997,L,KR,,SFA,4
1997,L,NC,,ALB,277
1997,L,NC,,BET,234
1997,L,NC,,YFT,466
1997,L,NC,,BUM,8
1997,L,NC,,BLM,23
1997,L,NC,,MLS,60
1997,L,NC,,SWO,9
1997,L,NC,,SFA,6
1997,L,NZ,,ALB,847
1997,L,NZ,,BET,140
1997,L,NZ,,SKJ,1
1997,L,NZ,,YFT,121
1997,L,NZ,,SWO,282
1997,L,PF,,ALB,2595
1997,L,PF,,BET,308
1997,L,PF,,SKJ,22
1997,L,PF,,YFT,420
1997,L,PF,,BUM,337
1997,L,PF,,BLM,2
1997,L,PF,,MLS,148
1997,L,PF,,SWO,56
1997,L,PF,,SFA,3
1997,L,PG,,ALB,101
1997,L,PG,,BET,56
1997,L,PG,,YFT,389
1997,L,PG,,BUM,2
1997,L,PG,,BLM,1
1997,L,PG,,SWO,2
1997,L,PG,,SFA,1
1997,L,PH,,BET,59
1997,L,PH,,YFT,484
1997,L,PH,,BUM,48
1997,L,PH,,BLM,14
1997,L,PH,,MLS,10
1997,L,PH,,SWO,26
1997,L,PW,,BET,6
1997,L,PW,,YFT,1
1997,L,SB,,ALB,109
1997,L,SB,,BET,722
1997,L,SB,,YFT,886
1997,L,SB,,BUM,76
1997,L,SB,,BLM,6
1997,L,SB,,MLS,1
1997,L,SB,,SWO,7
1997,L,TO,,ALB,493
1997,L,TO,,BET,69
1997,L,TO,,SKJ,1
1997,L,TO,,YFT,100
1997,L,TO,,BUM,14
1997,L,TO,,BLM,15
1997,L,TO,,MLS,31
1997,L,TO,,SWO,17
1997,L,TO,,SFA,1
1997,L,TW,DW,ALB,16478
1997,L,TW,DW,BET,554
1997,L,TW,DW,SKJ,224
1997,L,TW,DW,YFT,855
1997,L,TW,DW,BUM,75
1997,L,TW,DW,BLM,5
1997,L,TW,DW,MLS,134
1997,L,TW,DW,SWO,154
1997,L,TW,OS,ALB,478
1997,L,TW,OS,BET,10054
1997,L,TW,OS,SKJ,3498
1997,L,TW,OS,YFT,16353
1997,L,TW,OS,BUM,5498
1997,L,TW,OS,BLM,337
1997,L,TW,OS,MLS,322
1997,L,TW,OS,SWO,1586
1997,L,TW,OS,SFA,322
1997,L,US,HW,ALB,1645
1997,L,US,HW,BET,2518
1997,L,US,HW,SKJ,106
1997,L,US,HW,YFT,1245
1997,L,US,HW,BUM,489
1997,L,US,HW,MLS,352
1997,L,US,HW,SWO,3532
1997,L,US,HW,SFA,19
1997,L,US,US,ALB,1
1997,L,US,US,BET,42
1997,L,US,US,YFT,103
1997,L,VU,,ALB,95
1997,L,VU,,BET,103
1997,L,VU,,YFT,265
1997,L,VU,,BUM,13
1997,L,VU,,BLM,3
1997,L,VU,,MLS,1
1997,L,VU,,SWO,1
1997,L,WS,,ALB,4108
1997,L,WS,,BET,63
1997,L,WS,,YFT,1327
1997,L,WS,,BUM,53
1997,L,WS,,BLM,23
1997,L,WS,,MLS,49
1997,L,WS,,SWO,114
1998,L,US,AS,ALB,446
1998,L,US,AS,BET,10
1998,L,US,AS,SKJ,10
1998,L,US,AS,YFT,42
1998,L,US,AS,BUM,21
1998,L,US,AS,MLS,1
1998,L,US,AS,SWO,2
1998,L,AU,AU,ALB,478
1998,L,AU,AU,BET,1166
1998,L,AU,AU,SKJ,15
1998,L,AU,AU,YFT,2152
1998,L,AU,AU,PBF,3
1998,L,AU,AU,BLM,1
1998,L,AU,AU,MLS,447
1998,L,AU,AU,SWO,2560
1998,L,AU,AU,SFA,4
1998,L,AU,AU,OCS,3
1998,L,AU,AU,MAK,81
1998,L,AU,AU,BSH,56
1998,L,CN,,ALB,1
1998,L,CN,,BET,1836
1998,L,CN,,YFT,1435
1998,L,CN,,BUM,319
1998,L,CN,,BLM,124
1998,L,CN,,MLS,62
1998,L,CN,,SWO,223
1998,L,FJ,,ALB,2121
1998,L,FJ,,BET,460
1998,L,FJ,,SKJ,9
1998,L,FJ,,YFT,862
1998,L,FJ,,BUM,198
1998,L,FJ,,BLM,38
1998,L,FJ,,MLS,203
1998,L,FJ,,SWO,92
1998,L,FJ,,SFA,34
1998,L,FM,,BET,521
1998,L,FM,,SKJ,1
1998,L,FM,,YFT,530
1998,L,FM,,BUM,63
1998,L,FM,,BLM,22
1998,L,FM,,MLS,5
1998,L,FM,,SWO,31
1998,L,FM,,SFA,14
1998,L,ID,,BET,4545
1998,L,ID,,YFT,20221
1998,L,ID,,BUM,659
1998,L,ID,,BLM,198
1998,L,ID,,MLS,132
1998,L,ID,,SWO,363
1998,L,ID,,SFA,297
1998,L,JP,CS,ALB,23403
1998,L,JP,CS,BET,4846
1998,L,JP,CS,SKJ,67
1998,L,JP,CS,YFT,5888
1998,L,JP,CS,PBF,1086
1998,L,JP,CS,BUM,1147
1998,L,JP,CS,MLS,1975
1998,L,JP,CS,SWO,1186
1998,L,JP,JP,ALB,16632
1998,L,JP,JP,BET,28085
1998,L,JP,JP,SKJ,37
1998,L,JP,JP,YFT,17016
1998,L,JP,JP,PBF,173
1998,L,JP,JP,BUM,2422
1998,L,JP,JP,BLM,115
1998,L,JP,JP,MLS,2220
1998,L,JP,JP,SWO,7054
1998,L,JP,JP,SFA,121
1998,L,KR,,ALB,6436
1998,L,KR,,BET,27429
1998,L,KR,,SKJ,2
1998,L,KR,,YFT,13156
1998,L,KR,,PBF,40
1998,L,KR,,BUM,3575
1998,L,KR,,BLM,228
1998,L,KR,,MLS,593
1998,L,KR,,SWO,957
1998,L,KR,,SFA,11
1998,L,NC,,ALB,860
1998,L,NC,,BET,498
1998,L,NC,,YFT,185
1998,L,NC,,BUM,9
1998,L,NC,,BLM,33
1998,L,NC,,MLS,159
1998,L,NC,,SWO,26
1998,L,NC,,SFA,6
1998,L,NZ,,ALB,2057
1998,L,NZ,,BET,388
1998,L,NZ,,SKJ,3
1998,L,NZ,,YFT,116
1998,L,NZ,,SWO,564
1998,L,PF,,ALB,3189
1998,L,PF,,BET,402
1998,L,PF,,SKJ,34
1998,L,PF,,YFT,480
1998,L,PF,,BUM,307
1998,L,PF,,BLM,2
1998,L,PF,,MLS,101
1998,L,PF,,SWO,58
1998,L,PF,,SFA,4
1998,L,PG,,ALB,104
1998,L,PG,,BET,42
1998,L,PG,,YFT,481
1998,L,PG,,BUM,5
1998,L,PG,,BLM,2
1998,L,PG,,MLS,3
1998,L,PG,,SWO,4
1998,L,PG,,SFA,2
1998,L,PH,,BET,59
1998,L,PH,,YFT,484
1998,L,PH,,BUM,48
1998,L,PH,,BLM,14
1998,L,PH,,MLS,10
1998,L,PH,,SWO,26
1998,L,SB,,ALB,370
1998,L,SB,,BET,726
1998,L,SB,,YFT,657
1998,L,SB,,BUM,77
1998,L,SB,,BLM,6
1998,L,SB,,MLS,1
1998,L,SB,,SWO,7
1998,L,TO,,ALB,616
1998,L,TO,,BET,86
1998,L,TO,,SKJ,6
1998,L,TO,,YFT,125
1998,L,TO,,BUM,17
1998,L,TO,,BLM,19
1998,L,TO,,MLS,39
1998,L,TO,,SWO,21
1998,L,TO,,SFA,1
1998,L,TW,DW,ALB,17050
1998,L,TW,DW,BET,1505
1998,L,TW,DW,SKJ,834
1998,L,TW,DW,YFT,1049
1998,L,TW,DW,BUM,168
1998,L,TW,DW,BLM,20
1998,L,TW,DW,MLS,346
1998,L,TW,DW,SWO,257
1998,L,TW,OS,ALB,217
1998,L,TW,OS,BET,8682
1998,L,TW,OS,SKJ,2993
1998,L,TW,OS,YFT,14331
1998,L,TW,OS,BUM,6957
1998,L,TW,OS,BLM,691
1998,L,TW,OS,MLS,358
1998,L,TW,OS,SWO,2089
1998,L,TW,OS,SFA,431
1998,L,US,HW,ALB,1122
1998,L,US,HW,BET,3270
1998,L,US,HW,SKJ,76
1998,L,US,HW,YFT,859
1998,L,US,HW,BUM,395
1998,L,US,HW,BLM,4
1998,L,US,HW,MLS,379
1998,L,US,HW,SWO,3682
1998,L,US,HW,SFA,19
1998,L,US,US,ALB,6
1998,L,US,US,BET,57
1998,L,US,US,YFT,136
1998,L,VU,,ALB,10
1998,L,VU,,BET,53
1998,L,VU,,YFT,25
1998,L,VU,,BUM,3
1998,L,VU,,BLM,1
1998,L,WS,,ALB,4742
1998,L,WS,,BET,334
1998,L,WS,,SKJ,943
1998,L,WS,,YFT,801
1998,L,WS,,BUM,56
1998,L,WS,,BLM,22
1998,L,WS,,MLS,41
1998,L,WS,,SWO,95
1998,L,WS,,SFA,87
1999,L,US,AS,ALB,338
1999,L,US,AS,BET,9
1999,L,US,AS,SKJ,22
1999,L,US,AS,YFT,64
1999,L,US,AS,BUM,16
1999,L,US,AS,BLM,3
1999,L,US,AS,MLS,2
1999,L,AU,AU,ALB,373
1999,L,AU,AU,BET,891
1999,L,AU,AU,SKJ,15
1999,L,AU,AU,YFT,1839
1999,L,AU,AU,PBF,5
1999,L,AU,AU,MLS,490
1999,L,AU,AU,SWO,2806
1999,L,AU,AU,SFA,3
1999,L,AU,AU,OCS,8
1999,L,AU,AU,MAK,128
1999,L,AU,AU,BSH,64
1999,L,CN,,ALB,3473
1999,L,CN,,BET,1805
1999,L,CN,,YFT,2237
1999,L,CN,,BUM,663
1999,L,CN,,BLM,257
1999,L,CN,,MLS,128
1999,L,CN,,SWO,463
1999,L,CN,,SFA,5
1999,L,FJ,,ALB,2279
1999,L,FJ,,BET,462
1999,L,FJ,,SKJ,7
1999,L,FJ,,YFT,725
1999,L,FJ,,BUM,324
1999,L,FJ,,BLM,44
1999,L,FJ,,MLS,218
1999,L,FJ,,SWO,104
1999,L,FJ,,SFA,28
1999,L,FM,,ALB,2
1999,L,FM,,BET,617
1999,L,FM,,YFT,225
1999,L,FM,,BUM,54
1999,L,FM,,BLM,18
1999,L,FM,,MLS,4
1999,L,FM,,SWO,26
1999,L,ID,,BET,4314
1999,L,ID,,YFT,19191
1999,L,ID,,BUM,681
1999,L,ID,,BLM,204
1999,L,ID,,MLS,136
1999,L,ID,,SWO,375
1999,L,ID,,SFA,307
1999,L,JP,CS,ALB,21219
1999,L,JP,CS,BET,5805
1999,L,JP,CS,SKJ,74
1999,L,JP,CS,YFT,5500
1999,L,JP,CS,PBF,1030
1999,L,JP,CS,BUM,1063
1999,L,JP,CS,MLS,1551
1999,L,JP,CS,SWO,1047
1999,L,JP,JP,ALB,12885
1999,L,JP,JP,BET,22960
1999,L,JP,JP,SKJ,33
1999,L,JP,JP,YFT,12118
1999,L,JP,JP,PBF,136
1999,L,JP,JP,BUM,2413
1999,L,JP,JP,BLM,59
1999,L,JP,JP,MLS,1518
1999,L,JP,JP,SWO,6120
1999,L,JP,JP,SFA,36
1999,L,KR,,ALB,961
1999,L,KR,,BET,22387
1999,L,KR,,SKJ,3
1999,L,KR,,YFT,8293
1999,L,KR,,PBF,31
1999,L,KR,,BUM,3079
1999,L,KR,,BLM,122
1999,L,KR,,MLS,516
1999,L,KR,,SWO,1305
1999,L,KR,,SFA,9
1999,L,NC,,ALB,690
1999,L,NC,,BET,553
1999,L,NC,,YFT,373
1999,L,NC,,BUM,15
1999,L,NC,,BLM,37
1999,L,NC,,MLS,91
1999,L,NC,,SWO,17
1999,L,NC,,SFA,20
1999,L,NZ,,ALB,2103
1999,L,NZ,,BET,420
1999,L,NZ,,SKJ,1
1999,L,NZ,,YFT,149
1999,L,NZ,,SWO,1004
1999,L,PF,,ALB,2580
1999,L,PF,,BET,276
1999,L,PF,,SKJ,103
1999,L,PF,,YFT,756
1999,L,PF,,BUM,355
1999,L,PF,,BLM,2
1999,L,PF,,MLS,161
1999,L,PF,,SWO,66
1999,L,PF,,SFA,10
1999,L,PG,,ALB,129
1999,L,PG,,BET,60
1999,L,PG,,YFT,490
1999,L,PG,,BUM,17
1999,L,PG,,BLM,9
1999,L,PG,,MLS,1
1999,L,PG,,SWO,6
1999,L,PG,,SFA,3
1999,L,PH,,BET,59
1999,L,PH,,YFT,484
1999,L,PH,,BUM,48
1999,L,PH,,BLM,14
1999,L,PH,,MLS,10
1999,L,PH,,SWO,26
1999,L,SB,,ALB,136
1999,L,SB,,BET,469
1999,L,SB,,YFT,533
1999,L,SB,,BUM,50
1999,L,SB,,BLM,4
1999,L,SB,,MLS,1
1999,L,SB,,SWO,5
1999,L,TO,,ALB,801
1999,L,TO,,BET,112
1999,L,TO,,SKJ,8
1999,L,TO,,YFT,163
1999,L,TO,,BUM,22
1999,L,TO,,BLM,24
1999,L,TO,,MLS,51
1999,L,TO,,SWO,27
1999,L,TO,,SFA,3
1999,L,TW,DW,ALB,14589
1999,L,TW,DW,BET,1443
1999,L,TW,DW,SKJ,381
1999,L,TW,DW,YFT,995
1999,L,TW,DW,BUM,122
1999,L,TW,DW,BLM,17
1999,L,TW,DW,MLS,231
1999,L,TW,DW,SWO,229
1999,L,TW,OS,ALB,703
1999,L,TW,OS,BET,9010
1999,L,TW,OS,SKJ,2663
1999,L,TW,OS,YFT,15520
1999,L,TW,OS,BUM,5223
1999,L,TW,OS,BLM,1074
1999,L,TW,OS,MLS,347
1999,L,TW,OS,SWO,2361
1999,L,TW,OS,SFA,225
1999,L,US,HW,ALB,1541
1999,L,US,HW,BET,2820
1999,L,US,HW,SKJ,99
1999,L,US,HW,YFT,549
1999,L,US,HW,BUM,375
1999,L,US,HW,MLS,364
1999,L,US,HW,SWO,4420
1999,L,US,HW,SFA,10
1999,L,US,US,ALB,1
1999,L,US,US,BET,63
1999,L,US,US,YFT,72
1999,L,WS,,ALB,4027
1999,L,WS,,BET,283
1999,L,WS,,SKJ,799
1999,L,WS,,YFT,681
1999,L,WS,,BUM,47
1999,L,WS,,BLM,23
1999,L,WS,,MLS,59
1999,L,WS,,SWO,124
1999,L,WS,,SFA,108
2000,L,US,AS,ALB,626
2000,L,US,AS,BET,21
2000,L,US,AS,SKJ,12
2000,L,US,AS,YFT,86
2000,L,US,AS,BUM,22
2000,L,US,AS,BLM,2
2000,L,US,AS,SWO,1
2000,L,AU,AU,ALB,381
2000,L,AU,AU,BET,765
2000,L,AU,AU,SKJ,15
2000,L,AU,AU,YFT,1799
2000,L,AU,AU,PBF,8
2000,L,AU,AU,MLS,506
2000,L,AU,AU,SWO,2696
2000,L,AU,AU,SFA,5
2000,L,AU,AU,OCS,14
2000,L,AU,AU,MAK,138
2000,L,AU,AU,BSH,51
2000,L,CN,,ALB,2056
2000,L,CN,,BET,1981
2000,L,CN,,YFT,2207
2000,L,CN,,BUM,624
2000,L,CN,,BLM,143
2000,L,CN,,MLS,124
2000,L,CN,,SWO,273
2000,L,CN,,SFA,2
2000,L,FJ,,ALB,6065
2000,L,FJ,,BET,687
2000,L,FJ,,SKJ,3
2000,L,FJ,,YFT,2465
2000,L,FJ,,BUM,340
2000,L,FJ,,BLM,34
2000,L,FJ,,MLS,141
2000,L,FJ,,SWO,118
2000,L,FJ,,SFA,20
2000,L,FM,,ALB,5
2000,L,FM,,BET,895
2000,L,FM,,YFT,495
2000,L,FM,,BUM,84
2000,L,FM,,BLM,29
2000,L,FM,,MLS,7
2000,L,FM,,SWO,41
2000,L,ID,,BET,4590
2000,L,ID,,YFT,20419
2000,L,ID,,BUM,351
2000,L,ID,,BLM,105
2000,L,ID,,MLS,68
2000,L,ID,,SWO,193
2000,L,ID,,SFA,140
2000,L,JP,CS,ALB,19228
2000,L,JP,CS,BET,6042
2000,L,JP,CS,YFT,6895
2000,L,JP,CS,PBF,832
2000,L,JP,CS,BUM,1226
2000,L,JP,CS,MLS,1109
2000,L,JP,CS,SWO,1112
2000,L,JP,JP,ALB,12710
2000,L,JP,JP,BET,21811
2000,L,JP,JP,SKJ,18
2000,L,JP,JP,YFT,20583
2000,L,JP,JP,PBF,126
2000,L,JP,JP,BUM,2155
2000,L,JP,JP,BLM,74
2000,L,JP,JP,MLS,958
2000,L,JP,JP,SWO,6221
2000,L,JP,JP,SFA,49
2000,L,KI,,BET,1
2000,L,KI,,YFT,2
2000,L,KR,,ALB,837
2000,L,KR,,BET,23867
2000,L,KR,,SKJ,5
2000,L,KR,,YFT,12991
2000,L,KR,,PBF,14
2000,L,KR,,BUM,2324
2000,L,KR,,BLM,96
2000,L,KR,,MLS,271
2000,L,KR,,SWO,1530
2000,L,KR,,SFA,3
2000,L,NC,,ALB,895
2000,L,NC,,BET,517
2000,L,NC,,YFT,250
2000,L,NC,,BUM,60
2000,L,NC,,BLM,27
2000,L,NC,,MLS,160
2000,L,NC,,SWO,40
2000,L,NC,,SFA,18
2000,L,NR,,ALB,2
2000,L,NR,,BET,1
2000,L,NR,,YFT,8
2000,L,NZ,,ALB,1344
2000,L,NZ,,BET,421
2000,L,NZ,,SKJ,1
2000,L,NZ,,YFT,98
2000,L,NZ,,SWO,975
2000,L,NZ,,MAK,17
2000,L,NZ,,BSH,103
2000,L,NZ,,THR,6
2000,L,NZ,,POR,16
2000,L,PF,,ALB,3473
2000,L,PF,,BET,711
2000,L,PF,,SKJ,72
2000,L,PF,,YFT,1202
2000,L,PF,,BUM,261
2000,L,PF,,BLM,1
2000,L,PF,,MLS,87
2000,L,PF,,SWO,47
2000,L,PF,,SFA,11
2000,L,PG,,ALB,159
2000,L,PG,,BET,187
2000,L,PG,,SKJ,1
2000,L,PG,,YFT,844
2000,L,PG,,BUM,26
2000,L,PG,,BLM,4
2000,L,PG,,MLS,7
2000,L,PG,,SWO,12
2000,L,PG,,SFA,8
2000,L,PH,,BET,59
2000,L,PH,,YFT,484
2000,L,PH,,BUM,48
2000,L,PH,,BLM,14
2000,L,PH,,MLS,10
2000,L,PH,,SWO,26
2000,L,PW,,ALB,2
2000,L,PW,,BET,75
2000,L,PW,,YFT,63
2000,L,SB,,ALB,224
2000,L,SB,,BET,364
2000,L,SB,,YFT,557
2000,L,SB,,BUM,51
2000,L,SB,,BLM,4
2000,L,SB,,MLS,1
2000,L,SB,,SWO,5
2000,L,TO,,ALB,862
2000,L,TO,,BET,120
2000,L,TO,,SKJ,4
2000,L,TO,,YFT,175
2000,L,TO,,BUM,24
2000,L,TO,,BLM,26
2000,L,TO,,MLS,55
2000,L,TO,,SWO,29
2000,L,TO,,SFA,4
2000,L,TW,DW,ALB,14414
2000,L,TW,DW,BET,1160
2000,L,TW,DW,SKJ,265
2000,L,TW,DW,YFT,1639
2000,L,TW,DW,BUM,52
2000,L,TW,DW,BLM,16
2000,L,TW,DW,MLS,130
2000,L,TW,DW,SWO,227
2000,L,TW,OS,ALB,1087
2000,L,TW,OS,BET,7231
2000,L,TW,OS,SKJ,4045
2000,L,TW,OS,YFT,14378
2000,L,TW,OS,BUM,5440
2000,L,TW,OS,BLM,533
2000,L,TW,OS,MLS,377
2000,L,TW,OS,SWO,2457
2000,L,TW,OS,SFA,236
2000,L,US,HW,ALB,941
2000,L,US,HW,BET,2706
2000,L,US,HW,SKJ,93
2000,L,US,HW,YFT,1195
2000,L,US,HW,BUM,328
2000,L,US,HW,MLS,200
2000,L,US,HW,SWO,4832
2000,L,US,HW,SFA,4
2000,L,US,US,BET,30
2000,L,US,US,YFT,58
2000,L,VU,,ALB,501
2000,L,VU,,BET,12
2000,L,VU,,YFT,57
2000,L,VU,,MLS,5
2000,L,VU,,SWO,1
2000,L,WS,,ALB,4067
2000,L,WS,,BET,177
2000,L,WS,,SKJ,25
2000,L,WS,,YFT,1120
2000,L,WS,,BUM,57
2000,L,WS,,BLM,25
2000,L,WS,,MLS,53
2000,L,WS,,SWO,123
2001,L,US,AS,ALB,3233
2001,L,US,AS,BET,75
2001,L,US,AS,SKJ,64
2001,L,US,AS,YFT,188
2001,L,AU,AU,ALB,591
2001,L,AU,AU,BET,1307
2001,L,AU,AU,SKJ,6
2001,L,AU,AU,YFT,2819
2001,L,AU,AU,PBF,7
2001,L,AU,AU,BUM,72
2001,L,AU,AU,BLM,46
2001,L,AU,AU,MLS,539
2001,L,AU,AU,SWO,2267
2001,L,AU,AU,SFA,17
2001,L,AU,AU,OCS,25
2001,L,AU,AU,MAK,154
2001,L,AU,AU,BSH,43
2001,L,CK,,ALB,2
2001,L,CK,,BET,1
2001,L,CK,,YFT,1
2001,L,CN,,ALB,2711
2001,L,CN,,BET,2227
2001,L,CN,,YFT,1919
2001,L,CN,,BUM,685
2001,L,CN,,BLM,157
2001,L,CN,,MLS,136
2001,L,CN,,SWO,300
2001,L,FJ,,ALB,7971
2001,L,FJ,,BET,662
2001,L,FJ,,SKJ,24
2001,L,FJ,,YFT,2082
2001,L,FJ,,BUM,186
2001,L,FJ,,BLM,46
2001,L,FJ,,MLS,88
2001,L,FJ,,SWO,115
2001,L,FJ,,SFA,31
2001,L,FM,,ALB,3
2001,L,FM,,BET,651
2001,L,FM,,YFT,338
2001,L,FM,,BUM,60
2001,L,FM,,BLM,20
2001,L,FM,,MLS,5
2001,L,FM,,SWO,29
2001,L,ID,,BET,4224
2001,L,ID,,YFT,18789
2001,L,ID,,BUM,452
2001,L,ID,,BLM,135
2001,L,ID,,MLS,88
2001,L,ID,,SWO,249
2001,L,ID,,SFA,180
2001,L,JP,CS,ALB,17539
2001,L,JP,CS,BET,5587
2001,L,JP,CS,SKJ,56
2001,L,JP,CS,YFT,5944
2001,L,JP,CS,PBF,728
2001,L,JP,CS,BUM,1215
2001,L,JP,CS,MLS,1326
2001,L,JP,CS,SWO,899
2001,L,JP,JP,ALB,14427
2001,L,JP,JP,BET,21879
2001,L,JP,JP,SKJ,72
2001,L,JP,JP,YFT,12152
2001,L,JP,JP,PBF,68
2001,L,JP,JP,BUM,1855
2001,L,JP,JP,BLM,38
2001,L,JP,JP,MLS,955
2001,L,JP,JP,SWO,5981
2001,L,JP,JP,SFA,49
2001,L,KI,,YFT,2
2001,L,KI,,BUM,1
2001,L,KR,,ALB,2675
2001,L,KR,,BET,22172
2001,L,KR,,SKJ,4
2001,L,KR,,YFT,13768
2001,L,KR,,PBF,18
2001,L,KR,,BUM,3868
2001,L,KR,,BLM,164
2001,L,KR,,MLS,279
2001,L,KR,,SWO,1480
2001,L,KR,,SFA,2
2001,L,NC,,ALB,1020
2001,L,NC,,BET,128
2001,L,NC,,YFT,570
2001,L,NC,,BUM,62
2001,L,NC,,BLM,28
2001,L,NC,,MLS,165
2001,L,NC,,SWO,41
2001,L,NC,,SFA,9
2001,L,NC,,MAK,36
2001,L,NR,,ALB,2
2001,L,NR,,BET,6
2001,L,NR,,YFT,5
2001,L,NZ,,ALB,2614
2001,L,NZ,,BET,481
2001,L,NZ,,SKJ,6
2001,L,NZ,,YFT,131
2001,L,NZ,,SWO,1027
2001,L,NZ,,MAK,208
2001,L,NZ,,BSH,1165
2001,L,NZ,,THR,51
2001,L,NZ,,POR,188
2001,L,PF,,ALB,4261
2001,L,PF,,BET,745
2001,L,PF,,SKJ,91
2001,L,PF,,YFT,967
2001,L,PF,,BUM,265
2001,L,PF,,BLM,1
2001,L,PF,,MLS,95
2001,L,PF,,SWO,79
2001,L,PF,,SFA,5
2001,L,PG,,ALB,124
2001,L,PG,,BET,240
2001,L,PG,,SKJ,1
2001,L,PG,,YFT,1812
2001,L,PG,,BUM,48
2001,L,PG,,BLM,7
2001,L,PG,,MLS,13
2001,L,PG,,SWO,22
2001,L,PG,,SFA,14
2001,L,PH,,BET,59
2001,L,PH,,YFT,484
2001,L,PH,,BUM,48
2001,L,PH,,BLM,14
2001,L,PH,,MLS,10
2001,L,PH,,SWO,26
2001,L,PW,,BET,21
2001,L,PW,,YFT,41
2001,L,SB,,ALB,54
2001,L,SB,,BET,187
2001,L,SB,,YFT,159
2001,L,SB,,BUM,18
2001,L,SB,,BLM,1
2001,L,SB,,SWO,2
2001,L,TO,,ALB,1268
2001,L,TO,,BET,191
2001,L,TO,,SKJ,15
2001,L,TO,,YFT,259
2001,L,TO,,BUM,36
2001,L,TO,,BLM,39
2001,L,TO,,MLS,82
2001,L,TO,,SWO,44
2001,L,TO,,SFA,4
2001,L,TW,DW,ALB,14052
2001,L,TW,DW,BET,3142
2001,L,TW,DW,SKJ,276
2001,L,TW,DW,YFT,2479
2001,L,TW,DW,BUM,257
2001,L,TW,DW,BLM,28
2001,L,TW,DW,MLS,210
2001,L,TW,DW,SWO,767
2001,L,TW,OS,ALB,832
2001,L,TW,OS,BET,9293
2001,L,TW,OS,SKJ,3844
2001,L,TW,OS,YFT,19847
2001,L,TW,OS,BUM,5646
2001,L,TW,OS,BLM,587
2001,L,TW,OS,MLS,410
2001,L,TW,OS,SWO,2566
2001,L,TW,OS,SFA,3
2001,L,US,HW,ALB,1293
2001,L,US,HW,BET,2418
2001,L,US,HW,SKJ,211
2001,L,US,HW,YFT,1016
2001,L,US,HW,BUM,414
2001,L,US,HW,MLS,356
2001,L,US,HW,SWO,1971
2001,L,US,HW,SFA,7
2001,L,VU,,ALB,655
2001,L,VU,,BET,37
2001,L,VU,,YFT,78
2001,L,VU,,MLS,2
2001,L,VU,,SWO,5
2001,L,WS,,ALB,4820
2001,L,WS,,BET,185
2001,L,WS,,SKJ,389
2001,L,WS,,YFT,470
2001,L,WS,,BUM,55
2001,L,WS,,BLM,27
2001,L,WS,,MLS,22
2001,L,WS,,SWO,27
2001,L,WS,,SFA,21
2002,L,US,AS,ALB,5951
2002,L,US,AS,BET,196
2002,L,US,AS,SKJ,129
2002,L,US,AS,YFT,485
2002,L,AU,AU,ALB,553
2002,L,AU,AU,BET,1002
2002,L,AU,AU,SKJ,8
2002,L,AU,AU,YFT,3531
2002,L,AU,AU,PBF,6
2002,L,AU,AU,BUM,90
2002,L,AU,AU,BLM,72
2002,L,AU,AU,MLS,637
2002,L,AU,AU,SWO,2275
2002,L,AU,AU,SFA,17
2002,L,AU,AU,OCS,34
2002,L,AU,AU,MAK,123
2002,L,AU,AU,BSH,39
2002,L,CK,,ALB,490
2002,L,CK,,BET,56
2002,L,CK,,SKJ,16
2002,L,CK,,YFT,42
2002,L,CK,,MLS,14
2002,L,CK,,SWO,13
2002,L,CK,,SFA,2
2002,L,CN,,ALB,2920
2002,L,CN,,BET,2312
2002,L,CN,,YFT,1844
2002,L,CN,,BUM,707
2002,L,CN,,BLM,162
2002,L,CN,,MLS,141
2002,L,CN,,SWO,310
2002,L,CN,,SFA,1
2002,L,FJ,,ALB,8026
2002,L,FJ,,BET,853
2002,L,FJ,,SKJ,75
2002,L,FJ,,YFT,2027
2002,L,FJ,,BUM,192
2002,L,FJ,,BLM,66
2002,L,FJ,,MLS,120
2002,L,FJ,,SWO,170
2002,L,FJ,,SFA,52
2002,L,FM,,BET,759
2002,L,FM,,YFT,164
2002,L,FM,,BUM,56
2002,L,FM,,BLM,19
2002,L,FM,,MLS,5
2002,L,FM,,SWO,27
2002,L,ID,,BET,4060
2002,L,ID,,YFT,18059
2002,L,ID,,BUM,706
2002,L,ID,,BLM,211
2002,L,ID,,MLS,138
2002,L,ID,,SWO,388
2002,L,ID,,SFA,281
2002,L,JP,CS,ALB,16918
2002,L,JP,CS,BET,6565
2002,L,JP,CS,SKJ,19
2002,L,JP,CS,YFT,3936
2002,L,JP,CS,PBF,794
2002,L,JP,CS,BUM,915
2002,L,JP,CS,MLS,796
2002,L,JP,CS,SWO,956
2002,L,JP,JP,ALB,9693
2002,L,JP,JP,BET,23009
2002,L,JP,JP,SKJ,54
2002,L,JP,JP,YFT,11874
2002,L,JP,JP,PBF,51
2002,L,JP,JP,BUM,1657
2002,L,JP,JP,BLM,80
2002,L,JP,JP,MLS,626
2002,L,JP,JP,SWO,5988
2002,L,JP,JP,SFA,62
2002,L,KI,,BUM,1
2002,L,KR,,ALB,4415
2002,L,KR,,BET,28533
2002,L,KR,,SKJ,10
2002,L,KR,,YFT,15497
2002,L,KR,,PBF,2
2002,L,KR,,BUM,3845
2002,L,KR,,BLM,211
2002,L,KR,,MLS,341
2002,L,KR,,SWO,1745
2002,L,KR,,SFA,10
2002,L,NC,,ALB,1165
2002,L,NC,,BET,189
2002,L,NC,,YFT,572
2002,L,NC,,BUM,70
2002,L,NC,,BLM,31
2002,L,NC,,MLS,185
2002,L,NC,,SWO,46
2002,L,NC,,SFA,6
2002,L,NC,,MAK,20
2002,L,NR,,ALB,2
2002,L,NR,,BET,3
2002,L,NR,,YFT,2
2002,L,NZ,,ALB,2545
2002,L,NZ,,BET,201
2002,L,NZ,,SKJ,7
2002,L,NZ,,YFT,27
2002,L,NZ,,MLS,1
2002,L,NZ,,SWO,920
2002,L,NZ,,MAK,327
2002,L,NZ,,BSH,1328
2002,L,NZ,,THR,57
2002,L,NZ,,POR,127
2002,L,PF,,ALB,4557
2002,L,PF,,BET,649
2002,L,PF,,SKJ,92
2002,L,PF,,YFT,507
2002,L,PF,,BUM,255
2002,L,PF,,BLM,2
2002,L,PF,,MLS,91
2002,L,PF,,SWO,70
2002,L,PF,,SFA,4
2002,L,PG,,ALB,142
2002,L,PG,,BET,318
2002,L,PG,,YFT,1738
2002,L,PG,,BUM,49
2002,L,PG,,BLM,7
2002,L,PG,,MLS,13
2002,L,PG,,SWO,22
2002,L,PG,,SFA,12
2002,L,PH,,BET,59
2002,L,PH,,YFT,484
2002,L,PH,,BUM,48
2002,L,PH,,BLM,14
2002,L,PH,,MLS,10
2002,L,PH,,SWO,26
2002,L,PW,,BET,1
2002,L,PW,,YFT,3
2002,L,SB,,ALB,121
2002,L,SB,,BET,401
2002,L,SB,,YFT,401
2002,L,SB,,BUM,38
2002,L,SB,,BLM,3
2002,L,SB,,MLS,1
2002,L,SB,,SWO,3
2002,L,TO,,ALB,1189
2002,L,TO,,BET,215
2002,L,TO,,SKJ,5
2002,L,TO,,YFT,263
2002,L,TO,,BUM,35
2002,L,TO,,BLM,38
2002,L,TO,,MLS,79
2002,L,TO,,SWO,42
2002,L,TO,,SFA,5
2002,L,TW,DW,ALB,16929
2002,L,TW,DW,BET,8741
2002,L,TW,DW,SKJ,143
2002,L,TW,DW,YFT,4953
2002,L,TW,DW,BUM,231
2002,L,TW,DW,BLM,8
2002,L,TW,DW,MLS,386
2002,L,TW,DW,SWO,1274
2002,L,TW,OS,ALB,910
2002,L,TW,OS,BET,7904
2002,L,TW,OS,SKJ,2565
2002,L,TW,OS,YFT,17040
2002,L,TW,OS,BUM,5715
2002,L,TW,OS,BLM,605
2002,L,TW,OS,MLS,421
2002,L,TW,OS,SWO,2603
2002,L,US,HW,ALB,525
2002,L,US,HW,BET,4396
2002,L,US,HW,SKJ,127
2002,L,US,HW,YFT,572
2002,L,US,HW,BUM,298
2002,L,US,HW,MLS,228
2002,L,US,HW,SWO,1530
2002,L,US,HW,SFA,5
2002,L,VU,,ALB,7014
2002,L,VU,,BET,396
2002,L,VU,,SKJ,2
2002,L,VU,,YFT,778
2002,L,VU,,BUM,216
2002,L,VU,,BLM,80
2002,L,VU,,MLS,137
2002,L,VU,,SWO,174
2002,L,VU,,SFA,5
2002,L,WS,,ALB,4223
2002,L,WS,,BET,137
2002,L,WS,,SKJ,198
2002,L,WS,,YFT,369
2002,L,WS,,BUM,41
2002,L,WS,,BLM,16
2002,L,WS,,MLS,5
2002,L,WS,,SWO,14
2002,L,WS,,SFA,24
2003,L,US,AS,ALB,3931
2003,L,US,AS,BET,242
2003,L,US,AS,SKJ,207
2003,L,US,AS,YFT,497
2003,L,AU,AU,ALB,490
2003,L,AU,AU,BET,1024
2003,L,AU,AU,SKJ,3
2003,L,AU,AU,YFT,3681
2003,L,AU,AU,PBF,12
2003,L,AU,AU,BUM,107
2003,L,AU,AU,BLM,67
2003,L,AU,AU,MLS,683
2003,L,AU,AU,SWO,2039
2003,L,AU,AU,SFA,16
2003,L,AU,AU,OCS,15
2003,L,AU,AU,MAK,83
2003,L,AU,AU,BSH,14
2003,L,CK,,ALB,1358
2003,L,CK,,BET,204
2003,L,CK,,SKJ,34
2003,L,CK,,YFT,178
2003,L,CK,,BUM,48
2003,L,CK,,BLM,6
2003,L,CK,,MLS,43
2003,L,CK,,SWO,164
2003,L,CK,,SFA,3
2003,L,CN,,ALB,6223
2003,L,CN,,BET,8965
2003,L,CN,,SKJ,3
2003,L,CN,,YFT,3358
2003,L,CN,,BUM,1854
2003,L,CN,,BLM,425
2003,L,CN,,MLS,369
2003,L,CN,,SWO,1168
2003,L,CN,,SFA,7
2003,L,FJ,,ALB,6881
2003,L,FJ,,BET,889
2003,L,FJ,,SKJ,32
2003,L,FJ,,YFT,2482
2003,L,FJ,,BUM,181
2003,L,FJ,,BLM,62
2003,L,FJ,,MLS,112
2003,L,FJ,,SWO,160
2003,L,FJ,,SFA,44
2003,L,FM,,ALB,1
2003,L,FM,,BET,656
2003,L,FM,,YFT,276
2003,L,FM,,BUM,56
2003,L,FM,,BLM,19
2003,L,FM,,MLS,5
2003,L,FM,,SWO,27
2003,L,ID,,BET,4141
2003,L,ID,,YFT,18422
2003,L,ID,,BUM,1042
2003,L,ID,,BLM,312
2003,L,ID,,MLS,203
2003,L,ID,,SWO,573
2003,L,ID,,SFA,414
2003,L,JP,CS,ALB,16309
2003,L,JP,CS,BET,8402
2003,L,JP,CS,SKJ,42
2003,L,JP,CS,YFT,6385
2003,L,JP,CS,PBF,1152
2003,L,JP,CS,BUM,1228
2003,L,JP,CS,MLS,842
2003,L,JP,CS,SWO,1058
2003,L,JP,JP,ALB,7075
2003,L,JP,JP,BET,17708
2003,L,JP,JP,SKJ,67
2003,L,JP,JP,YFT,10418
2003,L,JP,JP,PBF,95
2003,L,JP,JP,BUM,1726
2003,L,JP,JP,BLM,41
2003,L,JP,JP,MLS,979
2003,L,JP,JP,SWO,5224
2003,L,JP,JP,SFA,64
2003,L,KI,,BET,1
2003,L,KI,,YFT,2
2003,L,KI,,BUM,1
2003,L,KR,,ALB,2465
2003,L,KR,,BET,17151
2003,L,KR,,SKJ,6
2003,L,KR,,YFT,12134
2003,L,KR,,PBF,4
2003,L,KR,,BUM,4962
2003,L,KR,,BLM,165
2003,L,KR,,MLS,351
2003,L,KR,,SWO,1316
2003,L,KR,,SFA,10
2003,L,NC,,ALB,1111
2003,L,NC,,BET,142
2003,L,NC,,YFT,754
2003,L,NC,,BUM,73
2003,L,NC,,BLM,33
2003,L,NC,,MLS,193
2003,L,NC,,SWO,48
2003,L,NC,,SFA,6
2003,L,NC,,MAK,38
2003,L,NR,,ALB,2
2003,L,NR,,BET,10
2003,L,NR,,SKJ,2
2003,L,NR,,YFT,6
2003,L,NZ,,ALB,2971
2003,L,NZ,,BET,204
2003,L,NZ,,SKJ,5
2003,L,NZ,,YFT,39
2003,L,NZ,,MLS,2
2003,L,NZ,,SWO,635
2003,L,NZ,,MAK,225
2003,L,NZ,,BSH,1101
2003,L,NZ,,THR,70
2003,L,NZ,,POR,174
2003,L,PF,,ALB,3846
2003,L,PF,,BET,439
2003,L,PF,,SKJ,73
2003,L,PF,,YFT,621
2003,L,PF,,BUM,303
2003,L,PF,,BLM,1
2003,L,PF,,MLS,117
2003,L,PF,,SWO,117
2003,L,PF,,SFA,11
2003,L,PG,,ALB,857
2003,L,PG,,BET,390
2003,L,PG,,SKJ,2
2003,L,PG,,YFT,1747
2003,L,PG,,BUM,66
2003,L,PG,,BLM,10
2003,L,PG,,MLS,18
2003,L,PG,,SWO,30
2003,L,PG,,SFA,20
2003,L,PH,,BET,59
2003,L,PH,,YFT,484
2003,L,PH,,BUM,48
2003,L,PH,,BLM,14
2003,L,PH,,MLS,10
2003,L,PH,,SWO,26
2003,L,PW,,BET,1
2003,L,PW,,YFT,19
2003,L,SB,,ALB,95
2003,L,SB,,BET,385
2003,L,SB,,YFT,258
2003,L,SB,,BUM,38
2003,L,SB,,BLM,3
2003,L,SB,,MLS,1
2003,L,SB,,SWO,3
2003,L,TO,,ALB,611
2003,L,TO,,BET,94
2003,L,TO,,SKJ,3
2003,L,TO,,YFT,263
2003,L,TO,,BUM,20
2003,L,TO,,BLM,22
2003,L,TO,,MLS,46
2003,L,TO,,SWO,25
2003,L,TO,,SFA,3
2003,L,TW,DW,ALB,14995
2003,L,TW,DW,BET,7540
2003,L,TW,DW,SKJ,283
2003,L,TW,DW,YFT,4981
2003,L,TW,DW,BUM,807
2003,L,TW,DW,BLM,3
2003,L,TW,DW,MLS,395
2003,L,TW,DW,SWO,1038
2003,L,TW,OS,ALB,910
2003,L,TW,OS,BET,6889
2003,L,TW,OS,SKJ,2565
2003,L,TW,OS,YFT,17168
2003,L,TW,OS,BUM,10696
2003,L,TW,OS,BLM,605
2003,L,TW,OS,MLS,302
2003,L,TW,OS,SWO,3756
2003,L,TW,OS,SFA,4
2003,L,US,HW,ALB,524
2003,L,US,HW,BET,3618
2003,L,US,HW,SKJ,207
2003,L,US,HW,YFT,809
2003,L,US,HW,BUM,366
2003,L,US,HW,MLS,547
2003,L,US,HW,SWO,1964
2003,L,US,HW,SFA,5
2003,L,VU,,ALB,5193
2003,L,VU,,BET,841
2003,L,VU,,SKJ,2
2003,L,VU,,YFT,1315
2003,L,VU,,BUM,192
2003,L,VU,,BLM,71
2003,L,VU,,MLS,122
2003,L,VU,,SWO,155
2003,L,VU,,SFA,4
2003,L,WS,,ALB,2253
2003,L,WS,,BET,110
2003,L,WS,,SKJ,288
2003,L,WS,,YFT,293
2003,L,WS,,BUM,19
2003,L,WS,,BLM,3
2003,L,WS,,MLS,24
2003,L,WS,,SWO,12
2003,L,WS,,SFA,11
2004,L,US,AS,ALB,2462
2004,L,US,AS,BET,227
2004,L,US,AS,SKJ,225
2004,L,US,AS,YFT,888
2004,L,US,AS,SFA,12
2004,L,AU,AU,ALB,667
2004,L,AU,AU,BET,892
2004,L,AU,AU,SKJ,1
2004,L,AU,AU,YFT,2356
2004,L,AU,AU,PBF,10
2004,L,AU,AU,BUM,63
2004,L,AU,AU,BLM,37
2004,L,AU,AU,MLS,465
2004,L,AU,AU,SWO,1784
2004,L,AU,AU,SFA,8
2004,L,AU,AU,OCS,9
2004,L,AU,AU,MAK,80
2004,L,AU,AU,BSH,37
2004,L,CK,,ALB,1869
2004,L,CK,,BET,394
2004,L,CK,,SKJ,62
2004,L,CK,,YFT,506
2004,L,CK,,BUM,116
2004,L,CK,,BLM,10
2004,L,CK,,MLS,36
2004,L,CK,,SWO,170
2004,L,CK,,SFA,4
2004,L,CN,,ALB,6104
2004,L,CN,,BET,11748
2004,L,CN,,SKJ,7
2004,L,CN,,YFT,4048
2004,L,CN,,BUM,1946
2004,L,CN,,BLM,446
2004,L,CN,,MLS,387
2004,L,CN,,SWO,1128
2004,L,CN,,SFA,1
2004,L,ES,,ALB,5
2004,L,ES,,BET,42
2004,L,ES,,YFT,23
2004,L,ES,,SWO,730
2004,L,FJ,,ALB,11290
2004,L,FJ,,BET,1254
2004,L,FJ,,SKJ,34
2004,L,FJ,,YFT,4164
2004,L,FJ,,BUM,295
2004,L,FJ,,BLM,102
2004,L,FJ,,MLS,183
2004,L,FJ,,SWO,261
2004,L,FJ,,SFA,31
2004,L,FM,,BET,542
2004,L,FM,,YFT,185
2004,L,FM,,BUM,44
2004,L,FM,,BLM,15
2004,L,FM,,MLS,4
2004,L,FM,,SWO,21
2004,L,ID,,BET,5452
2004,L,ID,,YFT,24254
2004,L,ID,,BUM,1053
2004,L,ID,,BLM,315
2004,L,ID,,MLS,205
2004,L,ID,,SWO,579
2004,L,ID,,SFA,419
2004,L,JP,CS,ALB,12960
2004,L,JP,CS,BET,8523
2004,L,JP,CS,SKJ,21
2004,L,JP,CS,YFT,5768
2004,L,JP,CS,PBF,1616
2004,L,JP,CS,BUM,1444
2004,L,JP,CS,MLS,1000
2004,L,JP,CS,SWO,1505
2004,L,JP,JP,ALB,7982
2004,L,JP,JP,BET,20725
2004,L,JP,JP,SKJ,51
2004,L,JP,JP,YFT,9441
2004,L,JP,JP,PBF,238
2004,L,JP,JP,BUM,1949
2004,L,JP,JP,BLM,55
2004,L,JP,JP,MLS,558
2004,L,JP,JP,SWO,5566
2004,L,JP,JP,SFA,34
2004,L,KR,,ALB,1163
2004,L,KR,,BET,17941
2004,L,KR,,SKJ,3
2004,L,KR,,YFT,10058
2004,L,KR,,PBF,3
2004,L,KR,,BUM,2310
2004,L,KR,,BLM,113
2004,L,KR,,MLS,163
2004,L,KR,,SWO,1203
2004,L,KR,,SFA,27
2004,L,MH,,BET,1
2004,L,MH,,YFT,3
2004,L,NC,,ALB,1468
2004,L,NC,,BET,90
2004,L,NC,,YFT,631
2004,L,NC,,BUM,79
2004,L,NC,,MLS,211
2004,L,NC,,SWO,17
2004,L,NC,,SFA,5
2004,L,NC,,MAK,34
2004,L,NR,,ALB,2
2004,L,NR,,YFT,1
2004,L,NZ,,ALB,1248
2004,L,NZ,,BET,177
2004,L,NZ,,SKJ,3
2004,L,NZ,,YFT,36
2004,L,NZ,,SWO,538
2004,L,NZ,,MAK,194
2004,L,NZ,,BSH,747
2004,L,NZ,,THR,84
2004,L,NZ,,POR,128
2004,L,PF,,ALB,2218
2004,L,PF,,BET,502
2004,L,PF,,SKJ,65
2004,L,PF,,YFT,1066
2004,L,PF,,BUM,243
2004,L,PF,,BLM,1
2004,L,PF,,MLS,109
2004,L,PF,,SWO,86
2004,L,PF,,SFA,5
2004,L,PG,,ALB,1681
2004,L,PG,,BET,399
2004,L,PG,,SKJ,1
2004,L,PG,,YFT,2318
2004,L,PG,,BUM,113
2004,L,PG,,BLM,23
2004,L,PG,,MLS,14
2004,L,PG,,SWO,73
2004,L,PG,,SFA,5
2004,L,PH,,BET,59
2004,L,PH,,YFT,484
2004,L,PH,,BUM,48
2004,L,PH,,BLM,14
2004,L,PH,,MLS,10
2004,L,PH,,SWO,26
2004,L,PW,,BET,7
2004,L,PW,,YFT,28
2004,L,SB,,ALB,207
2004,L,SB,,BET,294
2004,L,SB,,YFT,440
2004,L,SB,,BUM,38
2004,L,SB,,BLM,3
2004,L,SB,,MLS,1
2004,L,SB,,SWO,3
2004,L,TO,,ALB,182
2004,L,TO,,BET,40
2004,L,TO,,SKJ,3
2004,L,TO,,YFT,163
2004,L,TO,,BUM,8
2004,L,TO,,BLM,9
2004,L,TO,,MLS,18
2004,L,TO,,SWO,10
2004,L,TO,,SFA,2
2004,L,TW,DW,ALB,11819
2004,L,TW,DW,BET,16888
2004,L,TW,DW,SKJ,672
2004,L,TW,DW,YFT,9018
2004,L,TW,DW,BUM,1226
2004,L,TW,DW,BLM,5
2004,L,TW,DW,MLS,695
2004,L,TW,DW,SWO,2382
2004,L,TW,OS,ALB,927
2004,L,TW,OS,BET,4104
2004,L,TW,OS,SKJ,2565
2004,L,TW,OS,YFT,13957
2004,L,TW,OS,BUM,9673
2004,L,TW,OS,BLM,909
2004,L,TW,OS,MLS,276
2004,L,TW,OS,SWO,3602
2004,L,TW,OS,SFA,8
2004,L,US,HW,ALB,356
2004,L,US,HW,BET,4181
2004,L,US,HW,SKJ,130
2004,L,US,HW,YFT,694
2004,L,US,HW,BUM,290
2004,L,US,HW,MLS,380
2004,L,US,HW,SWO,1076
2004,L,US,HW,SFA,6
2004,L,VU,,ALB,10749
2004,L,VU,,BET,2045
2004,L,VU,,YFT,1762
2004,L,VU,,BUM,414
2004,L,VU,,BLM,6
2004,L,VU,,MLS,235
2004,L,VU,,SWO,805
2004,L,VU,,SFA,4
2004,L,WS,,ALB,1233
2004,L,WS,,BET,104
2004,L,WS,,SKJ,186
2004,L,WS,,YFT,444
2004,L,WS,,BUM,9
2004,L,WS,,BLM,2
2004,L,WS,,MLS,5
2004,L,WS,,SWO,4
2005,L,US,AS,ALB,2936
2005,L,US,AS,BET,134
2005,L,US,AS,SKJ,142
2005,L,US,AS,YFT,526
2005,L,US,AS,BUM,23
2005,L,US,AS,MLS,3
2005,L,US,AS,SWO,8
2005,L,US,AS,SFA,15
2005,L,AU,AU,ALB,743
2005,L,AU,AU,BET,791
2005,L,AU,AU,SKJ,2
2005,L,AU,AU,YFT,1499
2005,L,AU,AU,PBF,13
2005,L,AU,AU,BUM,73
2005,L,AU,AU,BLM,60
2005,L,AU,AU,MLS,453
2005,L,AU,AU,SWO,1730
2005,L,AU,AU,SFA,3
2005,L,AU,AU,OCS,6
2005,L,AU,AU,MAK,64
2005,L,AU,AU,BSH,11
2005,L,AU,AU,THR,1
2005,L,CK,,ALB,2371
2005,L,CK,,BET,220
2005,L,CK,,SKJ,32
2005,L,CK,,YFT,413
2005,L,CK,,PBF,1
2005,L,CK,,BUM,135
2005,L,CK,,BLM,8
2005,L,CK,,MLS,41
2005,L,CK,,SWO,97
2005,L,CK,,SFA,2
2005,L,CN,,ALB,4103
2005,L,CN,,BET,7520
2005,L,CN,,SKJ,5
2005,L,CN,,YFT,2446
2005,L,CN,,BUM,1161
2005,L,CN,,BLM,256
2005,L,CN,,MLS,252
2005,L,CN,,SWO,637
2005,L,CN,,SFA,8
2005,L,ES,,ALB,4
2005,L,ES,,BET,17
2005,L,ES,,YFT,1
2005,L,ES,,SWO,1358
2005,L,FJ,,ALB,11504
2005,L,FJ,,BET,721
2005,L,FJ,,SKJ,91
2005,L,FJ,,YFT,2591
2005,L,FJ,,BUM,199
2005,L,FJ,,BLM,84
2005,L,FJ,,MLS,124
2005,L,FJ,,SWO,177
2005,L,FJ,,SFA,35
2005,L,FM,,BET,182
2005,L,FM,,YFT,99
2005,L,FM,,BUM,17
2005,L,FM,,BLM,6
2005,L,FM,,MLS,1
2005,L,FM,,SWO,8
2005,L,ID,,BET,3352
2005,L,ID,,YFT,15665
2005,L,ID,,BUM,1187
2005,L,ID,,BLM,355
2005,L,ID,,MLS,232
2005,L,ID,,SWO,653
2005,L,ID,,SFA,637
2005,L,JP,CS,ALB,15253
2005,L,JP,CS,BET,9179
2005,L,JP,CS,SKJ,27
2005,L,JP,CS,YFT,5676
2005,L,JP,CS,PBF,1818
2005,L,JP,CS,BUM,1129
2005,L,JP,CS,MLS,658
2005,L,JP,CS,SWO,1289
2005,L,JP,JP,ALB,9222
2005,L,JP,JP,BET,13842
2005,L,JP,JP,SKJ,72
2005,L,JP,JP,YFT,9116
2005,L,JP,JP,PBF,120
2005,L,JP,JP,BUM,1723
2005,L,JP,JP,BLM,65
2005,L,JP,JP,MLS,457
2005,L,JP,JP,SWO,5395
2005,L,JP,JP,SFA,85
2005,L,KR,,ALB,3919
2005,L,KR,,BET,15622
2005,L,KR,,SKJ,1
2005,L,KR,,YFT,13329
2005,L,KR,,BUM,4120
2005,L,KR,,BLM,272
2005,L,KR,,MLS,260
2005,L,KR,,SWO,737
2005,L,KR,,SFA,76
2005,L,NC,,ALB,1590
2005,L,NC,,BET,76
2005,L,NC,,YFT,448
2005,L,NC,,BUM,21
2005,L,NC,,BLM,28
2005,L,NC,,MLS,74
2005,L,NC,,SWO,12
2005,L,NC,,SFA,3
2005,L,NC,,MAK,26
2005,L,NU,,ALB,55
2005,L,NU,,BET,10
2005,L,NU,,SKJ,4
2005,L,NU,,YFT,34
2005,L,NU,,BUM,1
2005,L,NU,,BLM,2
2005,L,NU,,MLS,3
2005,L,NU,,SWO,1
2005,L,NZ,,ALB,602
2005,L,NZ,,BET,175
2005,L,NZ,,SKJ,2
2005,L,NZ,,YFT,36
2005,L,NZ,,BUM,1
2005,L,NZ,,MLS,3
2005,L,NZ,,SWO,348
2005,L,NZ,,MAK,94
2005,L,NZ,,BSH,600
2005,L,NZ,,THR,42
2005,L,NZ,,POR,61
2005,L,PF,,ALB,2426
2005,L,PF,,BET,606
2005,L,PF,,SKJ,24
2005,L,PF,,YFT,793
2005,L,PF,,BUM,251
2005,L,PF,,MLS,91
2005,L,PF,,SWO,79
2005,L,PF,,SFA,3
2005,L,PG,,ALB,2256
2005,L,PG,,BET,237
2005,L,PG,,YFT,1222
2005,L,PG,,BUM,144
2005,L,PG,,BLM,53
2005,L,PG,,MLS,11
2005,L,PG,,SWO,98
2005,L,PG,,SFA,1
2005,L,PH,,BET,59
2005,L,PH,,YFT,484
2005,L,PH,,BUM,48
2005,L,PH,,BLM,14
2005,L,PH,,MLS,10
2005,L,PH,,SWO,26
2005,L,SB,,BET,3
2005,L,SB,,YFT,6
2005,L,TO,,ALB,283
2005,L,TO,,BET,125
2005,L,TO,,SKJ,2
2005,L,TO,,YFT,219
2005,L,TO,,BUM,17
2005,L,TO,,BLM,7
2005,L,TO,,MLS,6
2005,L,TO,,SWO,18
2005,L,TO,,SFA,4
2005,L,TW,DW,ALB,10983
2005,L,TW,DW,BET,10083
2005,L,TW,DW,SKJ,438
2005,L,TW,DW,YFT,5755
2005,L,TW,DW,BUM,1196
2005,L,TW,DW,BLM,54
2005,L,TW,DW,MLS,404
2005,L,TW,DW,SWO,1057
2005,L,TW,OS,ALB,2182
2005,L,TW,OS,BET,5415
2005,L,TW,OS,SKJ,32
2005,L,TW,OS,YFT,13816
2005,L,TW,OS,BUM,7307
2005,L,TW,OS,BLM,1200
2005,L,TW,OS,MLS,781
2005,L,TW,OS,SWO,4265
2005,L,TW,OS,SFA,11
2005,L,US,HW,ALB,287
2005,L,US,HW,BET,4462
2005,L,US,HW,SKJ,90
2005,L,US,HW,YFT,698
2005,L,US,HW,PBF,1
2005,L,US,HW,BUM,326
2005,L,US,HW,BLM,1
2005,L,US,HW,MLS,493
2005,L,US,HW,SWO,1475
2005,L,US,HW,SFA,6
2005,L,US,HW,MAK,97
2005,L,US,HW,BSH,29
2005,L,US,HW,THR,34
2005,L,VU,,ALB,10994
2005,L,VU,,BET,2045
2005,L,VU,,YFT,1147
2005,L,VU,,BUM,528
2005,L,VU,,BLM,24
2005,L,VU,,MLS,178
2005,L,VU,,SWO,466
2005,L,VU,,SFA,7
2005,L,WS,,ALB,1263
2005,L,WS,,BET,64
2005,L,WS,,SKJ,100
2005,L,WS,,YFT,199
2005,L,WS,,BUM,15
2005,L,WS,,BLM,9
2005,L,WS,,MLS,4
2005,L,WS,,SWO,1
2006,L,US,AS,ALB,4078
2006,L,US,AS,BET,181
2006,L,US,AS,SKJ,190
2006,L,US,AS,YFT,513
2006,L,US,AS,BUM,25
2006,L,US,AS,MLS,4
2006,L,US,AS,SWO,38
2006,L,US,AS,SFA,18
2006,L,US,AS,MAK,1
2006,L,US,AS,BSH,1
2006,L,AU,AU,ALB,2591
2006,L,AU,AU,BET,499
2006,L,AU,AU,SKJ,49
2006,L,AU,AU,YFT,1830
2006,L,AU,AU,PBF,5
2006,L,AU,AU,BUM,43
2006,L,AU,AU,BLM,45
2006,L,AU,AU,MLS,441
2006,L,AU,AU,SWO,1136
2006,L,AU,AU,SFA,3
2006,L,AU,AU,FAL,2
2006,L,AU,AU,OCS,4
2006,L,AU,AU,MAK,44
2006,L,AU,AU,BSH,10
2006,L,CK,,ALB,2223
2006,L,CK,,BET,166
2006,L,CK,,SKJ,69
2006,L,CK,,YFT,262
2006,L,CK,,BUM,25
2006,L,CK,,BLM,8
2006,L,CK,,MLS,17
2006,L,CK,,SWO,98
2006,L,CK,,SFA,2
2006,L,CN,,ALB,7191
2006,L,CN,,BET,13378
2006,L,CN,,SKJ,14
2006,L,CN,,YFT,4055
2006,L,CN,,BUM,1892
2006,L,CN,,BLM,418
2006,L,CN,,MLS,410
2006,L,CN,,SWO,1649
2006,L,CN,,SFA,6
2006,L,ES,,BET,62
2006,L,ES,,SKJ,602
2006,L,ES,,YFT,127
2006,L,ES,,BUM,85
2006,L,ES,,MLS,1
2006,L,ES,,SWO,3107
2006,L,ES,,FAL,1
2006,L,ES,,MAK,21
2006,L,ES,,BSH,789
2006,L,ES,,POR,8
2006,L,FJ,,ALB,11802
2006,L,FJ,,BET,771
2006,L,FJ,,SKJ,98
2006,L,FJ,,YFT,2231
2006,L,FJ,,BUM,237
2006,L,FJ,,BLM,82
2006,L,FJ,,MLS,147
2006,L,FJ,,SWO,210
2006,L,FJ,,SFA,38
2006,L,FM,,BET,172
2006,L,FM,,YFT,270
2006,L,FM,,BUM,27
2006,L,FM,,BLM,9
2006,L,FM,,MLS,2
2006,L,FM,,SWO,13
2006,L,ID,,BET,4651
2006,L,ID,,YFT,16476
2006,L,ID,,BUM,1144
2006,L,ID,,BLM,342
2006,L,ID,,MLS,223
2006,L,ID,,SWO,629
2006,L,JP,CS,ALB,16734
2006,L,JP,CS,BET,11374
2006,L,JP,CS,SKJ,13
2006,L,JP,CS,YFT,3831
2006,L,JP,CS,PBF,1058
2006,L,JP,CS,BUM,986
2006,L,JP,CS,BLM,25
2006,L,JP,CS,MLS,432
2006,L,JP,CS,SWO,1316
2006,L,JP,CS,BSH,50
2006,L,JP,JP,ALB,7568
2006,L,JP,JP,BET,14311
2006,L,JP,JP,SKJ,61
2006,L,JP,JP,YFT,9631
2006,L,JP,JP,PBF,74
2006,L,JP,JP,BUM,1634
2006,L,JP,JP,BLM,67
2006,L,JP,JP,MLS,515
2006,L,JP,JP,SWO,6148
2006,L,JP,JP,SFA,101
2006,L,JP,JP,MAK,726
2006,L,JP,JP,BSH,10902
2006,L,JP,JP,POR,3
2006,L,KR,,ALB,1050
2006,L,KR,,BET,12489
2006,L,KR,,SKJ,1
2006,L,KR,,YFT,9529
2006,L,KR,,BUM,3301
2006,L,KR,,BLM,42
2006,L,KR,,MLS,171
2006,L,KR,,SWO,708
2006,L,KR,,SFA,5
2006,L,NC,,ALB,1358
2006,L,NC,,BET,35
2006,L,NC,,YFT,414
2006,L,NC,,BUM,9
2006,L,NC,,BLM,24
2006,L,NC,,MLS,54
2006,L,NC,,SWO,10
2006,L,NC,,SFA,5
2006,L,NC,,MAK,14
2006,L,NZ,,ALB,496
2006,L,NZ,,BET,177
2006,L,NZ,,SKJ,1
2006,L,NZ,,YFT,3
2006,L,NZ,,BUM,1
2006,L,NZ,,MLS,3
2006,L,NZ,,SWO,581
2006,L,NZ,,MAK,101
2006,L,NZ,,BSH,785
2006,L,NZ,,THR,36
2006,L,NZ,,POR,58
2006,L,PF,,ALB,2918
2006,L,PF,,BET,498
2006,L,PF,,SKJ,28
2006,L,PF,,YFT,690
2006,L,PF,,BUM,266
2006,L,PF,,MLS,122
2006,L,PF,,SWO,83
2006,L,PF,,SFA,2
2006,L,PG,,ALB,1811
2006,L,PG,,BET,216
2006,L,PG,,YFT,2139
2006,L,PG,,BUM,95
2006,L,PG,,BLM,41
2006,L,PG,,MLS,15
2006,L,PG,,SWO,80
2006,L,PH,,BET,59
2006,L,PH,,YFT,484
2006,L,PH,,BUM,48
2006,L,PH,,BLM,14
2006,L,PH,,MLS,10
2006,L,PH,,SWO,26
2006,L,TO,,ALB,414
2006,L,TO,,BET,117
2006,L,TO,,SKJ,1
2006,L,TO,,YFT,227
2006,L,TO,,BUM,18
2006,L,TO,,BLM,7
2006,L,TO,,MLS,24
2006,L,TO,,SWO,21
2006,L,TO,,SFA,3
2006,L,TW,DW,ALB,6477
2006,L,TW,DW,BET,7841
2006,L,TW,DW,SKJ,207
2006,L,TW,DW,YFT,3583
2006,L,TW,DW,BUM,1255
2006,L,TW,DW,BLM,19
2006,L,TW,DW,MLS,304
2006,L,TW,DW,SWO,863
2006,L,TW,OS,ALB,4553
2006,L,TW,OS,BET,6454
2006,L,TW,OS,SKJ,24
2006,L,TW,OS,YFT,15071
2006,L,TW,OS,PBF,1148
2006,L,TW,OS,BUM,5685
2006,L,TW,OS,BLM,1003
2006,L,TW,OS,MLS,605
2006,L,TW,OS,SWO,4732
2006,L,TW,OS,SFA,17
2006,L,US,HW,ALB,256
2006,L,US,HW,BET,4381
2006,L,US,HW,SKJ,93
2006,L,US,HW,YFT,937
2006,L,US,HW,PBF,1
2006,L,US,HW,BUM,409
2006,L,US,HW,MLS,609
2006,L,US,HW,SWO,1149
2006,L,US,HW,SFA,9
2006,L,US,HW,MAK,95
2006,L,US,HW,BSH,10
2006,L,US,HW,THR,33
2006,L,VU,,ALB,11384
2006,L,VU,,BET,1815
2006,L,VU,,YFT,1368
2006,L,VU,,BUM,133
2006,L,VU,,BLM,40
2006,L,VU,,MLS,99
2006,L,VU,,SWO,208
2006,L,VU,,SFA,1
2006,L,WS,,ALB,2113
2006,L,WS,,BET,128
2006,L,WS,,SKJ,59
2006,L,WS,,YFT,264
2006,L,WS,,BUM,20
2006,L,WS,,BLM,3
2006,L,WS,,MLS,7
2006,L,WS,,SWO,3
2007,L,US,AS,ALB,5183
2007,L,US,AS,BET,218
2007,L,US,AS,SKJ,162
2007,L,US,AS,YFT,640
2007,L,US,AS,PBF,2
2007,L,US,AS,BUM,38
2007,L,US,AS,MLS,1
2007,L,US,AS,SWO,13
2007,L,US,AS,SFA,13
2007,L,US,AS,BSH,1
2007,L,AU,AU,ALB,1925
2007,L,AU,AU,BET,1008
2007,L,AU,AU,SKJ,8
2007,L,AU,AU,YFT,1390
2007,L,AU,AU,PBF,4
2007,L,AU,AU,BUM,28
2007,L,AU,AU,BLM,26
2007,L,AU,AU,MLS,359
2007,L,AU,AU,SWO,1353
2007,L,AU,AU,FAL,2
2007,L,AU,AU,OCS,4
2007,L,AU,AU,MAK,36
2007,L,AU,AU,BSH,9
2007,L,CK,,ALB,2644
2007,L,CK,,BET,238
2007,L,CK,,SKJ,41
2007,L,CK,,YFT,290
2007,L,CK,,BUM,35
2007,L,CK,,BLM,23
2007,L,CK,,MLS,17
2007,L,CK,,SWO,36
2007,L,CK,,SFA,2
2007,L,CN,,ALB,5453
2007,L,CN,,BET,10535
2007,L,CN,,SKJ,1
2007,L,CN,,YFT,2768
2007,L,CN,,BUM,1340
2007,L,CN,,BLM,296
2007,L,CN,,MLS,290
2007,L,CN,,SWO,2113
2007,L,CN,,SFA,4
2007,L,ES,,BET,62
2007,L,ES,,SKJ,602
2007,L,ES,,YFT,127
2007,L,ES,,BUM,85
2007,L,ES,,MLS,1
2007,L,ES,,SWO,4217
2007,L,FJ,,ALB,7145
2007,L,FJ,,BET,556
2007,L,FJ,,SKJ,50
2007,L,FJ,,YFT,1721
2007,L,FJ,,BUM,165
2007,L,FJ,,BLM,64
2007,L,FJ,,MLS,62
2007,L,FJ,,SWO,86
2007,L,FJ,,SFA,19
2007,L,FM,,BET,1395
2007,L,FM,,YFT,548
2007,L,FM,,BUM,117
2007,L,FM,,BLM,40
2007,L,FM,,MLS,10
2007,L,FM,,SWO,57
2007,L,ID,,BET,3955
2007,L,ID,,YFT,18734
2007,L,ID,,BUM,1132
2007,L,ID,,BLM,339
2007,L,ID,,MLS,221
2007,L,ID,,SWO,623
2007,L,ID,,SFA,1552
2007,L,JP,CS,ALB,18409
2007,L,JP,CS,BET,10663
2007,L,JP,CS,SKJ,8
2007,L,JP,CS,YFT,3711
2007,L,JP,CS,PBF,2004
2007,L,JP,CS,BUM,1104
2007,L,JP,CS,BLM,17
2007,L,JP,CS,MLS,717
2007,L,JP,CS,SWO,1846
2007,L,JP,CS,MAK,1
2007,L,JP,CS,BSH,41
2007,L,JP,CS,POR,4
2007,L,JP,JP,ALB,7294
2007,L,JP,JP,BET,15413
2007,L,JP,JP,SKJ,45
2007,L,JP,JP,YFT,10014
2007,L,JP,JP,PBF,91
2007,L,JP,JP,BUM,1604
2007,L,JP,JP,BLM,78
2007,L,JP,JP,MLS,420
2007,L,JP,JP,SWO,6335
2007,L,JP,JP,SFA,87
2007,L,JP,JP,MAK,702
2007,L,JP,JP,BSH,8729
2007,L,JP,JP,POR,456
2007,L,KR,,ALB,1433
2007,L,KR,,BET,10054
2007,L,KR,,SKJ,1
2007,L,KR,,YFT,8817
2007,L,KR,,PBF,6
2007,L,KR,,BUM,1693
2007,L,KR,,BLM,166
2007,L,KR,,MLS,54
2007,L,KR,,SWO,245
2007,L,MH,,BET,3
2007,L,MH,,YFT,2
2007,L,NC,,ALB,1324
2007,L,NC,,BET,53
2007,L,NC,,YFT,393
2007,L,NC,,BUM,11
2007,L,NC,,BLM,35
2007,L,NC,,MLS,63
2007,L,NC,,SWO,19
2007,L,NC,,SFA,6
2007,L,NC,,MAK,13
2007,L,NZ,,ALB,357
2007,L,NZ,,BET,213
2007,L,NZ,,SKJ,1
2007,L,NZ,,YFT,25
2007,L,NZ,,PBF,13
2007,L,NZ,,MLS,1
2007,L,NZ,,SWO,392
2007,L,NZ,,SFA,1
2007,L,NZ,,MAK,70
2007,L,NZ,,BSH,620
2007,L,NZ,,THR,25
2007,L,NZ,,POR,52
2007,L,PF,,ALB,3957
2007,L,PF,,BET,478
2007,L,PF,,SKJ,30
2007,L,PF,,YFT,527
2007,L,PF,,BUM,327
2007,L,PF,,BLM,1
2007,L,PF,,MLS,138
2007,L,PF,,SWO,68
2007,L,PF,,SFA,2
2007,L,PG,,ALB,1598
2007,L,PG,,BET,111
2007,L,PG,,YFT,1539
2007,L,PG,,BUM,109
2007,L,PG,,BLM,36
2007,L,PG,,MLS,14
2007,L,PG,,SWO,82
2007,L,PG,,SFA,1
2007,L,PH,,BET,59
2007,L,PH,,YFT,484
2007,L,PH,,BUM,48
2007,L,PH,,BLM,14
2007,L,PH,,MLS,10
2007,L,PH,,SWO,26
2007,L,TO,,ALB,390
2007,L,TO,,BET,129
2007,L,TO,,SKJ,1
2007,L,TO,,YFT,341
2007,L,TO,,BUM,27
2007,L,TO,,BLM,4
2007,L,TO,,MLS,18
2007,L,TO,,SWO,31
2007,L,TO,,SFA,4
2007,L,TW,DW,ALB,5610
2007,L,TW,DW,BET,9108
2007,L,TW,DW,SKJ,65
2007,L,TW,DW,YFT,2657
2007,L,TW,DW,BUM,1061
2007,L,TW,DW,BLM,5
2007,L,TW,DW,MLS,351
2007,L,TW,DW,SWO,1134
2007,L,TW,OS,ALB,5308
2007,L,TW,OS,BET,5652
2007,L,TW,OS,SKJ,17
2007,L,TW,OS,YFT,14011
2007,L,TW,OS,PBF,1401
2007,L,TW,OS,BUM,5120
2007,L,TW,OS,BLM,308
2007,L,TW,OS,MLS,259
2007,L,TW,OS,SWO,4701
2007,L,TW,OS,SFA,653
2007,L,US,HW,ALB,243
2007,L,US,HW,BET,5381
2007,L,US,HW,SKJ,91
2007,L,US,HW,YFT,833
2007,L,US,HW,BUM,255
2007,L,US,HW,BLM,1
2007,L,US,HW,MLS,267
2007,L,US,HW,SWO,1428
2007,L,US,HW,SFA,10
2007,L,US,HW,MAK,120
2007,L,US,HW,BSH,7
2007,L,US,HW,THR,42
2007,L,VU,,ALB,8544
2007,L,VU,,BET,1885
2007,L,VU,,YFT,1049
2007,L,VU,,BUM,122
2007,L,VU,,BLM,31
2007,L,VU,,MLS,113
2007,L,VU,,SWO,222
2007,L,VU,,SFA,1
2007,L,WS,,ALB,3113
2007,L,WS,,BET,101
2007,L,WS,,SKJ,40
2007,L,WS,,YFT,305
2007,L,WS,,BUM,21
2007,L,WS,,BLM,13
2007,L,WS,,MLS,21
2007,L,WS,,SWO,5
2007,L,WS,,SFA,6
2008,L,US,AS,ALB,3550
2008,L,US,AS,BET,132
2008,L,US,AS,SKJ,165
2008,L,US,AS,YFT,333
2008,L,US,AS,PBF,1
2008,L,US,AS,BUM,34
2008,L,US,AS,MLS,1
2008,L,US,AS,SWO,7
2008,L,US,AS,SFA,12
2008,L,US,AS,BSH,1
2008,L,FM,,BET,970
2008,L,FM,,YFT,328
2008,L,FM,,BUM,192
2008,L,FM,,BLM,5
2008,L,FM,,MLS,1
2008,L,FM,,SWO,20
2008,L,CN,,ALB,15092
2008,L,CN,,BET,10798
2008,L,CN,,YFT,5007
2008,L,CN,,BUM,1064
2008,L,CN,,BLM,164
2008,L,CN,,MLS,537
2008,L,CN,,SWO,2315
2008,L,CK,,ALB,2224
2008,L,CK,,BET,292
2008,L,CK,,SKJ,54
2008,L,CK,,YFT,247
2008,L,CK,,BUM,26
2008,L,CK,,BLM,19
2008,L,CK,,MLS,11
2008,L,CK,,SWO,17
2008,L,CK,,SFA,1
2008,L,FJ,,ALB,9613
2008,L,FJ,,BET,671
2008,L,FJ,,SKJ,105
2008,L,FJ,,YFT,2763
2008,L,FJ,,BUM,167
2008,L,FJ,,BLM,11
2008,L,FJ,,MLS,64
2008,L,FJ,,SWO,85
2008,L,FJ,,SFA,23
2008,L,PF,,ALB,3068
2008,L,PF,,BET,490
2008,L,PF,,SKJ,18
2008,L,PF,,YFT,447
2008,L,PF,,BUM,224
2008,L,PF,,MLS,142
2008,L,PF,,SWO,80
2008,L,PF,,SFA,3
2008,L,JP,JP,ALB,7279
2008,L,JP,JP,BET,10587
2008,L,JP,JP,SKJ,98
2008,L,JP,JP,YFT,8714
2008,L,JP,JP,PBF,38
2008,L,JP,JP,BUM,1323
2008,L,JP,JP,BLM,66
2008,L,JP,JP,MLS,449
2008,L,JP,JP,SWO,4300
2008,L,JP,JP,SFA,50
2008,L,JP,JP,OCS,54
2008,L,JP,JP,MAK,825
2008,L,JP,JP,BSH,13768
2008,L,JP,JP,THR,257
2008,L,JP,JP,POR,1074
2008,L,JP,CS,ALB,13679
2008,L,JP,CS,BET,10355
2008,L,JP,CS,SKJ,2
2008,L,JP,CS,YFT,3651
2008,L,JP,CS,PBF,1476
2008,L,JP,CS,BUM,1352
2008,L,JP,CS,BLM,24
2008,L,JP,CS,MLS,609
2008,L,JP,CS,SWO,1785
2008,L,JP,CS,SFA,26
2008,L,JP,CS,FAL,20.5
2008,L,JP,CS,OCS,1.7
2008,L,JP,CS,MAK,22.5
2008,L,JP,CS,BSH,469
2008,L,JP,CS,THR,26.2
2008,L,JP,CS,POR,23.1
2008,L,KI,,BET,44
2008,L,KI,,YFT,7
2008,L,KI,,BUM,2
2008,L,KR,,ALB,1481
2008,L,KR,,BET,17001
2008,L,KR,,SKJ,2
2008,L,KR,,YFT,7846
2008,L,KR,,BUM,1966
2008,L,KR,,BLM,422
2008,L,KR,,MLS,59
2008,L,KR,,SWO,1206
2008,L,KR,,SFA,7
2008,L,MH,,ALB,15
2008,L,MH,,BET,375
2008,L,MH,,YFT,91
2008,L,MH,,BUM,63
2008,L,MH,,MLS,1
2008,L,MH,,SWO,7
2008,L,NC,,ALB,1506
2008,L,NC,,BET,63
2008,L,NC,,YFT,424
2008,L,NC,,BUM,8
2008,L,NC,,BLM,39
2008,L,NC,,MLS,103
2008,L,NC,,SWO,15
2008,L,NC,,SFA,4
2008,L,NC,,MAK,14
2008,L,NZ,,ALB,382
2008,L,NZ,,BET,133
2008,L,NZ,,YFT,11
2008,L,NZ,,PBF,14
2008,L,NZ,,MLS,1
2008,L,NZ,,SWO,347
2008,L,NZ,,MAK,72
2008,L,NZ,,BSH,740
2008,L,NZ,,THR,35
2008,L,NZ,,POR,51
2008,L,PG,,ALB,464
2008,L,PG,,BET,201
2008,L,PG,,YFT,2259
2008,L,PG,,BUM,98
2008,L,PG,,BLM,17
2008,L,PG,,MLS,4
2008,L,PG,,SWO,81
2008,L,WS,,ALB,2342
2008,L,WS,,BET,106
2008,L,WS,,SKJ,31
2008,L,WS,,YFT,317
2008,L,WS,,BUM,16
2008,L,WS,,BLM,15
2008,L,WS,,MLS,7
2008,L,WS,,SWO,6
2008,L,TW,DW,ALB,3553
2008,L,TW,DW,BET,8777
2008,L,TW,DW,SKJ,174
2008,L,TW,DW,YFT,1759
2008,L,TW,DW,BUM,812
2008,L,TW,DW,BLM,5
2008,L,TW,DW,MLS,173
2008,L,TW,DW,SWO,1180
2008,L,TW,OS,ALB,5417
2008,L,TW,OS,BET,6452
2008,L,TW,OS,SKJ,15
2008,L,TW,OS,YFT,14652
2008,L,TW,OS,PBF,979
2008,L,TW,OS,BUM,5468
2008,L,TW,OS,BLM,301
2008,L,TW,OS,MLS,232
2008,L,TW,OS,SWO,3638
2008,L,TW,OS,SFA,349
2008,L,TO,,ALB,220
2008,L,TO,,BET,81
2008,L,TO,,YFT,291
2008,L,TO,,BUM,12
2008,L,TO,,BLM,6
2008,L,TO,,MLS,11
2008,L,TO,,SWO,28
2008,L,TO,,SFA,2
2008,L,US,HW,ALB,298
2008,L,US,HW,BET,4649
2008,L,US,HW,SKJ,117
2008,L,US,HW,YFT,836
2008,L,US,HW,BUM,333
2008,L,US,HW,MLS,411
2008,L,US,HW,SWO,1301
2008,L,US,HW,SFA,2
2008,L,US,HW,MAK,109
2008,L,US,HW,BSH,7
2008,L,US,HW,THR,39
2008,L,VU,,ALB,7439
2008,L,VU,,BET,1143
2008,L,VU,,YFT,878
2008,L,VU,,BUM,99
2008,L,VU,,BLM,28
2008,L,VU,,MLS,98
2008,L,VU,,SWO,161
2008,L,VU,,SFA,1
2008,L,ID,,BET,5447
2008,L,ID,,YFT,20651
2008,L,ID,,BUM,1190
2008,L,ID,,BLM,356
2008,L,ID,,MLS,232
2008,L,ID,,SWO,654
2008,L,ID,,SFA,809
2008,L,PH,,BET,59
2008,L,PH,,YFT,484
2008,L,PH,,BUM,48
2008,L,PH,,BLM,14
2008,L,PH,,MLS,10
2008,L,PH,,SWO,26
2008,L,AU,AU,ALB,1277
2008,L,AU,AU,BET,1027
2008,L,AU,AU,SKJ,15
2008,L,AU,AU,YFT,1650
2008,L,AU,AU,PBF,3
2008,L,AU,AU,BUM,19
2008,L,AU,AU,BLM,16
2008,L,AU,AU,MLS,425
2008,L,AU,AU,SWO,1483
2008,L,AU,AU,OCS,2
2008,L,AU,AU,MAK,51
2008,L,AU,AU,BSH,6
2008,L,ES,,ALB,66
2008,L,ES,,BET,77
2008,L,ES,,YFT,10
2008,L,ES,,BUM,1
2008,L,ES,,MLS,63
2008,L,ES,,SWO,3410
2008,L,ES,,MAK,1120
2008,L,ES,,BSH,2107
2008,L,ES,,POR,25
1995,L,BZ,,BET,35
1995,L,BZ,,YFT,19
1995,L,BZ,,BUM,2
1995,L,BZ,,BLM,4
1995,L,BZ,,SWO,2
1996,L,BZ,,BET,49
1996,L,BZ,,YFT,80
1996,L,BZ,,BUM,1
1997,L,BZ,,BET,21
1997,L,BZ,,YFT,56
1997,L,BZ,,BUM,1
1998,L,BZ,,ALB,182
1998,L,BZ,,BET,48
1998,L,BZ,,YFT,46
1998,L,BZ,,BUM,3
1998,L,BZ,,BLM,5
1998,L,BZ,,MLS,5
1998,L,BZ,,SWO,2
1998,L,BZ,,SFA,1
1999,L,BZ,,ALB,4
1999,L,BZ,,BET,141
1999,L,BZ,,YFT,66
1999,L,BZ,,BUM,6
1999,L,BZ,,BLM,16
1999,L,BZ,,MLS,3
1999,L,BZ,,SWO,8
2000,L,BZ,,ALB,194
2000,L,BZ,,BET,14
2000,L,BZ,,YFT,62
2000,L,BZ,,BUM,1
2000,L,BZ,,BLM,11
2000,L,BZ,,SWO,3
2001,L,BZ,,ALB,4864
2001,L,BZ,,BET,1322
2001,L,BZ,,YFT,957
2001,L,BZ,,SWO,128
2002,L,BZ,,ALB,1853
2002,L,BZ,,BET,812
2002,L,BZ,,YFT,720
2002,L,BZ,,SWO,10
2003,L,BZ,,ALB,972
2003,L,BZ,,BET,782
2003,L,BZ,,YFT,943
2003,L,BZ,,SWO,417
2003,L,BZ,,SFA,2
2004,L,BZ,,ALB,416
2004,L,BZ,,BET,297
2004,L,BZ,,SKJ,22
2004,L,BZ,,YFT,208
2004,L,BZ,,SWO,117
2005,L,BZ,,ALB,313
2005,L,BZ,,BET,425
2005,L,BZ,,SKJ,20
2005,L,BZ,,YFT,298
2005,L,BZ,,SWO,44
2005,L,BZ,,SFA,1
2006,L,BZ,,ALB,271
2006,L,BZ,,BET,254
2006,L,BZ,,SKJ,1
2006,L,BZ,,YFT,106
2006,L,BZ,,SWO,23
2007,L,BZ,,ALB,164
2007,L,BZ,,BET,158
2007,L,BZ,,YFT,273
2007,L,BZ,,BUM,52
2007,L,BZ,,BLM,27
2007,L,BZ,,MLS,3
2007,L,BZ,,SWO,7
2008,L,BZ,,ALB,7
2008,L,BZ,,BET,89
2008,L,BZ,,YFT,129
2008,L,BZ,,BUM,13
2008,L,BZ,,BLM,37
2008,L,BZ,,SWO,4
2008,L,BZ,,SFA,3
2006,L,NU,,ALB,213
2006,L,NU,,BET,22
2006,L,NU,,SKJ,8
2006,L,NU,,YFT,42
2006,L,NU,,BUM,5
2006,L,NU,,BLM,4
2006,L,NU,,MLS,3
2006,L,NU,,SWO,2
2006,L,NU,,SFA,1
2007,L,NU,,ALB,216
2007,L,NU,,BET,35
2007,L,NU,,SKJ,12
2007,L,NU,,YFT,43
2007,L,NU,,BUM,15
2007,L,NU,,BLM,5
2007,L,NU,,MLS,9
2007,L,NU,,SWO,2
2007,L,NU,,SFA,1
2008,L,NU,,ALB,337
2008,L,NU,,BET,51
2008,L,NU,,SKJ,7
2008,L,NU,,YFT,40
2008,L,NU,,BUM,1
2008,L,NU,,BLM,1
2008,L,NU,,MLS,1
2005,L,SN,,YFT,6
2005,L,SN,,SWO,145
2006,L,SN,,BET,3
2006,L,SN,,SKJ,9
2006,L,SN,,YFT,3
2006,L,SN,,BUM,2
2006,L,SN,,SWO,154
2007,L,SN,,BET,2
2007,L,SN,,YFT,4
2007,L,SN,,BUM,5
2007,L,SN,,SWO,105
2009,L,US,AS,ALB,3885
2009,L,US,AS,BET,249
2009,L,US,AS,SKJ,155
2009,L,US,AS,YFT,398
2009,L,US,AS,PBF,1
2009,L,US,AS,BUM,40
2009,L,US,AS,MLS,6
2009,L,US,AS,SWO,11
2009,L,US,AS,SFA,12
2009,L,US,AS,BSH,1
2009,L,FM,,ALB,40
2009,L,FM,,BET,1395
2009,L,FM,,YFT,583
2009,L,FM,,BUM,245
2009,L,FM,,BLM,24
2009,L,FM,,SWO,26
2009,L,FM,,FAL,337.871
2009,L,FM,,OCS,196.986
2009,L,FM,,MAK,155.634
2009,L,FM,,BSH,338.957
2009,L,FM,,THR,60.083
2009,L,CN,,ALB,20149
2009,L,CN,,BET,15289
2009,L,CN,,YFT,7958
2009,L,CN,,BUM,1212
2009,L,CN,,BLM,52
2009,L,CN,,MLS,300
2009,L,CN,,SWO,2275
2009,L,CK,,ALB,1551
2009,L,CK,,BET,217
2009,L,CK,,SKJ,89
2009,L,CK,,YFT,197
2009,L,CK,,BUM,16
2009,L,CK,,BLM,6
2009,L,CK,,MLS,11
2009,L,CK,,SWO,11
2009,L,CK,,SFA,1
2009,L,CK,,FAL,16.1
2009,L,CK,,BSH,21.9
2009,L,CK,,THR,1
2009,L,FJ,,ALB,12515
2009,L,FJ,,BET,768
2009,L,FJ,,SKJ,105
2009,L,FJ,,YFT,3440
2009,L,FJ,,BUM,147
2009,L,FJ,,BLM,103
2009,L,FJ,,MLS,62
2009,L,FJ,,SWO,107
2009,L,FJ,,SFA,23
2009,L,PF,,ALB,3560
2009,L,PF,,BET,587
2009,L,PF,,SKJ,25
2009,L,PF,,YFT,716
2009,L,PF,,BUM,223
2009,L,PF,,MLS,104
2009,L,PF,,SWO,71
2009,L,PF,,SFA,2
2009,L,PF,,FAL,0.526
2009,L,PF,,OCS,5.264
2009,L,PF,,MAK,52.98
2009,L,PF,,BSH,25.181
2009,L,PF,,THR,0.1
2009,L,JP,JP,ALB,6357
2009,L,JP,JP,BET,8383
2009,L,JP,JP,SKJ,57
2009,L,JP,JP,YFT,10187
2009,L,JP,JP,PBF,15
2009,L,JP,JP,BUM,1257
2009,L,JP,JP,BLM,68
2009,L,JP,JP,MLS,249
2009,L,JP,JP,SWO,4103
2009,L,JP,JP,SFA,80
2009,L,JP,JP,OCS,58
2009,L,JP,JP,MAK,770
2009,L,JP,JP,BSH,14297
2009,L,JP,JP,THR,199
2009,L,JP,JP,POR,550
2009,L,JP,CS,ALB,18183
2009,L,JP,CS,BET,9270
2009,L,JP,CS,SKJ,6
2009,L,JP,CS,YFT,3852
2009,L,JP,CS,PBF,1304
2009,L,JP,CS,BUM,1215
2009,L,JP,CS,BLM,14
2009,L,JP,CS,MLS,451
2009,L,JP,CS,SWO,1536
2009,L,JP,CS,SFA,30
2009,L,JP,CS,FAL,12.2
2009,L,JP,CS,MAK,49.1
2009,L,JP,CS,BSH,316.8
2009,L,JP,CS,THR,3.5
2009,L,JP,CS,POR,77.4
2009,L,KR,,ALB,1608
2009,L,KR,,BET,15231
2009,L,KR,,YFT,10032
2009,L,KR,,BUM,2453
2009,L,KR,,BLM,571
2009,L,KR,,MLS,54
2009,L,KR,,SWO,1134
2009,L,KR,,SFA,4
2009,L,MH,,ALB,10
2009,L,MH,,BET,381
2009,L,MH,,YFT,120
2009,L,MH,,BUM,52
2009,L,MH,,SWO,4
2009,L,MH,,FAL,7.226
2009,L,MH,,OCS,17.134
2009,L,MH,,BSH,32.519
2009,L,NC,,ALB,1649
2009,L,NC,,BET,51
2009,L,NC,,YFT,487
2009,L,NC,,BUM,9
2009,L,NC,,BLM,34
2009,L,NC,,MLS,71
2009,L,NC,,SWO,7
2009,L,NC,,SFA,3
2009,L,NC,,FAL,7.647
2009,L,NC,,OCS,2.948
2009,L,NC,,MAK,29.147
2009,L,NC,,BSH,26.198
2009,L,NZ,,ALB,422
2009,L,NZ,,BET,253
2009,L,NZ,,SKJ,1
2009,L,NZ,,YFT,3
2009,L,NZ,,PBF,16
2009,L,NZ,,SWO,418
2009,L,NZ,,MAK,72
2009,L,NZ,,BSH,696
2009,L,NZ,,THR,32
2009,L,NZ,,POR,40
2009,L,PG,,ALB,906
2009,L,PG,,BET,128
2009,L,PG,,YFT,2714
2009,L,PG,,BUM,43
2009,L,PG,,BLM,96
2009,L,PG,,MLS,17
2009,L,PG,,SWO,79
2009,L,PG,,SFA,1
2009,L,PG,,FAL,207.306
2009,L,PG,,OCS,20.489
2009,L,PG,,MAK,89.938
2009,L,PG,,BSH,50.17
2009,L,PG,,THR,0.688
2009,L,PG,,HAM,4.299
2009,L,WS,,ALB,2816
2009,L,WS,,BET,117
2009,L,WS,,SKJ,77
2009,L,WS,,YFT,412
2009,L,WS,,BUM,9
2009,L,WS,,BLM,13
2009,L,WS,,MLS,7
2009,L,WS,,SWO,5
2009,L,WS,,SFA,1
2009,L,WS,,FAL,37.226
2009,L,WS,,MAK,36.757
2009,L,WS,,BSH,42.742
2009,L,TW,DW,ALB,5558
2009,L,TW,DW,BET,8863
2009,L,TW,DW,SKJ,506
2009,L,TW,DW,YFT,3111
2009,L,TW,DW,BUM,1111
2009,L,TW,DW,BLM,12
2009,L,TW,DW,MLS,187
2009,L,TW,DW,SWO,1278
2009,L,TW,DW,FAL,394
2009,L,TW,DW,OCS,82
2009,L,TW,DW,MAK,199
2009,L,TW,DW,BSH,1059
2009,L,TW,DW,THR,24
2009,L,TW,OS,ALB,8288
2009,L,TW,OS,BET,4456
2009,L,TW,OS,SKJ,66
2009,L,TW,OS,YFT,16582
2009,L,TW,OS,PBF,877
2009,L,TW,OS,BUM,4747
2009,L,TW,OS,BLM,357
2009,L,TW,OS,MLS,335
2009,L,TW,OS,SWO,3261
2009,L,TW,OS,SFA,690
2009,L,TW,OS,FAL,333
2009,L,TW,OS,OCS,9
2009,L,TW,OS,MAK,449
2009,L,TW,OS,BSH,13922
2009,L,TW,OS,THR,556
2009,L,TO,,ALB,124
2009,L,TO,,BET,38
2009,L,TO,,YFT,109
2009,L,TO,,BUM,8
2009,L,TO,,BLM,3
2009,L,TO,,MLS,8
2009,L,TO,,SWO,22
2009,L,TO,,SFA,2
2009,L,TO,,FAL,13.223
2009,L,TO,,OCS,9.704
2009,L,TO,,MAK,18.51
2009,L,TO,,BSH,28.779
2009,L,TO,,THR,2.259
2009,L,US,HW,ALB,178
2009,L,US,HW,BET,3741
2009,L,US,HW,SKJ,117
2009,L,US,HW,YFT,429
2009,L,US,HW,PBF,1
2009,L,US,HW,BUM,334
2009,L,US,HW,MLS,234
2009,L,US,HW,SWO,1242
2009,L,US,HW,SFA,10
2009,L,US,HW,MAK,102
2009,L,US,HW,BSH,9
2009,L,US,HW,THR,28
2009,L,VU,,ALB,9689
2009,L,VU,,BET,1398
2009,L,VU,,YFT,817
2009,L,VU,,BUM,126
2009,L,VU,,BLM,31
2009,L,VU,,MLS,69
2009,L,VU,,SWO,137
2009,L,VU,,FAL,804.386
2009,L,VU,,OCS,590.317
2009,L,VU,,MAK,1126.006
2009,L,VU,,BSH,1750.693
2009,L,VU,,THR,137.42
2009,L,ID,,BET,5816
2009,L,ID,,YFT,25963
2009,L,ID,,BUM,1163
2009,L,ID,,BLM,348
2009,L,ID,,MLS,227
2009,L,ID,,SWO,640
2009,L,ID,,SFA,1304
2009,L,PH,,BET,59
2009,L,PH,,YFT,484
2009,L,PH,,BUM,48
2009,L,PH,,BLM,14
2009,L,PH,,MLS,10
2009,L,PH,,SWO,26
2009,L,AU,AU,ALB,1523
2009,L,AU,AU,BET,726
2009,L,AU,AU,SKJ,10
2009,L,AU,AU,YFT,1387
2009,L,AU,AU,PBF,3
2009,L,AU,AU,BUM,19
2009,L,AU,AU,BLM,16
2009,L,AU,AU,MLS,361
2009,L,AU,AU,SWO,1315
2009,L,AU,AU,OCS,4
2009,L,AU,AU,MAK,65
2009,L,AU,AU,BSH,23
2009,L,AU,AU,HAM,3
2009,L,NU,,ALB,154
2009,L,NU,,BET,10
2009,L,NU,,SKJ,5
2009,L,NU,,YFT,20
2009,L,NU,,BUM,1
2009,L,NU,,MLS,4
2009,L,NU,,SFA,4
2009,L,ES,,ALB,70
2009,L,ES,,BET,46
2009,L,ES,,SKJ,1
2009,L,ES,,YFT,7
2009,L,ES,,BUM,1
2009,L,ES,,MLS,63
2009,L,ES,,SWO,1721
2009,L,ES,,MAK,773
2009,L,ES,,BSH,1678
2009,L,BZ,,ALB,26
2009,L,BZ,,BET,43
2009,L,BZ,,YFT,121
2009,L,BZ,,BUM,10
2009,L,BZ,,BLM,10
2009,L,BZ,,SWO,2
2009,L,BZ,,SFA,2
2010,L,US,AS,ALB,3976
2010,L,US,AS,BET,487
2010,L,US,AS,SKJ,122
2010,L,US,AS,YFT,473
2010,L,US,AS,PBF,3
2010,L,US,AS,BUM,55
2010,L,US,AS,MLS,8
2010,L,US,AS,SWO,22
2010,L,US,AS,SFA,3
2010,L,US,AS,MAK,3
2010,L,US,AS,BSH,2
2010,L,FM,,ALB,53
2010,L,FM,,BET,1113
2010,L,FM,,SKJ,1
2010,L,FM,,YFT,515
2010,L,FM,,BUM,275
2010,L,FM,,BLM,23
2010,L,FM,,MLS,1
2010,L,FM,,SWO,22
2010,L,FM,,SFA,1
2010,L,FM,,FAL,226.698
2010,L,FM,,OCS,132.17
2010,L,FM,,MAK,104.425
2010,L,FM,,BSH,227.427
2010,L,FM,,THR,40.313
2010,L,CN,,ALB,13025
2010,L,CN,,BET,13924
2010,L,CN,,YFT,2576
2010,L,CN,,BUM,1334
2010,L,CN,,BLM,44
2010,L,CN,,MLS,197
2010,L,CN,,SWO,1526
2010,L,CN,,OCS,532
2010,L,CN,,MAK,133
2010,L,CN,,BSH,506
2010,L,CK,,ALB,2423
2010,L,CK,,BET,319
2010,L,CK,,SKJ,124
2010,L,CK,,YFT,192
2010,L,CK,,BUM,43
2010,L,CK,,BLM,19
2010,L,CK,,MLS,24
2010,L,CK,,SWO,78
2010,L,CK,,SFA,1
2010,L,CK,,FAL,14.9
2010,L,CK,,BSH,20.1
2010,L,CK,,THR,1
2010,L,FJ,,ALB,9252
2010,L,FJ,,BET,539
2010,L,FJ,,SKJ,152
2010,L,FJ,,YFT,2602
2010,L,FJ,,BUM,113
2010,L,FJ,,BLM,48
2010,L,FJ,,MLS,40
2010,L,FJ,,SWO,90
2010,L,FJ,,SFA,27
2010,L,PF,,ALB,3483
2010,L,PF,,BET,436
2010,L,PF,,SKJ,22
2010,L,PF,,YFT,418
2010,L,PF,,BUM,260
2010,L,PF,,MLS,127
2010,L,PF,,SWO,80
2010,L,PF,,SFA,6
2010,L,PF,,FAL,2.644
2010,L,PF,,OCS,15.399
2010,L,PF,,MAK,22.733
2010,L,PF,,BSH,10.044
2010,L,PF,,THR,0.848
2010,L,JP,JP,ALB,6875
2010,L,JP,JP,BET,8657
2010,L,JP,JP,SKJ,82
2010,L,JP,JP,YFT,11721
2010,L,JP,JP,PBF,12
2010,L,JP,JP,BUM,1431
2010,L,JP,JP,BLM,71
2010,L,JP,JP,MLS,325
2010,L,JP,JP,SWO,4066
2010,L,JP,JP,SFA,148
2010,L,JP,JP,OCS,120
2010,L,JP,JP,MAK,763
2010,L,JP,JP,BSH,14103
2010,L,JP,JP,THR,180
2010,L,JP,JP,POR,171
2010,L,JP,CS,ALB,17224
2010,L,JP,CS,BET,7962
2010,L,JP,CS,SKJ,3
2010,L,JP,CS,YFT,5745
2010,L,JP,CS,PBF,885
2010,L,JP,CS,BUM,1624
2010,L,JP,CS,BLM,17
2010,L,JP,CS,MLS,832
2010,L,JP,CS,SWO,1158
2010,L,JP,CS,SFA,50
2010,L,JP,CS,FAL,5.6
2010,L,JP,CS,MAK,19.7
2010,L,JP,CS,BSH,351
2010,L,JP,CS,THR,10
2010,L,JP,CS,POR,48.6
2010,L,KR,,ALB,1337
2010,L,KR,,BET,13914
2010,L,KR,,SKJ,6
2010,L,KR,,YFT,7644
2010,L,KR,,PBF,51
2010,L,KR,,BUM,1595
2010,L,KR,,BLM,579
2010,L,KR,,MLS,27
2010,L,KR,,SWO,786
2010,L,KR,,SFA,4
2010,L,MH,,ALB,17
2010,L,MH,,BET,257
2010,L,MH,,YFT,117
2010,L,MH,,BUM,52
2010,L,MH,,SWO,5
2010,L,MH,,FAL,5.539
2010,L,MH,,OCS,13.135
2010,L,MH,,BSH,24.929
2010,L,NC,,ALB,1939
2010,L,NC,,BET,44
2010,L,NC,,YFT,505
2010,L,NC,,BUM,10
2010,L,NC,,BLM,42
2010,L,NC,,MLS,65
2010,L,NC,,SWO,8
2010,L,NC,,SFA,3
2010,L,NC,,FAL,10.358
2010,L,NC,,OCS,0.418
2010,L,NC,,MAK,28.183
2010,L,NC,,BSH,56.115
2010,L,NC,,THR,0.439
2010,L,NZ,,ALB,460
2010,L,NZ,,BET,132
2010,L,NZ,,SKJ,1
2010,L,NZ,,YFT,6
2010,L,NZ,,PBF,10
2010,L,NZ,,SWO,535
2010,L,NZ,,MAK,65
2010,L,NZ,,BSH,709
2010,L,NZ,,THR,1
2010,L,NZ,,POR,72
2010,L,PG,,ALB,883
2010,L,PG,,BET,39
2010,L,PG,,YFT,2147
2010,L,PG,,BUM,151
2010,L,PG,,BLM,36
2010,L,PG,,MLS,11
2010,L,PG,,SWO,93
2010,L,PG,,FAL,169.749
2010,L,PG,,OCS,16.777
2010,L,PG,,MAK,73.645
2010,L,PG,,BSH,41.081
2010,L,PG,,THR,0.564
2010,L,PG,,HAM,3.52
2010,L,WS,,ALB,2529
2010,L,WS,,BET,108
2010,L,WS,,SKJ,67
2010,L,WS,,YFT,386
2010,L,WS,,BUM,6
2010,L,WS,,BLM,15
2010,L,WS,,MLS,16
2010,L,WS,,SWO,7
2010,L,WS,,SFA,1
2010,L,WS,,FAL,33.642
2010,L,WS,,MAK,33.219
2010,L,WS,,BSH,38.627
2010,L,TW,DW,ALB,7783
2010,L,TW,DW,BET,8000
2010,L,TW,DW,SKJ,104
2010,L,TW,DW,YFT,3569
2010,L,TW,DW,BUM,1269
2010,L,TW,DW,BLM,61
2010,L,TW,DW,MLS,239
2010,L,TW,DW,SWO,1339
2010,L,TW,DW,FAL,417
2010,L,TW,DW,OCS,80
2010,L,TW,DW,MAK,206
2010,L,TW,DW,BSH,912
2010,L,TW,DW,THR,34
2010,L,TW,OS,ALB,12653
2010,L,TW,OS,BET,3874
2010,L,TW,OS,SKJ,148
2010,L,TW,OS,YFT,18656
2010,L,TW,OS,PBF,373
2010,L,TW,OS,BUM,5503
2010,L,TW,OS,BLM,498
2010,L,TW,OS,MLS,379
2010,L,TW,OS,SWO,2740
2010,L,TW,OS,FAL,233
2010,L,TW,OS,OCS,7
2010,L,TW,OS,MAK,731
2010,L,TW,OS,BSH,10077
2010,L,TW,OS,THR,512
2010,L,TW,OS,HAM,469
2010,L,TO,,ALB,57
2010,L,TO,,BET,24
2010,L,TO,,YFT,47
2010,L,TO,,BUM,6
2010,L,TO,,BLM,2
2010,L,TO,,MLS,4
2010,L,TO,,SWO,26
2010,L,TO,,SFA,1
2010,L,TO,,FAL,6.224
2010,L,TO,,OCS,4.568
2010,L,TO,,MAK,8.713
2010,L,TO,,BSH,13.547
2010,L,TO,,THR,1.063
2010,L,US,HW,ALB,324
2010,L,US,HW,BET,3577
2010,L,US,HW,SKJ,114
2010,L,US,HW,YFT,462
2010,L,US,HW,BUM,238
2010,L,US,HW,MLS,124
2010,L,US,HW,SWO,1013
2010,L,US,HW,SFA,9
2010,L,US,HW,MAK,63
2010,L,US,HW,BSH,6
2010,L,US,HW,THR,16
2010,L,VU,,ALB,13172
2010,L,VU,,BET,2060
2010,L,VU,,SKJ,4
2010,L,VU,,YFT,939
2010,L,VU,,BUM,173
2010,L,VU,,BLM,56
2010,L,VU,,MLS,83
2010,L,VU,,SWO,243
2010,L,VU,,FAL,630.791
2010,L,VU,,OCS,462.92
2010,L,VU,,MAK,883.002
2010,L,VU,,BSH,1372.875
2010,L,VU,,THR,107.763
2010,L,ID,,BET,3380
2010,L,ID,,YFT,23245
2010,L,ID,,BUM,1163
2010,L,ID,,BLM,348
2010,L,ID,,MLS,227
2010,L,ID,,SWO,640
2010,L,PH,,BET,59
2010,L,PH,,YFT,484
2010,L,PH,,BUM,48
2010,L,PH,,BLM,14
2010,L,PH,,MLS,10
2010,L,PH,,SWO,26
2010,L,AU,AU,ALB,745
2010,L,AU,AU,BET,458
2010,L,AU,AU,SKJ,4
2010,L,AU,AU,YFT,1359
2010,L,AU,AU,BUM,13
2010,L,AU,AU,BLM,15
2010,L,AU,AU,MLS,247
2010,L,AU,AU,SWO,1176
2010,L,AU,AU,OCS,3
2010,L,AU,AU,MAK,45
2010,L,AU,AU,BSH,13
2010,L,AU,AU,HAM,3
2010,L,NU,,ALB,97
2010,L,NU,,BET,4
2010,L,NU,,SKJ,1
2010,L,NU,,YFT,8
2010,L,NU,,BUM,1
2010,L,NU,,SWO,1
2010,L,ES,,ALB,13
2010,L,ES,,BET,15
2010,L,ES,,SKJ,1
2010,L,ES,,YFT,3
2010,L,ES,,BUM,5
2010,L,ES,,MLS,25
2010,L,ES,,SWO,994
2010,L,ES,,OCS,2
2010,L,ES,,MAK,371
2010,L,ES,,BSH,1057
2010,L,BZ,,ALB,10
2010,L,BZ,,BET,89
2010,L,BZ,,YFT,28
2010,L,BZ,,BUM,29
2010,L,BZ,,MLS,3
2010,L,BZ,,SWO,7
2010,L,SB,,ALB,7741
2010,L,SB,,BET,806
2010,L,SB,,SKJ,236
2010,L,SB,,YFT,5159
2010,L,SB,,BUM,277
2010,L,SB,,BLM,37
2010,L,SB,,MLS,11
2010,L,SB,,SWO,74
2010,L,KI,,ALB,66
2010,L,KI,,BET,3
2010,L,KI,,YFT,4
2010,L,KI,,OCS,1.713
2010,L,KI,,MAK,0.133
2010,L,KI,,BSH,3.919
2010,L,VN,,ALB,4
2010,L,VN,,BET,2441
2010,L,VN,,YFT,9513
2010,L,VN,,BUM,230
2010,L,VN,,BLM,179
2010,L,VN,,SWO,820
2011,L,US,AS,ALB,2404
2011,L,US,AS,BET,1263
2011,L,US,AS,SKJ,142
2011,L,US,AS,YFT,699
2011,L,US,AS,PBF,2
2011,L,US,AS,BUM,85
2011,L,US,AS,BLM,1
2011,L,US,AS,MLS,71
2011,L,US,AS,SWO,34
2011,L,US,AS,SFA,5
2011,L,US,AS,MAK,8
2011,L,US,AS,BSH,5
2011,L,US,AS,THR,4
2011,L,FM,,ALB,30
2011,L,FM,,BET,1500
2011,L,FM,,YFT,750
2011,L,FM,,BUM,175
2011,L,FM,,BLM,37
2011,L,FM,,MLS,3
2011,L,FM,,SWO,16
2011,L,FM,,SFA,1
2011,L,FM,,FAL,322.635
2011,L,FM,,OCS,188.103
2011,L,FM,,MAK,148.616
2011,L,FM,,BSH,323.672
2011,L,FM,,THR,57.373
2011,L,CN,,ALB,11996
2011,L,CN,,BET,11139
2011,L,CN,,YFT,4598
2011,L,CN,,BUM,1226
2011,L,CN,,BLM,172
2011,L,CN,,MLS,370
2011,L,CN,,SWO,1971
2011,L,CN,,MAK,408
2011,L,CN,,BSH,726
2011,L,CK,,ALB,2182
2011,L,CK,,BET,925
2011,L,CK,,SKJ,135
2011,L,CK,,YFT,394
2011,L,CK,,BUM,39
2011,L,CK,,BLM,24
2011,L,CK,,MLS,16
2011,L,CK,,SWO,41
2011,L,CK,,SFA,2
2011,L,CK,,FAL,18.1
2011,L,CK,,THR,1
2011,L,FJ,,ALB,10538
2011,L,FJ,,BET,1718
2011,L,FJ,,YFT,4051
2011,L,FJ,,BUM,154
2011,L,FJ,,BLM,71
2011,L,FJ,,MLS,33
2011,L,FJ,,SWO,128
2011,L,FJ,,SFA,44
2011,L,FJ,,FAL,250
2011,L,FJ,,OCS,92
2011,L,FJ,,MAK,180
2011,L,FJ,,BSH,374
2011,L,FJ,,THR,3
2011,L,FJ,,HAM,13
2011,L,PF,,ALB,3225
2011,L,PF,,BET,607
2011,L,PF,,SKJ,19
2011,L,PF,,YFT,491
2011,L,PF,,BUM,201
2011,L,PF,,MLS,124
2011,L,PF,,SWO,89
2011,L,PF,,SFA,4
2011,L,PF,,FAL,0.803
2011,L,PF,,OCS,3.56
2011,L,PF,,MAK,16.777
2011,L,PF,,BSH,6.33
2011,L,PF,,THR,0.466
2011,L,JP,JP,ALB,7351
2011,L,JP,JP,BET,8255
2011,L,JP,JP,SKJ,125
2011,L,JP,JP,YFT,7033
2011,L,JP,JP,PBF,20
2011,L,JP,JP,BUM,1478
2011,L,JP,JP,BLM,29
2011,L,JP,JP,MLS,442
2011,L,JP,JP,SWO,2996
2011,L,JP,JP,SFA,75
2011,L,JP,JP,OCS,268
2011,L,JP,JP,MAK,714
2011,L,JP,JP,BSH,6848
2011,L,JP,JP,THR,192
2011,L,JP,JP,POR,65
2011,L,JP,CS,ALB,16098
2011,L,JP,CS,BET,9467
2011,L,JP,CS,SKJ,5
2011,L,JP,CS,YFT,4394
2011,L,JP,CS,PBF,828
2011,L,JP,CS,BUM,1324
2011,L,JP,CS,BLM,14
2011,L,JP,CS,MLS,932
2011,L,JP,CS,SWO,973
2011,L,JP,CS,SFA,40
2011,L,JP,CS,FAL,7.1
2011,L,JP,CS,MAK,21.2
2011,L,JP,CS,BSH,507
2011,L,JP,CS,THR,1.1
2011,L,JP,CS,POR,13.3
2011,L,KI,,ALB,200
2011,L,KI,,BET,155
2011,L,KI,,YFT,140
2011,L,KI,,OCS,8.493
2011,L,KI,,MAK,0.661
2011,L,KI,,BSH,19.436
2011,L,KR,,ALB,670
2011,L,KR,,BET,15282
2011,L,KR,,SKJ,35
2011,L,KR,,YFT,7881
2011,L,KR,,BUM,1415
2011,L,KR,,BLM,331
2011,L,KR,,MLS,73
2011,L,KR,,SWO,1340
2011,L,KR,,SFA,13
2011,L,KR,,BSH,9
2011,L,KR,,THR,1
2011,L,KR,,POR,17
2011,L,MH,,ALB,4
2011,L,MH,,BET,259
2011,L,MH,,YFT,99
2011,L,MH,,BUM,37
2011,L,MH,,BLM,7
2011,L,MH,,SWO,3
2011,L,MH,,FAL,5.129
2011,L,MH,,OCS,12.161
2011,L,MH,,BSH,23.08
2011,L,NC,,ALB,1736
2011,L,NC,,BET,41
2011,L,NC,,YFT,585
2011,L,NC,,BUM,23
2011,L,NC,,BLM,55
2011,L,NC,,MLS,76
2011,L,NC,,SWO,10
2011,L,NC,,SFA,7
2011,L,NC,,FAL,7.85
2011,L,NC,,OCS,1.927
2011,L,NC,,MAK,38.491
2011,L,NC,,BSH,48.241
2011,L,NC,,THR,0.689
2011,L,NZ,,ALB,418
2011,L,NZ,,BET,174
2011,L,NZ,,SKJ,1
2011,L,NZ,,YFT,3
2011,L,NZ,,PBF,28
2011,L,NZ,,SWO,738
2011,L,NZ,,MAK,93
2011,L,NZ,,BSH,782
2011,L,NZ,,THR,1
2011,L,NZ,,POR,73
2011,L,PG,,ALB,305
2011,L,PG,,BET,59
2011,L,PG,,SKJ,7
2011,L,PG,,YFT,2303
2011,L,PG,,BUM,262
2011,L,PG,,BLM,16
2011,L,PG,,MLS,11
2011,L,PG,,SWO,125
2011,L,PG,,SFA,18
2011,L,PG,,FAL,147.514
2011,L,PG,,OCS,14.58
2011,L,PG,,MAK,63.998
2011,L,PG,,BSH,35.7
2011,L,PG,,THR,0.49
2011,L,PG,,HAM,3.059
2011,L,WS,,ALB,1415
2011,L,WS,,BET,71
2011,L,WS,,SKJ,51
2011,L,WS,,YFT,395
2011,L,WS,,BUM,7
2011,L,WS,,BLM,5
2011,L,WS,,MLS,4
2011,L,WS,,SWO,5
2011,L,WS,,SFA,3
2011,L,WS,,FAL,20.933
2011,L,WS,,MAK,20.67
2011,L,WS,,BSH,24.035
2011,L,SB,,ALB,915
2011,L,SB,,BET,213
2011,L,SB,,SKJ,30
2011,L,SB,,YFT,643
2011,L,SB,,BUM,35
2011,L,SB,,BLM,5
2011,L,SB,,MLS,1
2011,L,SB,,SWO,10
2011,L,TW,DW,ALB,6939
2011,L,TW,DW,BET,6579
2011,L,TW,DW,SKJ,155
2011,L,TW,DW,YFT,3167
2011,L,TW,DW,BUM,1166
2011,L,TW,DW,BLM,22
2011,L,TW,DW,MLS,257
2011,L,TW,DW,SWO,1554
2011,L,TW,DW,FAL,656
2011,L,TW,DW,OCS,122
2011,L,TW,DW,MAK,488
2011,L,TW,DW,BSH,1522
2011,L,TW,DW,THR,98
2011,L,TW,DW,HAM,21
2011,L,TW,OS,ALB,9275
2011,L,TW,OS,BET,4696
2011,L,TW,OS,SKJ,235
2011,L,TW,OS,YFT,18153
2011,L,TW,OS,PBF,292
2011,L,TW,OS,BUM,5031
2011,L,TW,OS,BLM,344
2011,L,TW,OS,MLS,392
2011,L,TW,OS,SWO,3238
2011,L,TW,OS,FAL,332
2011,L,TW,OS,OCS,3
2011,L,TW,OS,MAK,1196
2011,L,TW,OS,BSH,17375
2011,L,TW,OS,THR,804
2011,L,TW,OS,HAM,427
2011,L,TO,,ALB,34
2011,L,TO,,BET,18
2011,L,TO,,SKJ,1
2011,L,TO,,YFT,171
2011,L,TO,,BUM,22
2011,L,TO,,BLM,2
2011,L,TO,,MLS,7
2011,L,TO,,SWO,22
2011,L,TO,,SFA,3
2011,L,TO,,FAL,10.868
2011,L,TO,,OCS,7.975
2011,L,TO,,MAK,15.213
2011,L,TO,,BSH,23.652
2011,L,TO,,THR,1.857
2011,L,US,HW,ALB,487
2011,L,US,HW,BET,3565
2011,L,US,HW,SKJ,158
2011,L,US,HW,YFT,738
2011,L,US,HW,BUM,290
2011,L,US,HW,BLM,1
2011,L,US,HW,MLS,263
2011,L,US,HW,SWO,837
2011,L,US,HW,SFA,10
2011,L,US,HW,MAK,43
2011,L,US,HW,BSH,9
2011,L,US,HW,THR,15
2011,L,VU,,ALB,8059
2011,L,VU,,BET,2061
2011,L,VU,,SKJ,22
2011,L,VU,,YFT,1601
2011,L,VU,,PBF,1
2011,L,VU,,BUM,195
2011,L,VU,,BLM,11
2011,L,VU,,MLS,71
2011,L,VU,,SWO,182
2011,L,VU,,SFA,1
2011,L,VU,,FAL,554.975
2011,L,VU,,OCS,407.281
2011,L,VU,,MAK,776.872
2011,L,VU,,BSH,1207.867
2011,L,VU,,THR,94.811
2011,L,ID,,BET,4714
2011,L,ID,,YFT,26606
2011,L,ID,,BUM,1163
2011,L,ID,,BLM,348
2011,L,ID,,MLS,227
2011,L,ID,,SWO,640
2011,L,PH,,ALB,36
2011,L,PH,,BET,777
2011,L,PH,,YFT,146
2011,L,PH,,BUM,39
2011,L,PH,,SWO,112
2011,L,AU,AU,ALB,653
2011,L,AU,AU,BET,379
2011,L,AU,AU,SKJ,2
2011,L,AU,AU,YFT,1858
2011,L,AU,AU,PBF,1
2011,L,AU,AU,BUM,9
2011,L,AU,AU,BLM,13
2011,L,AU,AU,MLS,286
2011,L,AU,AU,SWO,1079
2011,L,AU,AU,OCS,2
2011,L,AU,AU,MAK,46
2011,L,AU,AU,BSH,9
2011,L,AU,AU,HAM,3
2011,L,ES,,ALB,6
2011,L,ES,,BET,10
2011,L,ES,,SKJ,1
2011,L,ES,,BUM,5
2011,L,ES,,MLS,25
2011,L,ES,,SWO,1431
2011,L,ES,,OCS,2
2011,L,ES,,MAK,402
2011,L,ES,,BSH,1664
2011,L,BZ,,ALB,105
2011,L,BZ,,BET,102
2011,L,BZ,,YFT,13
2011,L,BZ,,BUM,3
2011,L,BZ,,MLS,6
2011,L,BZ,,SWO,19
2011,L,BZ,,BSH,11
2011,L,TV,,ALB,184
2011,L,TV,,BET,105
2011,L,TV,,YFT,286
2011,L,TV,,BUM,39
2011,L,TV,,BLM,2
2011,L,TV,,MLS,1
2011,L,TV,,SWO,10
2000,L,VN,,ALB,10
2000,L,VN,,BET,2479
2000,L,VN,,YFT,6776
2000,L,VN,,BUM,323
2000,L,VN,,BLM,152
2000,L,VN,,SWO,253
2000,L,VN,,SFA,188
2001,L,VN,,ALB,11
2001,L,VN,,BET,1450
2001,L,VN,,YFT,8292
2001,L,VN,,BUM,340
2001,L,VN,,BLM,160
2001,L,VN,,SWO,266
2002,L,VN,,ALB,11
2002,L,VN,,BET,614
2002,L,VN,,YFT,9756
2002,L,VN,,BUM,362
2002,L,VN,,BLM,170
2002,L,VN,,SWO,283
2003,L,VN,,ALB,11
2003,L,VN,,BET,2129
2003,L,VN,,YFT,8179
2003,L,VN,,BUM,360
2003,L,VN,,BLM,169
2003,L,VN,,SWO,281
2004,L,VN,,ALB,15
2004,L,VN,,BET,2781
2004,L,VN,,YFT,11122
2004,L,VN,,BUM,486
2004,L,VN,,BLM,228
2004,L,VN,,SWO,379
2005,L,VN,,ALB,16
2005,L,VN,,BET,3527
2005,L,VN,,YFT,10895
2005,L,VN,,BUM,504
2005,L,VN,,BLM,236
2005,L,VN,,SWO,394
2006,L,VN,,ALB,16
2006,L,VN,,BET,3538
2006,L,VN,,YFT,10930
2006,L,VN,,BUM,505
2006,L,VN,,BLM,237
2006,L,VN,,SWO,395
2007,L,VN,,ALB,16
2007,L,VN,,BET,3648
2007,L,VN,,YFT,11270
2007,L,VN,,BUM,521
2007,L,VN,,BLM,244
2007,L,VN,,SWO,407
2007,L,VN,,SFA,1083
2008,L,VN,,ALB,15
2008,L,VN,,BET,3358
2008,L,VN,,YFT,10375
2008,L,VN,,BUM,480
2008,L,VN,,BLM,225
2008,L,VN,,SWO,375
2008,L,VN,,SFA,462
2009,L,VN,,ALB,13
2009,L,VN,,BET,2992
2009,L,VN,,YFT,9244
2009,L,VN,,BUM,427
2009,L,VN,,BLM,200
2009,L,VN,,SWO,334
2009,L,VN,,SFA,511
2011,L,VN,,ALB,15
2011,L,VN,,BET,3424
2011,L,VN,,YFT,10576
2011,L,VN,,BUM,489
2011,L,VN,,BLM,229
2011,L,VN,,SWO,382
2011,L,WF,,ALB,3
2011,L,WF,,BET,6
2011,L,WF,,YFT,4
2011,L,WF,,MLS,1
2011,L,PT,,ALB,4
2011,L,PT,,BET,3
2011,L,PT,,PBF,3
2011,L,PT,,BUM,1
2011,L,PT,,SWO,197
2011,L,PT,,MAK,44
2011,L,PT,,BSH,188
2012,L,US,AS,ALB,3262
2012,L,US,AS,BET,1502
2012,L,US,AS,SKJ,374
2012,L,US,AS,YFT,620
2012,L,US,AS,PBF,7
2012,L,US,AS,BUM,87
2012,L,US,AS,BLM,2
2012,L,US,AS,MLS,61
2012,L,US,AS,SWO,52
2012,L,US,AS,SFA,4
2012,L,US,AS,MAK,8
2012,L,US,AS,BSH,6
2012,L,US,AS,THR,4
2012,L,FM,,ALB,300
2012,L,FM,,BET,1700
2012,L,FM,,YFT,750
2012,L,FM,,BUM,111
2012,L,FM,,BLM,21
2012,L,FM,,MLS,3
2012,L,FM,,SWO,12
2012,L,FM,,FAL,230.047
2012,L,FM,,OCS,134.122
2012,L,FM,,MAK,105.967
2012,L,FM,,BSH,230.787
2012,L,FM,,THR,40.909
2012,L,CN,,ALB,24826
2012,L,CN,,BET,11324
2012,L,CN,,YFT,6004
2012,L,CN,,BUM,1795
2012,L,CN,,BLM,255
2012,L,CN,,MLS,524
2012,L,CN,,SWO,2201
2012,L,CN,,MAK,516
2012,L,CN,,BSH,1126
2012,L,CK,,ALB,2757
2012,L,CK,,BET,1624
2012,L,CK,,SKJ,308
2012,L,CK,,YFT,693
2012,L,CK,,BUM,93
2012,L,CK,,BLM,37
2012,L,CK,,MLS,28
2012,L,CK,,SWO,140
2012,L,CK,,SFA,2
2012,L,CK,,FAL,16.9
2012,L,CK,,BSH,22.9
2012,L,CK,,THR,1
2012,L,FJ,,ALB,10202
2012,L,FJ,,BET,1588
2012,L,FJ,,YFT,3188
2012,L,FJ,,BUM,154
2012,L,FJ,,BLM,71
2012,L,FJ,,MLS,33
2012,L,FJ,,SWO,128
2012,L,FJ,,SFA,23
2012,L,FJ,,FAL,309
2012,L,FJ,,OCS,92
2012,L,FJ,,MAK,329
2012,L,FJ,,BSH,1244
2012,L,FJ,,THR,5
2012,L,FJ,,HAM,44
2012,L,PF,,ALB,3594
2012,L,PF,,BET,654
2012,L,PF,,SKJ,50
2012,L,PF,,YFT,758
2012,L,PF,,BUM,241
2012,L,PF,,BLM,1
2012,L,PF,,MLS,117
2012,L,PF,,SWO,116
2012,L,PF,,SFA,6
2012,L,PF,,FAL,2.076
2012,L,PF,,OCS,9.205
2012,L,PF,,MAK,43.382
2012,L,PF,,BSH,16.368
2012,L,PF,,THR,1.205
2012,L,JP,JP,ALB,7585
2012,L,JP,JP,BET,8375
2012,L,JP,JP,SKJ,199
2012,L,JP,JP,YFT,7065
2012,L,JP,JP,PBF,13
2012,L,JP,JP,BUM,1137
2012,L,JP,JP,BLM,20
2012,L,JP,JP,MLS,425
2012,L,JP,JP,SWO,3243
2012,L,JP,JP,SFA,45
2012,L,JP,JP,OCS,46
2012,L,JP,JP,MAK,751
2012,L,JP,JP,BSH,10860
2012,L,JP,JP,THR,84
2012,L,JP,JP,POR,468
2012,L,JP,CS,ALB,17668
2012,L,JP,CS,BET,8542
2012,L,JP,CS,SKJ,4
2012,L,JP,CS,YFT,3556
2012,L,JP,CS,PBF,667
2012,L,JP,CS,BUM,1177
2012,L,JP,CS,BLM,11
2012,L,JP,CS,MLS,980
2012,L,JP,CS,SWO,1080
2012,L,JP,CS,SFA,39
2012,L,JP,CS,FAL,3.7
2012,L,JP,CS,MAK,3.4
2012,L,JP,CS,BSH,632.1
2012,L,JP,CS,THR,1.3
2012,L,JP,CS,POR,91.4
2012,L,KI,,ALB,350
2012,L,KI,,BET,800
2012,L,KI,,YFT,300
2012,L,KI,,BUM,36
2012,L,KI,,BLM,1
2012,L,KI,,MLS,1
2012,L,KI,,SWO,10
2012,L,KI,,SFA,1
2012,L,KI,,OCS,14.264
2012,L,KI,,MAK,1.11
2012,L,KI,,BSH,32.644
2012,L,KR,,ALB,1264
2012,L,KR,,BET,18823
2012,L,KR,,SKJ,184
2012,L,KR,,YFT,7832
2012,L,KR,,BUM,1486
2012,L,KR,,BLM,148
2012,L,KR,,MLS,43
2012,L,KR,,SWO,1267
2012,L,KR,,SFA,10
2012,L,KR,,FAL,4
2012,L,KR,,OCS,1
2012,L,KR,,MAK,6
2012,L,KR,,BSH,68
2012,L,KR,,THR,33
2012,L,KR,,POR,38
2012,L,KR,,HAM,4
2012,L,MH,,ALB,17
2012,L,MH,,BET,335
2012,L,MH,,YFT,113
2012,L,MH,,BUM,25
2012,L,MH,,BLM,10
2012,L,MH,,SWO,3
2012,L,MH,,FAL,18
2012,L,MH,,OCS,9
2012,L,MH,,MAK,3
2012,L,MH,,BSH,32
2012,L,MH,,THR,1
2012,L,MH,,HAM,1
2012,L,NC,,ALB,1715
2012,L,NC,,BET,49
2012,L,NC,,YFT,573
2012,L,NC,,BLM,66
2012,L,NC,,MLS,57
2012,L,NC,,SWO,10
2012,L,NC,,SFA,5
2012,L,NC,,FAL,7.767
2012,L,NC,,OCS,1.907
2012,L,NC,,MAK,38.085
2012,L,NC,,BSH,47.732
2012,L,NC,,THR,0.682
2012,L,NZ,,ALB,266
2012,L,NZ,,BET,154
2012,L,NZ,,SKJ,1
2012,L,NZ,,YFT,1
2012,L,NZ,,PBF,13
2012,L,NZ,,SWO,686
2012,L,NZ,,MAK,93
2012,L,NZ,,BSH,981
2012,L,NZ,,THR,2
2012,L,NZ,,POR,51
2012,L,PG,,ALB,811
2012,L,PG,,BET,119
2012,L,PG,,SKJ,1
2012,L,PG,,YFT,2961
2012,L,PG,,BUM,247
2012,L,PG,,BLM,37
2012,L,PG,,MLS,11
2012,L,PG,,SWO,177
2012,L,PG,,SFA,35
2012,L,PG,,FAL,215.215
2012,L,PG,,OCS,21.271
2012,L,PG,,MAK,93.37
2012,L,PG,,BSH,52.084
2012,L,PG,,THR,0.715
2012,L,PG,,HAM,4.463
2012,L,WS,,ALB,2038
2012,L,WS,,BET,54
2012,L,WS,,SKJ,27
2012,L,WS,,YFT,234
2012,L,WS,,BUM,11
2012,L,WS,,BLM,10
2012,L,WS,,MLS,3
2012,L,WS,,SWO,5
2012,L,WS,,SFA,3
2012,L,WS,,FAL,25.886
2012,L,WS,,MAK,25.56
2012,L,WS,,BSH,29.721
2012,L,TW,DW,ALB,5656
2012,L,TW,DW,BET,5770
2012,L,TW,DW,SKJ,214
2012,L,TW,DW,YFT,2059
2012,L,TW,DW,BUM,975
2012,L,TW,DW,BLM,7
2012,L,TW,DW,MLS,249
2012,L,TW,DW,SWO,1319
2012,L,TW,DW,FAL,460
2012,L,TW,DW,OCS,70
2012,L,TW,DW,MAK,280
2012,L,TW,DW,BSH,923
2012,L,TW,DW,THR,78
2012,L,TW,DW,HAM,20
2012,L,TW,OS,ALB,8505
2012,L,TW,OS,BET,5224
2012,L,TW,OS,SKJ,214
2012,L,TW,OS,YFT,14889
2012,L,TW,OS,PBF,210
2012,L,TW,OS,BUM,4789
2012,L,TW,OS,BLM,327
2012,L,TW,OS,MLS,440
2012,L,TW,OS,SWO,3430
2012,L,TW,OS,SFA,875
2012,L,TW,OS,FAL,110
2012,L,TW,OS,OCS,2
2012,L,TW,OS,MAK,688
2012,L,TW,OS,BSH,11407
2012,L,TW,OS,THR,577
2012,L,TW,OS,HAM,348
2012,L,TO,,ALB,20
2012,L,TO,,BET,10
2012,L,TO,,SKJ,1
2012,L,TO,,YFT,140
2012,L,TO,,BUM,47
2012,L,TO,,BLM,2
2012,L,TO,,MLS,8
2012,L,TO,,SWO,19
2012,L,TO,,SFA,1
2012,L,TO,,FAL,8.285
2012,L,TO,,OCS,6.08
2012,L,TO,,MAK,11.597
2012,L,TO,,BSH,18.031
2012,L,TO,,THR,1.415
2012,L,US,HW,ALB,480
2012,L,US,HW,BET,3660
2012,L,US,HW,SKJ,115
2012,L,US,HW,YFT,576
2012,L,US,HW,BUM,226
2012,L,US,HW,BLM,1
2012,L,US,HW,MLS,209
2012,L,US,HW,SWO,862
2012,L,US,HW,SFA,5
2012,L,US,HW,OCS,1
2012,L,US,HW,MAK,42
2012,L,US,HW,BSH,12
2012,L,US,HW,THR,9
2012,L,VU,,ALB,8877
2012,L,VU,,BET,2151
2012,L,VU,,SKJ,309
2012,L,VU,,YFT,2230
2012,L,VU,,BUM,437
2012,L,VU,,BLM,18
2012,L,VU,,MLS,79
2012,L,VU,,SWO,213
2012,L,VU,,SFA,4
2012,L,VU,,FAL,617.987
2012,L,VU,,OCS,453.524
2012,L,VU,,MAK,865.079
2012,L,VU,,BSH,1345.008
2012,L,VU,,THR,105.576
2012,L,ID,,BET,5371
2012,L,ID,,YFT,18863
2012,L,ID,,BUM,1163
2012,L,ID,,BLM,348
2012,L,ID,,MLS,227
2012,L,ID,,SWO,640
2012,L,ID,,SFA,2063
2012,L,PH,,ALB,24
2012,L,PH,,BET,248
2012,L,PH,,YFT,61
2012,L,PH,,BUM,6
2012,L,PH,,SWO,44
2012,L,AU,AU,ALB,709
2012,L,AU,AU,BET,553
2012,L,AU,AU,SKJ,3
2012,L,AU,AU,YFT,1259
2012,L,AU,AU,PBF,1
2012,L,AU,AU,BUM,14
2012,L,AU,AU,BLM,23
2012,L,AU,AU,MLS,262
2012,L,AU,AU,SWO,1157
2012,L,AU,AU,FAL,0.32
2012,L,AU,AU,OCS,10
2012,L,AU,AU,MAK,70
2012,L,AU,AU,BSH,119
2012,L,AU,AU,THR,11
2012,L,AU,AU,POR,0.3
2012,L,AU,AU,HAM,10
2012,L,ES,,ALB,3
2012,L,ES,,BET,23
2012,L,ES,,YFT,2
2012,L,ES,,SWO,2131
2012,L,ES,,MAK,472
2012,L,ES,,BSH,1685
2012,L,BZ,,ALB,32
2012,L,BZ,,BET,132
2012,L,BZ,,YFT,30
2012,L,BZ,,BUM,19
2012,L,BZ,,MLS,1
2012,L,BZ,,SWO,10
2012,L,BZ,,BSH,4
2012,L,VN,,ALB,15
2012,L,VN,,BET,3761
2012,L,VN,,YFT,12456
2012,L,VN,,BUM,130
2012,L,VN,,BLM,146
2012,L,VN,,SWO,372
2012,L,VN,,SFA,1363
2012,L,TV,,ALB,435
2012,L,TV,,BET,1408
2012,L,TV,,YFT,453
2012,L,TV,,BUM,102
2012,L,TV,,BLM,1
2012,L,TV,,MLS,5
2012,L,TV,,SWO,38
2012,L,PT,,ALB,1
2012,L,PT,,BET,17
2012,L,PT,,BUM,31
2012,L,PT,,SWO,222
2012,L,PT,,MAK,79
2012,L,PT,,BSH,176
2013,L,US,AS,ALB,2139
2013,L,US,AS,BET,389
2013,L,US,AS,SKJ,74
2013,L,US,AS,YFT,422
2013,L,US,AS,PBF,2
2013,L,US,AS,BUM,53
2013,L,US,AS,MLS,27
2013,L,US,AS,SWO,28
2013,L,US,AS,SFA,2
2013,L,US,AS,MAK,4
2013,L,US,AS,BSH,1
2013,L,FM,,ALB,750
2013,L,FM,,BET,1270
2013,L,FM,,SKJ,1
2013,L,FM,,YFT,850
2013,L,FM,,BUM,147
2013,L,FM,,BLM,12
2013,L,FM,,SWO,13
2013,L,FM,,FAL,159.5
2013,L,FM,,OCS,60.3
2013,L,FM,,MAK,33.5
2013,L,FM,,BSH,458.6
2013,L,FM,,THR,30.6
2013,L,CN,,ALB,24162
2013,L,CN,,BET,10671
2013,L,CN,,YFT,4638
2013,L,CN,,BUM,1926
2013,L,CN,,BLM,11
2013,L,CN,,MLS,165
2013,L,CN,,SWO,1840
2013,L,CN,,MAK,25
2013,L,CN,,BSH,453
2013,L,CK,,ALB,1354
2013,L,CK,,BET,208
2013,L,CK,,SKJ,40
2013,L,CK,,YFT,346
2013,L,CK,,BUM,35
2013,L,CK,,BLM,11
2013,L,CK,,MLS,12
2013,L,CK,,SWO,16
2013,L,CK,,SFA,2
2013,L,CK,,FAL,5.2
2013,L,CK,,BSH,7
2013,L,CK,,THR,1
2013,L,FJ,,ALB,9561
2013,L,FJ,,BET,1018
2013,L,FJ,,YFT,2203
2013,L,FJ,,BUM,154
2013,L,FJ,,BLM,71
2013,L,FJ,,MLS,33
2013,L,FJ,,SWO,128
2013,L,FJ,,SFA,23
2013,L,FJ,,FAL,221
2013,L,FJ,,OCS,92
2013,L,FJ,,MAK,280
2013,L,FJ,,BSH,888
2013,L,FJ,,THR,3
2013,L,FJ,,HAM,31
2013,L,PF,,ALB,3512
2013,L,PF,,BET,787
2013,L,PF,,SKJ,34
2013,L,PF,,YFT,615
2013,L,PF,,BUM,243
2013,L,PF,,MLS,107
2013,L,PF,,SWO,128
2013,L,PF,,SFA,6
2013,L,PF,,FAL,2.076
2013,L,PF,,OCS,9.205
2013,L,PF,,MAK,43.382
2013,L,PF,,BSH,16.368
2013,L,PF,,THR,1.205
2013,L,JP,JP,ALB,6779
2013,L,JP,JP,BET,6269
2013,L,JP,JP,SKJ,207
2013,L,JP,JP,YFT,4761
2013,L,JP,JP,PBF,12
2013,L,JP,JP,BUM,990
2013,L,JP,JP,BLM,31
2013,L,JP,JP,MLS,407
2013,L,JP,JP,SWO,3420
2013,L,JP,JP,SFA,66
2013,L,JP,JP,MAK,606
2013,L,JP,JP,BSH,9603
2013,L,JP,JP,THR,113
2013,L,JP,JP,POR,205
2013,L,JP,CS,ALB,15110
2013,L,JP,CS,BET,6722
2013,L,JP,CS,SKJ,2
2013,L,JP,CS,YFT,3507
2013,L,JP,CS,PBF,777
2013,L,JP,CS,BUM,1347
2013,L,JP,CS,BLM,18
2013,L,JP,CS,MLS,1099
2013,L,JP,CS,SWO,921
2013,L,JP,CS,SFA,18
2013,L,JP,CS,MAK,23.8
2013,L,JP,CS,BSH,885.9
2013,L,JP,CS,THR,21.3
2013,L,JP,CS,POR,194.7
2013,L,KI,,ALB,40
2013,L,KI,,BET,582
2013,L,KI,,YFT,175
2013,L,KI,,BUM,36
2013,L,KI,,BLM,1
2013,L,KI,,MLS,1
2013,L,KI,,SWO,10
2013,L,KI,,SFA,1
2013,L,KI,,OCS,14.264
2013,L,KI,,MAK,1.11
2013,L,KI,,BSH,32.644
2013,L,KR,,ALB,1155
2013,L,KR,,BET,12818
2013,L,KR,,SKJ,51
2013,L,KR,,YFT,5716
2013,L,KR,,BUM,1727
2013,L,KR,,BLM,90
2013,L,KR,,MLS,90
2013,L,KR,,SWO,1214
2013,L,KR,,SFA,11
2013,L,KR,,FAL,33
2013,L,KR,,MAK,17
2013,L,KR,,BSH,194
2013,L,KR,,THR,98
2013,L,KR,,HAM,21
2013,L,MH,,ALB,7
2013,L,MH,,BET,80
2013,L,MH,,YFT,47
2013,L,MH,,BUM,9
2013,L,MH,,SWO,1
2013,L,MH,,FAL,5
2013,L,MH,,OCS,2
2013,L,MH,,MAK,1
2013,L,MH,,BSH,9
2013,L,NC,,ALB,1732
2013,L,NC,,BET,51
2013,L,NC,,YFT,531
2013,L,NC,,BLM,53
2013,L,NC,,MLS,51
2013,L,NC,,SWO,9
2013,L,NC,,SFA,5
2013,L,NC,,FAL,1
2013,L,NC,,MAK,4
2013,L,NC,,BSH,19
2013,L,NZ,,ALB,302
2013,L,NZ,,BET,109
2013,L,NZ,,SKJ,1
2013,L,NZ,,YFT,1
2013,L,NZ,,PBF,24
2013,L,NZ,,SWO,777
2013,L,NZ,,MAK,78
2013,L,NZ,,BSH,661
2013,L,NZ,,THR,4
2013,L,NZ,,POR,85
2013,L,NZ,,HAM,9
2013,L,PG,,ALB,261
2013,L,PG,,BET,32
2013,L,PG,,YFT,1041
2013,L,PG,,BUM,153
2013,L,PG,,BLM,29
2013,L,PG,,MLS,3
2013,L,PG,,SWO,114
2013,L,PG,,SFA,35
2013,L,PG,,FAL,215.215
2013,L,PG,,OCS,21.271
2013,L,PG,,MAK,93.37
2013,L,PG,,BSH,52.084
2013,L,PG,,THR,0.715
2013,L,PG,,HAM,4.463
2013,L,WS,,ALB,1642
2013,L,WS,,BET,36
2013,L,WS,,SKJ,14
2013,L,WS,,YFT,330
2013,L,WS,,BUM,7
2013,L,WS,,BLM,5
2013,L,WS,,MLS,5
2013,L,WS,,SWO,3
2013,L,WS,,SFA,3
2013,L,WS,,FAL,15
2013,L,WS,,MAK,15
2013,L,WS,,BSH,26
2013,L,TW,DW,ALB,6533
2013,L,TW,DW,BET,5486
2013,L,TW,DW,SKJ,179
2013,L,TW,DW,YFT,1441
2013,L,TW,DW,BUM,934
2013,L,TW,DW,BLM,1
2013,L,TW,DW,MLS,222
2013,L,TW,DW,SWO,1386
2013,L,TW,DW,FAL,483
2013,L,TW,DW,MAK,282
2013,L,TW,DW,BSH,1295
2013,L,TW,DW,THR,8
2013,L,TW,OS,ALB,10869
2013,L,TW,OS,BET,5114
2013,L,TW,OS,SKJ,275
2013,L,TW,OS,YFT,13558
2013,L,TW,OS,PBF,331
2013,L,TW,OS,BUM,5525
2013,L,TW,OS,BLM,562
2013,L,TW,OS,MLS,331
2013,L,TW,OS,SWO,2932
2013,L,TW,OS,SFA,875
2013,L,TW,OS,FAL,74
2013,L,TW,OS,MAK,622
2013,L,TW,OS,BSH,8170
2013,L,TW,OS,THR,850
2013,L,TW,OS,HAM,292
2013,L,TO,,ALB,13
2013,L,TO,,BET,7
2013,L,TO,,SKJ,1
2013,L,TO,,YFT,126
2013,L,TO,,BUM,48
2013,L,TO,,MLS,2
2013,L,TO,,SWO,26
2013,L,TO,,SFA,1
2013,L,TO,,FAL,4
2013,L,TO,,OCS,13
2013,L,TO,,MAK,13
2013,L,TO,,BSH,25
2013,L,TO,,THR,1
2013,L,US,HW,ALB,272
2013,L,US,HW,BET,3612
2013,L,US,HW,SKJ,181
2013,L,US,HW,YFT,546
2013,L,US,HW,BUM,283
2013,L,US,HW,BLM,1
2013,L,US,HW,MLS,256
2013,L,US,HW,SWO,545
2013,L,US,HW,SFA,7
2013,L,US,HW,MAK,30
2013,L,US,HW,BSH,1
2013,L,US,HW,THR,4
2013,L,VU,,ALB,11073
2013,L,VU,,BET,1989
2013,L,VU,,SKJ,166
2013,L,VU,,YFT,1768
2013,L,VU,,BUM,545
2013,L,VU,,BLM,19
2013,L,VU,,MLS,105
2013,L,VU,,SWO,345
2013,L,VU,,SFA,4
2013,L,VU,,FAL,617.987
2013,L,VU,,OCS,453.524
2013,L,VU,,MAK,865.079
2013,L,VU,,BSH,1345.008
2013,L,VU,,THR,105.576
2013,L,ID,,BET,4513
2013,L,ID,,YFT,19207
2013,L,ID,,BUM,1163
2013,L,ID,,BLM,348
2013,L,ID,,MLS,227
2013,L,ID,,SWO,640
2013,L,ID,,SFA,2063
2013,L,PH,,ALB,30
2013,L,PH,,BET,167
2013,L,PH,,YFT,27
2013,L,PH,,BUM,2
2013,L,PH,,SWO,9
2013,L,AU,AU,ALB,773
2013,L,AU,AU,BET,489
2013,L,AU,AU,SKJ,3
2013,L,AU,AU,YFT,1341
2013,L,AU,AU,BUM,14
2013,L,AU,AU,BLM,23
2013,L,AU,AU,MLS,251
2013,L,AU,AU,SWO,1062
2013,L,AU,AU,FAL,1.52
2013,L,AU,AU,OCS,10.68
2013,L,AU,AU,MAK,49
2013,L,AU,AU,BSH,121
2013,L,AU,AU,THR,9.85
2013,L,AU,AU,POR,0.7
2013,L,AU,AU,HAM,9
2013,L,ES,,ALB,3
2013,L,ES,,BET,23
2013,L,ES,,YFT,2
2013,L,ES,,SWO,1780
2013,L,ES,,MAK,654
2013,L,ES,,BSH,1568
2013,L,BZ,,ALB,14
2013,L,BZ,,BET,217
2013,L,BZ,,YFT,21
2013,L,BZ,,BUM,9
2013,L,BZ,,BLM,1
2013,L,BZ,,MLS,7
2013,L,BZ,,SWO,43
2013,L,BZ,,BSH,1
2013,L,VN,,ALB,251
2013,L,VN,,BET,2260
2013,L,VN,,YFT,13917
2013,L,VN,,BUM,384
2013,L,VN,,BLM,385
2013,L,VN,,SWO,388
2013,L,VN,,SFA,1363
2013,L,TV,,ALB,169
2013,L,TV,,BET,120
2013,L,TV,,YFT,114
2013,L,TV,,BUM,14
2013,L,TV,,BLM,10
2013,L,TV,,SWO,6
2013,L,PT,,ALB,67
2013,L,PT,,BET,106
2013,L,PT,,YFT,2
2013,L,PT,,BUM,67
2013,L,PT,,SWO,223
2013,L,PT,,MAK,211
2013,L,PT,,BSH,228
2013,L,US,MP,ALB,23
2013,L,US,MP,BET,492
2013,L,US,MP,SKJ,25
2013,L,US,MP,YFT,93
2013,L,US,MP,BUM,20
2013,L,US,MP,MLS,42
2013,L,US,MP,SWO,8
2013,L,US,MP,MAK,3
2014,L,US,AS,ALB,1438
2014,L,US,AS,BET,318
2014,L,US,AS,SKJ,125
2014,L,US,AS,YFT,454
2014,L,US,AS,PBF,3
2014,L,US,AS,BUM,58
2014,L,US,AS,MLS,21
2014,L,US,AS,SWO,25
2014,L,US,AS,SFA,2
2014,L,US,AS,MAK,2
2014,L,US,AS,BSH,1
2014,L,US,AS,THR,1
2014,L,FM,,ALB,502
2014,L,FM,,BET,2488
2014,L,FM,,SKJ,6
2014,L,FM,,YFT,1639
2014,L,FM,,PBF,8
2014,L,FM,,BUM,325
2014,L,FM,,BLM,3
2014,L,FM,,MLS,1
2014,L,FM,,SWO,35
2014,L,CN,,ALB,14643
2014,L,CN,,BET,9370
2014,L,CN,,YFT,5949
2014,L,CN,,BUM,1826
2014,L,CN,,BLM,73
2014,L,CN,,MLS,214
2014,L,CN,,SWO,2200
2014,L,CN,,MAK,19
2014,L,CN,,BSH,206
2014,L,CK,,ALB,1186
2014,L,CK,,BET,184
2014,L,CK,,SKJ,137
2014,L,CK,,YFT,504
2014,L,CK,,BUM,30
2014,L,CK,,BLM,11
2014,L,CK,,MLS,19
2014,L,CK,,SWO,14
2014,L,CK,,SFA,2
2014,L,CK,,FAL,0.185
2014,L,CK,,MAK,0.04
2014,L,CK,,BSH,1
2014,L,FJ,,ALB,7622
2014,L,FJ,,BET,1698
2014,L,FJ,,YFT,4343
2014,L,FJ,,BUM,271
2014,L,FJ,,BLM,100
2014,L,FJ,,MLS,51
2014,L,FJ,,SWO,167
2014,L,FJ,,SFA,39
2014,L,FJ,,FAL,1
2014,L,FJ,,OCS,1
2014,L,FJ,,BSH,11
2014,L,FJ,,POR,2
2014,L,PF,,ALB,3744
2014,L,PF,,BET,741
2014,L,PF,,SKJ,33
2014,L,PF,,YFT,783
2014,L,PF,,BUM,240
2014,L,PF,,BLM,1
2014,L,PF,,MLS,105
2014,L,PF,,SWO,142
2014,L,PF,,SFA,6
2014,L,PF,,FAL,4
2014,L,PF,,OCS,38
2014,L,PF,,MAK,133
2014,L,PF,,BSH,128
2014,L,PF,,THR,3.7
2014,L,JP,JP,ALB,5755
2014,L,JP,JP,BET,7211
2014,L,JP,JP,SKJ,163
2014,L,JP,JP,YFT,3653
2014,L,JP,JP,PBF,15
2014,L,JP,JP,BUM,938
2014,L,JP,JP,BLM,26
2014,L,JP,JP,MLS,310
2014,L,JP,JP,SWO,3215
2014,L,JP,JP,SFA,48
2014,L,JP,JP,MAK,707
2014,L,JP,JP,BSH,9882
2014,L,JP,JP,THR,126
2014,L,JP,JP,POR,749
2014,L,JP,CS,ALB,15703
2014,L,JP,CS,BET,8353
2014,L,JP,CS,SKJ,4
2014,L,JP,CS,YFT,2841
2014,L,JP,CS,PBF,672
2014,L,JP,CS,BUM,970
2014,L,JP,CS,BLM,14
2014,L,JP,CS,MLS,855
2014,L,JP,CS,SWO,1101
2014,L,JP,CS,SFA,46
2014,L,JP,CS,MAK,4.5
2014,L,JP,CS,BSH,851.2
2014,L,JP,CS,THR,2.1
2014,L,JP,CS,POR,335.8
2014,L,KI,,ALB,7
2014,L,KI,,BET,268
2014,L,KI,,YFT,108
2014,L,KI,,MLS,7
2014,L,KI,,SWO,20
2014,L,KI,,MAK,6
2014,L,KI,,BSH,1
2014,L,KR,,ALB,714
2014,L,KR,,BET,12779
2014,L,KR,,SKJ,100
2014,L,KR,,YFT,8371
2014,L,KR,,BUM,1887
2014,L,KR,,BLM,82
2014,L,KR,,MLS,56
2014,L,KR,,SWO,1048
2014,L,KR,,SFA,9
2014,L,KR,,FAL,33
2014,L,KR,,MAK,11
2014,L,KR,,BSH,201
2014,L,KR,,THR,124
2014,L,KR,,HAM,13
2014,L,NC,,ALB,1630
2014,L,NC,,BET,58
2014,L,NC,,YFT,741
2014,L,NC,,BUM,23
2014,L,NC,,BLM,40
2014,L,NC,,MLS,60
2014,L,NC,,SWO,14
2014,L,NC,,SFA,5
2014,L,NC,,FAL,1
2014,L,NC,,OCS,6
2014,L,NC,,MAK,18
2014,L,NC,,BSH,91
2014,L,NC,,THR,1
2014,L,NZ,,ALB,311
2014,L,NZ,,BET,122
2014,L,NZ,,SKJ,1
2014,L,NZ,,YFT,2
2014,L,NZ,,PBF,12
2014,L,NZ,,SWO,583
2014,L,NZ,,MAK,47
2014,L,NZ,,BSH,106
2014,L,NZ,,THR,1
2014,L,NZ,,POR,73
2014,L,NZ,,HAM,7
2014,L,PG,,ALB,323
2014,L,PG,,BET,52
2014,L,PG,,YFT,1568
2014,L,PG,,BUM,153
2014,L,PG,,BLM,29
2014,L,PG,,MLS,3
2014,L,PG,,SWO,114
2014,L,PG,,SFA,35
2014,L,PG,,FAL,215.215
2014,L,PG,,OCS,21.271
2014,L,PG,,MAK,93.37
2014,L,PG,,BSH,52.084
2014,L,PG,,THR,0.715
2014,L,PG,,HAM,4.463
2014,L,WS,,ALB,808
2014,L,WS,,BET,48
2014,L,WS,,SKJ,15
2014,L,WS,,YFT,231
2014,L,WS,,BUM,8
2014,L,WS,,BLM,8
2014,L,WS,,MLS,4
2014,L,WS,,SWO,4
2014,L,WS,,SFA,3
2014,L,WS,,FAL,15
2014,L,WS,,MAK,15
2014,L,WS,,BSH,26
2014,L,SB,,ALB,14278
2014,L,SB,,BET,3054
2014,L,SB,,SKJ,209
2014,L,SB,,YFT,12536
2014,L,SB,,BUM,998
2014,L,SB,,BLM,182
2014,L,SB,,MLS,51
2014,L,SB,,SWO,202
2014,L,TW,DW,ALB,5487
2014,L,TW,DW,BET,6005
2014,L,TW,DW,SKJ,515
2014,L,TW,DW,YFT,2057
2014,L,TW,DW,BUM,1063
2014,L,TW,DW,BLM,9
2014,L,TW,DW,MLS,275
2014,L,TW,DW,SWO,1621
2014,L,TW,DW,FAL,196
2014,L,TW,DW,MAK,330
2014,L,TW,DW,BSH,1804
2014,L,TW,DW,THR,7
2014,L,TW,OS,ALB,5263
2014,L,TW,OS,BET,4013
2014,L,TW,OS,SKJ,149
2014,L,TW,OS,YFT,10200
2014,L,TW,OS,PBF,480
2014,L,TW,OS,BUM,5511
2014,L,TW,OS,BLM,450
2014,L,TW,OS,MLS,161
2014,L,TW,OS,SWO,2214
2014,L,TW,OS,FAL,39
2014,L,TW,OS,MAK,428
2014,L,TW,OS,BSH,8799
2014,L,TW,OS,THR,585
2014,L,TW,OS,HAM,238
2014,L,TO,,ALB,25
2014,L,TO,,BET,22
2014,L,TO,,SKJ,8
2014,L,TO,,YFT,195
2014,L,TO,,BUM,13
2014,L,TO,,BLM,10
2014,L,TO,,MLS,12
2014,L,TO,,SWO,37
2014,L,TO,,SFA,1
2014,L,TO,,MAK,8
2014,L,TO,,HAM,0.03
2014,L,US,HW,ALB,178
2014,L,US,HW,BET,3823
2014,L,US,HW,SKJ,167
2014,L,US,HW,YFT,567
2014,L,US,HW,BUM,428
2014,L,US,HW,BLM,1
2014,L,US,HW,MLS,343
2014,L,US,HW,SWO,865
2014,L,US,HW,SFA,15
2014,L,US,HW,MAK,35
2014,L,US,HW,THR,5
2014,L,VU,,ALB,6529
2014,L,VU,,BET,3518
2014,L,VU,,SKJ,134
2014,L,VU,,YFT,1695
2014,L,VU,,BUM,493
2014,L,VU,,BLM,27
2014,L,VU,,MLS,77
2014,L,VU,,SWO,414
2014,L,VU,,SFA,4
2014,L,VU,,FAL,48
2014,L,VU,,OCS,0.06
2014,L,VU,,MAK,122
2014,L,VU,,BSH,831
2014,L,ID,,BET,7194
2014,L,ID,,YFT,28423
2014,L,ID,,BUM,1163
2014,L,ID,,BLM,348
2014,L,ID,,MLS,227
2014,L,ID,,SWO,640
2014,L,ID,,SFA,2063
2014,L,PH,,ALB,30
2014,L,PH,,BET,63
2014,L,PH,,SKJ,111
2014,L,PH,,YFT,153
2014,L,PH,,BUM,2
2014,L,PH,,SWO,9
2014,L,AU,AU,ALB,737
2014,L,AU,AU,BET,490
2014,L,AU,AU,SKJ,2
2014,L,AU,AU,YFT,1685
2014,L,AU,AU,BUM,39
2014,L,AU,AU,BLM,52
2014,L,AU,AU,MLS,274
2014,L,AU,AU,SWO,1183
2014,L,AU,AU,FAL,8
2014,L,AU,AU,OCS,20
2014,L,AU,AU,MAK,48
2014,L,AU,AU,BSH,196
2014,L,AU,AU,THR,22
2014,L,AU,AU,HAM,4
2014,L,ES,,ALB,2
2014,L,ES,,BET,65
2014,L,ES,,YFT,11
2014,L,ES,,BUM,13
2014,L,ES,,BLM,46
2014,L,ES,,MLS,55
2014,L,ES,,SWO,1680
2014,L,ES,,MAK,710
2014,L,ES,,BSH,1206
2014,L,VN,,BET,2350
2014,L,VN,,YFT,11603
2014,L,VN,,BUM,384
2014,L,VN,,BLM,385
2014,L,VN,,MLS,515
2014,L,VN,,SWO,434
2014,L,US,MP,BET,1000
2014,L,TV,,ALB,78
2014,L,TV,,BET,76
2014,L,TV,,YFT,41
2014,L,TV,,BUM,14
2014,L,TV,,BLM,8
2014,L,TV,,SWO,3
2014,L,PT,,ALB,1
2014,L,PT,,BET,71
2014,L,PT,,YFT,22
2014,L,PT,,BUM,63
2014,L,PT,,BLM,145
2014,L,PT,,SWO,107
2014,L,PT,,MAK,141
2014,L,PT,,BSH,138
2015,L,US,AS,ALB,1855
2015,L,US,AS,BET,557
2015,L,US,AS,SKJ,78
2015,L,US,AS,YFT,360
2015,L,US,AS,PBF,6
2015,L,US,AS,BUM,80
2015,L,US,AS,MLS,39
2015,L,US,AS,SWO,32
2015,L,US,AS,SFA,4
2015,L,US,AS,MAK,4
2015,L,US,AS,BSH,1
2015,L,US,AS,THR,1
2015,L,FM,,ALB,1428
2015,L,FM,,BET,2296
2015,L,FM,,SKJ,49
2015,L,FM,,YFT,1691
2015,L,FM,,PBF,3
2015,L,FM,,BUM,288
2015,L,FM,,MLS,1
2015,L,FM,,SWO,42
2015,L,CN,,ALB,15122
2015,L,CN,,BET,8210
2015,L,CN,,YFT,6226
2015,L,CN,,BUM,2025
2015,L,CN,,BLM,49
2015,L,CN,,MLS,194
2015,L,CN,,SWO,2966
2015,L,CN,,FAL,3
2015,L,CN,,OCS,33
2015,L,CN,,MAK,50
2015,L,CN,,BSH,372
2015,L,CN,,THR,34
2015,L,CK,,ALB,1167
2015,L,CK,,BET,151
2015,L,CK,,SKJ,86
2015,L,CK,,YFT,339
2015,L,CK,,BUM,36
2015,L,CK,,BLM,15
2015,L,CK,,MLS,19
2015,L,CK,,SWO,18
2015,L,FJ,,ALB,7855
2015,L,FJ,,BET,1184
2015,L,FJ,,SKJ,399
2015,L,FJ,,YFT,3647
2015,L,FJ,,PBF,1
2015,L,FJ,,BUM,155
2015,L,FJ,,BLM,25
2015,L,FJ,,MLS,36
2015,L,FJ,,SWO,122
2015,L,FJ,,SFA,23
2015,L,FJ,,BSH,16
2015,L,PF,,ALB,3418
2015,L,PF,,BET,813
2015,L,PF,,SKJ,75
2015,L,PF,,YFT,1093
2015,L,PF,,BUM,241
2015,L,PF,,BLM,32
2015,L,PF,,MLS,102
2015,L,PF,,SWO,109
2015,L,PF,,FAL,12.873
2015,L,PF,,OCS,29.581
2015,L,PF,,MAK,13.738
2015,L,PF,,BSH,47.128
2015,L,PF,,THR,0.937
2015,L,PF,,HAM,1.046
2015,L,JP,JP,ALB,5024
2015,L,JP,JP,BET,5945
2015,L,JP,JP,SKJ,90
2015,L,JP,JP,YFT,4196
2015,L,JP,JP,PBF,15
2015,L,JP,JP,BUM,715
2015,L,JP,JP,BLM,25
2015,L,JP,JP,MLS,280
2015,L,JP,JP,SWO,3592
2015,L,JP,JP,SFA,54
2015,L,JP,JP,MAK,643
2015,L,JP,JP,BSH,10270
2015,L,JP,JP,THR,44
2015,L,JP,JP,POR,642
2015,L,JP,JP,HAM,1
2015,L,JP,CS,ALB,17106
2015,L,JP,CS,BET,8371
2015,L,JP,CS,SKJ,7
2015,L,JP,CS,YFT,4487
2015,L,JP,CS,PBF,607
2015,L,JP,CS,BUM,830
2015,L,JP,CS,BLM,16
2015,L,JP,CS,MLS,1039
2015,L,JP,CS,SWO,1235
2015,L,JP,CS,SFA,37
2015,L,JP,CS,MAK,2.2
2015,L,JP,CS,BSH,622
2015,L,JP,CS,THR,1.4
2015,L,JP,CS,POR,515
2015,L,KI,,ALB,358
2015,L,KI,,BET,556
2015,L,KI,,SKJ,8
2015,L,KI,,YFT,405
2015,L,KI,,BUM,27
2015,L,KI,,BLM,405
2015,L,KI,,SWO,9
2015,L,KR,,ALB,1042
2015,L,KR,,BET,10689
2015,L,KR,,SKJ,104
2015,L,KR,,YFT,9352
2015,L,KR,,BUM,1782
2015,L,KR,,BLM,137
2015,L,KR,,MLS,50
2015,L,KR,,SWO,724
2015,L,KR,,SFA,18
2015,L,KR,,MAK,4
2015,L,KR,,BSH,85
2015,L,KR,,THR,55
2015,L,KR,,HAM,3
2015,L,NC,,ALB,1583
2015,L,NC,,BET,63
2015,L,NC,,SKJ,6
2015,L,NC,,YFT,852
2015,L,NC,,BUM,21
2015,L,NC,,BLM,35
2015,L,NC,,MLS,58
2015,L,NC,,SWO,9
2015,L,NC,,SFA,6
2015,L,NC,,FAL,6
2015,L,NC,,OCS,2
2015,L,NC,,MAK,33
2015,L,NC,,BSH,325
2015,L,NZ,,ALB,223
2015,L,NZ,,BET,122
2015,L,NZ,,SKJ,1
2015,L,NZ,,YFT,2
2015,L,NZ,,PBF,16
2015,L,NZ,,SWO,713
2015,L,NZ,,MAK,44
2015,L,NZ,,BSH,145
2015,L,NZ,,POR,71
2015,L,PG,,ALB,345
2015,L,PG,,BET,15
2015,L,PG,,SKJ,1
2015,L,PG,,YFT,891
2015,L,PG,,BUM,11
2015,L,PG,,BLM,13
2015,L,PG,,MLS,9
2015,L,PG,,SWO,2
2015,L,PG,,SFA,35
2015,L,PG,,OCS,1
2015,L,PG,,MAK,0.3
2015,L,PG,,BSH,0.1
2015,L,PG,,HAM,0.1
2015,L,WS,,ALB,840
2015,L,WS,,BET,48
2015,L,WS,,SKJ,20
2015,L,WS,,YFT,252
2015,L,WS,,BUM,7
2015,L,WS,,BLM,7
2015,L,WS,,MLS,4
2015,L,WS,,SWO,5
2015,L,WS,,SFA,2
2015,L,WS,,FAL,0.083
2015,L,WS,,MAK,0.25
2015,L,WS,,BSH,1
2015,L,WS,,THR,0.05
2015,L,SB,,ALB,11334
2015,L,SB,,BET,4390
2015,L,SB,,SKJ,329
2015,L,SB,,YFT,15923
2015,L,SB,,BUM,789
2015,L,SB,,BLM,63
2015,L,SB,,MLS,15
2015,L,SB,,SWO,167
2015,L,TW,DW,ALB,5526
2015,L,TW,DW,BET,5331
2015,L,TW,DW,SKJ,162
2015,L,TW,DW,YFT,2848
2015,L,TW,DW,BUM,1670
2015,L,TW,DW,BLM,8
2015,L,TW,DW,MLS,243
2015,L,TW,DW,SWO,1781
2015,L,TW,DW,MAK,641
2015,L,TW,DW,BSH,1683
2015,L,TW,DW,THR,115
2015,L,TW,DW,HAM,20
2015,L,TW,OS,ALB,5673
2015,L,TW,OS,BET,4103
2015,L,TW,OS,SKJ,85
2015,L,TW,OS,YFT,11270
2015,L,TW,OS,PBF,577
2015,L,TW,OS,BUM,4600
2015,L,TW,OS,BLM,390
2015,L,TW,OS,MLS,207
2015,L,TW,OS,SWO,2575
2015,L,TW,OS,MAK,575
2015,L,TW,OS,BSH,7756
2015,L,TW,OS,THR,461
2015,L,TW,OS,HAM,246
2015,L,TO,,ALB,29
2015,L,TO,,BET,25
2015,L,TO,,SKJ,6
2015,L,TO,,YFT,297
2015,L,TO,,BUM,23
2015,L,TO,,BLM,13
2015,L,TO,,MLS,30
2015,L,TO,,SWO,42
2015,L,TO,,SFA,14
2015,L,TO,,MAK,20
2015,L,TO,,HAM,0.03
2015,L,US,HW,ALB,197
2015,L,US,HW,BET,3427
2015,L,US,HW,SKJ,176
2015,L,US,HW,YFT,681
2015,L,US,HW,BUM,445
2015,L,US,HW,MLS,378
2015,L,US,HW,SWO,665
2015,L,US,HW,SFA,11
2015,L,US,HW,MAK,35
2015,L,US,HW,THR,5
2015,L,VU,,ALB,9184
2015,L,VU,,BET,7366
2015,L,VU,,SKJ,186
2015,L,VU,,YFT,2700
2015,L,VU,,BUM,736
2015,L,VU,,BLM,74
2015,L,VU,,MLS,179
2015,L,VU,,SWO,939
2015,L,VU,,SFA,4
2015,L,VU,,FAL,23
2015,L,VU,,MAK,102
2015,L,VU,,BSH,777
2015,L,ID,,BET,3762
2015,L,ID,,YFT,19409
2015,L,ID,,BUM,1163
2015,L,ID,,BLM,348
2015,L,ID,,MLS,227
2015,L,ID,,SWO,640
2015,L,ID,,SFA,2063
2015,L,AU,AU,ALB,949
2015,L,AU,AU,BET,785
2015,L,AU,AU,SKJ,5
2015,L,AU,AU,YFT,2177
2015,L,AU,AU,BUM,72
2015,L,AU,AU,BLM,71
2015,L,AU,AU,MLS,347
2015,L,AU,AU,SWO,1150
2015,L,AU,AU,FAL,5
2015,L,AU,AU,OCS,28
2015,L,AU,AU,MAK,67
2015,L,AU,AU,BSH,209
2015,L,AU,AU,THR,45
2015,L,AU,AU,HAM,6
2015,L,ES,,ALB,1
2015,L,ES,,BET,53
2015,L,ES,,YFT,10
2015,L,ES,,BLM,16
2015,L,ES,,MLS,28
2015,L,ES,,SWO,1337
2015,L,ES,,MAK,421
2015,L,ES,,BSH,892
2015,L,VN,,BET,3100
2015,L,VN,,YFT,15097
2015,L,VN,,BUM,384
2015,L,VN,,BLM,385
2015,L,VN,,MLS,515
2015,L,VN,,SWO,434
2015,L,US,MP,BET,1000
2015,L,TV,,ALB,97
2015,L,TV,,BET,187
2015,L,TV,,SKJ,6
2015,L,TV,,YFT,166
2015,L,TV,,BUM,11
2015,L,TV,,BLM,2
2015,L,TV,,SWO,6
2015,L,PT,,BET,17
2015,L,PT,,YFT,4
2015,L,PT,,BLM,153
2015,L,PT,,SWO,177
2015,L,PT,,MAK,90
2015,L,PT,,BSH,265
2015,L,US,GU,BET,831
2016,L,US,AS,ALB,1517
2016,L,US,AS,BET,658
2016,L,US,AS,SKJ,120
2016,L,US,AS,YFT,561
2016,L,US,AS,BUM,89
2016,L,US,AS,MLS,50
2016,L,US,AS,SWO,50
2016,L,US,AS,SFA,5
2016,L,US,AS,MAK,9
2016,L,US,AS,BSH,1
2016,L,FM,,ALB,2040
2016,L,FM,,BET,1869
2016,L,FM,,SKJ,29
2016,L,FM,,YFT,1771
2016,L,FM,,PBF,1
2016,L,FM,,BUM,526
2016,L,FM,,MLS,9
2016,L,FM,,SWO,63
2016,L,FM,,FAL,66
2016,L,FM,,BSH,2
2016,L,FM,,THR,1
2016,L,CN,,ALB,16175
2016,L,CN,,BET,8195
2016,L,CN,,YFT,6559
2016,L,CN,,BUM,1982
2016,L,CN,,BLM,75
2016,L,CN,,MLS,128
2016,L,CN,,SWO,1806
2016,L,CN,,FAL,11
2016,L,CN,,OCS,34
2016,L,CN,,MAK,80
2016,L,CN,,BSH,261
2016,L,CN,,THR,28
2016,L,CN,,POR,1
2016,L,CN,,HAM,9
2016,L,CK,,ALB,1353
2016,L,CK,,BET,183
2016,L,CK,,SKJ,38
2016,L,CK,,YFT,315
2016,L,CK,,PBF,1
2016,L,CK,,BUM,43
2016,L,CK,,BLM,16
2016,L,CK,,MLS,19
2016,L,CK,,SWO,25
2016,L,CK,,FAL,1
2016,L,FJ,,ALB,7905
2016,L,FJ,,BET,1396
2016,L,FJ,,SKJ,254
2016,L,FJ,,YFT,4701
2016,L,FJ,,BUM,192
2016,L,FJ,,BLM,81
2016,L,FJ,,MLS,38
2016,L,FJ,,SWO,141
2016,L,FJ,,FAL,101
2016,L,FJ,,OCS,14
2016,L,FJ,,MAK,55
2016,L,FJ,,BSH,87
2016,L,PF,,ALB,3277
2016,L,PF,,BET,563
2016,L,PF,,SKJ,60
2016,L,PF,,YFT,968
2016,L,PF,,BUM,219
2016,L,PF,,BLM,16
2016,L,PF,,MLS,73
2016,L,PF,,SWO,101
2016,L,PF,,FAL,59.199
2016,L,PF,,OCS,300.695
2016,L,PF,,MAK,41.341
2016,L,PF,,BSH,98.193
2016,L,PF,,THR,1.783
2016,L,PF,,HAM,0.445
2016,L,KI,,ALB,510
2016,L,KI,,BET,603
2016,L,KI,,SKJ,21
2016,L,KI,,YFT,610
2016,L,KI,,BUM,30
2016,L,KI,,BLM,40
2016,L,KI,,MLS,2
2016,L,KI,,SWO,30
2016,L,KI,,FAL,10
2016,L,KI,,OCS,3
2016,L,KI,,BSH,30
2016,L,KR,,ALB,1481
2016,L,KR,,BET,11018
2016,L,KR,,SKJ,166
2016,L,KR,,YFT,8054
2016,L,KR,,BUM,2235
2016,L,KR,,BLM,100
2016,L,KR,,MLS,89
2016,L,KR,,SWO,697
2016,L,KR,,SFA,39
2016,L,KR,,THR,1
2016,L,MH,,ALB,25
2016,L,MH,,BET,700
2016,L,MH,,SKJ,3
2016,L,MH,,YFT,578
2016,L,MH,,BUM,127
2016,L,MH,,SWO,13
2016,L,MH,,FAL,4
2016,L,MH,,BSH,10
2016,L,NC,,ALB,1747
2016,L,NC,,BET,74
2016,L,NC,,SKJ,58
2016,L,NC,,YFT,482
2016,L,NC,,BUM,15
2016,L,NC,,BLM,30
2016,L,NC,,MLS,69
2016,L,NC,,SWO,8
2016,L,NC,,FAL,10
2016,L,NC,,OCS,1
2016,L,NC,,MAK,1
2016,L,NC,,BSH,16
2016,L,NZ,,ALB,233
2016,L,NZ,,BET,177
2016,L,NZ,,SKJ,1
2016,L,NZ,,YFT,55
2016,L,NZ,,PBF,18
2016,L,NZ,,SWO,755
2016,L,NZ,,MAK,71
2016,L,NZ,,BSH,172
2016,L,NZ,,POR,35
2016,L,PG,,ALB,80
2016,L,PG,,BET,86
2016,L,PG,,SKJ,2
2016,L,PG,,YFT,728
2016,L,PG,,BUM,44
2016,L,PG,,BLM,39
2016,L,PG,,SWO,6
2016,L,PG,,MAK,1
2016,L,PG,,BSH,1
2016,L,WS,,ALB,947
2016,L,WS,,BET,62
2016,L,WS,,SKJ,20
2016,L,WS,,YFT,244
2016,L,WS,,BUM,6
2016,L,WS,,BLM,4
2016,L,WS,,MLS,3
2016,L,WS,,SWO,4
2016,L,WS,,FAL,1
2016,L,WS,,MAK,1
2016,L,SB,,ALB,1708
2016,L,SB,,BET,384
2016,L,SB,,SKJ,62
2016,L,SB,,YFT,2130
2016,L,SB,,BUM,180
2016,L,SB,,BLM,2
2016,L,SB,,MLS,1
2016,L,SB,,SWO,33
2016,L,SB,,MAK,3
2016,L,TW,DW,ALB,7531
2016,L,TW,DW,BET,4707
2016,L,TW,DW,SKJ,165
2016,L,TW,DW,YFT,4230
2016,L,TW,DW,BUM,1456
2016,L,TW,DW,BLM,5
2016,L,TW,DW,MLS,260
2016,L,TW,DW,SWO,1904
2016,L,TW,DW,FAL,8
2016,L,TW,DW,MAK,601
2016,L,TW,DW,BSH,3158
2016,L,TW,DW,THR,157
2016,L,TW,DW,HAM,16
2016,L,TW,OS,ALB,7998
2016,L,TW,OS,BET,4781
2016,L,TW,OS,SKJ,220
2016,L,TW,OS,YFT,13586
2016,L,TW,OS,PBF,454
2016,L,TW,OS,BUM,3849
2016,L,TW,OS,BLM,196
2016,L,TW,OS,MLS,181
2016,L,TW,OS,SWO,1581
2016,L,TW,OS,MAK,472
2016,L,TW,OS,BSH,7946
2016,L,TW,OS,THR,430
2016,L,TW,OS,HAM,172
2016,L,TO,,ALB,42
2016,L,TO,,BET,27
2016,L,TO,,SKJ,6
2016,L,TO,,YFT,325
2016,L,TO,,BUM,43
2016,L,TO,,BLM,20
2016,L,TO,,MLS,12
2016,L,TO,,SWO,39
2016,L,TO,,FAL,1
2016,L,TO,,MAK,20
2016,L,TO,,BSH,4
2016,L,US,HW,ALB,208
2016,L,US,HW,BET,3747
2016,L,US,HW,SKJ,186
2016,L,US,HW,YFT,1093
2016,L,US,HW,BUM,419
2016,L,US,HW,BLM,1
2016,L,US,HW,MLS,280
2016,L,US,HW,SWO,596
2016,L,US,HW,MAK,37
2016,L,US,HW,THR,3
2016,L,VU,,ALB,5933
2016,L,VU,,BET,3509
2016,L,VU,,SKJ,178
2016,L,VU,,YFT,1740
2016,L,VU,,BUM,375
2016,L,VU,,BLM,47
2016,L,VU,,MLS,58
2016,L,VU,,SWO,354
2016,L,VU,,FAL,4
2016,L,VU,,MAK,56
2016,L,VU,,BSH,484
2016,L,ID,,BET,4954
2016,L,ID,,SKJ,3998
2016,L,ID,,YFT,14659
2016,L,ID,,BUM,1163
2016,L,ID,,BLM,348
2016,L,ID,,MLS,227
2016,L,ID,,SWO,640
2016,L,ID,,SFA,2063
2016,L,AU,AU,ALB,916
2016,L,AU,AU,BET,825
2016,L,AU,AU,SKJ,3
2016,L,AU,AU,YFT,1734
2016,L,AU,AU,BUM,71
2016,L,AU,AU,BLM,57
2016,L,AU,AU,MLS,230
2016,L,AU,AU,SWO,1162
2016,L,AU,AU,FAL,2
2016,L,AU,AU,OCS,18
2016,L,AU,AU,MAK,70
2016,L,AU,AU,BSH,451
2016,L,AU,AU,THR,167
2016,L,AU,AU,HAM,7
2016,L,ES,,ALB,2
2016,L,ES,,BET,53
2016,L,ES,,YFT,28
2016,L,ES,,BUM,18
2016,L,ES,,BLM,34
2016,L,ES,,MLS,37
2016,L,ES,,SWO,1651
2016,L,ES,,MAK,472
2016,L,ES,,BSH,1024
2016,L,VN,,BET,1115
2016,L,VN,,YFT,16423
2016,L,VN,,BUM,16
2016,L,VN,,BLM,42
2016,L,VN,,SWO,340
2016,L,US,MP,BET,879
2016,L,TV,,ALB,52
2016,L,TV,,BET,103
2016,L,TV,,SKJ,3
2016,L,TV,,YFT,124
2016,L,TV,,BUM,11
2016,L,TV,,SWO,3
2016,L,PT,,BET,10
2016,L,PT,,YFT,6
2016,L,PT,,BLM,18
2016,L,PT,,SWO,168
2016,L,PT,,MAK,85
2016,L,PT,,BSH,219
2016,L,US,GU,BET,932
2017,L,US,AS,ALB,1512
2017,L,US,AS,BET,1409
2017,L,US,AS,SKJ,106
2017,L,US,AS,YFT,871
2017,L,US,AS,PBF,2
2017,L,US,AS,BUM,127
2017,L,US,AS,MLS,52
2017,L,US,AS,SWO,56
2017,L,US,AS,SFA,3
2017,L,US,AS,MAK,6
2017,L,US,AS,BSH,1
2017,L,US,AS,THR,3
2017,L,FM,,ALB,517
2017,L,FM,,BET,2134
2017,L,FM,,SKJ,17
2017,L,FM,,YFT,1416
2017,L,FM,,BUM,376
2017,L,FM,,BLM,4
2017,L,FM,,MLS,1
2017,L,FM,,SWO,35
2017,L,FM,,FAL,100
2017,L,FM,,OCS,99
2017,L,FM,,MAK,4
2017,L,FM,,BSH,155
2017,L,FM,,THR,1
2017,L,CN,,ALB,29252
2017,L,CN,,BET,7023
2017,L,CN,,YFT,8526
2017,L,CN,,BUM,1571
2017,L,CN,,BLM,19
2017,L,CN,,MLS,124
2017,L,CN,,SWO,1990
2017,L,CN,,FAL,14
2017,L,CN,,OCS,49
2017,L,CN,,MAK,44
2017,L,CN,,BSH,438
2017,L,CN,,THR,36
2017,L,CN,,HAM,14
2017,L,CK,,ALB,2567
2017,L,CK,,BET,298
2017,L,CK,,SKJ,67
2017,L,CK,,YFT,610
2017,L,CK,,PBF,2
2017,L,CK,,BUM,89
2017,L,CK,,BLM,42
2017,L,CK,,MLS,24
2017,L,CK,,SWO,56
2017,L,CK,,FAL,1
2017,L,CK,,MAK,2
2017,L,CK,,BSH,10
2017,L,FJ,,ALB,10552
2017,L,FJ,,BET,1108
2017,L,FJ,,SKJ,499
2017,L,FJ,,YFT,4986
2017,L,FJ,,BUM,97
2017,L,FJ,,BLM,20
2017,L,FJ,,MLS,92
2017,L,FJ,,SWO,117
2017,L,FJ,,FAL,105
2017,L,FJ,,OCS,10
2017,L,FJ,,MAK,18
2017,L,FJ,,BSH,60
2017,L,FJ,,THR,1
2017,L,FJ,,HAM,1
2017,L,PF,,ALB,2148
2017,L,PF,,BET,896
2017,L,PF,,SKJ,37
2017,L,PF,,YFT,1434
2017,L,PF,,BUM,163
2017,L,PF,,BLM,21
2017,L,PF,,MLS,74
2017,L,PF,,SWO,150
2017,L,PF,,FAL,60.336
2017,L,PF,,OCS,319.601
2017,L,PF,,MAK,93.775
2017,L,PF,,BSH,307.817
2017,L,PF,,THR,6.88
2017,L,PF,,HAM,0.484
2017,L,KI,,ALB,691
2017,L,KI,,BET,287
2017,L,KI,,SKJ,56
2017,L,KI,,YFT,359
2017,L,KI,,MLS,95
2017,L,KI,,SWO,54
2017,L,KI,,FAL,114
2017,L,KI,,BSH,10
2017,L,KR,,ALB,1294
2017,L,KR,,BET,10220
2017,L,KR,,SKJ,186
2017,L,KR,,YFT,7008
2017,L,KR,,BUM,1880
2017,L,KR,,BLM,14
2017,L,KR,,MLS,62
2017,L,KR,,SWO,570
2017,L,KR,,SFA,16
2017,L,KR,,THR,1
2017,L,MH,,ALB,47
2017,L,MH,,BET,1229
2017,L,MH,,SKJ,1
2017,L,MH,,YFT,948
2017,L,MH,,BUM,210
2017,L,MH,,BLM,78
2017,L,MH,,MLS,4
2017,L,MH,,SWO,83
2017,L,MH,,FAL,16
2017,L,MH,,OCS,5
2017,L,MH,,MAK,11
2017,L,MH,,BSH,16
2017,L,MH,,THR,8
2017,L,NC,,ALB,1734
2017,L,NC,,BET,48
2017,L,NC,,SKJ,41
2017,L,NC,,YFT,559
2017,L,NC,,PBF,1
2017,L,NC,,BUM,34
2017,L,NC,,BLM,65
2017,L,NC,,MLS,77
2017,L,NC,,SWO,22
2017,L,NC,,FAL,10
2017,L,NC,,OCS,3
2017,L,NC,,MAK,7
2017,L,NC,,BSH,7
2017,L,NZ,,ALB,181
2017,L,NZ,,BET,97
2017,L,NZ,,SKJ,1
2017,L,NZ,,YFT,10
2017,L,NZ,,PBF,14
2017,L,NZ,,SWO,504
2017,L,NZ,,MAK,37
2017,L,NZ,,BSH,114
2017,L,NZ,,POR,24
2017,L,PG,,ALB,689
2017,L,PG,,BET,47
2017,L,PG,,SKJ,2
2017,L,PG,,YFT,1249
2017,L,PG,,BUM,13
2017,L,PG,,BLM,65
2017,L,PG,,MLS,11
2017,L,PG,,SWO,6
2017,L,PG,,MAK,1
2017,L,PG,,BSH,3
2017,L,WS,,ALB,2374
2017,L,WS,,BET,150
2017,L,WS,,SKJ,62
2017,L,WS,,YFT,644
2017,L,WS,,BUM,83
2017,L,WS,,BLM,6
2017,L,WS,,MLS,2
2017,L,WS,,SWO,16
2017,L,WS,,THR,1
2017,L,TW,DW,ALB,7833
2017,L,TW,DW,BET,4440
2017,L,TW,DW,SKJ,303
2017,L,TW,DW,YFT,3809
2017,L,TW,DW,BUM,915
2017,L,TW,DW,BLM,11
2017,L,TW,DW,MLS,224
2017,L,TW,DW,SWO,2015
2017,L,TW,DW,FAL,16
2017,L,TW,DW,MAK,450
2017,L,TW,DW,BSH,3326
2017,L,TW,DW,THR,54
2017,L,TW,DW,HAM,21
2017,L,TW,OS,ALB,10711
2017,L,TW,OS,BET,5232
2017,L,TW,OS,SKJ,429
2017,L,TW,OS,YFT,19147
2017,L,TW,OS,PBF,415
2017,L,TW,OS,BUM,4450
2017,L,TW,OS,BLM,211
2017,L,TW,OS,MLS,297
2017,L,TW,OS,SWO,1778
2017,L,TW,OS,MAK,631
2017,L,TW,OS,BSH,9688
2017,L,TW,OS,THR,530
2017,L,TW,OS,HAM,236
2017,L,TO,,ALB,26
2017,L,TO,,BET,24
2017,L,TO,,SKJ,12
2017,L,TO,,YFT,373
2017,L,TO,,BUM,39
2017,L,TO,,BLM,13
2017,L,TO,,MLS,2
2017,L,TO,,SWO,32
2017,L,TO,,MAK,14
2017,L,US,HW,ALB,74
2017,L,US,HW,BET,2968
2017,L,US,HW,SKJ,156
2017,L,US,HW,YFT,1750
2017,L,US,HW,BUM,485
2017,L,US,HW,MLS,280
2017,L,US,HW,SWO,918
2017,L,US,HW,SFA,9
2017,L,US,HW,MAK,30
2017,L,US,HW,THR,2
2017,L,VU,,ALB,6733
2017,L,VU,,BET,3940
2017,L,VU,,SKJ,239
2017,L,VU,,YFT,1437
2017,L,VU,,PBF,2
2017,L,VU,,BUM,367
2017,L,VU,,BLM,5
2017,L,VU,,MLS,91
2017,L,VU,,SWO,667
2017,L,VU,,FAL,3
2017,L,VU,,OCS,1
2017,L,VU,,MAK,118
2017,L,VU,,BSH,1039
2017,L,ID,,BET,1446
2017,L,ID,,SKJ,267
2017,L,ID,,YFT,2126
2017,L,ID,,BLM,66
2017,L,ID,,SWO,3
2017,L,ID,,SFA,77
2017,L,AU,AU,ALB,831
2017,L,AU,AU,BET,418
2017,L,AU,AU,SKJ,13
2017,L,AU,AU,YFT,1666
2017,L,AU,AU,BUM,60
2017,L,AU,AU,BLM,59
2017,L,AU,AU,MLS,261
2017,L,AU,AU,SWO,1180
2017,L,AU,AU,FAL,8
2017,L,AU,AU,OCS,41
2017,L,AU,AU,MAK,86
2017,L,AU,AU,BSH,337
2017,L,AU,AU,THR,13
2017,L,AU,AU,POR,5
2017,L,AU,AU,HAM,17
2017,L,ES,,ALB,2
2017,L,ES,,BET,21
2017,L,ES,,YFT,7
2017,L,ES,,BUM,1
2017,L,ES,,BLM,25
2017,L,ES,,MLS,6
2017,L,ES,,SWO,932
2017,L,ES,,MAK,389
2017,L,ES,,BSH,1090
2017,L,VN,,BET,1004
2017,L,VN,,YFT,15677
2017,L,VN,,BUM,10
2017,L,VN,,BLM,128
2017,L,VN,,SWO,897
2017,L,VN,,FAL,10
2017,L,US,MP,BET,999
2017,L,TV,,ALB,175
2017,L,TV,,BET,111
2017,L,TV,,SKJ,7
2017,L,TV,,YFT,164
2017,L,TV,,BUM,8
2017,L,TV,,BLM,4
2017,L,TV,,MLS,8
2017,L,TV,,SWO,12
2017,L,TV,,FAL,4
2017,L,TV,,OCS,1
2017,L,TV,,MAK,1
2017,L,TV,,BSH,1
2017,L,PW,,ALB,47
2017,L,PW,,BET,1106
2017,L,PW,,SKJ,2
2017,L,PW,,YFT,1352
2017,L,PW,,PBF,3
2017,L,PW,,BUM,60
2017,L,PW,,BLM,5
2017,L,PW,,SWO,25
2017,L,PW,,FAL,18
2017,L,PW,,MAK,1
2017,L,PW,,BSH,12
2018,L,US,AS,ALB,1553
2018,L,US,AS,BET,851
2018,L,US,AS,SKJ,91
2018,L,US,AS,YFT,470
2018,L,US,AS,PBF,1
2018,L,US,AS,BUM,70
2018,L,US,AS,MLS,45
2018,L,US,AS,SWO,47
2018,L,US,AS,SFA,2
2018,L,US,AS,MAK,5
2018,L,US,AS,BSH,3
2018,L,US,AS,THR,1
2018,L,FM,,ALB,2069
2018,L,FM,,BET,3107
2018,L,FM,,SKJ,89
2018,L,FM,,YFT,2395
2018,L,FM,,PBF,2
2018,L,FM,,BUM,318
2018,L,FM,,BLM,12
2018,L,FM,,SWO,79
2018,L,FM,,FAL,65.981
2018,L,FM,,OCS,0.129
2018,L,FM,,MAK,23.782
2018,L,FM,,BSH,29.878
2018,L,FM,,THR,1
2018,L,FM,,HAM,0.306
2018,L,CN,,ALB,21295
2018,L,CN,,BET,8695
2018,L,CN,,YFT,9031
2018,L,CN,,BUM,1724
2018,L,CN,,BLM,23
2018,L,CN,,MLS,277
2018,L,CN,,SWO,2567
2018,L,CN,,FAL,48
2018,L,CN,,OCS,38
2018,L,CN,,MAK,86
2018,L,CN,,BSH,546
2018,L,CN,,THR,63
2018,L,CN,,HAM,20
2018,L,CK,,ALB,3087
2018,L,CK,,BET,197
2018,L,CK,,SKJ,75
2018,L,CK,,YFT,532
2018,L,CK,,BUM,108
2018,L,CK,,BLM,16
2018,L,CK,,MLS,9
2018,L,CK,,SWO,44
2018,L,CK,,FAL,2.723
2018,L,CK,,MAK,0.117
2018,L,CK,,BSH,3.365
2018,L,FJ,,ALB,9624
2018,L,FJ,,BET,891
2018,L,FJ,,SKJ,439
2018,L,FJ,,YFT,2738
2018,L,FJ,,PBF,1
2018,L,FJ,,BUM,159
2018,L,FJ,,BLM,60
2018,L,FJ,,MLS,32
2018,L,FJ,,SWO,105
2018,L,FJ,,FAL,22.483
2018,L,FJ,,OCS,14.312
2018,L,FJ,,MAK,19.72
2018,L,FJ,,BSH,49.286
2018,L,FJ,,THR,0.681
2018,L,FJ,,HAM,0.645
2018,L,PF,,ALB,3058
2018,L,PF,,BET,1063
2018,L,PF,,SKJ,30
2018,L,PF,,YFT,1314
2018,L,PF,,BUM,224
2018,L,PF,,BLM,16
2018,L,PF,,MLS,81
2018,L,PF,,SWO,218
2018,L,PF,,FAL,71.151
2018,L,PF,,OCS,244.831
2018,L,PF,,MAK,28.803
2018,L,PF,,BSH,168.035
2018,L,PF,,THR,2.88
2018,L,PF,,HAM,0.744
2018,L,KI,,ALB,340
2018,L,KI,,BET,423
2018,L,KI,,SKJ,15
2018,L,KI,,YFT,220
2018,L,KI,,BUM,28
2018,L,KI,,BLM,2
2018,L,KI,,MLS,2
2018,L,KI,,SWO,21
2018,L,KI,,FAL,141.194
2018,L,KI,,MAK,4.33
2018,L,KI,,BSH,34.005
2018,L,KR,,ALB,1225
2018,L,KR,,BET,13828
2018,L,KR,,SKJ,202
2018,L,KR,,YFT,6519
2018,L,KR,,BUM,1740
2018,L,KR,,BLM,39
2018,L,KR,,MLS,67
2018,L,KR,,SWO,791
2018,L,KR,,SFA,16
2018,L,KR,,THR,3
2018,L,MH,,ALB,33
2018,L,MH,,BET,1146
2018,L,MH,,SKJ,14
2018,L,MH,,YFT,707
2018,L,MH,,BUM,117
2018,L,MH,,BLM,1
2018,L,MH,,MLS,3
2018,L,MH,,SWO,25
2018,L,MH,,FAL,45.919
2018,L,MH,,OCS,7.724
2018,L,MH,,MAK,7.341
2018,L,MH,,BSH,11.093
2018,L,MH,,THR,9.025
2018,L,NC,,ALB,1752
2018,L,NC,,BET,46
2018,L,NC,,SKJ,15
2018,L,NC,,YFT,467
2018,L,NC,,PBF,1
2018,L,NC,,BUM,13
2018,L,NC,,BLM,28
2018,L,NC,,MLS,52
2018,L,NC,,SWO,8
2018,L,NC,,FAL,2
2018,L,NC,,OCS,3
2018,L,NC,,MAK,24
2018,L,NC,,BSH,6
2018,L,NC,,HAM,1
2018,L,NZ,,ALB,239
2018,L,NZ,,BET,135
2018,L,NZ,,SKJ,1
2018,L,NZ,,YFT,20
2018,L,NZ,,PBF,20
2018,L,NZ,,SWO,463
2018,L,NZ,,MAK,28
2018,L,NZ,,BSH,117
2018,L,NZ,,POR,44
2018,L,PG,,ALB,196
2018,L,PG,,BET,87
2018,L,PG,,SKJ,2
2018,L,PG,,YFT,2070
2018,L,PG,,BUM,40
2018,L,PG,,BLM,83
2018,L,PG,,MLS,5
2018,L,PG,,SWO,21
2018,L,PG,,FAL,0.212
2018,L,PG,,OCS,0.192
2018,L,PG,,MAK,3.565
2018,L,PG,,BSH,11.387
2018,L,PG,,THR,0.004
2018,L,WS,,ALB,1684
2018,L,WS,,BET,62
2018,L,WS,,SKJ,44
2018,L,WS,,YFT,401
2018,L,WS,,BUM,33
2018,L,WS,,BLM,3
2018,L,WS,,MLS,2
2018,L,WS,,SWO,11
2018,L,WS,,OCS,0.018
2018,L,WS,,MAK,0.392
2018,L,WS,,BSH,0.092
2018,L,WS,,HAM,0.11
2018,L,SB,,ALB,1921
2018,L,SB,,BET,1235
2018,L,SB,,SKJ,75
2018,L,SB,,YFT,4451
2018,L,SB,,BUM,268
2018,L,SB,,BLM,7
2018,L,SB,,MLS,1
2018,L,SB,,SWO,55
2018,L,SB,,FAL,12.041
2018,L,SB,,OCS,1.202
2018,L,SB,,MAK,27.301
2018,L,SB,,BSH,67.371
2018,L,SB,,THR,0.832
2018,L,SB,,HAM,4.72
2018,L,TW,DW,ALB,5469
2018,L,TW,DW,BET,4371
2018,L,TW,DW,SKJ,91
2018,L,TW,DW,YFT,2213
2018,L,TW,DW,BUM,634
2018,L,TW,DW,BLM,43
2018,L,TW,DW,MLS,164
2018,L,TW,DW,SWO,1798
2018,L,TW,DW,FAL,2
2018,L,TW,DW,MAK,496
2018,L,TW,DW,BSH,4358
2018,L,TW,DW,THR,80
2018,L,TW,DW,HAM,19
2018,L,TW,OS,ALB,9989
2018,L,TW,OS,BET,4698
2018,L,TW,OS,SKJ,378
2018,L,TW,OS,YFT,13837
2018,L,TW,OS,PBF,381
2018,L,TW,OS,BUM,3826
2018,L,TW,OS,BLM,248
2018,L,TW,OS,MLS,347
2018,L,TW,OS,SWO,1653
2018,L,TW,OS,MAK,634
2018,L,TW,OS,BSH,9703
2018,L,TW,OS,THR,533
2018,L,TW,OS,HAM,290
2018,L,TO,,ALB,23
2018,L,TO,,BET,34
2018,L,TO,,SKJ,4
2018,L,TO,,YFT,201
2018,L,TO,,BUM,17
2018,L,TO,,BLM,5
2018,L,TO,,MLS,11
2018,L,TO,,SWO,44
2018,L,TO,,OCS,2.782
2018,L,TO,,MAK,35.018
2018,L,TO,,BSH,1.296
2018,L,US,HW,ALB,59
2018,L,US,HW,BET,3393
2018,L,US,HW,SKJ,105
2018,L,US,HW,YFT,1868
2018,L,US,HW,BUM,529
2018,L,US,HW,MLS,332
2018,L,US,HW,SWO,590
2018,L,US,HW,SFA,9
2018,L,US,HW,MAK,36
2018,L,US,HW,THR,2
2018,L,VU,,ALB,7260
2018,L,VU,,BET,3132
2018,L,VU,,SKJ,140
2018,L,VU,,YFT,1269
2018,L,VU,,BUM,270
2018,L,VU,,BLM,4
2018,L,VU,,MLS,67
2018,L,VU,,SWO,597
2018,L,VU,,FAL,0.56
2018,L,VU,,MAK,151
2018,L,VU,,BSH,1306
2018,L,ID,,ALB,96
2018,L,ID,,BET,6178
2018,L,ID,,SKJ,2289
2018,L,ID,,YFT,17077
2018,L,ID,,BLM,66
2018,L,ID,,SWO,3
2018,L,ID,,SFA,77
2018,L,AU,AU,ALB,752
2018,L,AU,AU,BET,325
2018,L,AU,AU,SKJ,6
2018,L,AU,AU,YFT,1312
2018,L,AU,AU,BUM,52
2018,L,AU,AU,BLM,67
2018,L,AU,AU,MLS,227
2018,L,AU,AU,SWO,1027
2018,L,AU,AU,FAL,3
2018,L,AU,AU,OCS,16
2018,L,AU,AU,MAK,74
2018,L,AU,AU,BSH,276
2018,L,AU,AU,HAM,7
2018,L,PW,,ALB,38
2018,L,PW,,BET,1011
2018,L,PW,,SKJ,6
2018,L,PW,,YFT,1887
2018,L,PW,,PBF,5
2018,L,PW,,BUM,87
2018,L,PW,,BLM,12
2018,L,PW,,MLS,1
2018,L,PW,,SWO,64
2018,L,PW,,FAL,4.532
2018,L,PW,,OCS,1.718
2018,L,PW,,BSH,3.888
2018,L,PW,,THR,0.662
2018,L,PW,,HAM,1.916
2018,L,ES,,ALB,2
2018,L,ES,,BET,39
2018,L,ES,,YFT,13
2018,L,ES,,BLM,13
2018,L,ES,,MLS,7
2018,L,ES,,SWO,1124
2018,L,ES,,MAK,479
2018,L,ES,,BSH,1893
2018,L,VN,,BET,902
2018,L,VN,,YFT,16500
2018,L,VN,,BUM,10
2018,L,VN,,BLM,128
2018,L,VN,,SWO,897
2018,L,VN,,FAL,10
2018,L,US,MP,BET,993
2018,L,TV,,ALB,121
2018,L,TV,,BET,64
2018,L,TV,,SKJ,13
2018,L,TV,,YFT,106
2018,L,TV,,BUM,14
2018,L,TV,,BLM,1
2018,L,TV,,SWO,2
2018,L,TV,,FAL,4.126
2018,L,TV,,MAK,7.804
2018,L,TV,,BSH,4.408
2018,L,TV,,THR,0.048
2018,L,TV,,HAM,0.043
2019,L,US,AS,ALB,1062
2019,L,US,AS,BET,1545
2019,L,US,AS,SKJ,97
2019,L,US,AS,YFT,409
2019,L,US,AS,BUM,112
2019,L,US,AS,MLS,64
2019,L,US,AS,SWO,48
2019,L,US,AS,SFA,4
2019,L,US,AS,MAK,3
2019,L,US,AS,THR,1
2019,L,FM,,ALB,2243
2019,L,FM,,BET,3559
2019,L,FM,,SKJ,309
2019,L,FM,,YFT,4692
2019,L,FM,,BUM,432
2019,L,FM,,BLM,31
2019,L,FM,,MLS,5
2019,L,FM,,SWO,76
2019,L,FM,,FAL,38.12
2019,L,FM,,OCS,63.45
2019,L,FM,,MAK,5.028
2019,L,FM,,BSH,200.386
2019,L,FM,,THR,3.142
2019,L,FM,,HAM,0.312
2019,L,CN,,ALB,22679
2019,L,CN,,BET,8644
2019,L,CN,,YFT,10010
2019,L,CN,,BUM,1375
2019,L,CN,,BLM,11
2019,L,CN,,MLS,190
2019,L,CN,,SWO,1571
2019,L,CN,,FAL,72
2019,L,CN,,OCS,32
2019,L,CN,,MAK,74
2019,L,CN,,BSH,508
2019,L,CN,,THR,27
2019,L,CN,,HAM,22
2019,L,CK,,ALB,2277
2019,L,CK,,BET,124
2019,L,CK,,SKJ,128
2019,L,CK,,YFT,403
2019,L,CK,,BUM,63
2019,L,CK,,BLM,22
2019,L,CK,,MLS,20
2019,L,CK,,SWO,30
2019,L,CK,,FAL,1.695
2019,L,CK,,OCS,56.553
2019,L,CK,,MAK,1.412
2019,L,CK,,BSH,53.981
2019,L,CK,,THR,0.129
2019,L,CK,,HAM,0.04
2019,L,FJ,,ALB,9072
2019,L,FJ,,BET,1182
2019,L,FJ,,SKJ,334
2019,L,FJ,,YFT,3833
2019,L,FJ,,PBF,1
2019,L,FJ,,BUM,254
2019,L,FJ,,BLM,78
2019,L,FJ,,MLS,34
2019,L,FJ,,SWO,118
2019,L,FJ,,FAL,50.756
2019,L,FJ,,OCS,20.277
2019,L,FJ,,MAK,17.208
2019,L,FJ,,BSH,88.926
2019,L,FJ,,THR,1.314
2019,L,FJ,,HAM,1.462
2019,L,PF,,ALB,3439
2019,L,PF,,BET,954
2019,L,PF,,SKJ,76
2019,L,PF,,YFT,1364
2019,L,PF,,BUM,278
2019,L,PF,,BLM,12
2019,L,PF,,MLS,91
2019,L,PF,,SWO,170
2019,L,PF,,FAL,45.398
2019,L,PF,,OCS,191.635
2019,L,PF,,MAK,23.991
2019,L,PF,,BSH,196.972
2019,L,PF,,THR,1.156
2019,L,PF,,HAM,0.34
2019,L,KI,,ALB,1131
2019,L,KI,,BET,1292
2019,L,KI,,SKJ,144
2019,L,KI,,YFT,862
2019,L,KI,,BUM,22
2019,L,KI,,BLM,77
2019,L,KI,,MLS,18
2019,L,KI,,SWO,122
2019,L,KI,,MAK,0.454
2019,L,KI,,BSH,1.972
2019,L,KI,,THR,7.904
2019,L,KR,,ALB,1902
2019,L,KR,,BET,13711
2019,L,KR,,SKJ,390
2019,L,KR,,YFT,13847
2019,L,KR,,BUM,2007
2019,L,KR,,BLM,53
2019,L,KR,,MLS,58
2019,L,KR,,SWO,602
2019,L,KR,,SFA,20
2019,L,KR,,BSH,5
2019,L,MH,,ALB,99
2019,L,MH,,BET,1458
2019,L,MH,,SKJ,10
2019,L,MH,,YFT,1175
2019,L,MH,,BUM,192
2019,L,MH,,SWO,40
2019,L,MH,,FAL,20.045
2019,L,MH,,OCS,43.621
2019,L,MH,,MAK,1.855
2019,L,MH,,BSH,94.643
2019,L,NC,,ALB,2011
2019,L,NC,,BET,40
2019,L,NC,,SKJ,21
2019,L,NC,,YFT,678
2019,L,NC,,PBF,1
2019,L,NC,,BUM,15
2019,L,NC,,BLM,29
2019,L,NC,,MLS,84
2019,L,NC,,SWO,24
2019,L,NC,,FAL,22.089
2019,L,NC,,OCS,45.871
2019,L,NC,,MAK,6.694
2019,L,NC,,BSH,102.134
2019,L,NC,,THR,0.123
2019,L,NC,,HAM,0.456
2019,L,NZ,,ALB,117
2019,L,NZ,,BET,50
2019,L,NZ,,SKJ,10
2019,L,NZ,,YFT,5
2019,L,NZ,,PBF,23
2019,L,NZ,,SWO,264
2019,L,NZ,,MAK,24
2019,L,NZ,,BSH,103
2019,L,NZ,,THR,2
2019,L,NZ,,POR,38
2019,L,PG,,ALB,312
2019,L,PG,,BET,162
2019,L,PG,,SKJ,6
2019,L,PG,,YFT,1479
2019,L,PG,,BUM,29
2019,L,PG,,BLM,48
2019,L,PG,,MLS,30
2019,L,PG,,SWO,15
2019,L,PG,,FAL,0.374
2019,L,PG,,MAK,1.098
2019,L,PG,,BSH,18.642
2019,L,WS,,ALB,2610
2019,L,WS,,BET,161
2019,L,WS,,SKJ,214
2019,L,WS,,YFT,547
2019,L,WS,,BUM,54
2019,L,WS,,BLM,3
2019,L,WS,,MLS,7
2019,L,WS,,SWO,21
2019,L,WS,,FAL,0.892
2019,L,WS,,OCS,5.342
2019,L,WS,,MAK,5.685
2019,L,WS,,BSH,41.455
2019,L,WS,,THR,1.373
2019,L,WS,,HAM,0.64
2019,L,SB,,ALB,2617
2019,L,SB,,BET,1398
2019,L,SB,,SKJ,109
2019,L,SB,,YFT,5094
2019,L,SB,,BUM,282
2019,L,SB,,BLM,13
2019,L,SB,,MLS,9
2019,L,SB,,SWO,82
2019,L,SB,,FAL,1.565
2019,L,SB,,MAK,24.014
2019,L,SB,,BSH,64.642
2019,L,SB,,THR,0.027
2019,L,SB,,HAM,0.044
2019,L,TW,DW,ALB,5157
2019,L,TW,DW,BET,4989
2019,L,TW,DW,SKJ,131
2019,L,TW,DW,YFT,2826
2019,L,TW,DW,BUM,556
2019,L,TW,DW,BLM,3
2019,L,TW,DW,MLS,169
2019,L,TW,DW,SWO,1554
2019,L,TW,DW,FAL,3
2019,L,TW,DW,MAK,516
2019,L,TW,DW,BSH,5260
2019,L,TW,DW,THR,20
2019,L,TW,DW,HAM,6
2019,L,TW,OS,ALB,11581
2019,L,TW,OS,BET,3887
2019,L,TW,OS,SKJ,800
2019,L,TW,OS,YFT,14898
2019,L,TW,OS,PBF,491
2019,L,TW,OS,BUM,3708
2019,L,TW,OS,BLM,260
2019,L,TW,OS,MLS,470
2019,L,TW,OS,SWO,1775
2019,L,TW,OS,MAK,1164
2019,L,TW,OS,BSH,15602
2019,L,TW,OS,THR,579
2019,L,TW,OS,HAM,327
2019,L,TO,,ALB,29
2019,L,TO,,BET,16
2019,L,TO,,SKJ,2
2019,L,TO,,YFT,186
2019,L,TO,,BUM,47
2019,L,TO,,BLM,4
2019,L,TO,,MLS,14
2019,L,TO,,SWO,33
2019,L,TO,,FAL,0.398
2019,L,TO,,OCS,0.098
2019,L,TO,,MAK,11.321
2019,L,TO,,BSH,2.391
2019,L,TO,,THR,0.006
2019,L,US,HW,ALB,88
2019,L,US,HW,BET,3460
2019,L,US,HW,SKJ,198
2019,L,US,HW,YFT,1556
2019,L,US,HW,BUM,747
2019,L,US,HW,MLS,397
2019,L,US,HW,SWO,510
2019,L,US,HW,SFA,12
2019,L,US,HW,MAK,32
2019,L,US,HW,THR,4
2019,L,VU,,ALB,6856
2019,L,VU,,BET,2241
2019,L,VU,,SKJ,288
2019,L,VU,,YFT,1325
2019,L,VU,,BUM,219
2019,L,VU,,BLM,2
2019,L,VU,,MLS,43
2019,L,VU,,SWO,267
2019,L,VU,,FAL,1.982
2019,L,VU,,OCS,1.351
2019,L,VU,,MAK,151.401
2019,L,VU,,BSH,984.551
2019,L,VU,,THR,25.598
2019,L,VU,,HAM,1.497
2019,L,ID,,BET,4976
2019,L,ID,,SKJ,2241
2019,L,ID,,YFT,9953
2019,L,ID,,BLM,66
2019,L,ID,,SWO,3
2019,L,ID,,SFA,77
2019,L,AU,AU,ALB,798
2019,L,AU,AU,BET,258
2019,L,AU,AU,SKJ,7
2019,L,AU,AU,YFT,1951
2019,L,AU,AU,BUM,30
2019,L,AU,AU,BLM,45
2019,L,AU,AU,MLS,217
2019,L,AU,AU,SWO,793
2019,L,AU,AU,FAL,1
2019,L,AU,AU,OCS,5
2019,L,AU,AU,MAK,72
2019,L,AU,AU,BSH,268
2019,L,AU,AU,HAM,9
2019,L,PW,,ALB,9
2019,L,PW,,BET,855
2019,L,PW,,SKJ,1
2019,L,PW,,YFT,1644
2019,L,PW,,PBF,1
2019,L,PW,,BUM,63
2019,L,PW,,BLM,2
2019,L,PW,,SWO,26
2019,L,PW,,FAL,438.5
2019,L,PW,,MAK,0.739
2019,L,PW,,BSH,114.335
2019,L,PW,,THR,2.513
2019,L,PW,,HAM,0.871
2019,L,ES,,ALB,2
2019,L,ES,,BET,30
2019,L,ES,,YFT,20
2019,L,ES,,BLM,70
2019,L,ES,,MLS,7
2019,L,ES,,SWO,1194
2019,L,ES,,MAK,554
2019,L,ES,,BSH,1611
2019,L,VN,,BET,1554
2019,L,VN,,YFT,14653
2019,L,VN,,BUM,10
2019,L,VN,,BLM,128
2019,L,VN,,SWO,897
2019,L,VN,,FAL,10
2019,L,US,MP,BET,999
2019,L,TV,,ALB,64
2019,L,TV,,BET,53
2019,L,TV,,SKJ,32
2019,L,TV,,YFT,76
2019,L,TV,,BUM,11
2019,L,TV,,SWO,1
2019,L,TV,,FAL,0.949
2019,L,TV,,OCS,1.661
2019,L,TV,,BSH,2.668
2016,L,JP,JP,ALB,5272
2016,L,JP,JP,BET,4684
2016,L,JP,JP,SKJ,45
2016,L,JP,JP,YFT,5487
2016,L,JP,JP,PBF,17
2016,L,JP,JP,BUM,847
2016,L,JP,JP,BLM,44
2016,L,JP,JP,MLS,270
2016,L,JP,JP,SWO,3724
2016,L,JP,JP,SFA,134
2016,L,JP,JP,MAK,827.1
2016,L,JP,JP,BSH,10921
2016,L,JP,JP,THR,63.8
2016,L,JP,JP,POR,53.9
2016,L,JP,CS,ALB,13188
2016,L,JP,CS,BET,6783
2016,L,JP,CS,SKJ,4
2016,L,JP,CS,YFT,4679
2016,L,JP,CS,PBF,644
2016,L,JP,CS,BUM,964
2016,L,JP,CS,BLM,18
2016,L,JP,CS,MLS,737
2016,L,JP,CS,SWO,1961
2016,L,JP,CS,SFA,28
2016,L,JP,CS,MAK,55.1
2016,L,JP,CS,BSH,1036.2
2016,L,JP,CS,THR,6.1
2016,L,JP,CS,POR,1272
2017,L,JP,JP,ALB,5822
2017,L,JP,JP,BET,3867
2017,L,JP,JP,SKJ,64
2017,L,JP,JP,YFT,5660
2017,L,JP,JP,PBF,22
2017,L,JP,JP,BUM,804
2017,L,JP,JP,BLM,53
2017,L,JP,JP,MLS,182
2017,L,JP,JP,SWO,3067
2017,L,JP,JP,SFA,72
2017,L,JP,JP,MAK,639.6
2017,L,JP,JP,BSH,10140.4
2017,L,JP,JP,THR,61
2017,L,JP,JP,POR,127.8
2017,L,JP,JP,HAM,0.3
2017,L,JP,CS,ALB,13589
2017,L,JP,CS,BET,7604
2017,L,JP,CS,SKJ,4
2017,L,JP,CS,YFT,4439
2017,L,JP,CS,PBF,892
2017,L,JP,CS,BUM,780
2017,L,JP,CS,BLM,13
2017,L,JP,CS,MLS,706
2017,L,JP,CS,SWO,1775
2017,L,JP,CS,SFA,39
2017,L,JP,CS,MAK,66.3
2017,L,JP,CS,BSH,1605
2017,L,JP,CS,THR,81.9
2017,L,JP,CS,POR,3096.7
2018,L,JP,JP,ALB,4441
2018,L,JP,JP,BET,4565
2018,L,JP,JP,SKJ,36
2018,L,JP,JP,YFT,5408
2018,L,JP,JP,PBF,14
2018,L,JP,JP,BUM,719
2018,L,JP,JP,BLM,57
2018,L,JP,JP,MLS,149
2018,L,JP,JP,SWO,3429
2018,L,JP,JP,SFA,75
2018,L,JP,JP,OCS,2.3
2018,L,JP,JP,MAK,682
2018,L,JP,JP,BSH,9686.7
2018,L,JP,JP,THR,18
2018,L,JP,JP,POR,241.4
2018,L,JP,CS,ALB,10121
2018,L,JP,CS,BET,7440
2018,L,JP,CS,SKJ,2
2018,L,JP,CS,YFT,4701
2018,L,JP,CS,PBF,679
2018,L,JP,CS,BUM,753
2018,L,JP,CS,BLM,14
2018,L,JP,CS,MLS,639
2018,L,JP,CS,SWO,1570
2018,L,JP,CS,SFA,47
2018,L,JP,CS,MAK,87.5
2018,L,JP,CS,BSH,2026.2
2018,L,JP,CS,THR,30.9
2018,L,JP,CS,POR,2286.5
2019,L,JP,JP,ALB,3998
2019,L,JP,JP,BET,3464
2019,L,JP,JP,SKJ,43
2019,L,JP,JP,YFT,5102
2019,L,JP,JP,PBF,25
2019,L,JP,JP,BUM,648
2019,L,JP,JP,BLM,30
2019,L,JP,JP,MLS,203
2019,L,JP,JP,SWO,2689
2019,L,JP,JP,SFA,62
2019,L,JP,JP,MAK,668.1
2019,L,JP,JP,BSH,8624.4
2019,L,JP,JP,THR,34.6
2019,L,JP,JP,POR,150.2
2019,L,JP,CS,ALB,9375
2019,L,JP,CS,BET,7175
2019,L,JP,CS,SKJ,2
2019,L,JP,CS,YFT,5838
2019,L,JP,CS,PBF,977
2019,L,JP,CS,BUM,788
2019,L,JP,CS,BLM,13
2019,L,JP,CS,MLS,889
2019,L,JP,CS,SWO,1307
2019,L,JP,CS,SFA,32
2019,L,JP,CS,MAK,71.1
2019,L,JP,CS,BSH,1693.5
2019,L,JP,CS,THR,11
2019,L,JP,CS,POR,2206.1
2020,L,US,AS,ALB,548
2020,L,US,AS,BET,1586
2020,L,US,AS,SKJ,78
2020,L,US,AS,YFT,383
2020,L,US,AS,BUM,72
2020,L,US,AS,MLS,49
2020,L,US,AS,SWO,43
2020,L,US,AS,SFA,2
2020,L,FM,,ALB,509
2020,L,FM,,BET,2158
2020,L,FM,,SKJ,27
2020,L,FM,,YFT,2010
2020,L,FM,,BUM,288
2020,L,FM,,BLM,1
2020,L,FM,,MLS,1
2020,L,FM,,SWO,48
2020,L,FM,,FAL,15.701
2020,L,FM,,OCS,5.36
2020,L,FM,,MAK,5.635
2020,L,FM,,BSH,79.436
2020,L,FM,,THR,0.301
2020,L,FM,,HAM,0.509
2020,L,CN,,ALB,20656
2020,L,CN,,BET,7403
2020,L,CN,,YFT,10115
2020,L,CN,,BUM,1139
2020,L,CN,,BLM,24
2020,L,CN,,MLS,150
2020,L,CN,,SWO,1134
2020,L,CN,,FAL,45
2020,L,CN,,OCS,26
2020,L,CN,,MAK,65
2020,L,CN,,BSH,436
2020,L,CN,,THR,20
2020,L,CN,,HAM,20
2020,L,CK,,ALB,1194
2020,L,CK,,BET,97
2020,L,CK,,SKJ,75
2020,L,CK,,YFT,362
2020,L,CK,,BUM,48
2020,L,CK,,BLM,21
2020,L,CK,,MLS,12
2020,L,CK,,SWO,26
2020,L,CK,,FAL,0.092
2020,L,CK,,OCS,3.389
2020,L,CK,,MAK,0.209
2020,L,CK,,BSH,6.925
2020,L,CK,,THR,0.032
2020,L,FJ,,ALB,6664
2020,L,FJ,,BET,736
2020,L,FJ,,SKJ,434
2020,L,FJ,,YFT,4564
2020,L,FJ,,BUM,159
2020,L,FJ,,BLM,67
2020,L,FJ,,MLS,22
2020,L,FJ,,SWO,106
2020,L,FJ,,FAL,72.722
2020,L,FJ,,OCS,25.465
2020,L,FJ,,MAK,14.423
2020,L,FJ,,BSH,82.923
2020,L,FJ,,THR,1.816
2020,L,FJ,,HAM,0.851
2020,L,PF,,ALB,2812
2020,L,PF,,BET,874
2020,L,PF,,SKJ,53
2020,L,PF,,YFT,1135
2020,L,PF,,BUM,249
2020,L,PF,,BLM,18
2020,L,PF,,MLS,99
2020,L,PF,,SWO,179
2020,L,PF,,FAL,34.393
2020,L,PF,,OCS,199.104
2020,L,PF,,MAK,25.493
2020,L,PF,,BSH,140.456
2020,L,PF,,THR,0.838
2020,L,PF,,HAM,0.808
2020,L,JP,JP,ALB,3695
2020,L,JP,JP,BET,2955
2020,L,JP,JP,SKJ,41
2020,L,JP,JP,YFT,2504
2020,L,JP,JP,PBF,75
2020,L,JP,JP,BUM,373
2020,L,JP,JP,BLM,22
2020,L,JP,JP,MLS,209
2020,L,JP,JP,SWO,3928
2020,L,JP,JP,SFA,23
2020,L,JP,JP,MAK,455.6
2020,L,JP,JP,BSH,6615.7
2020,L,JP,JP,THR,31.9
2020,L,JP,JP,POR,63.1
2020,L,JP,CS,ALB,10241
2020,L,JP,CS,BET,5907
2020,L,JP,CS,SKJ,3
2020,L,JP,CS,YFT,3566
2020,L,JP,CS,PBF,1341
2020,L,JP,CS,BUM,617
2020,L,JP,CS,BLM,19
2020,L,JP,CS,MLS,896
2020,L,JP,CS,SWO,1471
2020,L,JP,CS,SFA,41
2020,L,JP,CS,MAK,34.2
2020,L,JP,CS,BSH,1020.9
2020,L,JP,CS,THR,9.5
2020,L,JP,CS,POR,1929.2
2020,L,KI,,ALB,1884
2020,L,KI,,BET,1570
2020,L,KI,,SKJ,35
2020,L,KI,,YFT,1279
2020,L,KI,,BUM,89
2020,L,KI,,BLM,72
2020,L,KI,,MLS,20
2020,L,KI,,SWO,180
2020,L,KI,,MAK,0.109
2020,L,KI,,BSH,0.84
2020,L,KI,,THR,0.189
2020,L,KI,,HAM,0.156
2020,L,KR,,ALB,744
2020,L,KR,,BET,13011
2020,L,KR,,SKJ,251
2020,L,KR,,YFT,10948
2020,L,KR,,BUM,1389
2020,L,KR,,BLM,39
2020,L,KR,,MLS,78
2020,L,KR,,SWO,554
2020,L,KR,,SFA,10
2020,L,MH,,ALB,9
2020,L,MH,,BET,764
2020,L,MH,,SKJ,1
2020,L,MH,,YFT,743
2020,L,MH,,BUM,98
2020,L,MH,,BLM,1
2020,L,MH,,MLS,1
2020,L,MH,,SWO,17
2020,L,MH,,FAL,9.531
2020,L,MH,,OCS,0.77
2020,L,MH,,MAK,0.817
2020,L,MH,,BSH,12.697
2020,L,MH,,THR,0.097
2020,L,NC,,ALB,1897
2020,L,NC,,BET,51
2020,L,NC,,SKJ,8
2020,L,NC,,YFT,512
2020,L,NC,,BUM,10
2020,L,NC,,BLM,33
2020,L,NC,,MLS,81
2020,L,NC,,SWO,9
2020,L,NC,,FAL,1.98
2020,L,NC,,OCS,1.839
2020,L,NC,,MAK,0.277
2020,L,NC,,BSH,49.089
2020,L,NC,,THR,0.728
2020,L,NZ,,ALB,202
2020,L,NZ,,BET,67
2020,L,NZ,,SKJ,1
2020,L,NZ,,YFT,10
2020,L,NZ,,PBF,46
2020,L,NZ,,BUM,1
2020,L,NZ,,MLS,8
2020,L,NZ,,SWO,219
2020,L,NZ,,MAK,27
2020,L,NZ,,BSH,107
2020,L,NZ,,THR,7
2020,L,NZ,,POR,23
2020,L,PG,,ALB,19
2020,L,PG,,BET,17
2020,L,PG,,YFT,116
2020,L,PG,,BUM,1
2020,L,PG,,BLM,6
2020,L,PG,,MLS,5
2020,L,WS,,ALB,1413
2020,L,WS,,BET,156
2020,L,WS,,SKJ,123
2020,L,WS,,YFT,642
2020,L,WS,,BUM,73
2020,L,WS,,BLM,3
2020,L,WS,,MLS,3
2020,L,WS,,SWO,27
2020,L,WS,,FAL,0.033
2020,L,WS,,OCS,0.052
2020,L,WS,,MAK,0.607
2020,L,WS,,BSH,1.127
2020,L,WS,,HAM,0.463
2020,L,SB,,ALB,1728
2020,L,SB,,BET,623
2020,L,SB,,SKJ,49
2020,L,SB,,YFT,2732
2020,L,SB,,BUM,121
2020,L,SB,,BLM,48
2020,L,SB,,MLS,46
2020,L,SB,,SWO,95
2020,L,SB,,FAL,4.271
2020,L,SB,,OCS,0.015
2020,L,SB,,MAK,20.277
2020,L,SB,,BSH,62.348
2020,L,SB,,THR,2.407
2020,L,TW,DW,ALB,5940
2020,L,TW,DW,BET,4147
2020,L,TW,DW,SKJ,98
2020,L,TW,DW,YFT,1685
2020,L,TW,DW,BUM,307
2020,L,TW,DW,BLM,2
2020,L,TW,DW,MLS,182
2020,L,TW,DW,SWO,1577
2020,L,TW,DW,OCS,1
2020,L,TW,DW,MAK,478
2020,L,TW,DW,BSH,4365
2020,L,TW,DW,THR,20
2020,L,TW,DW,HAM,4
2020,L,TW,OS,ALB,11111
2020,L,TW,OS,BET,3005
2020,L,TW,OS,SKJ,676
2020,L,TW,OS,YFT,8527
2020,L,TW,OS,PBF,1150
2020,L,TW,OS,BUM,2368
2020,L,TW,OS,BLM,238
2020,L,TW,OS,MLS,559
2020,L,TW,OS,SWO,1654
2020,L,TW,OS,MAK,1187
2020,L,TW,OS,BSH,13771
2020,L,TW,OS,THR,449
2020,L,TW,OS,POR,5
2020,L,TW,OS,HAM,349
2020,L,TO,,ALB,13
2020,L,TO,,BET,10
2020,L,TO,,SKJ,3
2020,L,TO,,YFT,156
2020,L,TO,,BUM,21
2020,L,TO,,BLM,2
2020,L,TO,,MLS,4
2020,L,TO,,SWO,16
2020,L,TO,,FAL,0.934
2020,L,TO,,OCS,0.104
2020,L,TO,,MAK,5.839
2020,L,TO,,BSH,0.123
2020,L,US,HW,ALB,48
2020,L,US,HW,BET,3550
2020,L,US,HW,SKJ,125
2020,L,US,HW,YFT,1197
2020,L,US,HW,BUM,440
2020,L,US,HW,MLS,240
2020,L,US,HW,SWO,266
2020,L,US,HW,SFA,5
2020,L,US,HW,MAK,2
2020,L,US,HW,THR,1
2020,L,VU,,ALB,5062
2020,L,VU,,BET,2216
2020,L,VU,,SKJ,123
2020,L,VU,,YFT,849
2020,L,VU,,BUM,186
2020,L,VU,,BLM,3
2020,L,VU,,MLS,89
2020,L,VU,,SWO,497
2020,L,VU,,FAL,2.207
2020,L,VU,,OCS,0.71
2020,L,VU,,MAK,187.562
2020,L,VU,,BSH,1343.901
2020,L,VU,,THR,1.038
2020,L,VU,,HAM,1.545
2020,L,ID,,BET,2839
2020,L,ID,,SKJ,88
2020,L,ID,,YFT,4240
2020,L,ID,,BLM,66
2020,L,ID,,SWO,3
2020,L,ID,,SFA,77
2020,L,AU,AU,ALB,1163
2020,L,AU,AU,BET,290
2020,L,AU,AU,SKJ,5
2020,L,AU,AU,YFT,1749
2020,L,AU,AU,BUM,20
2020,L,AU,AU,BLM,39
2020,L,AU,AU,MLS,167
2020,L,AU,AU,SWO,611
2020,L,AU,AU,FAL,5
2020,L,AU,AU,OCS,16
2020,L,AU,AU,MAK,40
2020,L,AU,AU,BSH,297
2020,L,AU,AU,THR,1
2020,L,AU,AU,HAM,7
2020,L,PW,,BET,1
2020,L,ES,,ALB,4
2020,L,ES,,BET,40
2020,L,ES,,YFT,33
2020,L,ES,,BUM,24
2020,L,ES,,BLM,18
2020,L,ES,,MLS,16
2020,L,ES,,SWO,1415
2020,L,ES,,MAK,466
2020,L,ES,,BSH,1345
2020,L,VN,,ALB,71
2020,L,VN,,BET,2678
2020,L,VN,,SKJ,10
2020,L,VN,,YFT,14118
2020,L,VN,,BUM,53
2020,L,VN,,BLM,159
2020,L,VN,,SWO,634
2020,L,VN,,FAL,1
2020,L,VN,,BSH,1
2020,L,VN,,THR,1
2020,L,US,MP,BET,926
2020,L,TV,,ALB,117
2020,L,TV,,BET,9
2020,L,TV,,SKJ,5
2020,L,TV,,YFT,16
2020,L,TV,,BUM,3
2020,L,TV,,SWO,1
2021,L,US,AS,ALB,715
2021,L,US,AS,BET,428
2021,L,US,AS,SKJ,55
2021,L,US,AS,YFT,521
2021,L,US,AS,BUM,61
2021,L,US,AS,MLS,33
2021,L,US,AS,SWO,41
2021,L,US,AS,SFA,2
2021,L,US,AS,THR,1
2021,L,FM,,ALB,922
2021,L,FM,,BET,1606
2021,L,FM,,SKJ,60
2021,L,FM,,YFT,1729
2021,L,FM,,BUM,272
2021,L,FM,,SWO,50
2021,L,FM,,FAL,170.826
2021,L,FM,,OCS,86.498
2021,L,FM,,MAK,6.988
2021,L,FM,,BSH,233.876
2021,L,FM,,THR,1.897
2021,L,JP,CS,ALB,14486
2021,L,JP,CS,BET,5702
2021,L,JP,CS,SKJ,2
2021,L,JP,CS,YFT,4600
2021,L,JP,CS,PBF,1472
2021,L,JP,CS,BUM,750
2021,L,JP,CS,BLM,20
2021,L,JP,CS,MLS,708
2021,L,JP,CS,SWO,1243
2021,L,JP,CS,SFA,13
2021,L,JP,CS,MAK,53
2021,L,JP,CS,BSH,2099.8
2021,L,JP,CS,THR,14.3
2021,L,JP,CS,POR,680.1
2021,L,KI,,ALB,985
2021,L,KI,,BET,625
2021,L,KI,,SKJ,39
2021,L,KI,,YFT,904
2021,L,KI,,BUM,80
2021,L,KI,,BLM,9
2021,L,KI,,MLS,18
2021,L,KI,,SWO,50
2021,L,KI,,FAL,1.077
2021,L,KI,,MAK,0.305
2021,L,KI,,BSH,38.112
2021,L,KI,,THR,0.054
2021,L,KR,,ALB,611
2021,L,KR,,BET,13685
2021,L,KR,,SKJ,332
2021,L,KR,,YFT,10340
2021,L,KR,,BUM,1168
2021,L,KR,,BLM,14
2021,L,KR,,MLS,123
2021,L,KR,,SWO,564
2021,L,KR,,SFA,12
2021,L,KR,,BSH,5
2021,L,MH,,ALB,54
2021,L,MH,,BET,928
2021,L,MH,,SKJ,1
2021,L,MH,,YFT,634
2021,L,MH,,BUM,130
2021,L,MH,,SWO,23
2021,L,MH,,FAL,67.595
2021,L,MH,,OCS,13.167
2021,L,MH,,MAK,4.495
2021,L,MH,,BSH,113.657
2021,L,MH,,THR,0.149
2021,L,NC,,ALB,1774
2021,L,NC,,BET,59
2021,L,NC,,SKJ,12
2021,L,NC,,YFT,624
2021,L,NC,,BUM,16
2021,L,NC,,BLM,35
2021,L,NC,,MLS,98
2021,L,NC,,SWO,10
2021,L,NC,,FAL,0.18
2021,L,NC,,OCS,0.255
2021,L,NC,,MAK,7.984
2021,L,NC,,BSH,3.228
2021,L,NC,,THR,0.45
2021,L,NC,,HAM,0.075
2021,L,NZ,,ALB,102
2021,L,NZ,,BET,85
2021,L,NZ,,YFT,22
2021,L,NZ,,PBF,42
2021,L,NZ,,BUM,2
2021,L,NZ,,MLS,17
2021,L,NZ,,SWO,302
2021,L,NZ,,MAK,28
2021,L,NZ,,BSH,93
2021,L,NZ,,THR,6
2021,L,NZ,,POR,33
2021,L,WS,,ALB,991
2021,L,WS,,BET,108
2021,L,WS,,SKJ,80
2021,L,WS,,YFT,384
2021,L,WS,,BUM,41
2021,L,WS,,BLM,2
2021,L,WS,,MLS,3
2021,L,WS,,SWO,10
2021,L,WS,,FAL,0.02
2021,L,WS,,OCS,0.568
2021,L,WS,,MAK,2.577
2021,L,WS,,BSH,23.204
2021,L,WS,,THR,0.082
2021,L,WS,,HAM,0.172
2021,L,AU,AU,ALB,1073
2021,L,AU,AU,BET,361
2021,L,AU,AU,SKJ,6
2021,L,AU,AU,YFT,1449
2021,L,AU,AU,BUM,37
2021,L,AU,AU,BLM,45
2021,L,AU,AU,MLS,167
2021,L,AU,AU,SWO,619
2021,L,AU,AU,FAL,1
2021,L,AU,AU,OCS,33
2021,L,AU,AU,MAK,40
2021,L,AU,AU,BSH,414
2021,L,AU,AU,THR,1
2021,L,AU,AU,HAM,9
2021,L,VN,,ALB,71
2021,L,VN,,BET,2275
2021,L,VN,,SKJ,630
2021,L,VN,,YFT,13822
2021,L,VN,,BUM,133
2021,L,VN,,BLM,399
2021,L,VN,,SWO,1592
2021,L,VN,,FAL,1
2021,L,VN,,BSH,1
2021,L,VN,,THR,1
2021,L,US,MP,BET,1500
2022,L,US,AS,ALB,1095
2022,L,US,AS,BET,1565
2022,L,US,AS,SKJ,49
2022,L,US,AS,YFT,332
2022,L,US,AS,BUM,99
2022,L,US,AS,MLS,27
2022,L,US,AS,SWO,29
2022,L,US,AS,SFA,2
2022,L,FM,,ALB,1473
2022,L,FM,,BET,1375
2022,L,FM,,SKJ,49
2022,L,FM,,YFT,1915
2022,L,FM,,BUM,108
2022,L,FM,,BLM,13
2022,L,FM,,MLS,1
2022,L,FM,,SWO,42
2022,L,FM,,FAL,42.321
2022,L,FM,,OCS,11.721
2022,L,FM,,MAK,8.057
2022,L,FM,,BSH,173.016
2022,L,FM,,THR,2.224
2022,L,FM,,HAM,0.06
2023,L,US,AS,ALB,893
2023,L,US,AS,BET,406
2023,L,US,AS,SKJ,51
2023,L,US,AS,YFT,418
2023,L,US,AS,PBF,1
2023,L,US,AS,BUM,64
2023,L,US,AS,MLS,15
2023,L,US,AS,SWO,18
2023,L,US,AS,SFA,1
2023,L,US,AS,THR,0.1
2023,L,FM,,ALB,1843
2023,L,FM,,BET,1220
2023,L,FM,,SKJ,48
2023,L,FM,,YFT,993
2023,L,FM,,PBF,1
2023,L,FM,,BUM,275
2023,L,FM,,MLS,1
2023,L,FM,,SWO,30
2023,L,FM,,FAL,123.77
2023,L,FM,,OCS,19.37
2023,L,FM,,MAK,3.18
2023,L,FM,,BSH,245.65
2023,L,FM,,THR,0.81
2023,L,FM,,HAM,0.96
2021,L,CN,,ALB,16076
2021,L,CN,,BET,5493
2021,L,CN,,SKJ,140
2021,L,CN,,YFT,9530
2021,L,CN,,BUM,843
2021,L,CN,,BLM,74
2021,L,CN,,MLS,114
2021,L,CN,,SWO,716
2021,L,CN,,FAL,25
2021,L,CN,,OCS,18
2021,L,CN,,MAK,40
2021,L,CN,,BSH,223
2021,L,CN,,THR,15
2021,L,CN,,HAM,12
2021,L,CK,,ALB,767
2021,L,CK,,BET,83
2021,L,CK,,SKJ,34
2021,L,CK,,YFT,309
2021,L,CK,,BUM,37
2021,L,CK,,BLM,9
2021,L,CK,,MLS,10
2021,L,CK,,SWO,12
2021,L,CK,,OCS,3.43
2021,L,CK,,MAK,1.341
2021,L,CK,,BSH,5.553
2021,L,FJ,,ALB,6438
2021,L,FJ,,BET,482
2021,L,FJ,,SKJ,234
2021,L,FJ,,YFT,2662
2021,L,FJ,,BUM,154
2021,L,FJ,,BLM,65
2021,L,FJ,,MLS,24
2021,L,FJ,,SWO,62
2021,L,FJ,,FAL,113.985
2021,L,FJ,,OCS,150.281
2021,L,FJ,,MAK,179.439
2021,L,FJ,,BSH,906.626
2021,L,FJ,,THR,4.013
2021,L,FJ,,HAM,34.525
2021,L,PF,,ALB,2689
2021,L,PF,,BET,1045
2021,L,PF,,SKJ,79
2021,L,PF,,YFT,2350
2021,L,PF,,BUM,176
2021,L,PF,,BLM,20
2021,L,PF,,MLS,129
2021,L,PF,,SWO,174
2021,L,PF,,FAL,98.294
2021,L,PF,,OCS,258.832
2021,L,PF,,MAK,63.552
2021,L,PF,,BSH,168.732
2021,L,PF,,THR,2.01
2021,L,PF,,HAM,1.52
2021,L,JP,JP,ALB,5345
2021,L,JP,JP,BET,2603
2021,L,JP,JP,SKJ,69
2021,L,JP,JP,YFT,3253
2021,L,JP,JP,PBF,80
2021,L,JP,JP,BUM,428
2021,L,JP,JP,BLM,26
2021,L,JP,JP,MLS,220
2021,L,JP,JP,SWO,3133
2021,L,JP,JP,SFA,31
2021,L,JP,JP,MAK,465.6
2021,L,JP,JP,BSH,9994.8
2021,L,JP,JP,THR,28.7
2021,L,JP,JP,POR,203.4
2021,L,SB,,ALB,1885
2021,L,SB,,BET,635
2021,L,SB,,SKJ,33
2021,L,SB,,YFT,3288
2021,L,SB,,BUM,217
2021,L,SB,,BLM,2
2021,L,SB,,MLS,3
2021,L,SB,,SWO,46
2021,L,SB,,FAL,19.634
2021,L,SB,,OCS,0.03
2021,L,SB,,MAK,9.434
2021,L,SB,,BSH,23.397
2021,L,SB,,THR,0.135
2021,L,TW,DW,ALB,4377
2021,L,TW,DW,BET,3667
2021,L,TW,DW,SKJ,175
2021,L,TW,DW,YFT,1898
2021,L,TW,DW,BUM,335
2021,L,TW,DW,BLM,1
2021,L,TW,DW,MLS,191
2021,L,TW,DW,SWO,1218
2021,L,TW,DW,FAL,8
2021,L,TW,DW,OCS,4
2021,L,TW,DW,MAK,316
2021,L,TW,DW,BSH,2561
2021,L,TW,DW,THR,9
2021,L,TW,DW,HAM,3
2021,L,TW,OS,ALB,6708
2021,L,TW,OS,BET,3663
2021,L,TW,OS,SKJ,515
2021,L,TW,OS,YFT,9408
2021,L,TW,OS,PBF,1478
2021,L,TW,OS,BUM,2311
2021,L,TW,OS,BLM,191
2021,L,TW,OS,MLS,323
2021,L,TW,OS,SWO,866
2021,L,TW,OS,MAK,391
2021,L,TW,OS,BSH,7633
2021,L,TW,OS,THR,539
2021,L,TW,OS,HAM,280
2021,L,TO,,ALB,10
2021,L,TO,,BET,15
2021,L,TO,,SKJ,2
2021,L,TO,,YFT,208
2021,L,TO,,BUM,42
2021,L,TO,,MLS,11
2021,L,TO,,SWO,9
2021,L,TO,,FAL,0.281
2021,L,TO,,OCS,0.363
2021,L,TO,,MAK,2.203
2021,L,TO,,BSH,0.186
2021,L,US,HW,ALB,104
2021,L,US,HW,BET,3750
2021,L,US,HW,SKJ,128
2021,L,US,HW,YFT,2029
2021,L,US,HW,BUM,332
2021,L,US,HW,MLS,199
2021,L,US,HW,SWO,534
2021,L,US,HW,SFA,9
2021,L,US,HW,MAK,1
2021,L,US,HW,THR,1
2021,L,VU,,ALB,6165
2021,L,VU,,BET,3039
2021,L,VU,,SKJ,204
2021,L,VU,,YFT,901
2021,L,VU,,BUM,167
2021,L,VU,,BLM,2
2021,L,VU,,MLS,187
2021,L,VU,,SWO,642
2021,L,VU,,OCS,1.483
2021,L,VU,,MAK,268.08
2021,L,VU,,BSH,1825.94
2021,L,VU,,THR,0.006
2021,L,VU,,HAM,0.03
2021,L,ID,,BET,2658
2021,L,ID,,SKJ,11
2021,L,ID,,YFT,4598
2021,L,ID,,BUM,4
2021,L,ID,,BLM,47
2021,L,ID,,SWO,319
2021,L,ID,,SFA,43
2021,L,ID,,FAL,4
2021,L,PW,,BET,17
2021,L,PW,,YFT,16
2021,L,PW,,BLM,5
2021,L,PW,,SWO,1
2021,L,ES,,ALB,4
2021,L,ES,,BET,105
2021,L,ES,,YFT,40
2021,L,ES,,BUM,26
2021,L,ES,,BLM,23
2021,L,ES,,MLS,120
2021,L,ES,,SWO,1778
2021,L,ES,,MAK,477
2021,L,ES,,BSH,2264
2021,L,TV,,ALB,57
2021,L,TV,,BET,23
2021,L,TV,,SKJ,6
2021,L,TV,,YFT,9
2021,L,TV,,BUM,1
2021,L,TV,,MLS,1
2021,L,TV,,SWO,1
2021,L,TV,,BSH,9.506
2023,L,FJ,,ALB,6152
2023,L,FJ,,BET,688
2023,L,FJ,,SKJ,217
2023,L,FJ,,YFT,2225
2023,L,FJ,,BUM,268
2023,L,FJ,,BLM,106
2023,L,FJ,,MLS,342
2023,L,FJ,,SWO,88
2023,L,FJ,,FAL,119.1
2023,L,FJ,,OCS,216.04
2023,L,FJ,,MAK,109.51
2023,L,FJ,,BSH,1277.25
2023,L,FJ,,THR,2.08
2023,L,FJ,,HAM,0.45
2023,L,PF,,ALB,5221
2023,L,PF,,BET,1232
2023,L,PF,,SKJ,120
2023,L,PF,,YFT,1480
2023,L,PF,,PBF,2
2023,L,PF,,BUM,202
2023,L,PF,,BLM,9
2023,L,PF,,MLS,133
2023,L,PF,,SWO,131
2023,L,PF,,FAL,28.75
2023,L,PF,,OCS,143.7
2023,L,PF,,MAK,12.57
2023,L,PF,,BSH,88.29
2023,L,PF,,THR,8.51
2023,L,PF,,HAM,0.42
2023,L,JP,JP,ALB,3841
2023,L,JP,JP,BET,3329
2023,L,JP,JP,SKJ,40
2023,L,JP,JP,YFT,3073
2023,L,JP,JP,PBF,80
2023,L,JP,JP,BUM,581
2023,L,JP,JP,BLM,22
2023,L,JP,JP,MLS,226
2023,L,JP,JP,SWO,2346
2023,L,JP,JP,SFA,46
2023,L,JP,JP,MAK,605.8
2023,L,JP,JP,BSH,12062
2023,L,JP,JP,THR,3.2
2023,L,JP,JP,POR,170.7
2023,L,JP,CS,ALB,12363
2023,L,JP,CS,BET,4206
2023,L,JP,CS,SKJ,5
2023,L,JP,CS,YFT,4179
2023,L,JP,CS,PBF,1506
2023,L,JP,CS,BUM,546
2023,L,JP,CS,BLM,15
2023,L,JP,CS,MLS,503
2023,L,JP,CS,SWO,1034
2023,L,JP,CS,SFA,16
2023,L,JP,CS,MAK,48.2
2023,L,JP,CS,BSH,1830.1
2023,L,JP,CS,THR,0.9
2023,L,JP,CS,POR,1259.2
2023,L,KI,,ALB,1614
2023,L,KI,,BET,3806
2023,L,KI,,SKJ,62
2023,L,KI,,YFT,2099
2023,L,KI,,BUM,231
2023,L,KI,,BLM,33
2023,L,KI,,MLS,33
2023,L,KI,,SWO,220
2023,L,KI,,FAL,232.52
2023,L,KI,,OCS,37.12
2023,L,KI,,MAK,26.76
2023,L,KI,,BSH,61.21
2023,L,KI,,THR,12.09
2023,L,KI,,HAM,0.46
2023,L,KR,,ALB,1047
2023,L,KR,,BET,13474
2023,L,KR,,SKJ,374
2023,L,KR,,YFT,10110
2023,L,KR,,BUM,1406
2023,L,KR,,BLM,14
2023,L,KR,,MLS,215
2023,L,KR,,SWO,1462
2023,L,KR,,SFA,25
2023,L,MH,,ALB,95
2023,L,MH,,BET,1428
2023,L,MH,,YFT,676
2023,L,MH,,BUM,125
2023,L,MH,,BLM,1
2023,L,MH,,SWO,21
2023,L,MH,,FAL,319.03
2023,L,MH,,OCS,5.2
2023,L,MH,,MAK,1.19
2023,L,MH,,BSH,460.15
2023,L,MH,,THR,0.13
2023,L,MH,,HAM,0.66
2023,L,NC,,ALB,2009
2023,L,NC,,BET,40
2023,L,NC,,SKJ,13
2023,L,NC,,YFT,459
2023,L,NC,,BUM,14
2023,L,NC,,BLM,28
2023,L,NC,,MLS,141
2023,L,NC,,SWO,13
2023,L,NC,,FAL,13.81
2023,L,NC,,OCS,22.11
2023,L,NC,,MAK,9.27
2023,L,NC,,BSH,346.31
2023,L,NC,,THR,4.36
2023,L,NC,,HAM,0.66
2022,L,JP,CS,ALB,8278
2022,L,JP,CS,BET,4486
2022,L,JP,CS,SKJ,1
2022,L,JP,CS,YFT,3821
2022,L,JP,CS,PBF,1506
2022,L,JP,CS,BUM,648
2022,L,JP,CS,BLM,16
2022,L,JP,CS,MLS,461
2022,L,JP,CS,SWO,1034
2022,L,JP,CS,SFA,16
2022,L,JP,CS,MAK,17
2022,L,JP,CS,BSH,2855.5
2022,L,JP,CS,THR,1.3
2022,L,JP,CS,POR,763.8
2022,L,KI,,ALB,2162
2022,L,KI,,BET,2707
2022,L,KI,,SKJ,110
2022,L,KI,,YFT,2535
2022,L,KI,,BUM,214
2022,L,KI,,BLM,33
2022,L,KI,,MLS,27
2022,L,KI,,SWO,401
2022,L,KI,,FAL,0.085
2022,L,KI,,MAK,2.741
2022,L,KI,,BSH,183.899
2022,L,KI,,THR,3.235
2022,L,KI,,HAM,0.088
2022,L,KR,,ALB,1278
2022,L,KR,,BET,12986
2022,L,KR,,SKJ,424
2022,L,KR,,YFT,11516
2022,L,KR,,BUM,908
2022,L,KR,,BLM,6
2022,L,KR,,MLS,80
2022,L,KR,,SWO,714
2022,L,KR,,SFA,15
2022,L,MH,,ALB,150
2022,L,MH,,BET,1173
2022,L,MH,,SKJ,3
2022,L,MH,,YFT,964
2022,L,MH,,PBF,1
2022,L,MH,,BUM,188
2022,L,MH,,BLM,1
2022,L,MH,,SWO,15
2022,L,MH,,FAL,47.227
2022,L,MH,,OCS,3.693
2022,L,MH,,MAK,1.594
2022,L,MH,,BSH,245.107
2022,L,MH,,THR,0.021
2022,L,MH,,HAM,0.657
2022,L,NC,,ALB,2158
2022,L,NC,,BET,67
2022,L,NC,,SKJ,92
2022,L,NC,,YFT,588
2022,L,NC,,BUM,20
2022,L,NC,,BLM,37
2022,L,NC,,MLS,132
2022,L,NC,,SWO,13
2022,L,NC,,FAL,7.267
2022,L,NC,,OCS,10.445
2022,L,NC,,MAK,21.921
2022,L,NC,,BSH,284.7
2022,L,NC,,THR,4.652
2022,L,NC,,HAM,0.613
2022,L,NZ,,ALB,83
2022,L,NZ,,BET,50
2022,L,NZ,,YFT,7
2022,L,NZ,,PBF,34
2022,L,NZ,,MLS,8
2022,L,NZ,,SWO,149
2022,L,NZ,,MAK,15
2022,L,NZ,,BSH,56
2022,L,NZ,,THR,3
2022,L,NZ,,POR,28
2022,L,PG,,ALB,595
2022,L,PG,,BET,179
2022,L,PG,,SKJ,8
2022,L,PG,,YFT,1779
2022,L,PG,,PBF,1
2022,L,PG,,BUM,33
2022,L,PG,,BLM,10
2022,L,PG,,MLS,3
2022,L,PG,,SWO,8
2022,L,PG,,FAL,52.437
2022,L,PG,,OCS,9.246
2022,L,PG,,MAK,0.408
2022,L,PG,,BSH,3.935
2022,L,PG,,THR,0.531
2022,L,PG,,HAM,0.024
2022,L,WS,,ALB,1450
2022,L,WS,,BET,127
2022,L,WS,,SKJ,43
2022,L,WS,,YFT,370
2022,L,WS,,BUM,47
2022,L,WS,,BLM,1
2022,L,WS,,MLS,5
2022,L,WS,,SWO,17
2022,L,WS,,FAL,0.285
2022,L,WS,,OCS,1.603
2022,L,WS,,MAK,0.43
2022,L,WS,,BSH,18.932
2022,L,WS,,THR,0.177
2022,L,AU,AU,ALB,1075
2022,L,AU,AU,BET,342
2022,L,AU,AU,SKJ,18
2022,L,AU,AU,YFT,1454
2022,L,AU,AU,BUM,47
2022,L,AU,AU,BLM,19
2022,L,AU,AU,MLS,237
2022,L,AU,AU,SWO,768
2022,L,AU,AU,OCS,15
2022,L,AU,AU,MAK,22.7
2022,L,AU,AU,BSH,413
2022,L,AU,AU,THR,2
2022,L,AU,AU,HAM,0.1
2022,L,VN,,ALB,107
2022,L,VN,,BET,1522
2022,L,VN,,SKJ,67
2022,L,VN,,YFT,13051
2022,L,VN,,BUM,106
2022,L,VN,,BLM,318
2022,L,VN,,SWO,1269
2022,L,VN,,FAL,1
2022,L,VN,,BSH,1
2022,L,VN,,THR,1
2022,L,US,MP,BET,544
2022,L,CN,,ALB,26437
2022,L,CN,,BET,5667
2022,L,CN,,SKJ,119
2022,L,CN,,YFT,9560
2022,L,CN,,BUM,894
2022,L,CN,,BLM,45
2022,L,CN,,MLS,76
2022,L,CN,,SWO,498
2022,L,CN,,FAL,19
2022,L,CN,,OCS,11
2022,L,CN,,MAK,25
2022,L,CN,,BSH,203
2022,L,CN,,THR,24
2022,L,CN,,HAM,9
2022,L,CK,,ALB,952
2022,L,CK,,BET,75
2022,L,CK,,SKJ,21
2022,L,CK,,YFT,209
2022,L,CK,,BUM,43
2022,L,CK,,BLM,5
2022,L,CK,,MLS,6
2022,L,CK,,SWO,14
2022,L,CK,,FAL,0.455
2022,L,CK,,OCS,0.023
2022,L,CK,,MAK,0.239
2022,L,CK,,BSH,8.877
2022,L,CK,,THR,0.006
2022,L,FJ,,ALB,7418
2022,L,FJ,,BET,426
2022,L,FJ,,SKJ,407
2022,L,FJ,,YFT,2127
2022,L,FJ,,BUM,113
2022,L,FJ,,BLM,73
2022,L,FJ,,MLS,12
2022,L,FJ,,SWO,41
2022,L,FJ,,FAL,19.407
2022,L,FJ,,OCS,92.583
2022,L,FJ,,MAK,69.418
2022,L,FJ,,BSH,1242.532
2022,L,FJ,,THR,1.191
2022,L,FJ,,HAM,6.067
2022,L,PF,,ALB,4185
2022,L,PF,,BET,1388
2022,L,PF,,SKJ,68
2022,L,PF,,YFT,1373
2022,L,PF,,PBF,1
2022,L,PF,,BUM,179
2022,L,PF,,BLM,9
2022,L,PF,,MLS,69
2022,L,PF,,SWO,154
2022,L,PF,,FAL,53.001
2022,L,PF,,OCS,197.279
2022,L,PF,,MAK,17.658
2022,L,PF,,BSH,154.738
2022,L,PF,,THR,1.037
2022,L,PF,,HAM,0.479
2022,L,JP,JP,ALB,4101
2022,L,JP,JP,BET,2075
2022,L,JP,JP,SKJ,113
2022,L,JP,JP,YFT,4468
2022,L,JP,JP,PBF,80
2022,L,JP,JP,BUM,430
2022,L,JP,JP,BLM,29
2022,L,JP,JP,MLS,186
2022,L,JP,JP,SWO,2297
2022,L,JP,JP,SFA,46
2022,L,JP,JP,MAK,545.2
2022,L,JP,JP,BSH,10948.3
2022,L,JP,JP,THR,18.8
2022,L,JP,JP,POR,566
2022,L,SB,,ALB,2724
2022,L,SB,,BET,874
2022,L,SB,,SKJ,72
2022,L,SB,,YFT,5470
2022,L,SB,,BUM,220
2022,L,SB,,BLM,9
2022,L,SB,,MLS,7
2022,L,SB,,SWO,75
2022,L,SB,,FAL,3.96
2022,L,SB,,OCS,0.438
2022,L,SB,,MAK,7.338
2022,L,SB,,BSH,13.931
2022,L,SB,,THR,0.178
2022,L,SB,,HAM,0.065
2022,L,TW,DW,ALB,7862
2022,L,TW,DW,BET,5661
2022,L,TW,DW,SKJ,194
2022,L,TW,DW,YFT,3190
2022,L,TW,DW,BUM,452
2022,L,TW,DW,BLM,7
2022,L,TW,DW,MLS,216
2022,L,TW,DW,SWO,1592
2022,L,TW,DW,FAL,7
2022,L,TW,DW,OCS,2
2022,L,TW,DW,MAK,365
2022,L,TW,DW,BSH,3265
2022,L,TW,DW,THR,84
2022,L,TW,DW,HAM,9
2022,L,TW,OS,ALB,6387
2022,L,TW,OS,BET,3899
2022,L,TW,OS,SKJ,534
2022,L,TW,OS,YFT,12279
2022,L,TW,OS,PBF,1496
2022,L,TW,OS,BUM,2397
2022,L,TW,OS,BLM,207
2022,L,TW,OS,MLS,310
2022,L,TW,OS,SWO,907
2022,L,TW,OS,MAK,544
2022,L,TW,OS,BSH,11342
2022,L,TW,OS,THR,643
2022,L,TW,OS,POR,25
2022,L,TW,OS,HAM,269
2022,L,TO,,ALB,52
2022,L,TO,,BET,24
2022,L,TO,,SKJ,2
2022,L,TO,,YFT,215
2022,L,TO,,BUM,45
2022,L,TO,,MLS,19
2022,L,TO,,SWO,11
2022,L,TO,,FAL,4.781
2022,L,TO,,OCS,4.54
2022,L,TO,,MAK,6.093
2022,L,TO,,BSH,5.513
2022,L,TO,,THR,0.111
2022,L,US,HW,ALB,108
2022,L,US,HW,BET,3238
2022,L,US,HW,SKJ,84
2022,L,US,HW,YFT,1969
2022,L,US,HW,BUM,351
2022,L,US,HW,MLS,230
2022,L,US,HW,SWO,735
2022,L,US,HW,SFA,8
2022,L,US,HW,MAK,1
2022,L,US,HW,THR,2
2022,L,VU,,ALB,3556
2022,L,VU,,BET,2117
2022,L,VU,,SKJ,83
2022,L,VU,,YFT,578
2022,L,VU,,PBF,1
2022,L,VU,,BUM,164
2022,L,VU,,BLM,3
2022,L,VU,,MLS,69
2022,L,VU,,SWO,490
2022,L,VU,,FAL,0.014
2022,L,VU,,OCS,0.105
2022,L,VU,,MAK,88.284
2022,L,VU,,BSH,1025.378
2022,L,VU,,THR,33.556
2022,L,VU,,HAM,0.004
2022,L,ID,,ALB,19
2022,L,ID,,BET,2600
2022,L,ID,,SKJ,14
2022,L,ID,,YFT,8622
2022,L,ID,,BUM,4
2022,L,ID,,BLM,47
2022,L,ID,,SWO,319
2022,L,ID,,SFA,43
2022,L,ID,,FAL,4
2022,L,PW,,BET,10
2022,L,PW,,YFT,14
2022,L,PW,,BUM,2
2022,L,PW,,SWO,1
2022,L,PW,,FAL,0.19
2022,L,PW,,OCS,0.069
2022,L,PW,,MAK,0.526
2022,L,PW,,THR,0.25
2022,L,PW,,HAM,0.025
2022,L,ES,,ALB,21
2022,L,ES,,BET,112
2022,L,ES,,YFT,42
2022,L,ES,,BUM,30
2022,L,ES,,BLM,29
2022,L,ES,,MLS,133
2022,L,ES,,SWO,1952
2022,L,ES,,MAK,309.6
2022,L,ES,,BSH,5235.9
2023,S,SB,,BET,646
2023,S,SB,,SKJ,20957
2023,S,SB,,YFT,9629
2023,S,SB,,BUM,9
2023,S,SB,,BLM,4
2023,S,SB,,MLS,1
2023,S,SB,,RHN,3
2023,S,ES,,BET,2906
2023,S,ES,,SKJ,16924
2023,S,ES,,YFT,3238
2023,S,TW,,BET,4265
2023,S,TW,,SKJ,130273
2023,S,TW,,YFT,35838
2023,S,TW,,BUM,5
2023,S,TW,,BLM,5
2023,S,US,,BET,8664
2023,S,US,,SKJ,55518
2023,S,US,,YFT,9762
2023,S,US,,BUM,3
2023,S,VU,,ALB,1
2023,S,VU,,BET,747
2023,S,VU,,SKJ,41006
2023,S,VU,,YFT,12336
2023,S,VU,,BUM,3
2023,S,VU,,BLM,9
2023,S,VU,,MLS,5
2023,S,VU,,RHN,25
2023,S,JP,DW,ALB,740
2023,S,JP,DW,BET,3685
2023,S,JP,DW,SKJ,115049
2023,S,JP,DW,YFT,30365
2023,S,JP,DW,PBF,4702
2023,S,JP,DW,BUM,59
2023,S,JP,DW,BLM,7
2023,S,JP,CS,SKJ,400
2023,S,JP,CS,YFT,702
2023,S,JP,CS,BUM,1
2023,S,KI,,ALB,4
2023,S,KI,,BET,9872
2023,S,KI,,SKJ,179402
2023,S,KI,,YFT,34168
2023,S,KI,,BUM,45
2023,S,KI,,BLM,15
2023,S,KI,,MLS,5
2023,S,KI,,SWO,1
2023,S,KI,,RHN,2
2023,S,KR,,BET,5389
2023,S,KR,,SKJ,182906
2023,S,KR,,YFT,53567
2023,S,KR,,BLM,2
2023,S,MH,,BET,2703
2023,S,MH,,SKJ,54881
2023,S,MH,,YFT,10397
2023,S,MH,,BUM,12
2023,S,MH,,BLM,9
2023,S,MH,,MLS,1
2023,S,MH,,RHN,1
2023,S,NZ,,SKJ,74
2023,S,PG,,BET,2706
2023,S,PG,,SKJ,93090
2023,S,PG,,YFT,103870
2023,S,PG,,BUM,22
2023,S,PG,,BLM,15
2023,S,PG,,RHN,67
2023,S,CN,,BET,507
2023,S,CN,,SKJ,11729
2023,S,CN,,YFT,2984
2023,S,TV,,ALB,150
2023,S,TV,,BET,853
2023,S,TV,,SKJ,33463
2023,S,TV,,YFT,13146
2023,S,TV,,BUM,13
2023,S,TV,,BLM,14
2023,S,TV,,MLS,2
2023,S,NR,,BET,3573
2023,S,NR,,SKJ,81333
2023,S,NR,,YFT,18029
2023,S,NR,,BUM,19
2023,S,NR,,BLM,5
2023,S,NR,,MLS,1
2023,S,CK,,BET,28
2023,S,CK,,SKJ,2366
2023,S,CK,,YFT,763
2023,S,CK,,BUM,5
2023,S,ID,ID,BET,1929
2023,S,ID,ID,SKJ,106571
2023,S,ID,ID,YFT,29508
2023,S,ID,ID,BLM,465
2023,S,ID,ID,MLS,1
2023,S,ID,ID,SWO,139
2023,S,PH,PH,BET,2395
2023,S,PH,PH,SKJ,45563
2023,S,PH,PH,YFT,13703
2023,S,EC,,BET,2394
2023,S,EC,,SKJ,10999
2023,S,EC,,YFT,1518
2023,S,EC,,BUM,2
2023,S,SV,,BET,455
2023,S,SV,,SKJ,3020
2023,S,SV,,YFT,428
2023,S,VN,,BET,587
2023,S,VN,,SKJ,58480
2023,S,VN,,YFT,6678
2023,S,VN,,BLM,296
2023,S,VN,,SWO,65
1951,S,JP,CS,BET,1095
1951,S,JP,CS,SKJ,1748
1951,S,JP,CS,YFT,938
1952,S,JP,CS,ALB,154
1952,S,JP,CS,BET,1039
1952,S,JP,CS,SKJ,3716
1952,S,JP,CS,YFT,2565
1953,S,JP,CS,ALB,38
1953,S,JP,CS,BET,619
1953,S,JP,CS,SKJ,3371
1953,S,JP,CS,YFT,1260
1954,S,JP,CS,ALB,23
1954,S,JP,CS,BET,360
1954,S,JP,CS,SKJ,4534
1954,S,JP,CS,YFT,4001
1955,S,JP,CS,ALB,8
1955,S,JP,CS,BET,285
1955,S,JP,CS,SKJ,2906
1955,S,JP,CS,YFT,2944
1956,S,JP,CS,BET,908
1956,S,JP,CS,SKJ,2145
1956,S,JP,CS,YFT,724
1957,S,JP,CS,ALB,83
1957,S,JP,CS,BET,49
1957,S,JP,CS,SKJ,2813
1957,S,JP,CS,YFT,1496
1958,S,JP,CS,ALB,8
1958,S,JP,CS,BET,48
1958,S,JP,CS,SKJ,10698
1958,S,JP,CS,YFT,3338
1959,S,JP,CS,BET,36
1959,S,JP,CS,SKJ,16941
1959,S,JP,CS,YFT,4316
1960,S,JP,CS,BET,58
1960,S,JP,CS,SKJ,3728
1960,S,JP,CS,YFT,1438
1961,S,JP,CS,ALB,7
1961,S,JP,CS,BET,63
1961,S,JP,CS,SKJ,11693
1961,S,JP,CS,YFT,2777
1962,S,JP,CS,ALB,53
1962,S,JP,CS,BET,173
1962,S,JP,CS,SKJ,11674
1962,S,JP,CS,YFT,6975
1963,S,JP,CS,ALB,59
1963,S,JP,CS,BET,6
1963,S,JP,CS,SKJ,9592
1963,S,JP,CS,YFT,2277
1964,S,JP,CS,ALB,128
1964,S,JP,CS,BET,231
1964,S,JP,CS,SKJ,25006
1964,S,JP,CS,YFT,3647
1965,S,JP,CS,ALB,11
1965,S,JP,CS,BET,201
1965,S,JP,CS,SKJ,4657
1965,S,JP,CS,YFT,3752
1966,S,JP,CS,ALB,111
1966,S,JP,CS,BET,9
1966,S,JP,CS,SKJ,10949
1966,S,JP,CS,YFT,5844
1967,S,JP,CS,ALB,89
1967,S,JP,CS,BET,60
1967,S,JP,CS,SKJ,10897
1967,S,JP,CS,YFT,3395
1967,S,JP,DW,BET,2
1967,S,JP,DW,SKJ,32
1967,S,JP,DW,YFT,33
1967,S,JP,DW,PBF,6462
1968,S,JP,CS,ALB,267
1968,S,JP,CS,BET,183
1968,S,JP,CS,SKJ,7447
1968,S,JP,CS,YFT,6888
1968,S,JP,DW,BET,11
1968,S,JP,DW,SKJ,152
1968,S,JP,DW,YFT,195
1968,S,JP,DW,PBF,9268
1968,S,JP,DW,BLM,1
1969,S,JP,CS,ALB,480
1969,S,JP,CS,BET,48
1969,S,JP,CS,SKJ,4980
1969,S,JP,CS,YFT,3854
1969,S,JP,DW,ALB,41
1969,S,JP,DW,BET,1
1969,S,JP,DW,SKJ,65
1969,S,JP,DW,YFT,13
1969,S,JP,DW,PBF,3236
1969,S,JP,DW,BLM,1
1970,S,JP,CS,ALB,279
1970,S,JP,CS,BET,85
1970,S,JP,CS,SKJ,4320
1970,S,JP,CS,YFT,3370
1970,S,JP,DW,ALB,38
1970,S,JP,DW,BET,11
1970,S,JP,DW,SKJ,375
1970,S,JP,DW,YFT,181
1970,S,JP,DW,PBF,2907
1970,S,JP,DW,BLM,1
1970,S,PH,DW,BUM,6
1970,S,PH,DW,BLM,13
1970,S,PH,PH,BET,495
1970,S,PH,PH,SKJ,2975
1970,S,PH,PH,YFT,4093
1971,S,JP,CS,ALB,751
1971,S,JP,CS,BET,30
1971,S,JP,CS,SKJ,2829
1971,S,JP,CS,YFT,1536
1971,S,JP,DW,ALB,151
1971,S,JP,DW,BET,128
1971,S,JP,DW,SKJ,7850
1971,S,JP,DW,YFT,2913
1971,S,JP,DW,PBF,3721
1971,S,JP,DW,BUM,1
1971,S,JP,DW,BLM,2
1971,S,PH,DW,BUM,7
1971,S,PH,DW,BLM,17
1971,S,PH,PH,BET,520
1971,S,PH,PH,SKJ,3194
1971,S,PH,PH,YFT,4609
1972,S,JP,CS,ALB,4
1972,S,JP,CS,BET,1
1972,S,JP,CS,SKJ,2623
1972,S,JP,CS,YFT,841
1972,S,JP,DW,ALB,273
1972,S,JP,DW,BET,110
1972,S,JP,DW,SKJ,12103
1972,S,JP,DW,YFT,4248
1972,S,JP,DW,PBF,4212
1972,S,JP,DW,BUM,1
1972,S,JP,DW,BLM,1
1972,S,PH,DW,BUM,8
1972,S,PH,DW,BLM,19
1972,S,PH,PH,BET,560
1972,S,PH,PH,SKJ,3617
1972,S,PH,PH,YFT,4650
1973,S,JP,CS,ALB,27
1973,S,JP,CS,BET,4
1973,S,JP,CS,SKJ,2317
1973,S,JP,CS,YFT,1575
1973,S,JP,DW,ALB,1326
1973,S,JP,DW,BET,112
1973,S,JP,DW,SKJ,13185
1973,S,JP,DW,YFT,7405
1973,S,JP,DW,PBF,2266
1973,S,JP,DW,BUM,1
1973,S,JP,DW,BLM,2
1973,S,PH,DW,BUM,13
1973,S,PH,DW,BLM,29
1973,S,PH,PH,BET,654
1973,S,PH,PH,SKJ,4035
1973,S,PH,PH,YFT,5629
1974,S,JP,CS,ALB,68
1974,S,JP,CS,BET,25
1974,S,JP,CS,SKJ,1463
1974,S,JP,CS,YFT,797
1974,S,JP,DW,ALB,93
1974,S,JP,DW,BET,295
1974,S,JP,DW,SKJ,5264
1974,S,JP,DW,YFT,9721
1974,S,JP,DW,PBF,4106
1974,S,JP,DW,BUM,1
1974,S,JP,DW,BLM,4
1974,S,PH,DW,BUM,6
1974,S,PH,DW,BLM,13
1974,S,PH,PH,BET,759
1974,S,PH,PH,SKJ,4482
1974,S,PH,PH,YFT,6580
1975,S,AU,AF,SKJ,1900
1975,S,JP,CS,ALB,19
1975,S,JP,CS,BET,5
1975,S,JP,CS,SKJ,424
1975,S,JP,CS,YFT,243
1975,S,JP,DW,ALB,140
1975,S,JP,DW,BET,509
1975,S,JP,DW,SKJ,6214
1975,S,JP,DW,YFT,5943
1975,S,JP,DW,PBF,4491
1975,S,JP,DW,BUM,2
1975,S,JP,DW,BLM,5
1975,S,PH,DW,BUM,5
1975,S,PH,DW,BLM,12
1975,S,PH,PH,BET,766
1975,S,PH,PH,SKJ,4721
1975,S,PH,PH,YFT,6801
1976,S,JP,CS,ALB,123
1976,S,JP,CS,BET,18
1976,S,JP,CS,SKJ,919
1976,S,JP,CS,YFT,1194
1976,S,JP,DW,ALB,986
1976,S,JP,DW,BET,1288
1976,S,JP,DW,SKJ,16031
1976,S,JP,DW,YFT,8461
1976,S,JP,DW,PBF,2148
1976,S,JP,DW,BUM,2
1976,S,JP,DW,BLM,6
1976,S,PH,DW,BUM,4
1976,S,PH,DW,BLM,10
1976,S,PH,PH,BET,690
1976,S,PH,PH,SKJ,4627
1976,S,PH,PH,YFT,5733
1976,S,US,,BET,12
1976,S,US,,SKJ,500
1976,S,US,,YFT,188
1977,S,EP,,SKJ,672
1977,S,JP,CS,ALB,9
1977,S,JP,CS,BET,10
1977,S,JP,CS,SKJ,383
1977,S,JP,CS,YFT,74
1977,S,JP,DW,ALB,660
1977,S,JP,DW,BET,1487
1977,S,JP,DW,SKJ,16930
1977,S,JP,DW,YFT,7356
1977,S,JP,DW,PBF,5110
1977,S,JP,DW,BUM,3
1977,S,JP,DW,BLM,7
1977,S,PH,DW,BUM,6
1977,S,PH,DW,BLM,14
1977,S,PH,PH,BET,1184
1977,S,PH,PH,SKJ,14015
1977,S,PH,PH,YFT,9812
1977,S,US,,BET,12
1977,S,US,,SKJ,700
1977,S,US,,YFT,188
1978,S,AU,AF,SKJ,113
1978,S,EP,,SKJ,926
1978,S,JP,CS,ALB,3
1978,S,JP,CS,BET,17
1978,S,JP,CS,SKJ,1877
1978,S,JP,CS,YFT,919
1978,S,JP,DW,ALB,1112
1978,S,JP,DW,BET,2343
1978,S,JP,DW,SKJ,22317
1978,S,JP,DW,YFT,10294
1978,S,JP,DW,PBF,10427
1978,S,JP,DW,BUM,4
1978,S,JP,DW,BLM,11
1978,S,PH,DW,BUM,4
1978,S,PH,DW,BLM,9
1978,S,PH,PH,BET,560
1978,S,PH,PH,SKJ,6143
1978,S,PH,PH,YFT,4417
1978,S,US,,BET,12
1978,S,US,,SKJ,800
1978,S,US,,YFT,188
1979,S,EP,,SKJ,734
1979,S,JP,CS,ALB,3
1979,S,JP,CS,BET,47
1979,S,JP,CS,SKJ,203
1979,S,JP,CS,YFT,684
1979,S,JP,DW,ALB,122
1979,S,JP,DW,BET,2412
1979,S,JP,DW,SKJ,25865
1979,S,JP,DW,YFT,20226
1979,S,JP,DW,PBF,13881
1979,S,JP,DW,BUM,6
1979,S,JP,DW,BLM,14
1979,S,PH,DW,BUM,7
1979,S,PH,DW,BLM,15
1979,S,PH,PH,BET,718
1979,S,PH,PH,SKJ,19865
1979,S,PH,PH,YFT,10604
1979,S,US,,BET,37
1979,S,US,,SKJ,8000
1979,S,US,,YFT,583
1980,S,AU,AF,SKJ,17
1980,S,EP,,SKJ,114
1980,S,ID,ID,BET,68
1980,S,ID,ID,SKJ,8547
1980,S,ID,ID,YFT,2568
1980,S,ID,ID,BUM,3
1980,S,ID,ID,BLM,6
1980,S,JP,CS,ALB,22
1980,S,JP,CS,SKJ,845
1980,S,JP,CS,YFT,936
1980,S,JP,DW,ALB,307
1980,S,JP,DW,BET,2929
1980,S,JP,DW,SKJ,43585
1980,S,JP,DW,YFT,22946
1980,S,JP,DW,PBF,11327
1980,S,JP,DW,BUM,5
1980,S,JP,DW,BLM,13
1980,S,KR,,BET,30
1980,S,KR,,SKJ,334
1980,S,KR,,YFT,133
1980,S,PH,DW,BUM,5
1980,S,PH,DW,BLM,10
1980,S,PH,PH,BET,660
1980,S,PH,PH,SKJ,12269
1980,S,PH,PH,YFT,8499
1980,S,SB,,BET,56
1980,S,SB,,SKJ,497
1980,S,SB,,YFT,393
1980,S,US,,BET,73
1980,S,US,,SKJ,9900
1980,S,US,,YFT,1027
1981,S,AU,AF,SKJ,244
1981,S,EP,,SKJ,98
1981,S,ID,ID,BET,273
1981,S,ID,ID,SKJ,9613
1981,S,ID,ID,YFT,2889
1981,S,ID,ID,BUM,4
1981,S,ID,ID,BLM,6
1981,S,JP,CS,ALB,197
1981,S,JP,CS,BET,1
1981,S,JP,CS,SKJ,884
1981,S,JP,CS,YFT,46
1981,S,JP,DW,ALB,55
1981,S,JP,DW,BET,5843
1981,S,JP,DW,SKJ,40217
1981,S,JP,DW,YFT,27162
1981,S,JP,DW,PBF,25422
1981,S,JP,DW,BUM,8
1981,S,JP,DW,BLM,22
1981,S,KR,,BET,159
1981,S,KR,,SKJ,1243
1981,S,KR,,YFT,636
1981,S,KR,,BUM,1
1981,S,KR,,BLM,1
1981,S,PH,DW,BUM,7
1981,S,PH,DW,BLM,15
1981,S,PH,PH,BET,1664
1981,S,PH,PH,SKJ,13235
1981,S,PH,PH,YFT,13492
1981,S,SB,,BET,168
1981,S,SB,,SKJ,1486
1981,S,SB,,YFT,1174
1981,S,US,,BET,3648
1981,S,US,,SKJ,18133
1981,S,US,,YFT,15999
1981,S,US,,BUM,10
1981,S,US,,BLM,16
1982,S,AU,AF,SKJ,31
1982,S,EP,,SKJ,75
1982,S,ID,ID,BET,296
1982,S,ID,ID,SKJ,10450
1982,S,ID,ID,YFT,3139
1982,S,ID,ID,BUM,3
1982,S,ID,ID,BLM,6
1982,S,JP,CS,ALB,269
1982,S,JP,CS,BET,19
1982,S,JP,CS,SKJ,832
1982,S,JP,CS,YFT,690
1982,S,JP,DW,ALB,292
1982,S,JP,DW,BET,8747
1982,S,JP,DW,SKJ,63563
1982,S,JP,DW,YFT,35013
1982,S,JP,DW,PBF,19234
1982,S,JP,DW,BUM,13
1982,S,JP,DW,BLM,33
1982,S,KR,,BET,1081
1982,S,KR,,SKJ,7236
1982,S,KR,,YFT,3885
1982,S,KR,,BUM,1
1982,S,KR,,BLM,4
1982,S,PH,DW,BET,135
1982,S,PH,DW,SKJ,602
1982,S,PH,DW,YFT,504
1982,S,PH,DW,BUM,8
1982,S,PH,DW,BLM,19
1982,S,PH,PH,BET,1815
1982,S,PH,PH,SKJ,23929
1982,S,PH,PH,YFT,17151
1982,S,SB,,BET,181
1982,S,SB,,SKJ,1598
1982,S,SB,,YFT,1263
1982,S,US,,BET,6743
1982,S,US,,SKJ,37498
1982,S,US,,YFT,28454
1982,S,US,,BUM,17
1982,S,US,,BLM,28
1983,S,AU,AF,SKJ,114
1983,S,EP,,SKJ,1590
1983,S,EP,,YFT,577
1983,S,ID,ID,BET,470
1983,S,ID,ID,SKJ,11691
1983,S,ID,ID,YFT,3513
1983,S,ID,ID,BUM,4
1983,S,ID,ID,BLM,7
1983,S,JP,CS,ALB,4
1983,S,JP,CS,BET,6
1983,S,JP,CS,SKJ,714
1983,S,JP,CS,YFT,555
1983,S,JP,DW,ALB,346
1983,S,JP,DW,BET,7512
1983,S,JP,DW,SKJ,100849
1983,S,JP,DW,YFT,40970
1983,S,JP,DW,PBF,14774
1983,S,JP,DW,BUM,16
1983,S,JP,DW,BLM,40
1983,S,KR,,BET,1016
1983,S,KR,,SKJ,11137
1983,S,KR,,YFT,4043
1983,S,KR,,BUM,1
1983,S,KR,,BLM,3
1983,S,MX,,SKJ,388
1983,S,MX,,YFT,80
1983,S,NZ,,BET,65
1983,S,NZ,,SKJ,5484
1983,S,NZ,,YFT,270
1983,S,PH,DW,BUM,11
1983,S,PH,DW,BLM,26
1983,S,PH,PH,BET,2198
1983,S,PH,PH,SKJ,33286
1983,S,PH,PH,YFT,18579
1983,S,SB,,BET,317
1983,S,SB,,SKJ,2800
1983,S,SB,,YFT,2213
1983,S,TW,,BET,899
1983,S,TW,,SKJ,7122
1983,S,TW,,YFT,3980
1983,S,TW,,BUM,3
1983,S,TW,,BLM,2
1983,S,US,,BET,14281
1983,S,US,,SKJ,103546
1983,S,US,,YFT,61537
1983,S,US,,BUM,32
1983,S,US,,BLM,54
1984,S,AU,AF,SKJ,56
1984,S,EP,,BET,572
1984,S,EP,,SKJ,6141
1984,S,EP,,YFT,3475
1984,S,ID,ID,BET,512
1984,S,ID,ID,SKJ,12732
1984,S,ID,ID,YFT,3825
1984,S,ID,ID,BUM,4
1984,S,ID,ID,BLM,7
1984,S,JP,CS,ALB,436
1984,S,JP,CS,BET,27
1984,S,JP,CS,SKJ,3746
1984,S,JP,CS,YFT,887
1984,S,JP,DW,ALB,2944
1984,S,JP,DW,BET,7949
1984,S,JP,DW,SKJ,115100
1984,S,JP,DW,YFT,45260
1984,S,JP,DW,PBF,4433
1984,S,JP,DW,BUM,20
1984,S,JP,DW,BLM,51
1984,S,KR,,BET,939
1984,S,KR,,SKJ,9024
1984,S,KR,,YFT,4212
1984,S,KR,,BUM,2
1984,S,KR,,BLM,5
1984,S,MX,,SKJ,4263
1984,S,MX,,YFT,2338
1984,S,MX,,BUM,1
1984,S,MX,,BLM,2
1984,S,NZ,,BET,62
1984,S,NZ,,SKJ,3920
1984,S,NZ,,YFT,248
1984,S,PH,DW,BET,142
1984,S,PH,DW,SKJ,682
1984,S,PH,DW,YFT,796
1984,S,PH,DW,BUM,11
1984,S,PH,DW,BLM,24
1984,S,PH,PH,BET,2143
1984,S,PH,PH,SKJ,22347
1984,S,PH,PH,YFT,18486
1984,S,SB,,BET,108
1984,S,SB,,SKJ,2499
1984,S,SB,,YFT,2840
1984,S,SB,,BUM,1
1984,S,SB,,BLM,2
1984,S,TW,,BET,1699
1984,S,TW,,SKJ,14277
1984,S,TW,,YFT,8023
1984,S,TW,,BUM,9
1984,S,TW,,BLM,7
1984,S,US,,BET,12915
1984,S,US,,SKJ,93112
1984,S,US,,YFT,53540
1984,S,US,,BUM,38
1984,S,US,,BLM,63
1985,S,EP,,SKJ,910
1985,S,EP,,YFT,311
1985,S,ID,ID,BET,430
1985,S,ID,ID,SKJ,13954
1985,S,ID,ID,YFT,4193
1985,S,ID,ID,BUM,4
1985,S,ID,ID,BLM,7
1985,S,JP,CS,ALB,143
1985,S,JP,CS,BET,71
1985,S,JP,CS,SKJ,3174
1985,S,JP,CS,YFT,2614
1985,S,JP,DW,ALB,1390
1985,S,JP,DW,BET,8200
1985,S,JP,DW,SKJ,104846
1985,S,JP,DW,YFT,55481
1985,S,JP,DW,PBF,4154
1985,S,JP,DW,BUM,19
1985,S,JP,DW,BLM,49
1985,S,KR,,BET,585
1985,S,KR,,SKJ,7925
1985,S,KR,,YFT,2742
1985,S,KR,,BUM,1
1985,S,KR,,BLM,4
1985,S,NZ,,BET,63
1985,S,NZ,,SKJ,2172
1985,S,NZ,,YFT,224
1985,S,PH,DW,BET,851
1985,S,PH,DW,SKJ,6136
1985,S,PH,DW,YFT,5492
1985,S,PH,DW,BUM,12
1985,S,PH,DW,BLM,27
1985,S,PH,PH,BET,1836
1985,S,PH,PH,SKJ,25171
1985,S,PH,PH,YFT,16851
1985,S,SU,,SKJ,818
1985,S,SU,,YFT,1293
1985,S,SB,,BET,183
1985,S,SB,,SKJ,2385
1985,S,SB,,YFT,3138
1985,S,SB,,BUM,1
1985,S,SB,,BLM,2
1985,S,TW,,BET,2035
1985,S,TW,,SKJ,17629
1985,S,TW,,YFT,8336
1985,S,TW,,BUM,7
1985,S,TW,,BLM,6
1985,S,US,,BET,5921
1985,S,US,,SKJ,68651
1985,S,US,,YFT,33382
1985,S,US,,BUM,25
1985,S,US,,BLM,42
1986,S,ID,ID,BET,580
1986,S,ID,ID,SKJ,14428
1986,S,ID,ID,YFT,4333
1986,S,ID,ID,BUM,5
1986,S,ID,ID,BLM,9
1986,S,JP,CS,ALB,497
1986,S,JP,CS,BET,21
1986,S,JP,CS,SKJ,4462
1986,S,JP,CS,YFT,405
1986,S,JP,DW,ALB,1045
1986,S,JP,DW,BET,12783
1986,S,JP,DW,SKJ,118743
1986,S,JP,DW,YFT,53933
1986,S,JP,DW,PBF,7412
1986,S,JP,DW,BUM,16
1986,S,JP,DW,BLM,41
1986,S,KR,,BET,2128
1986,S,KR,,SKJ,16248
1986,S,KR,,YFT,9264
1986,S,KR,,BUM,2
1986,S,KR,,BLM,6
1986,S,NZ,,SKJ,4875
1986,S,PH,DW,BET,960
1986,S,PH,DW,SKJ,4010
1986,S,PH,DW,YFT,3650
1986,S,PH,DW,BUM,11
1986,S,PH,DW,BLM,24
1986,S,PH,PH,BET,1799
1986,S,PH,PH,SKJ,33500
1986,S,PH,PH,YFT,16323
1986,S,SU,,SKJ,4015
1986,S,SU,,YFT,160
1986,S,SB,,BET,150
1986,S,SB,,SKJ,2594
1986,S,SB,,YFT,2781
1986,S,SB,,BUM,1
1986,S,SB,,BLM,1
1986,S,TW,,BET,4142
1986,S,TW,,SKJ,21870
1986,S,TW,,YFT,13988
1986,S,TW,,BUM,6
1986,S,TW,,BLM,6
1986,S,US,,BET,7549
1986,S,US,,SKJ,76555
1986,S,US,,YFT,37047
1986,S,US,,BUM,25
1986,S,US,,BLM,41
1987,S,EP,,SKJ,186
1987,S,EP,,YFT,219
1987,S,ID,DW,BET,1186
1987,S,ID,DW,SKJ,8963
1987,S,ID,DW,YFT,3021
1987,S,ID,ID,BET,659
1987,S,ID,ID,SKJ,16393
1987,S,ID,ID,YFT,4926
1987,S,ID,ID,BUM,5
1987,S,ID,ID,BLM,9
1987,S,JP,CS,ALB,229
1987,S,JP,CS,BET,88
1987,S,JP,CS,SKJ,2898
1987,S,JP,CS,YFT,616
1987,S,JP,DW,ALB,976
1987,S,JP,DW,BET,10207
1987,S,JP,DW,SKJ,104541
1987,S,JP,DW,YFT,46993
1987,S,JP,DW,PBF,8653
1987,S,JP,DW,BUM,16
1987,S,JP,DW,BLM,40
1987,S,KR,,BET,3984
1987,S,KR,,SKJ,34828
1987,S,KR,,YFT,19489
1987,S,KR,,BUM,4
1987,S,KR,,BLM,12
1987,S,NZ,,SKJ,3762
1987,S,NZ,,YFT,1
1987,S,PH,DW,BET,1109
1987,S,PH,DW,SKJ,7685
1987,S,PH,DW,YFT,7108
1987,S,PH,DW,BUM,13
1987,S,PH,DW,BLM,31
1987,S,PH,PH,BET,1794
1987,S,PH,PH,SKJ,35130
1987,S,PH,PH,YFT,17372
1987,S,SU,,BET,30
1987,S,SU,,SKJ,5614
1987,S,SU,,YFT,3351
1987,S,SB,,BET,320
1987,S,SB,,SKJ,3535
1987,S,SB,,YFT,3563
1987,S,SB,,BUM,1
1987,S,SB,,BLM,2
1987,S,TW,,BET,4807
1987,S,TW,,SKJ,30219
1987,S,TW,,YFT,16974
1987,S,TW,,BUM,7
1987,S,TW,,BLM,6
1987,S,US,,BET,10809
1987,S,US,,SKJ,71816
1987,S,US,,YFT,58579
1987,S,US,,BUM,27
1987,S,US,,BLM,45
1988,S,AU,EX,SKJ,117
1988,S,AU,EX,YFT,15
1988,S,ID,DW,BET,764
1988,S,ID,DW,SKJ,9605
1988,S,ID,DW,YFT,2630
1988,S,ID,ID,BET,635
1988,S,ID,ID,SKJ,19488
1988,S,ID,ID,YFT,5853
1988,S,ID,ID,BUM,5
1988,S,ID,ID,BLM,8
1988,S,JP,CS,ALB,39
1988,S,JP,CS,BET,43
1988,S,JP,CS,SKJ,7723
1988,S,JP,CS,YFT,574
1988,S,JP,CS,PBF,22
1988,S,JP,DW,ALB,1169
1988,S,JP,DW,BET,10599
1988,S,JP,DW,SKJ,160983
1988,S,JP,DW,YFT,42822
1988,S,JP,DW,PBF,3583
1988,S,JP,DW,BUM,18
1988,S,JP,DW,BLM,47
1988,S,KR,,BET,4423
1988,S,KR,,SKJ,55365
1988,S,KR,,YFT,19608
1988,S,KR,,BUM,5
1988,S,KR,,BLM,13
1988,S,NZ,,SKJ,3509
1988,S,PH,DW,BET,863
1988,S,PH,DW,SKJ,6045
1988,S,PH,DW,YFT,4876
1988,S,PH,DW,BUM,10
1988,S,PH,DW,BLM,22
1988,S,PH,PH,BET,1758
1988,S,PH,PH,SKJ,26796
1988,S,PH,PH,YFT,15378
1988,S,SU,,BET,7
1988,S,SU,,SKJ,5339
1988,S,SU,,YFT,843
1988,S,SB,,BET,419
1988,S,SB,,SKJ,5303
1988,S,SB,,YFT,4989
1988,S,SB,,BUM,1
1988,S,SB,,BLM,3
1988,S,TW,,BET,5736
1988,S,TW,,SKJ,45687
1988,S,TW,,YFT,24577
1988,S,TW,,BUM,6
1988,S,TW,,BLM,6
1988,S,US,,BET,4008
1988,S,US,,SKJ,88044
1988,S,US,,YFT,22364
1988,S,US,,BUM,26
1988,S,US,,BLM,43
1989,S,AU,AF,YFT,624
1989,S,AU,EX,SKJ,148
1989,S,AU,EX,YFT,15
1989,S,ID,DW,BET,730
1989,S,ID,DW,SKJ,8828
1989,S,ID,DW,YFT,3298
1989,S,ID,ID,BET,848
1989,S,ID,ID,SKJ,21107
1989,S,ID,ID,YFT,6342
1989,S,ID,ID,BUM,5
1989,S,ID,ID,BLM,8
1989,S,JP,CS,ALB,231
1989,S,JP,CS,BET,169
1989,S,JP,CS,SKJ,3626
1989,S,JP,CS,YFT,709
1989,S,JP,CS,PBF,113
1989,S,JP,DW,ALB,2290
1989,S,JP,DW,BET,8488
1989,S,JP,DW,SKJ,111258
1989,S,JP,DW,YFT,44684
1989,S,JP,DW,PBF,6077
1989,S,JP,DW,BUM,19
1989,S,JP,DW,BLM,49
1989,S,KR,,BET,5002
1989,S,KR,,SKJ,72622
1989,S,KR,,YFT,37780
1989,S,KR,,BUM,6
1989,S,KR,,BLM,18
1989,S,NZ,,SKJ,5424
1989,S,PH,DW,BET,1916
1989,S,PH,DW,SKJ,11967
1989,S,PH,DW,YFT,10441
1989,S,PH,DW,BUM,13
1989,S,PH,DW,BLM,30
1989,S,PH,PH,BET,2036
1989,S,PH,PH,SKJ,30456
1989,S,PH,PH,YFT,17335
1989,S,SU,,BET,14
1989,S,SU,,SKJ,3400
1989,S,SU,,YFT,1521
1989,S,SB,,BET,348
1989,S,SB,,SKJ,5236
1989,S,SB,,YFT,4634
1989,S,SB,,BUM,1
1989,S,SB,,BLM,2
1989,S,TW,,BET,8479
1989,S,TW,,SKJ,55521
1989,S,TW,,YFT,36799
1989,S,TW,,BUM,11
1989,S,TW,,BLM,10
1989,S,US,,BET,4443
1989,S,US,,SKJ,84109
1989,S,US,,YFT,51782
1989,S,US,,BUM,31
1989,S,US,,BLM,52
1990,S,AU,AF,SKJ,121
1990,S,AU,EX,BET,10
1990,S,AU,EX,SKJ,3535
1990,S,AU,EX,YFT,951
1990,S,AU,EX,BUM,1
1990,S,AU,EX,BLM,2
1990,S,ID,ID,BET,974
1990,S,ID,ID,SKJ,24210
1990,S,ID,ID,YFT,7273
1990,S,ID,ID,BUM,4
1990,S,ID,ID,BLM,6
1990,S,JP,CS,ALB,155
1990,S,JP,CS,BET,57
1990,S,JP,CS,SKJ,3012
1990,S,JP,CS,YFT,513
1990,S,JP,CS,PBF,155
1990,S,JP,DW,ALB,1840
1990,S,JP,DW,BET,11283
1990,S,JP,DW,SKJ,117974
1990,S,JP,DW,YFT,50723
1990,S,JP,DW,PBF,2834
1990,S,JP,DW,BUM,17
1990,S,JP,DW,BLM,44
1990,S,KR,,BET,8844
1990,S,KR,,SKJ,109026
1990,S,KR,,YFT,55081
1990,S,KR,,BUM,10
1990,S,KR,,BLM,30
1990,S,NZ,,SKJ,3959
1990,S,PH,DW,BET,2082
1990,S,PH,DW,SKJ,11557
1990,S,PH,DW,YFT,10363
1990,S,PH,DW,BUM,16
1990,S,PH,DW,BLM,36
1990,S,PH,PH,BET,2864
1990,S,PH,PH,SKJ,45894
1990,S,PH,PH,YFT,21121
1990,S,SU,,BET,5
1990,S,SU,,SKJ,1505
1990,S,SU,,YFT,616
1990,S,SB,,BET,351
1990,S,SB,,SKJ,3841
1990,S,SB,,YFT,3894
1990,S,SB,,BUM,1
1990,S,SB,,BLM,2
1990,S,TW,,BET,11490
1990,S,TW,,SKJ,73863
1990,S,TW,,YFT,42648
1990,S,TW,,BUM,16
1990,S,TW,,BLM,14
1990,S,US,,BET,5300
1990,S,US,,SKJ,104750
1990,S,US,,YFT,53845
1990,S,US,,BUM,30
1990,S,US,,BLM,50
1991,S,AU,AF,SKJ,1954
1991,S,AU,EX,BET,136
1991,S,AU,EX,SKJ,3775
1991,S,AU,EX,YFT,1318
1991,S,AU,EX,BUM,1
1991,S,AU,EX,BLM,2
1991,S,FM,,BET,581
1991,S,FM,,SKJ,8132
1991,S,FM,,YFT,2603
1991,S,FM,,BUM,1
1991,S,FM,,BLM,1
1991,S,ID,ID,BET,995
1991,S,ID,ID,SKJ,24762
1991,S,ID,ID,YFT,7439
1991,S,ID,ID,BUM,5
1991,S,ID,ID,BLM,8
1991,S,JP,CS,ALB,279
1991,S,JP,CS,BET,25
1991,S,JP,CS,SKJ,4857
1991,S,JP,CS,YFT,841
1991,S,JP,CS,PBF,5472
1991,S,JP,DW,ALB,2373
1991,S,JP,DW,BET,9777
1991,S,JP,DW,SKJ,139227
1991,S,JP,DW,YFT,51429
1991,S,JP,DW,PBF,4336
1991,S,JP,DW,BUM,17
1991,S,JP,DW,BLM,43
1991,S,KR,,BET,10068
1991,S,KR,,SKJ,143475
1991,S,KR,,YFT,73154
1991,S,KR,,BUM,20
1991,S,KR,,BLM,59
1991,S,NZ,,SKJ,5256
1991,S,PH,DW,BET,2347
1991,S,PH,DW,SKJ,12970
1991,S,PH,DW,YFT,11224
1991,S,PH,DW,BUM,18
1991,S,PH,DW,BLM,41
1991,S,PH,PH,BET,2629
1991,S,PH,PH,SKJ,55237
1991,S,PH,PH,YFT,23222
1991,S,SU,,BET,10
1991,S,SU,,SKJ,2601
1991,S,SU,,YFT,1104
1991,S,SB,,BET,321
1991,S,SB,,SKJ,5519
1991,S,SB,,YFT,4855
1991,S,SB,,BUM,1
1991,S,SB,,BLM,2
1991,S,TW,,BET,14883
1991,S,TW,,SKJ,96635
1991,S,TW,,YFT,64482
1991,S,TW,,BUM,26
1991,S,TW,,BLM,22
1991,S,US,,BET,3805
1991,S,US,,SKJ,168360
1991,S,US,,YFT,44104
1991,S,US,,BUM,46
1991,S,US,,BLM,75
1992,S,AU,AF,SKJ,6158
1992,S,AU,EX,BET,3
1992,S,AU,EX,SKJ,436
1992,S,AU,EX,YFT,623
1992,S,AU,EX,BLM,1
1992,S,FM,,BET,885
1992,S,FM,,SKJ,10480
1992,S,FM,,YFT,3967
1992,S,FM,,BUM,5
1992,S,FM,,BLM,4
1992,S,ID,ID,BET,1145
1992,S,ID,ID,SKJ,28469
1992,S,ID,ID,YFT,8552
1992,S,ID,ID,BUM,6
1992,S,ID,ID,BLM,10
1992,S,JP,CS,ALB,289
1992,S,JP,CS,BET,32
1992,S,JP,CS,SKJ,1478
1992,S,JP,CS,YFT,1269
1992,S,JP,CS,PBF,2907
1992,S,JP,DW,ALB,3815
1992,S,JP,DW,BET,12874
1992,S,JP,DW,SKJ,122897
1992,S,JP,DW,YFT,60051
1992,S,JP,DW,PBF,4255
1992,S,JP,DW,BUM,15
1992,S,JP,DW,BLM,38
1992,S,KR,,BET,11480
1992,S,KR,,SKJ,107316
1992,S,KR,,YFT,61697
1992,S,KR,,BUM,18
1992,S,KR,,BLM,52
1992,S,NZ,,SKJ,985
1992,S,PH,DW,BET,3365
1992,S,PH,DW,SKJ,18670
1992,S,PH,DW,YFT,16804
1992,S,PH,DW,BUM,16
1992,S,PH,DW,BLM,36
1992,S,PH,PH,BET,1991
1992,S,PH,PH,SKJ,38329
1992,S,PH,PH,YFT,15394
1992,S,SU,,BET,4
1992,S,SU,,SKJ,1689
1992,S,SU,,YFT,433
1992,S,SB,,BET,424
1992,S,SB,,SKJ,5324
1992,S,SB,,YFT,5339
1992,S,SB,,BUM,1
1992,S,SB,,BLM,3
1992,S,TW,,BET,16749
1992,S,TW,,SKJ,125314
1992,S,TW,,YFT,77937
1992,S,TW,,BUM,44
1992,S,TW,,BLM,37
1992,S,US,,BET,7971
1992,S,US,,SKJ,150352
1992,S,US,,YFT,44748
1992,S,US,,BUM,36
1992,S,US,,BLM,60
1993,S,AU,AF,SKJ,3855
1993,S,AU,AF,YFT,6
1993,S,AU,EX,SKJ,1310
1993,S,AU,EX,YFT,399
1993,S,AU,EX,BLM,1
1993,S,FM,,BET,1189
1993,S,FM,,SKJ,10688
1993,S,FM,,YFT,4930
1993,S,FM,,BUM,6
1993,S,FM,,BLM,6
1993,S,ID,ID,BET,1048
1993,S,ID,ID,SKJ,26080
1993,S,ID,ID,YFT,7835
1993,S,ID,ID,BUM,9
1993,S,ID,ID,BLM,15
1993,S,JP,CS,ALB,23
1993,S,JP,CS,BET,29
1993,S,JP,CS,SKJ,4838
1993,S,JP,CS,YFT,254
1993,S,JP,CS,PBF,1444
1993,S,JP,DW,ALB,2866
1993,S,JP,DW,BET,11416
1993,S,JP,DW,SKJ,127718
1993,S,JP,DW,YFT,57516
1993,S,JP,DW,PBF,5156
1993,S,JP,DW,BUM,17
1993,S,JP,DW,BLM,45
1993,S,KR,,BET,7175
1993,S,KR,,SKJ,70279
1993,S,KR,,YFT,49118
1993,S,KR,,BUM,15
1993,S,KR,,BLM,44
1993,S,NZ,,SKJ,937
1993,S,PH,DW,BET,2856
1993,S,PH,DW,SKJ,13227
1993,S,PH,DW,YFT,13652
1993,S,PH,DW,BUM,16
1993,S,PH,DW,BLM,36
1993,S,PH,PH,BET,1136
1993,S,PH,PH,SKJ,29650
1993,S,PH,PH,YFT,8193
1993,S,SU,,BET,130
1993,S,SU,,SKJ,1663
1993,S,SU,,YFT,6921
1993,S,SB,,BET,390
1993,S,SB,,SKJ,4392
1993,S,SB,,YFT,5536
1993,S,SB,,BUM,1
1993,S,SB,,BLM,3
1993,S,TW,,BET,9699
1993,S,TW,,SKJ,98652
1993,S,TW,,YFT,62347
1993,S,TW,,BUM,41
1993,S,TW,,BLM,35
1993,S,US,,BET,9834
1993,S,US,,SKJ,137388
1993,S,US,,YFT,50939
1993,S,US,,BUM,37
1993,S,US,,BLM,61
1994,S,AU,AF,SKJ,3219
1994,S,FM,,BET,1127
1994,S,FM,,SKJ,13546
1994,S,FM,,YFT,6076
1994,S,FM,,BUM,8
1994,S,FM,,BLM,7
1994,S,ID,ID,BET,1163
1994,S,ID,ID,SKJ,28928
1994,S,ID,ID,YFT,8691
1994,S,ID,ID,BUM,8
1994,S,ID,ID,BLM,14
1994,S,JP,CS,ALB,84
1994,S,JP,CS,BET,3
1994,S,JP,CS,SKJ,4135
1994,S,JP,CS,YFT,42
1994,S,JP,CS,PBF,786
1994,S,JP,DW,ALB,1942
1994,S,JP,DW,BET,11864
1994,S,JP,DW,SKJ,140871
1994,S,JP,DW,YFT,48958
1994,S,JP,DW,PBF,7345
1994,S,JP,DW,BUM,13
1994,S,JP,DW,BLM,34
1994,S,KI,,BET,62
1994,S,KI,,SKJ,848
1994,S,KI,,YFT,214
1994,S,KR,,BET,9583
1994,S,KR,,SKJ,129992
1994,S,KR,,YFT,55418
1994,S,KR,,BUM,16
1994,S,KR,,BLM,45
1994,S,NZ,,SKJ,3088
1994,S,PG,,BET,48
1994,S,PG,,SKJ,794
1994,S,PG,,YFT,509
1994,S,PH,DW,BET,1885
1994,S,PH,DW,SKJ,9216
1994,S,PH,DW,YFT,8557
1994,S,PH,DW,BUM,16
1994,S,PH,DW,BLM,35
1994,S,PH,PH,BET,2211
1994,S,PH,PH,SKJ,48645
1994,S,PH,PH,YFT,20354
1994,S,SU,,SKJ,2898
1994,S,SU,,YFT,3824
1994,S,SB,,BET,381
1994,S,SB,,SKJ,6436
1994,S,SB,,YFT,5950
1994,S,SB,,BUM,1
1994,S,SB,,BLM,3
1994,S,TW,,BET,10359
1994,S,TW,,SKJ,109427
1994,S,TW,,YFT,59773
1994,S,TW,,BUM,37
1994,S,TW,,BLM,32
1994,S,US,,BET,4491
1994,S,US,,SKJ,149736
1994,S,US,,YFT,55396
1994,S,US,,BUM,42
1994,S,US,,BLM,69
1994,S,VU,,BET,47
1994,S,VU,,SKJ,548
1994,S,VU,,YFT,224
1995,S,AU,AF,SKJ,4086
1995,S,EP,,BET,122
1995,S,EP,,SKJ,89
1995,S,FM,,BET,401
1995,S,FM,,SKJ,3978
1995,S,FM,,YFT,2175
1995,S,FM,,BUM,4
1995,S,FM,,BLM,3
1995,S,ID,ID,BET,1239
1995,S,ID,ID,SKJ,30827
1995,S,ID,ID,YFT,9260
1995,S,ID,ID,BUM,10
1995,S,ID,ID,BLM,18
1995,S,JP,CS,ALB,179
1995,S,JP,CS,BET,104
1995,S,JP,CS,SKJ,5342
1995,S,JP,CS,YFT,457
1995,S,JP,CS,PBF,13575
1995,S,JP,DW,ALB,998
1995,S,JP,DW,BET,9497
1995,S,JP,DW,SKJ,127783
1995,S,JP,DW,YFT,53196
1995,S,JP,DW,PBF,5334
1995,S,JP,DW,BUM,15
1995,S,JP,DW,BLM,39
1995,S,KI,,BET,168
1995,S,KI,,SKJ,1772
1995,S,KI,,YFT,1058
1995,S,KI,,BLM,1
1995,S,KR,,BET,6318
1995,S,KR,,SKJ,123785
1995,S,KR,,YFT,45171
1995,S,KR,,BUM,14
1995,S,KR,,BLM,41
1995,S,NZ,,SKJ,1654
1995,S,PG,,BET,452
1995,S,PG,,SKJ,8475
1995,S,PG,,YFT,3600
1995,S,PG,,BUM,6
1995,S,PG,,BLM,3
1995,S,PH,DW,BET,2172
1995,S,PH,DW,SKJ,13870
1995,S,PH,DW,YFT,11831
1995,S,PH,DW,BUM,19
1995,S,PH,DW,BLM,43
1995,S,PH,PH,BET,2826
1995,S,PH,PH,SKJ,57304
1995,S,PH,PH,YFT,22325
1995,S,SB,,BET,557
1995,S,SB,,SKJ,9101
1995,S,SB,,YFT,8170
1995,S,SB,,BUM,1
1995,S,SB,,BLM,3
1995,S,TW,,BET,7214
1995,S,TW,,SKJ,127102
1995,S,TW,,YFT,48179
1995,S,TW,,BUM,41
1995,S,TW,,BLM,35
1995,S,US,,BET,5474
1995,S,US,,SKJ,118761
1995,S,US,,YFT,43319
1995,S,US,,BUM,33
1995,S,US,,BLM,55
1995,S,VU,,BET,374
1995,S,VU,,SKJ,4602
1995,S,VU,,YFT,2124
1995,S,VU,,BUM,1
1995,S,VU,,BLM,1
1996,S,AU,AF,SKJ,1981
1996,S,AU,AF,YFT,8
1996,S,EP,,BET,298
1996,S,EP,,SKJ,292
1996,S,EP,,YFT,52
1996,S,FM,,BET,448
1996,S,FM,,SKJ,5369
1996,S,FM,,YFT,1346
1996,S,FM,,BUM,2
1996,S,FM,,BLM,2
1996,S,ID,ID,BET,1923
1996,S,ID,ID,SKJ,47842
1996,S,ID,ID,YFT,14372
1996,S,ID,ID,BUM,13
1996,S,ID,ID,BLM,22
1996,S,JP,CS,SKJ,14
1996,S,JP,CS,YFT,1
1996,S,JP,CS,PBF,2104
1996,S,JP,DW,ALB,581
1996,S,JP,DW,BET,9152
1996,S,JP,DW,SKJ,133670
1996,S,JP,DW,YFT,40236
1996,S,JP,DW,PBF,5540
1996,S,JP,DW,BUM,17
1996,S,JP,DW,BLM,43
1996,S,KI,,BET,163
1996,S,KI,,SKJ,3542
1996,S,KI,,YFT,1114
1996,S,KI,,BUM,1
1996,S,KI,,BLM,1
1996,S,KR,,BET,4105
1996,S,KR,,SKJ,114213
1996,S,KR,,YFT,29196
1996,S,KR,,BUM,15
1996,S,KR,,BLM,42
1996,S,NZ,,SKJ,3490
1996,S,NZ,,YFT,7
1996,S,PG,,BET,262
1996,S,PG,,SKJ,7706
1996,S,PG,,YFT,2369
1996,S,PG,,BUM,3
1996,S,PG,,BLM,1
1996,S,PH,DW,BET,2549
1996,S,PH,DW,SKJ,17818
1996,S,PH,DW,YFT,13673
1996,S,PH,DW,BUM,21
1996,S,PH,DW,BLM,48
1996,S,PH,PH,BET,2661
1996,S,PH,PH,SKJ,57123
1996,S,PH,PH,YFT,22775
1996,S,SB,,BET,546
1996,S,SB,,SKJ,7009
1996,S,SB,,YFT,9016
1996,S,SB,,BUM,2
1996,S,SB,,BLM,4
1996,S,TW,,BET,6093
1996,S,TW,,SKJ,139016
1996,S,TW,,YFT,34046
1996,S,TW,,BUM,54
1996,S,TW,,BLM,46
1996,S,US,,BET,10151
1996,S,US,,SKJ,104375
1996,S,US,,YFT,34877
1996,S,US,,BUM,30
1996,S,US,,BLM,50
1996,S,VU,,BET,572
1996,S,VU,,SKJ,7646
1996,S,VU,,YFT,2745
1996,S,VU,,BUM,2
1996,S,VU,,BLM,4
1997,S,AU,AF,SKJ,4204
1997,S,AU,AF,YFT,13
1997,S,EP,,BET,508
1997,S,EP,,SKJ,1020
1997,S,EP,,YFT,248
1997,S,FM,,BET,578
1997,S,FM,,SKJ,4328
1997,S,FM,,YFT,2896
1997,S,FM,,BUM,3
1997,S,FM,,BLM,3
1997,S,ID,ID,BET,1431
1997,S,ID,ID,SKJ,35597
1997,S,ID,ID,YFT,10694
1997,S,ID,ID,BUM,13
1997,S,ID,ID,BLM,22
1997,S,JP,CS,ALB,1
1997,S,JP,CS,BET,2
1997,S,JP,CS,SKJ,2133
1997,S,JP,CS,YFT,8
1997,S,JP,CS,PBF,7015
1997,S,JP,DW,ALB,1067
1997,S,JP,DW,BET,15006
1997,S,JP,DW,SKJ,151154
1997,S,JP,DW,YFT,57307
1997,S,JP,DW,PBF,6137
1997,S,JP,DW,BUM,13
1997,S,JP,DW,BLM,35
1997,S,KI,,BET,373
1997,S,KI,,SKJ,2277
1997,S,KI,,YFT,2554
1997,S,KI,,BUM,1
1997,S,KI,,BLM,1
1997,S,KR,,BET,7007
1997,S,KR,,SKJ,107622
1997,S,KR,,YFT,44346
1997,S,KR,,BUM,14
1997,S,KR,,BLM,40
1997,S,NZ,,SKJ,6510
1997,S,PG,,BET,1291
1997,S,PG,,SKJ,9403
1997,S,PG,,YFT,8160
1997,S,PG,,BUM,23
1997,S,PG,,BLM,11
1997,S,PH,DW,BET,3493
1997,S,PH,DW,SKJ,17754
1997,S,PH,DW,YFT,13771
1997,S,PH,DW,BUM,24
1997,S,PH,DW,BLM,54
1997,S,PH,PH,BET,4652
1997,S,PH,PH,SKJ,50376
1997,S,PH,PH,YFT,30510
1997,S,SB,,BET,762
1997,S,SB,,SKJ,12205
1997,S,SB,,YFT,11137
1997,S,SB,,BUM,3
1997,S,SB,,BLM,6
1997,S,TW,,BET,9857
1997,S,TW,,SKJ,105188
1997,S,TW,,YFT,51992
1997,S,TW,,BUM,54
1997,S,TW,,BLM,46
1997,S,US,,BET,11494
1997,S,US,,SKJ,80827
1997,S,US,,YFT,51761
1997,S,US,,BUM,28
1997,S,US,,BLM,46
1997,S,VU,,BET,1555
1997,S,VU,,SKJ,15925
1997,S,VU,,YFT,8221
1997,S,VU,,BUM,3
1997,S,VU,,BLM,6
1998,S,AU,AF,SKJ,1014
1998,S,EP,,BET,571
1998,S,EP,,SKJ,2001
1998,S,EP,,YFT,362
1998,S,ES,,BET,409
1998,S,ES,,SKJ,772
1998,S,ES,,YFT,443
1998,S,ES,,BLM,1
1998,S,FM,,BET,945
1998,S,FM,,SKJ,8554
1998,S,FM,,YFT,3627
1998,S,FM,,BUM,4
1998,S,FM,,BLM,3
1998,S,ID,ID,BET,1889
1998,S,ID,ID,SKJ,47000
1998,S,ID,ID,YFT,14119
1998,S,ID,ID,BUM,13
1998,S,ID,ID,BLM,22
1998,S,JP,CS,ALB,58
1998,S,JP,CS,SKJ,2381
1998,S,JP,CS,YFT,68
1998,S,JP,CS,PBF,2676
1998,S,JP,DW,ALB,1496
1998,S,JP,DW,BET,12789
1998,S,JP,DW,SKJ,210685
1998,S,JP,DW,YFT,47256
1998,S,JP,DW,PBF,2715
1998,S,JP,DW,BUM,12
1998,S,JP,DW,BLM,31
1998,S,KI,,BET,381
1998,S,KI,,SKJ,5032
1998,S,KI,,YFT,2165
1998,S,KI,,BUM,1
1998,S,KI,,BLM,1
1998,S,KR,,BET,6316
1998,S,KR,,SKJ,136367
1998,S,KR,,YFT,58223
1998,S,KR,,BUM,16
1998,S,KR,,BLM,46
1998,S,NZ,,SKJ,8118
1998,S,PG,,BET,2722
1998,S,PG,,SKJ,28246
1998,S,PG,,YFT,19132
1998,S,PG,,BUM,26
1998,S,PG,,BLM,12
1998,S,PH,DW,BET,3731
1998,S,PH,DW,SKJ,24162
1998,S,PH,DW,YFT,15961
1998,S,PH,DW,BUM,21
1998,S,PH,DW,BLM,47
1998,S,PH,PH,BET,5477
1998,S,PH,PH,SKJ,65497
1998,S,PH,PH,YFT,23445
1998,S,SB,,BET,939
1998,S,SB,,SKJ,12704
1998,S,SB,,YFT,9679
1998,S,SB,,BUM,2
1998,S,SB,,BLM,5
1998,S,TW,,BET,11459
1998,S,TW,,SKJ,172862
1998,S,TW,,YFT,74372
1998,S,TW,,BUM,60
1998,S,TW,,BLM,51
1998,S,US,,BET,11152
1998,S,US,,SKJ,115396
1998,S,US,,YFT,48080
1998,S,US,,BUM,24
1998,S,US,,BLM,40
1998,S,VU,,BET,1858
1998,S,VU,,SKJ,26168
1998,S,VU,,YFT,11309
1998,S,VU,,BUM,3
1998,S,VU,,BLM,8
1999,S,AU,AF,SKJ,4164
1999,S,EP,,BET,442
1999,S,EP,,SKJ,1139
1999,S,EP,,YFT,329
1999,S,ES,,BET,2369
1999,S,ES,,SKJ,4259
1999,S,ES,,YFT,1986
1999,S,ES,,BLM,2
1999,S,FM,,BET,1114
1999,S,FM,,SKJ,5947
1999,S,FM,,YFT,2976
1999,S,FM,,BUM,3
1999,S,FM,,BLM,3
1999,S,ID,ID,BET,1793
1999,S,ID,ID,SKJ,44606
1999,S,ID,ID,YFT,13399
1999,S,ID,ID,BUM,13
1999,S,ID,ID,BLM,23
1999,S,JP,CS,ALB,1
1999,S,JP,CS,SKJ,84
1999,S,JP,CS,YFT,3
1999,S,JP,CS,PBF,4554
1999,S,JP,DW,ALB,6871
1999,S,JP,DW,BET,18872
1999,S,JP,DW,SKJ,132433
1999,S,JP,DW,YFT,47294
1999,S,JP,DW,PBF,11619
1999,S,JP,DW,BUM,11
1999,S,JP,DW,BLM,29
1999,S,KI,,BET,346
1999,S,KI,,SKJ,3817
1999,S,KI,,YFT,1910
1999,S,KI,,BUM,1
1999,S,KI,,BLM,1
1999,S,KR,,BET,5166
1999,S,KR,,SKJ,103427
1999,S,KR,,YFT,33252
1999,S,KR,,BUM,14
1999,S,KR,,BLM,39
1999,S,NZ,,SKJ,5656
1999,S,PG,,BET,2020
1999,S,PG,,SKJ,22590
1999,S,PG,,YFT,13691
1999,S,PG,,BUM,19
1999,S,PG,,BLM,9
1999,S,PH,DW,BET,2588
1999,S,PH,DW,SKJ,17909
1999,S,PH,DW,YFT,10927
1999,S,PH,DW,BUM,20
1999,S,PH,DW,BLM,45
1999,S,PH,PH,BET,2700
1999,S,PH,PH,SKJ,68352
1999,S,PH,PH,YFT,24929
1999,S,SB,,BET,802
1999,S,SB,,SKJ,13836
1999,S,SB,,YFT,10581
1999,S,SB,,BUM,3
1999,S,SB,,BLM,6
1999,S,TW,,BET,15814
1999,S,TW,,SKJ,136322
1999,S,TW,,YFT,53594
1999,S,TW,,BUM,49
1999,S,TW,,BLM,42
1999,S,US,,BET,22807
1999,S,US,,SKJ,111234
1999,S,US,,YFT,48444
1999,S,US,,BUM,17
1999,S,US,,BLM,28
1999,S,VU,,BET,3739
1999,S,VU,,SKJ,30646
1999,S,VU,,YFT,11776
1999,S,VU,,BUM,3
1999,S,VU,,BLM,8
2000,S,AU,AF,SKJ,3953
2000,S,AU,AF,YFT,2
2000,S,EP,,BET,724
2000,S,EP,,SKJ,1413
2000,S,EP,,YFT,788
2000,S,ES,,BET,3877
2000,S,ES,,SKJ,5606
2000,S,ES,,YFT,3413
2000,S,ES,,BUM,1
2000,S,ES,,BLM,4
2000,S,FM,,BET,1270
2000,S,FM,,SKJ,13196
2000,S,FM,,YFT,5827
2000,S,FM,,BUM,6
2000,S,FM,,BLM,5
2000,S,ID,ID,BET,1908
2000,S,ID,ID,SKJ,47461
2000,S,ID,ID,YFT,14257
2000,S,ID,ID,BUM,13
2000,S,ID,ID,BLM,23
2000,S,JP,CS,SKJ,49
2000,S,JP,CS,YFT,6
2000,S,JP,CS,PBF,8293
2000,S,JP,DW,ALB,2408
2000,S,JP,DW,BET,18998
2000,S,JP,DW,SKJ,144920
2000,S,JP,DW,YFT,49992
2000,S,JP,DW,PBF,8193
2000,S,JP,DW,BUM,12
2000,S,JP,DW,BLM,31
2000,S,KI,,BET,191
2000,S,KI,,SKJ,3435
2000,S,KI,,YFT,1347
2000,S,KI,,BUM,1
2000,S,KI,,BLM,1
2000,S,KR,,BET,3820
2000,S,KR,,SKJ,130411
2000,S,KR,,YFT,35567
2000,S,KR,,BUM,17
2000,S,KR,,BLM,48
2000,S,MH,,BET,607
2000,S,MH,,SKJ,5314
2000,S,MH,,YFT,1639
2000,S,MH,,BLM,1
2000,S,NZ,,BET,422
2000,S,NZ,,SKJ,11943
2000,S,NZ,,YFT,1270
2000,S,PG,,BET,2730
2000,S,PG,,SKJ,43989
2000,S,PG,,YFT,20908
2000,S,PG,,BUM,32
2000,S,PG,,BLM,15
2000,S,PH,DW,BET,2593
2000,S,PH,DW,SKJ,20598
2000,S,PH,DW,YFT,12325
2000,S,PH,DW,BUM,27
2000,S,PH,DW,BLM,62
2000,S,PH,PH,BET,4766
2000,S,PH,PH,SKJ,60960
2000,S,PH,PH,YFT,32284
2000,S,SB,,BET,350
2000,S,SB,,SKJ,4794
2000,S,SB,,YFT,3867
2000,S,SB,,BUM,1
2000,S,SB,,BLM,2
2000,S,TW,,BET,8515
2000,S,TW,,SKJ,174539
2000,S,TW,,YFT,51924
2000,S,TW,,BUM,53
2000,S,TW,,BLM,45
2000,S,US,,BET,11783
2000,S,US,,SKJ,83689
2000,S,US,,YFT,29743
2000,S,US,,BUM,19
2000,S,US,,BLM,31
2000,S,VU,,BET,2447
2000,S,VU,,SKJ,27947
2000,S,VU,,YFT,7151
2000,S,VU,,BUM,2
2000,S,VU,,BLM,5
2001,S,AU,AF,SKJ,492
2001,S,CN,,BET,19
2001,S,CN,,SKJ,2938
2001,S,CN,,YFT,134
2001,S,CN,,BLM,1
2001,S,EP,,BET,289
2001,S,EP,,SKJ,180
2001,S,EP,,YFT,41
2001,S,ES,,BET,806
2001,S,ES,,SKJ,1021
2001,S,ES,,YFT,575
2001,S,FM,,BET,1174
2001,S,FM,,SKJ,9968
2001,S,FM,,YFT,5512
2001,S,FM,,BUM,6
2001,S,FM,,BLM,5
2001,S,ID,ID,BET,1755
2001,S,ID,ID,SKJ,43672
2001,S,ID,ID,YFT,13119
2001,S,ID,ID,BUM,13
2001,S,ID,ID,BLM,22
2001,S,JP,CS,BET,1
2001,S,JP,CS,SKJ,852
2001,S,JP,CS,YFT,2
2001,S,JP,CS,PBF,4481
2001,S,JP,DW,ALB,974
2001,S,JP,DW,BET,15205
2001,S,JP,DW,SKJ,146519
2001,S,JP,DW,YFT,47915
2001,S,JP,DW,PBF,3139
2001,S,JP,DW,BUM,11
2001,S,JP,DW,BLM,27
2001,S,KI,,BET,320
2001,S,KI,,SKJ,2730
2001,S,KI,,YFT,1568
2001,S,KI,,BUM,1
2001,S,KI,,BLM,1
2001,S,KR,,BET,3356
2001,S,KR,,SKJ,131782
2001,S,KR,,YFT,42935
2001,S,KR,,BUM,17
2001,S,KR,,BLM,50
2001,S,MH,,BET,2075
2001,S,MH,,SKJ,27331
2001,S,MH,,YFT,6368
2001,S,MH,,BUM,2
2001,S,MH,,BLM,5
2001,S,NZ,,BET,590
2001,S,NZ,,SKJ,9050
2001,S,NZ,,YFT,1872
2001,S,NZ,,BUM,1
2001,S,PG,,BET,3976
2001,S,PG,,SKJ,55614
2001,S,PG,,YFT,31039
2001,S,PG,,BUM,48
2001,S,PG,,BLM,22
2001,S,PH,DW,BET,2590
2001,S,PH,DW,SKJ,11920
2001,S,PH,DW,YFT,11226
2001,S,PH,DW,BUM,19
2001,S,PH,DW,BLM,44
2001,S,PH,PH,BET,3866
2001,S,PH,PH,SKJ,57654
2001,S,PH,PH,YFT,29598
2001,S,SB,,BET,432
2001,S,SB,,SKJ,6836
2001,S,SB,,YFT,5475
2001,S,SB,,BUM,1
2001,S,SB,,BLM,3
2001,S,TW,,BET,8831
2001,S,TW,,SKJ,166163
2001,S,TW,,YFT,55674
2001,S,TW,,BUM,49
2001,S,TW,,BLM,42
2001,S,US,,BET,7263
2001,S,US,,SKJ,78798
2001,S,US,,YFT,29797
2001,S,US,,BUM,21
2001,S,US,,BLM,34
2001,S,VU,,BET,261
2001,S,VU,,SKJ,8264
2001,S,VU,,YFT,2671
2001,S,VU,,BLM,1
2002,S,AU,AF,SKJ,45
2002,S,CN,,BET,237
2002,S,CN,,SKJ,6876
2002,S,CN,,YFT,1443
2002,S,CN,,BLM,3
2002,S,EP,,BET,73
2002,S,EP,,SKJ,128
2002,S,EP,,YFT,43
2002,S,ES,,BET,604
2002,S,ES,,SKJ,1144
2002,S,ES,,YFT,540
2002,S,FM,,BET,1263
2002,S,FM,,SKJ,12726
2002,S,FM,,YFT,5695
2002,S,FM,,BUM,6
2002,S,FM,,BLM,6
2002,S,ID,ID,BET,1687
2002,S,ID,ID,SKJ,41975
2002,S,ID,ID,YFT,12610
2002,S,ID,ID,BUM,13
2002,S,ID,ID,BLM,22
2002,S,JP,CS,BET,2
2002,S,JP,CS,SKJ,1025
2002,S,JP,CS,YFT,87
2002,S,JP,CS,PBF,5102
2002,S,JP,DW,ALB,3303
2002,S,JP,DW,BET,12824
2002,S,JP,DW,SKJ,162264
2002,S,JP,DW,YFT,37288
2002,S,JP,DW,PBF,4171
2002,S,JP,DW,BUM,11
2002,S,JP,DW,BLM,28
2002,S,KI,,BET,242
2002,S,KI,,SKJ,3784
2002,S,KI,,YFT,1233
2002,S,KI,,BUM,1
2002,S,KI,,BLM,1
2002,S,KR,,BET,5488
2002,S,KR,,SKJ,168165
2002,S,KR,,YFT,32486
2002,S,KR,,BUM,18
2002,S,KR,,BLM,51
2002,S,MH,,BET,2423
2002,S,MH,,SKJ,30283
2002,S,MH,,YFT,6246
2002,S,MH,,BUM,2
2002,S,MH,,BLM,5
2002,S,NZ,,BET,1301
2002,S,NZ,,SKJ,25354
2002,S,NZ,,YFT,6103
2002,S,NZ,,BUM,3
2002,S,NZ,,BLM,2
2002,S,PG,,BET,8810
2002,S,PG,,SKJ,74805
2002,S,PG,,YFT,38892
2002,S,PG,,BUM,52
2002,S,PG,,BLM,24
2002,S,PH,DW,BET,3159
2002,S,PH,DW,SKJ,15183
2002,S,PH,DW,YFT,10437
2002,S,PH,DW,BUM,20
2002,S,PH,DW,BLM,45
2002,S,PH,PH,BET,3155
2002,S,PH,PH,SKJ,71144
2002,S,PH,PH,YFT,26811
2002,S,SB,,BET,248
2002,S,SB,,SKJ,4049
2002,S,SB,,YFT,3798
2002,S,SB,,BUM,1
2002,S,SB,,BLM,2
2002,S,TW,,BET,12589
2002,S,TW,,SKJ,196052
2002,S,TW,,YFT,49485
2002,S,TW,,BUM,52
2002,S,TW,,BLM,45
2002,S,US,,BET,4936
2002,S,US,,SKJ,88472
2002,S,US,,YFT,27206
2002,S,US,,BUM,25
2002,S,US,,BLM,42
2002,S,VU,,BET,1137
2002,S,VU,,SKJ,14876
2002,S,VU,,YFT,4086
2002,S,VU,,BUM,1
2002,S,VU,,BLM,2
2003,S,AU,AF,SKJ,541
2003,S,CN,,BET,566
2003,S,CN,,SKJ,18025
2003,S,CN,,YFT,5070
2003,S,CN,,BLM,6
2003,S,EP,,BET,793
2003,S,EP,,SKJ,1708
2003,S,EP,,YFT,99
2003,S,ES,,BET,1336
2003,S,ES,,SKJ,2269
2003,S,ES,,YFT,1054
2003,S,FM,,BET,1438
2003,S,FM,,SKJ,20003
2003,S,FM,,YFT,8455
2003,S,FM,,BUM,9
2003,S,FM,,BLM,8
2003,S,ID,ID,BET,1721
2003,S,ID,ID,SKJ,42817
2003,S,ID,ID,YFT,12863
2003,S,ID,ID,BUM,13
2003,S,ID,ID,BLM,22
2003,S,JP,CS,ALB,15
2003,S,JP,CS,BET,1
2003,S,JP,CS,SKJ,1632
2003,S,JP,CS,YFT,86
2003,S,JP,CS,PBF,5399
2003,S,JP,DW,ALB,612
2003,S,JP,DW,BET,11931
2003,S,JP,DW,SKJ,167549
2003,S,JP,DW,YFT,41224
2003,S,JP,DW,PBF,1033
2003,S,JP,DW,BUM,12
2003,S,JP,DW,BLM,31
2003,S,KI,,BET,259
2003,S,KI,,SKJ,3125
2003,S,KI,,YFT,1451
2003,S,KI,,BLM,1
2003,S,KR,,BET,4336
2003,S,KR,,SKJ,136164
2003,S,KR,,YFT,48823
2003,S,KR,,BUM,17
2003,S,KR,,BLM,48
2003,S,MH,,BET,2968
2003,S,MH,,SKJ,27712
2003,S,MH,,YFT,7195
2003,S,MH,,BUM,3
2003,S,MH,,BLM,7
2003,S,NZ,,BET,1537
2003,S,NZ,,SKJ,16488
2003,S,NZ,,YFT,5639
2003,S,NZ,,BUM,2
2003,S,NZ,,BLM,2
2003,S,PG,,BET,7456
2003,S,PG,,SKJ,102089
2003,S,PG,,YFT,54612
2003,S,PG,,BUM,69
2003,S,PG,,BLM,32
2003,S,PH,DW,BET,2422
2003,S,PH,DW,SKJ,18342
2003,S,PH,DW,YFT,11340
2003,S,PH,DW,BUM,24
2003,S,PH,DW,BLM,55
2003,S,PH,PH,BET,4362
2003,S,PH,PH,SKJ,85662
2003,S,PH,PH,YFT,37976
2003,S,SB,,BET,484
2003,S,SB,,SKJ,7621
2003,S,SB,,YFT,7074
2003,S,SB,,BUM,1
2003,S,SB,,BLM,3
2003,S,TW,,BET,8169
2003,S,TW,,SKJ,145542
2003,S,TW,,YFT,47515
2003,S,TW,,BUM,47
2003,S,TW,,BLM,40
2003,S,US,,BET,5640
2003,S,US,,SKJ,54675
2003,S,US,,YFT,27141
2003,S,US,,BUM,16
2003,S,US,,BLM,26
2003,S,VU,,BET,1063
2003,S,VU,,SKJ,16562
2003,S,VU,,YFT,3757
2003,S,VU,,BUM,1
2003,S,VU,,BLM,2
2004,S,AU,AF,SKJ,166
2004,S,AU,AF,YFT,20
2004,S,CN,,BET,876
2004,S,CN,,SKJ,15232
2004,S,CN,,YFT,4591
2004,S,CN,,BLM,6
2004,S,EP,,BET,466
2004,S,EP,,SKJ,1447
2004,S,EP,,YFT,101
2004,S,ES,,BET,1357
2004,S,ES,,SKJ,2979
2004,S,ES,,YFT,1180
2004,S,ES,,BLM,2
2004,S,FM,,BET,1582
2004,S,FM,,SKJ,19597
2004,S,FM,,YFT,6565
2004,S,FM,,BUM,9
2004,S,FM,,BLM,8
2004,S,ID,ID,BET,2266
2004,S,ID,ID,SKJ,56376
2004,S,ID,ID,YFT,16935
2004,S,ID,ID,BUM,13
2004,S,ID,ID,BLM,22
2004,S,JP,CS,ALB,18
2004,S,JP,CS,BET,6
2004,S,JP,CS,SKJ,716
2004,S,JP,CS,YFT,8
2004,S,JP,CS,PBF,2577
2004,S,JP,DW,ALB,7182
2004,S,JP,DW,BET,13636
2004,S,JP,DW,SKJ,145707
2004,S,JP,DW,YFT,42245
2004,S,JP,DW,PBF,4844
2004,S,JP,DW,BUM,12
2004,S,JP,DW,BLM,30
2004,S,KI,,BET,251
2004,S,KI,,SKJ,3253
2004,S,KI,,YFT,1097
2004,S,KI,,BLM,1
2004,S,KR,,BET,6140
2004,S,KR,,SKJ,135882
2004,S,KR,,YFT,41468
2004,S,KR,,BUM,17
2004,S,KR,,BLM,49
2004,S,MH,,BET,4717
2004,S,MH,,SKJ,32683
2004,S,MH,,YFT,9272
2004,S,MH,,BUM,3
2004,S,MH,,BLM,8
2004,S,NZ,,BET,1526
2004,S,NZ,,SKJ,22710
2004,S,NZ,,YFT,4926
2004,S,NZ,,BUM,2
2004,S,NZ,,BLM,1
2004,S,PG,,BET,10976
2004,S,PG,,SKJ,150258
2004,S,PG,,YFT,59807
2004,S,PG,,BUM,83
2004,S,PG,,BLM,39
2004,S,PH,DW,BET,3337
2004,S,PH,DW,SKJ,21544
2004,S,PH,DW,YFT,10538
2004,S,PH,DW,BUM,25
2004,S,PH,DW,BLM,57
2004,S,PH,PH,BET,5778
2004,S,PH,PH,SKJ,87003
2004,S,PH,PH,YFT,38658
2004,S,SB,,BET,501
2004,S,SB,,SKJ,7359
2004,S,SB,,YFT,9221
2004,S,SB,,BUM,1
2004,S,SB,,BLM,3
2004,S,TW,,BET,9983
2004,S,TW,,SKJ,145284
2004,S,TW,,YFT,42956
2004,S,TW,,BUM,44
2004,S,TW,,BLM,38
2004,S,US,,BET,5617
2004,S,US,,SKJ,43911
2004,S,US,,YFT,17891
2004,S,US,,BUM,14
2004,S,US,,BLM,22
2004,S,VU,,BET,2693
2004,S,VU,,SKJ,38945
2004,S,VU,,YFT,10666
2004,S,VU,,BUM,3
2004,S,VU,,BLM,7
2005,S,CN,,BET,2044
2005,S,CN,,SKJ,34930
2005,S,CN,,YFT,11686
2005,S,CN,,BUM,5
2005,S,CN,,BLM,17
2005,S,EP,,BET,305
2005,S,EP,,SKJ,367
2005,S,EP,,YFT,37
2005,S,ES,,BET,867
2005,S,ES,,SKJ,1873
2005,S,ES,,YFT,691
2005,S,ES,,BUM,1
2005,S,ES,,BLM,1
2005,S,FM,,BET,1523
2005,S,FM,,SKJ,20347
2005,S,FM,,YFT,6150
2005,S,FM,,BUM,3
2005,S,FM,,BLM,24
2005,S,ID,ID,BET,1539
2005,S,ID,ID,SKJ,35233
2005,S,ID,ID,YFT,17285
2005,S,ID,ID,BUM,338
2005,S,ID,ID,BLM,290
2005,S,JP,CS,ALB,6
2005,S,JP,CS,BET,10
2005,S,JP,CS,SKJ,296
2005,S,JP,CS,YFT,153
2005,S,JP,CS,PBF,7390
2005,S,JP,DW,ALB,844
2005,S,JP,DW,BET,12864
2005,S,JP,DW,SKJ,194200
2005,S,JP,DW,YFT,42350
2005,S,JP,DW,PBF,4061
2005,S,JP,DW,BUM,41
2005,S,JP,DW,BLM,14
2005,S,KI,,BET,495
2005,S,KI,,SKJ,4337
2005,S,KI,,YFT,2272
2005,S,KI,,BUM,1
2005,S,KI,,BLM,1
2005,S,KR,,BET,3994
2005,S,KR,,SKJ,155067
2005,S,KR,,YFT,45421
2005,S,KR,,BUM,66
2005,S,KR,,BLM,118
2005,S,MH,,BET,5697
2005,S,MH,,SKJ,39727
2005,S,MH,,YFT,10741
2005,S,MH,,BUM,18
2005,S,MH,,BLM,1
2005,S,NZ,,BET,756
2005,S,NZ,,SKJ,20644
2005,S,NZ,,YFT,2760
2005,S,NZ,,BUM,5
2005,S,NZ,,BLM,6
2005,S,PG,,BET,10347
2005,S,PG,,SKJ,157121
2005,S,PG,,YFT,69807
2005,S,PG,,BUM,51
2005,S,PG,,BLM,30
2005,S,PH,DW,BET,1927
2005,S,PH,DW,SKJ,20479
2005,S,PH,DW,YFT,11811
2005,S,PH,DW,BUM,201
2005,S,PH,DW,BLM,83
2005,S,PH,PH,BET,7422
2005,S,PH,PH,SKJ,84186
2005,S,PH,PH,YFT,42764
2005,S,SB,,BET,501
2005,S,SB,,SKJ,8794
2005,S,SB,,YFT,7130
2005,S,SB,,BUM,4
2005,S,SB,,BLM,3
2005,S,TW,,BET,9873
2005,S,TW,,SKJ,141466
2005,S,TW,,YFT,43700
2005,S,TW,,BUM,77
2005,S,TW,,BLM,29
2005,S,US,,BET,6653
2005,S,US,,SKJ,58858
2005,S,US,,YFT,20661
2005,S,US,,BUM,28
2005,S,US,,BLM,2
2005,S,VU,,BET,3253
2005,S,VU,,SKJ,55770
2005,S,VU,,YFT,15709
2005,S,VU,,BUM,9
2005,S,VU,,BLM,9
2006,S,CN,,BET,1879
2006,S,CN,,SKJ,39993
2006,S,CN,,YFT,10872
2006,S,CN,,BUM,15
2006,S,CN,,BLM,6
2006,S,ES,,BET,2388
2006,S,ES,,SKJ,6758
2006,S,ES,,YFT,1889
2006,S,FM,,BET,482
2006,S,FM,,SKJ,7879
2006,S,FM,,YFT,1971
2006,S,FM,,BUM,11
2006,S,FM,,BLM,6
2006,S,ID,ID,BET,1671
2006,S,ID,ID,SKJ,42141
2006,S,ID,ID,YFT,12091
2006,S,ID,ID,BUM,207
2006,S,ID,ID,BLM,131
2006,S,JP,CS,ALB,28
2006,S,JP,CS,BET,52
2006,S,JP,CS,SKJ,564
2006,S,JP,CS,YFT,23
2006,S,JP,CS,PBF,3272
2006,S,JP,DW,ALB,336
2006,S,JP,DW,BET,13120
2006,S,JP,DW,SKJ,192138
2006,S,JP,DW,YFT,44625
2006,S,JP,DW,PBF,3962
2006,S,JP,DW,BUM,32
2006,S,JP,DW,BLM,11
2006,S,KI,,BET,210
2006,S,KI,,SKJ,3208
2006,S,KI,,YFT,1245
2006,S,KI,,BLM,1
2006,S,KR,,BET,7078
2006,S,KR,,SKJ,193943
2006,S,KR,,YFT,50769
2006,S,KR,,BUM,55
2006,S,KR,,BLM,78
2006,S,MH,,BET,3844
2006,S,MH,,SKJ,32261
2006,S,MH,,YFT,6244
2006,S,MH,,BUM,17
2006,S,MH,,BLM,8
2006,S,NZ,,BET,1804
2006,S,NZ,,SKJ,21034
2006,S,NZ,,YFT,5254
2006,S,NZ,,BUM,3
2006,S,NZ,,BLM,2
2006,S,PG,,BET,9823
2006,S,PG,,SKJ,162102
2006,S,PG,,YFT,66221
2006,S,PG,,BUM,78
2006,S,PG,,BLM,42
2006,S,PH,DW,BET,1746
2006,S,PH,DW,SKJ,22719
2006,S,PH,DW,YFT,9753
2006,S,PH,DW,BUM,107
2006,S,PH,DW,BLM,53
2006,S,PH,PH,BET,7233
2006,S,PH,PH,SKJ,92825
2006,S,PH,PH,YFT,48008
2006,S,SB,,BET,487
2006,S,SB,,SKJ,11504
2006,S,SB,,YFT,10513
2006,S,SB,,BUM,5
2006,S,SB,,BLM,3
2006,S,TW,,BET,10030
2006,S,TW,,SKJ,158827
2006,S,TW,,YFT,41315
2006,S,TW,,BUM,55
2006,S,TW,,BLM,28
2006,S,US,,BET,5023
2006,S,US,,SKJ,48855
2006,S,US,,YFT,14567
2006,S,US,,BUM,11
2006,S,US,,BLM,14
2006,S,VU,,BET,1945
2006,S,VU,,SKJ,48798
2006,S,VU,,YFT,11160
2006,S,VU,,BUM,15
2006,S,VU,,BLM,16
2007,S,CN,,BET,2340
2007,S,CN,,SKJ,40878
2007,S,CN,,YFT,11723
2007,S,CN,,BUM,20
2007,S,CN,,BLM,7
2007,S,ES,,BET,3796
2007,S,ES,,SKJ,13853
2007,S,ES,,YFT,5309
2007,S,ES,,BUM,2
2007,S,FM,,BET,801
2007,S,FM,,SKJ,9791
2007,S,FM,,YFT,2905
2007,S,FM,,BUM,7
2007,S,FM,,BLM,2
2007,S,ID,ID,BET,1317
2007,S,ID,ID,SKJ,37732
2007,S,ID,ID,YFT,17326
2007,S,ID,ID,BUM,300
2007,S,ID,ID,BLM,84
2007,S,JP,CS,ALB,3
2007,S,JP,CS,BET,12
2007,S,JP,CS,SKJ,715
2007,S,JP,CS,YFT,18
2007,S,JP,CS,PBF,2841
2007,S,JP,DW,ALB,5679
2007,S,JP,DW,BET,13687
2007,S,JP,DW,SKJ,205573
2007,S,JP,DW,YFT,39949
2007,S,JP,DW,PBF,3058
2007,S,JP,DW,BUM,51
2007,S,JP,DW,BLM,33
2007,S,KI,,BET,153
2007,S,KI,,SKJ,4153
2007,S,KI,,YFT,1143
2007,S,KI,,BUM,1
2007,S,KI,,BLM,1
2007,S,KR,,BET,7207
2007,S,KR,,SKJ,205564
2007,S,KR,,YFT,46509
2007,S,KR,,BUM,83
2007,S,KR,,BLM,31
2007,S,MH,,BET,5087
2007,S,MH,,SKJ,48153
2007,S,MH,,YFT,6165
2007,S,MH,,BUM,19
2007,S,MH,,BLM,2
2007,S,NZ,,BET,2002
2007,S,NZ,,SKJ,29503
2007,S,NZ,,YFT,5121
2007,S,NZ,,BUM,8
2007,S,NZ,,BLM,2
2007,S,PG,,BET,7890
2007,S,PG,,SKJ,187014
2007,S,PG,,YFT,67048
2007,S,PG,,BUM,94
2007,S,PG,,BLM,34
2007,S,PH,DW,BET,928
2007,S,PH,DW,SKJ,19815
2007,S,PH,DW,YFT,13475
2007,S,PH,DW,BUM,156
2007,S,PH,DW,BLM,31
2007,S,PH,PH,BET,6965
2007,S,PH,PH,SKJ,112605
2007,S,PH,PH,YFT,51335
2007,S,SB,,BET,482
2007,S,SB,,SKJ,9277
2007,S,SB,,YFT,7548
2007,S,SB,,BUM,8
2007,S,SB,,BLM,2
2007,S,TW,,BET,10913
2007,S,TW,,SKJ,178934
2007,S,TW,,YFT,42688
2007,S,TW,,BUM,47
2007,S,TW,,BLM,24
2007,S,US,,BET,6072
2007,S,US,,SKJ,68383
2007,S,US,,YFT,14281
2007,S,US,,BUM,15
2007,S,US,,BLM,10
2007,S,VU,,BET,2215
2007,S,VU,,SKJ,57533
2007,S,VU,,YFT,11533
2007,S,VU,,BUM,13
2007,S,VU,,BLM,5
2008,S,CN,,BET,2782
2008,S,CN,,SKJ,36782
2008,S,CN,,YFT,15990
2008,S,CN,,BUM,12
2008,S,CN,,BLM,9
2008,S,ES,,BET,7103
2008,S,ES,,SKJ,22656
2008,S,ES,,YFT,6447
2008,S,ES,,BUM,2
2008,S,ES,,BLM,4
2008,S,FM,,BET,1087
2008,S,FM,,SKJ,13633
2008,S,FM,,YFT,3407
2008,S,FM,,BUM,2
2008,S,FM,,BLM,1
2008,S,ID,ID,BET,2125
2008,S,ID,ID,SKJ,37326
2008,S,ID,ID,YFT,14083
2008,S,ID,ID,BUM,171
2008,S,ID,ID,BLM,126
2008,S,JP,CS,ALB,1
2008,S,JP,CS,BET,4
2008,S,JP,CS,SKJ,364
2008,S,JP,CS,YFT,59
2008,S,JP,CS,PBF,6299
2008,S,KI,,BET,285
2008,S,KI,,SKJ,4419
2008,S,KI,,YFT,2087
2008,S,KI,,BUM,1
2008,S,KI,,BLM,1
2008,S,KR,,BET,6577
2008,S,KR,,SKJ,179313
2008,S,KR,,YFT,62913
2008,S,KR,,BUM,38
2008,S,KR,,BLM,53
2008,S,MH,,BET,2146
2008,S,MH,,SKJ,24366
2008,S,MH,,YFT,6021
2008,S,MH,,BUM,15
2008,S,MH,,BLM,4
2008,S,NZ,,BET,1607
2008,S,NZ,,SKJ,22982
2008,S,NZ,,YFT,5403
2008,S,NZ,,BUM,4
2008,S,NZ,,BLM,5
2008,S,PG,,BET,7236
2008,S,PG,,SKJ,150508
2008,S,PG,,YFT,72682
2008,S,PG,,BUM,45
2008,S,PG,,BLM,26
2008,S,PH,DW,BET,2212
2008,S,PH,DW,SKJ,25811
2008,S,PH,DW,YFT,21853
2008,S,PH,DW,BUM,105
2008,S,PH,DW,BLM,140
2008,S,PH,PH,BET,6809
2008,S,PH,PH,SKJ,132533
2008,S,PH,PH,YFT,54733
2008,S,SB,,BET,171
2008,S,SB,,SKJ,8100
2008,S,SB,,YFT,7766
2008,S,SB,,BUM,5
2008,S,SB,,BLM,1
2008,S,TW,,BET,8486
2008,S,TW,,SKJ,150295
2008,S,TW,,YFT,45192
2008,S,TW,,BUM,67
2008,S,TW,,BLM,33
2008,S,US,,BET,10129
2008,S,US,,SKJ,154713
2008,S,US,,YFT,44481
2008,S,US,,BUM,27
2008,S,US,,BLM,8
2008,S,VU,,BET,794
2008,S,VU,,SKJ,27492
2008,S,VU,,YFT,10433
2008,S,VU,,BUM,16
2008,S,VU,,BLM,8
2008,S,JP,DW,ALB,824
2008,S,JP,DW,BET,11822
2008,S,JP,DW,SKJ,194151
2008,S,JP,DW,YFT,46978
2008,S,JP,DW,PBF,10221
2008,S,JP,DW,BUM,82
2008,S,JP,DW,BLM,23
2008,S,SV,,BET,1742
2008,S,SV,,SKJ,7603
2008,S,SV,,YFT,1617
2007,S,SV,,BET,719
2007,S,SV,,SKJ,3428
2007,S,SV,,YFT,1879
2001,S,SV,,BET,156
2001,S,SV,,SKJ,272
2001,S,SV,,YFT,171
2002,S,SV,,BET,348
2002,S,SV,,SKJ,797
2002,S,SV,,YFT,343
2003,S,SV,,BET,18
2003,S,SV,,SKJ,45
2003,S,SV,,YFT,10
2000,S,EC,,BET,972
2000,S,EC,,SKJ,2249
2000,S,EC,,YFT,771
2001,S,EC,,BET,212
2001,S,EC,,SKJ,532
2001,S,EC,,YFT,313
2002,S,EC,,BET,106
2002,S,EC,,SKJ,274
2002,S,EC,,YFT,47
2003,S,EC,,BET,722
2003,S,EC,,SKJ,667
2003,S,EC,,YFT,173
2004,S,EC,,BET,1143
2004,S,EC,,SKJ,1702
2004,S,EC,,YFT,206
2005,S,EC,,BET,1154
2005,S,EC,,SKJ,3270
2005,S,EC,,YFT,769
2006,S,EC,,BET,2043
2006,S,EC,,SKJ,6152
2006,S,EC,,YFT,1328
2007,S,EC,,BET,1856
2007,S,EC,,SKJ,5879
2007,S,EC,,YFT,1452
2008,S,EC,,BET,5991
2008,S,EC,,SKJ,15532
2008,S,EC,,YFT,3891
2009,S,FM,,BET,1743
2009,S,FM,,SKJ,18002
2009,S,FM,,YFT,4683
2009,S,FM,,BUM,5
2009,S,FM,,BLM,1
2009,S,JP,DW,ALB,2064
2009,S,JP,DW,BET,11604
2009,S,JP,DW,SKJ,174245
2009,S,JP,DW,YFT,43346
2009,S,JP,DW,PBF,8077
2009,S,JP,DW,BUM,42
2009,S,JP,DW,BLM,9
2009,S,JP,CS,ALB,12
2009,S,JP,CS,SKJ,515
2009,S,JP,CS,YFT,30
2009,S,JP,CS,PBF,5353
2009,S,KI,,BET,1673
2009,S,KI,,SKJ,16286
2009,S,KI,,YFT,2918
2009,S,KI,,BUM,6
2009,S,KI,,BLM,2
2009,S,KR,,BET,7893
2009,S,KR,,SKJ,239015
2009,S,KR,,YFT,36360
2009,S,KR,,BUM,55
2009,S,KR,,BLM,41
2009,S,MH,,BET,3593
2009,S,MH,,SKJ,34081
2009,S,MH,,YFT,5789
2009,S,MH,,BUM,57
2009,S,MH,,BLM,6
2009,S,NZ,,ALB,1
2009,S,NZ,,BET,1336
2009,S,NZ,,SKJ,23867
2009,S,NZ,,YFT,2932
2009,S,NZ,,BUM,20
2009,S,NZ,,BLM,9
2009,S,PG,,BET,7386
2009,S,PG,,SKJ,143234
2009,S,PG,,YFT,61596
2009,S,PG,,BUM,46
2009,S,PG,,BLM,28
2009,S,PH,DW,BET,2503
2009,S,PH,DW,SKJ,33887
2009,S,PH,DW,YFT,24937
2009,S,PH,DW,BUM,52
2009,S,PH,DW,BLM,94
2009,S,SB,,BET,466
2009,S,SB,,SKJ,8900
2009,S,SB,,YFT,8517
2009,S,SB,,BUM,6
2009,S,SB,,BLM,3
2009,S,ES,,BET,5059
2009,S,ES,,SKJ,17166
2009,S,ES,,YFT,4338
2009,S,ES,,BUM,8
2009,S,ES,,BLM,4
2009,S,TW,,BET,9821
2009,S,TW,,SKJ,148833
2009,S,TW,,YFT,33421
2009,S,TW,,BUM,59
2009,S,TW,,BLM,11
2009,S,US,,BET,11030
2009,S,US,,SKJ,235716
2009,S,US,,YFT,34843
2009,S,US,,BUM,78
2009,S,US,,BLM,63
2009,S,VU,,BET,1621
2009,S,VU,,SKJ,34517
2009,S,VU,,YFT,5259
2009,S,VU,,BUM,7
2009,S,VU,,BLM,6
2009,S,ID,ID,BET,2916
2009,S,ID,ID,SKJ,56862
2009,S,ID,ID,YFT,13122
2009,S,ID,ID,BUM,123
2009,S,ID,ID,BLM,49
2009,S,PH,PH,BET,4289
2009,S,PH,PH,SKJ,112779
2009,S,PH,PH,YFT,30713
2009,S,CN,,BET,3826
2009,S,CN,,SKJ,58074
2009,S,CN,,YFT,14343
2009,S,CN,,BUM,3
2009,S,CN,,BLM,13
2009,S,EC,,BET,1986
2009,S,EC,,SKJ,5243
2009,S,EC,,YFT,1266
2009,S,EC,,BUM,4
2009,S,EC,,BLM,2
2009,S,SV,,BET,1688
2009,S,SV,,SKJ,5377
2009,S,SV,,YFT,1759
2009,S,SV,,BUM,6
2009,S,SV,,BLM,3
2009,S,TV,,BET,68
2009,S,TV,,SKJ,3867
2009,S,TV,,YFT,493
2009,S,TV,,BUM,2
1964,S,JP,DW,PBF,8973
1965,S,JP,DW,PBF,11496
1966,S,JP,DW,PBF,10082
2010,S,FM,,BET,1173
2010,S,FM,,SKJ,19215
2010,S,FM,,YFT,4335
2010,S,FM,,BUM,5
2010,S,FM,,BLM,3
2010,S,JP,DW,ALB,303
2010,S,JP,DW,BET,4836
2010,S,JP,DW,SKJ,199430
2010,S,JP,DW,YFT,41358
2010,S,JP,DW,PBF,3742
2010,S,JP,DW,BUM,45
2010,S,JP,DW,BLM,22
2010,S,JP,CS,ALB,27
2010,S,JP,CS,BET,135
2010,S,JP,CS,SKJ,2180
2010,S,JP,CS,YFT,127
2010,S,KI,,BET,2193
2010,S,KI,,SKJ,18348
2010,S,KI,,YFT,5205
2010,S,KI,,BUM,8
2010,S,KI,,BLM,2
2010,S,KR,,BET,9252
2010,S,KR,,SKJ,198381
2010,S,KR,,YFT,69679
2010,S,KR,,BUM,42
2010,S,KR,,BLM,50
2010,S,MH,,BET,3900
2010,S,MH,,SKJ,41800
2010,S,MH,,YFT,11134
2010,S,MH,,BUM,42
2010,S,MH,,BLM,8
2010,S,NZ,,BET,560
2010,S,NZ,,SKJ,21986
2010,S,NZ,,YFT,1965
2010,S,NZ,,BUM,6
2010,S,NZ,,BLM,3
2010,S,PG,,BET,6052
2010,S,PG,,SKJ,146280
2010,S,PG,,YFT,52852
2010,S,PG,,BUM,51
2010,S,PG,,BLM,38
2010,S,PH,DW,BET,4222
2010,S,PH,DW,SKJ,42821
2010,S,PH,DW,YFT,26387
2010,S,PH,DW,BUM,113
2010,S,PH,DW,BLM,80
2010,S,SB,,BET,299
2010,S,SB,,SKJ,7339
2010,S,SB,,YFT,5327
2010,S,SB,,BUM,5
2010,S,SB,,BLM,2
2010,S,ES,,BET,4869
2010,S,ES,,SKJ,18969
2010,S,ES,,YFT,5630
2010,S,ES,,BUM,20
2010,S,ES,,BLM,4
2010,S,TW,,BET,7392
2010,S,TW,,SKJ,153090
2010,S,TW,,YFT,38369
2010,S,TW,,BUM,46
2010,S,TW,,BLM,28
2010,S,US,,BET,8085
2010,S,US,,SKJ,200524
2010,S,US,,YFT,36915
2010,S,US,,BUM,116
2010,S,US,,BLM,70
2010,S,VU,,BET,692
2010,S,VU,,SKJ,18969
2010,S,VU,,YFT,4058
2010,S,VU,,BUM,8
2010,S,VU,,BLM,1
2010,S,ID,ID,BET,2038
2010,S,ID,ID,SKJ,59098
2010,S,ID,ID,YFT,6793
2010,S,ID,ID,BUM,113
2010,S,ID,ID,BLM,333
2010,S,PH,PH,BET,2521
2010,S,PH,PH,SKJ,74374
2010,S,PH,PH,YFT,16864
2010,S,CN,,BET,1712
2010,S,CN,,SKJ,38425
2010,S,CN,,YFT,13578
2010,S,CN,,BUM,12
2010,S,CN,,BLM,10
2010,S,EC,,BET,2512
2010,S,EC,,SKJ,6002
2010,S,EC,,YFT,2806
2010,S,EC,,BUM,7
2010,S,EC,,BLM,1
2010,S,SV,,BET,1158
2010,S,SV,,SKJ,4641
2010,S,SV,,YFT,1571
2010,S,SV,,BUM,2
2010,S,SV,,BLM,5
2010,S,TV,,BET,263
2010,S,TV,,SKJ,7708
2010,S,TV,,YFT,2583
2010,S,TV,,BUM,3
2010,S,TV,,BLM,1
2011,S,FM,,BET,1463
2011,S,FM,,SKJ,19480
2011,S,FM,,YFT,5562
2011,S,FM,,BUM,6
2011,S,FM,,BLM,6
2011,S,JP,DW,ALB,462
2011,S,JP,DW,BET,5903
2011,S,JP,DW,SKJ,151656
2011,S,JP,DW,YFT,37725
2011,S,JP,DW,PBF,8340
2011,S,JP,DW,BUM,54
2011,S,JP,DW,BLM,44
2011,S,JP,CS,ALB,18
2011,S,JP,CS,BET,1
2011,S,JP,CS,SKJ,87
2011,S,JP,CS,YFT,2
2011,S,KI,,BET,4927
2011,S,KI,,SKJ,33662
2011,S,KI,,YFT,7925
2011,S,KI,,BUM,10
2011,S,KI,,BLM,3
2011,S,KR,,BET,8409
2011,S,KR,,SKJ,153566
2011,S,KR,,YFT,45727
2011,S,KR,,BUM,51
2011,S,KR,,BLM,26
2011,S,MH,,BET,10618
2011,S,MH,,SKJ,67098
2011,S,MH,,YFT,12466
2011,S,MH,,BUM,51
2011,S,MH,,BLM,13
2011,S,NZ,,BET,428
2011,S,NZ,,SKJ,19138
2011,S,NZ,,YFT,2351
2011,S,NZ,,BLM,2
2011,S,PG,,BET,5605
2011,S,PG,,SKJ,125905
2011,S,PG,,YFT,44808
2011,S,PG,,BUM,39
2011,S,PG,,BLM,18
2011,S,PH,DW,BET,1207
2011,S,PH,DW,SKJ,52172
2011,S,PH,DW,YFT,27434
2011,S,PH,DW,BUM,199
2011,S,PH,DW,BLM,84
2011,S,SB,,BET,490
2011,S,SB,,SKJ,14484
2011,S,SB,,YFT,10587
2011,S,SB,,BUM,6
2011,S,SB,,BLM,7
2011,S,ES,,BET,7503
2011,S,ES,,SKJ,24345
2011,S,ES,,YFT,7603
2011,S,ES,,BUM,7
2011,S,ES,,BLM,12
2011,S,TW,,BET,9731
2011,S,TW,,SKJ,134973
2011,S,TW,,YFT,31231
2011,S,TW,,BUM,46
2011,S,TW,,BLM,35
2011,S,US,,BET,12551
2011,S,US,,SKJ,160142
2011,S,US,,YFT,30547
2011,S,US,,BUM,51
2011,S,US,,BLM,21
2011,S,VU,,BET,475
2011,S,VU,,SKJ,19783
2011,S,VU,,YFT,3124
2011,S,VU,,BUM,5
2011,S,VU,,BLM,8
2011,S,ID,ID,BET,1746
2011,S,ID,ID,SKJ,51139
2011,S,ID,ID,YFT,8609
2011,S,ID,ID,BUM,180
2011,S,ID,ID,BLM,137
2011,S,PH,PH,BET,1236
2011,S,PH,PH,SKJ,38157
2011,S,PH,PH,YFT,11790
2011,S,CN,,BET,4502
2011,S,CN,,SKJ,57953
2011,S,CN,,YFT,15088
2011,S,CN,,BUM,29
2011,S,CN,,BLM,8
2011,S,EC,,BET,7080
2011,S,EC,,SKJ,16913
2011,S,EC,,YFT,5191
2011,S,EC,,BUM,14
2011,S,EC,,BLM,1
2011,S,SV,,BET,2282
2011,S,SV,,SKJ,8269
2011,S,SV,,YFT,1675
2011,S,SV,,BUM,3
2011,S,SV,,BLM,1
2011,S,TV,,BET,152
2011,S,TV,,SKJ,5433
2011,S,TV,,YFT,1831
2011,S,TV,,BUM,1
2011,S,TV,,BLM,3
2000,S,VN,,BET,307
2000,S,VN,,SKJ,11525
2000,S,VN,,YFT,3534
2001,S,VN,,BET,323
2001,S,VN,,SKJ,12130
2001,S,VN,,YFT,3720
2002,S,VN,,BET,344
2002,S,VN,,SKJ,12913
2002,S,VN,,YFT,3960
2003,S,VN,,BET,342
2003,S,VN,,SKJ,12836
2003,S,VN,,YFT,3936
2004,S,VN,,BET,462
2004,S,VN,,SKJ,17312
2004,S,VN,,YFT,5309
2005,S,VN,,BET,479
2005,S,VN,,SKJ,17959
2005,S,VN,,YFT,5507
2006,S,VN,,BET,480
2006,S,VN,,SKJ,18015
2006,S,VN,,YFT,5525
2007,S,VN,,BET,495
2007,S,VN,,SKJ,18576
2007,S,VN,,YFT,5697
2008,S,VN,,BET,456
2008,S,VN,,SKJ,17100
2008,S,VN,,YFT,5244
2009,S,VN,,BET,345
2009,S,VN,,SKJ,12926
2009,S,VN,,YFT,3964
2010,S,VN,,BET,325
2010,S,VN,,SKJ,12190
2010,S,VN,,YFT,3738
2011,S,VN,,BET,688
2011,S,VN,,SKJ,18350
2011,S,VN,,YFT,3899
2012,S,FM,,BET,1993
2012,S,FM,,SKJ,28428
2012,S,FM,,YFT,5812
2012,S,FM,,BUM,9
2012,S,FM,,BLM,3
2012,S,JP,DW,ALB,4180
2012,S,JP,DW,BET,7153
2012,S,JP,DW,SKJ,185094
2012,S,JP,DW,YFT,33360
2012,S,JP,DW,PBF,2462
2012,S,JP,DW,BUM,75
2012,S,JP,DW,BLM,26
2012,S,JP,CS,ALB,13
2012,S,JP,CS,BET,1
2012,S,JP,CS,SKJ,59
2012,S,JP,CS,YFT,1
2012,S,KI,,BET,1740
2012,S,KI,,SKJ,50048
2012,S,KI,,YFT,10645
2012,S,KI,,BUM,31
2012,S,KI,,BLM,14
2012,S,KR,,BET,4378
2012,S,KR,,SKJ,200688
2012,S,KR,,YFT,57124
2012,S,KR,,BUM,89
2012,S,KR,,BLM,27
2012,S,MH,,BET,5161
2012,S,MH,,SKJ,57314
2012,S,MH,,YFT,11120
2012,S,MH,,BUM,89
2012,S,MH,,BLM,7
2012,S,NZ,,BET,455
2012,S,NZ,,SKJ,18256
2012,S,NZ,,YFT,1654
2012,S,NZ,,BUM,11
2012,S,NZ,,BLM,2
2012,S,PG,,BET,7092
2012,S,PG,,SKJ,158989
2012,S,PG,,YFT,70082
2012,S,PG,,BUM,74
2012,S,PG,,BLM,33
2012,S,PH,DW,BET,4605
2012,S,PH,DW,SKJ,62960
2012,S,PH,DW,YFT,42763
2012,S,PH,DW,BUM,55
2012,S,PH,DW,BLM,28
2012,S,SB,,BET,407
2012,S,SB,,SKJ,15080
2012,S,SB,,YFT,11013
2012,S,SB,,BUM,2
2012,S,SB,,BLM,3
2012,S,ES,,BET,6592
2012,S,ES,,SKJ,20428
2012,S,ES,,YFT,5150
2012,S,ES,,BUM,6
2012,S,ES,,BLM,2
2012,S,TW,,BET,9523
2012,S,TW,,SKJ,149928
2012,S,TW,,YFT,41201
2012,S,TW,,BUM,84
2012,S,TW,,BLM,36
2012,S,US,,BET,10708
2012,S,US,,SKJ,207192
2012,S,US,,YFT,41860
2012,S,US,,BUM,98
2012,S,US,,BLM,52
2012,S,VU,,BET,1165
2012,S,VU,,SKJ,18786
2012,S,VU,,YFT,7051
2012,S,VU,,BUM,24
2012,S,VU,,BLM,2
2012,S,ID,ID,BET,1940
2012,S,ID,ID,SKJ,69058
2012,S,ID,ID,YFT,25755
2012,S,ID,ID,BUM,250
2012,S,ID,ID,BLM,110
2012,S,PH,PH,BET,1542
2012,S,PH,PH,SKJ,39062
2012,S,PH,PH,YFT,12733
2012,S,CN,,BET,2545
2012,S,CN,,SKJ,38246
2012,S,CN,,YFT,8356
2012,S,CN,,BUM,12
2012,S,CN,,BLM,6
2012,S,EC,,BET,5532
2012,S,EC,,SKJ,14523
2012,S,EC,,YFT,3090
2012,S,EC,,BUM,4
2012,S,EC,,BLM,4
2012,S,SV,,BET,2496
2012,S,SV,,SKJ,8278
2012,S,SV,,YFT,2873
2012,S,SV,,BUM,2
2012,S,SV,,BLM,1
2012,S,VN,,BET,965
2012,S,VN,,SKJ,22638
2012,S,VN,,YFT,3336
2012,S,TV,,BET,336
2012,S,TV,,SKJ,7552
2012,S,TV,,YFT,3166
2012,S,TV,,BUM,3
2012,S,TV,,BLM,11
2013,S,FM,,BET,1559
2013,S,FM,,SKJ,21538
2013,S,FM,,YFT,4787
2013,S,FM,,BUM,9
2013,S,FM,,BLM,2
2013,S,JP,DW,ALB,1985
2013,S,JP,DW,BET,6359
2013,S,JP,DW,SKJ,175219
2013,S,JP,DW,YFT,25360
2013,S,JP,DW,PBF,2771
2013,S,JP,DW,BUM,45
2013,S,JP,DW,BLM,24
2013,S,JP,CS,ALB,3
2013,S,JP,CS,BET,1
2013,S,JP,CS,SKJ,59
2013,S,JP,CS,YFT,1
2013,S,KI,,BET,3274
2013,S,KI,,SKJ,58118
2013,S,KI,,YFT,10849
2013,S,KI,,BUM,19
2013,S,KI,,BLM,14
2013,S,KR,,BET,6598
2013,S,KR,,SKJ,178880
2013,S,KR,,YFT,40154
2013,S,KR,,BUM,54
2013,S,KR,,BLM,38
2013,S,MH,,BET,5518
2013,S,MH,,SKJ,60608
2013,S,MH,,YFT,11509
2013,S,MH,,BUM,24
2013,S,MH,,BLM,14
2013,S,NZ,,BET,457
2013,S,NZ,,SKJ,22381
2013,S,NZ,,YFT,1593
2013,S,NZ,,BUM,2
2013,S,NZ,,BLM,3
2013,S,PG,,BET,7404
2013,S,PG,,SKJ,144649
2013,S,PG,,YFT,68502
2013,S,PG,,BUM,61
2013,S,PG,,BLM,42
2013,S,PH,DW,BET,3721
2013,S,PH,DW,SKJ,41559
2013,S,PH,DW,YFT,39557
2013,S,PH,DW,BUM,144
2013,S,PH,DW,BLM,122
2013,S,SB,,BET,492
2013,S,SB,,SKJ,12617
2013,S,SB,,YFT,11660
2013,S,SB,,BUM,14
2013,S,SB,,BLM,10
2013,S,ES,,BET,8026
2013,S,ES,,SKJ,28756
2013,S,ES,,YFT,8228
2013,S,ES,,BUM,16
2013,S,ES,,BLM,15
2013,S,TW,,BET,11289
2013,S,TW,,SKJ,163786
2013,S,TW,,YFT,37405
2013,S,TW,,BUM,88
2013,S,TW,,BLM,30
2013,S,US,,BET,13067
2013,S,US,,SKJ,209677
2013,S,US,,YFT,31603
2013,S,US,,BUM,88
2013,S,US,,BLM,55
2013,S,VU,,BET,770
2013,S,VU,,SKJ,21564
2013,S,VU,,YFT,3868
2013,S,VU,,BUM,11
2013,S,VU,,BLM,6
2013,S,ID,ID,BET,4507
2013,S,ID,ID,SKJ,169398
2013,S,ID,ID,YFT,41676
2013,S,ID,ID,BUM,183
2013,S,ID,ID,BLM,133
2013,S,PH,PH,BET,979
2013,S,PH,PH,SKJ,48233
2013,S,PH,PH,YFT,14507
2013,S,PH,PH,BUM,144
2013,S,CN,,BET,3625
2013,S,CN,,SKJ,65255
2013,S,CN,,YFT,12948
2013,S,CN,,BUM,29
2013,S,CN,,BLM,12
2013,S,EC,,BET,3863
2013,S,EC,,SKJ,15257
2013,S,EC,,YFT,2322
2013,S,EC,,BUM,6
2013,S,EC,,BLM,3
2013,S,SV,,BET,1860
2013,S,SV,,SKJ,9148
2013,S,SV,,YFT,2264
2013,S,SV,,BUM,5
2013,S,SV,,BLM,3
2013,S,VN,,BET,805
2013,S,VN,,SKJ,18895
2013,S,VN,,YFT,2784
2013,S,TV,,BET,230
2013,S,TV,,SKJ,10114
2013,S,TV,,YFT,1072
2013,S,TV,,BUM,4
2013,S,TV,,BLM,3
2014,S,FM,,BET,2281
2014,S,FM,,SKJ,29372
2014,S,FM,,YFT,6422
2014,S,FM,,BUM,7
2014,S,FM,,BLM,7
2014,S,JP,DW,ALB,2009
2014,S,JP,DW,BET,6875
2014,S,JP,DW,SKJ,162472
2014,S,JP,DW,YFT,34018
2014,S,JP,DW,PBF,5456
2014,S,JP,DW,BUM,64
2014,S,JP,DW,BLM,11
2014,S,JP,CS,BET,1
2014,S,JP,CS,SKJ,63
2014,S,JP,CS,YFT,1
2014,S,JP,CS,BUM,2
2014,S,KI,,BET,5156
2014,S,KI,,SKJ,82704
2014,S,KI,,YFT,21314
2014,S,KI,,BUM,37
2014,S,KI,,BLM,18
2014,S,KR,,BET,4939
2014,S,KR,,SKJ,215639
2014,S,KR,,YFT,49469
2014,S,KR,,BUM,89
2014,S,KR,,BLM,40
2014,S,MH,,BET,4304
2014,S,MH,,SKJ,62247
2014,S,MH,,YFT,9345
2014,S,MH,,BUM,18
2014,S,MH,,BLM,13
2014,S,NZ,,BET,776
2014,S,NZ,,SKJ,17923
2014,S,NZ,,YFT,1821
2014,S,NZ,,BUM,3
2014,S,NZ,,BLM,2
2014,S,PG,,BET,7347
2014,S,PG,,SKJ,173192
2014,S,PG,,YFT,54342
2014,S,PG,,BUM,58
2014,S,PG,,BLM,44
2014,S,PH,DW,BET,5256
2014,S,PH,DW,SKJ,59920
2014,S,PH,DW,YFT,41803
2014,S,PH,DW,BUM,148
2014,S,PH,DW,BLM,71
2014,S,SB,,BET,551
2014,S,SB,,SKJ,13861
2014,S,SB,,YFT,16013
2014,S,SB,,BUM,13
2014,S,SB,,BLM,1
2014,S,ES,,BET,7142
2014,S,ES,,SKJ,28220
2014,S,ES,,YFT,5098
2014,S,ES,,BUM,13
2014,S,ES,,BLM,2
2014,S,TW,,BET,10296
2014,S,TW,,SKJ,193854
2014,S,TW,,YFT,33006
2014,S,TW,,BUM,82
2014,S,TW,,BLM,19
2014,S,TW,,MLS,2
2014,S,US,,BET,10004
2014,S,US,,SKJ,263699
2014,S,US,,YFT,39301
2014,S,US,,BUM,101
2014,S,US,,BLM,41
2014,S,VU,,BET,719
2014,S,VU,,SKJ,17264
2014,S,VU,,YFT,2532
2014,S,VU,,BUM,9
2014,S,VU,,BLM,2
2014,S,ID,ID,BET,2054
2014,S,ID,ID,SKJ,120860
2014,S,ID,ID,YFT,22040
2014,S,ID,ID,BUM,183
2014,S,ID,ID,BLM,133
2014,S,PH,PH,BET,1956
2014,S,PH,PH,SKJ,56151
2014,S,PH,PH,YFT,20046
2014,S,CN,,BET,3864
2014,S,CN,,SKJ,59149
2014,S,CN,,YFT,12711
2014,S,CN,,BUM,19
2014,S,CN,,BLM,9
2014,S,EC,,BET,3816
2014,S,EC,,SKJ,15067
2014,S,EC,,YFT,2886
2014,S,EC,,BUM,8
2014,S,EC,,BLM,3
2014,S,SV,,BET,2416
2014,S,SV,,SKJ,12074
2014,S,SV,,YFT,2989
2014,S,SV,,BUM,11
2014,S,SV,,BLM,3
2014,S,VN,,BET,1572
2014,S,VN,,SKJ,27485
2014,S,VN,,YFT,4229
2014,S,TV,,BET,105
2014,S,TV,,SKJ,5320
2014,S,TV,,YFT,518
2014,S,TV,,BUM,4
2014,S,TV,,BLM,5
2015,S,FM,,BET,2210
2015,S,FM,,SKJ,45192
2015,S,FM,,YFT,8341
2015,S,FM,,BUM,21
2015,S,FM,,BLM,5
2015,S,JP,DW,ALB,1072
2015,S,JP,DW,BET,7475
2015,S,JP,DW,SKJ,141706
2015,S,JP,DW,YFT,36662
2015,S,JP,DW,PBF,3645
2015,S,JP,DW,BUM,54
2015,S,JP,DW,BLM,6
2015,S,JP,CS,SKJ,18
2015,S,JP,CS,YFT,439
2015,S,JP,CS,BUM,2
2015,S,KI,,BET,3209
2015,S,KI,,SKJ,117614
2015,S,KI,,YFT,15874
2015,S,KI,,BUM,51
2015,S,KI,,BLM,21
2015,S,KR,,BET,6054
2015,S,KR,,SKJ,224391
2015,S,KR,,YFT,37802
2015,S,KR,,BUM,59
2015,S,KR,,BLM,34
2015,S,MH,,BET,2231
2015,S,MH,,SKJ,77536
2015,S,MH,,YFT,7103
2015,S,MH,,BUM,36
2015,S,MH,,BLM,12
2015,S,NZ,,BET,241
2015,S,NZ,,SKJ,17627
2015,S,NZ,,YFT,683
2015,S,NZ,,BUM,2
2015,S,NZ,,BLM,1
2015,S,PG,,BET,6674
2015,S,PG,,SKJ,153964
2015,S,PG,,YFT,53875
2015,S,PG,,BUM,99
2015,S,PG,,BLM,25
2015,S,PH,DW,BET,3838
2015,S,PH,DW,SKJ,40976
2015,S,PH,DW,YFT,30446
2015,S,PH,DW,BUM,98
2015,S,PH,DW,BLM,117
2015,S,SB,,BET,275
2015,S,SB,,SKJ,13202
2015,S,SB,,YFT,15316
2015,S,SB,,BUM,5
2015,S,SB,,BLM,2
2015,S,ES,,BET,3605
2015,S,ES,,SKJ,25001
2015,S,ES,,YFT,4602
2015,S,ES,,BUM,9
2015,S,ES,,BLM,3
2015,S,TW,,BET,7717
2015,S,TW,,SKJ,149865
2015,S,TW,,YFT,36667
2015,S,TW,,BUM,69
2015,S,TW,,BLM,14
2015,S,TW,,MLS,2
2015,S,US,,BET,6279
2015,S,US,,SKJ,207975
2015,S,US,,YFT,23910
2015,S,US,,BUM,98
2015,S,US,,BLM,37
2015,S,VU,,BET,158
2015,S,VU,,SKJ,7553
2015,S,VU,,YFT,634
2015,S,VU,,BUM,2
2015,S,VU,,BLM,1
2015,S,ID,ID,BET,2049
2015,S,ID,ID,SKJ,42256
2015,S,ID,ID,YFT,12057
2015,S,ID,ID,BUM,583
2015,S,ID,ID,BLM,65
2015,S,PH,PH,BET,1253
2015,S,PH,PH,SKJ,40892
2015,S,PH,PH,YFT,14816
2015,S,CN,,BET,2449
2015,S,CN,,SKJ,31306
2015,S,CN,,YFT,9481
2015,S,CN,,BUM,15
2015,S,CN,,BLM,6
2015,S,EC,,BET,1963
2015,S,EC,,SKJ,7937
2015,S,EC,,YFT,1477
2015,S,EC,,BUM,2
2015,S,SV,,BET,1876
2015,S,SV,,SKJ,11065
2015,S,SV,,YFT,2360
2015,S,SV,,BUM,5
2015,S,VN,,BET,1394
2015,S,VN,,SKJ,32691
2015,S,VN,,YFT,4817
2015,S,VN,,MLS,20
2015,S,VN,,SWO,20
2015,S,TV,,BET,20
2015,S,TV,,SKJ,4370
2015,S,TV,,YFT,196
2015,S,TV,,BUM,8
2015,S,TV,,BLM,1
2016,S,FM,,BET,4146
2016,S,FM,,SKJ,56639
2016,S,FM,,YFT,10926
2016,S,KI,,BET,9319
2016,S,KI,,SKJ,132395
2016,S,KI,,YFT,23272
2016,S,KI,,BUM,34
2016,S,KI,,BLM,10
2016,S,KI,,MLS,19
2016,S,KI,,SWO,2
2016,S,KR,,BET,7899
2016,S,KR,,SKJ,225586
2016,S,KR,,YFT,44969
2016,S,KR,,BUM,42
2016,S,KR,,BLM,12
2016,S,MH,,BET,2211
2016,S,MH,,SKJ,50006
2016,S,MH,,YFT,8688
2016,S,MH,,BUM,12
2016,S,MH,,BLM,12
2016,S,MH,,MLS,2
2016,S,MH,,SWO,1
2016,S,MH,,RHN,22
2016,S,NZ,,BET,98
2016,S,NZ,,SKJ,10765
2016,S,NZ,,YFT,400
2016,S,NZ,,BUM,1
2016,S,PG,,ALB,10
2016,S,PG,,BET,11668
2016,S,PG,,SKJ,200244
2016,S,PG,,YFT,89875
2016,S,PG,,BUM,57
2016,S,PG,,BLM,23
2016,S,PG,,MLS,8
2016,S,PG,,SWO,5
2016,S,PG,,RHN,61
2016,S,PH,DW,BET,2404
2016,S,PH,DW,SKJ,40423
2016,S,PH,DW,YFT,28567
2016,S,PH,DW,BUM,120
2016,S,PH,DW,BLM,80
2016,S,SB,,BET,870
2016,S,SB,,SKJ,31379
2016,S,SB,,YFT,23820
2016,S,SB,,BUM,6
2016,S,SB,,BLM,12
2016,S,SB,,MLS,1
2016,S,SB,,SWO,12
2016,S,ES,,BET,2007
2016,S,ES,,SKJ,6136
2016,S,ES,,YFT,556
2016,S,TW,,BET,8255
2016,S,TW,,SKJ,135074
2016,S,TW,,YFT,45059
2016,S,TW,,BUM,12
2016,S,TW,,BLM,8
2016,S,TW,,MLS,1
2016,S,US,,BET,9911
2016,S,US,,SKJ,163470
2016,S,US,,YFT,27771
2016,S,US,,BUM,47
2016,S,US,,BLM,17
2016,S,VU,,BET,396
2016,S,VU,,SKJ,3808
2016,S,VU,,YFT,190
2016,S,VU,,BUM,3
2016,S,ID,ID,BET,3178
2016,S,ID,ID,SKJ,90458
2016,S,ID,ID,YFT,33328
2016,S,ID,ID,BUM,471
2016,S,ID,ID,BLM,129
2016,S,PH,PH,BET,1342
2016,S,PH,PH,SKJ,38802
2016,S,PH,PH,YFT,18146
2016,S,CN,,BET,194
2016,S,CN,,SKJ,9070
2016,S,CN,,YFT,3045
2016,S,CN,,BUM,16
2016,S,CN,,BLM,15
2016,S,EC,,BET,697
2016,S,EC,,SKJ,2605
2016,S,EC,,YFT,623
2016,S,EC,,BUM,2
2016,S,SV,,BET,1007
2016,S,SV,,SKJ,5562
2016,S,SV,,YFT,734
2016,S,VN,,BET,2081
2016,S,VN,,SKJ,48823
2016,S,VN,,YFT,7195
2016,S,VN,,BUM,47
2016,S,VN,,BLM,53
2016,S,VN,,MLS,20
2016,S,VN,,SWO,20
2016,S,TV,,BET,277
2016,S,TV,,SKJ,5066
2016,S,TV,,YFT,704
2016,S,TV,,BUM,3
2017,S,FM,,BET,3404
2017,S,FM,,SKJ,66446
2017,S,FM,,YFT,15914
2017,S,FM,,BUM,22
2017,S,FM,,BLM,10
2017,S,FM,,MLS,2
2017,S,FM,,SWO,1
2017,S,KI,,BET,7514
2017,S,KI,,SKJ,122430
2017,S,KI,,YFT,23690
2017,S,KI,,BUM,18
2017,S,KI,,BLM,12
2017,S,KI,,MLS,19
2017,S,KI,,SWO,1
2017,S,KR,,BET,6575
2017,S,KR,,SKJ,184145
2017,S,KR,,YFT,56111
2017,S,MH,,BET,4942
2017,S,MH,,SKJ,48353
2017,S,MH,,YFT,11490
2017,S,MH,,BUM,21
2017,S,MH,,BLM,11
2017,S,MH,,MLS,2
2017,S,MH,,RHN,22
2017,S,NZ,,BET,129
2017,S,NZ,,SKJ,7445
2017,S,NZ,,YFT,487
2017,S,PG,,ALB,10
2017,S,PG,,BET,8956
2017,S,PG,,SKJ,180976
2017,S,PG,,YFT,116561
2017,S,PG,,BUM,69
2017,S,PG,,BLM,31
2017,S,PG,,MLS,7
2017,S,PG,,SWO,1
2017,S,PG,,RHN,4
2017,S,PH,DW,BET,840
2017,S,PH,DW,SKJ,15079
2017,S,PH,DW,YFT,14092
2017,S,PH,DW,BUM,134
2017,S,PH,DW,BLM,116
2017,S,SB,,BET,668
2017,S,SB,,SKJ,27037
2017,S,SB,,YFT,18006
2017,S,SB,,BLM,3
2017,S,SB,,MLS,2
2017,S,ES,,BET,3458
2017,S,ES,,SKJ,7573
2017,S,ES,,YFT,693
2017,S,TW,,BET,5501
2017,S,TW,,SKJ,119631
2017,S,TW,,YFT,43826
2017,S,TW,,BUM,1
2017,S,TW,,BLM,1
2017,S,US,,BET,8196
2017,S,US,,SKJ,126053
2017,S,US,,YFT,30885
2017,S,US,,BUM,4
2017,S,US,,BLM,2
2017,S,VU,,BET,1041
2017,S,VU,,SKJ,4370
2017,S,VU,,YFT,1434
2017,S,ID,ID,BET,1071
2017,S,ID,ID,SKJ,117832
2017,S,ID,ID,YFT,89992
2017,S,ID,ID,BUM,183
2017,S,ID,ID,BLM,133
2017,S,PH,PH,BET,1770
2017,S,PH,PH,SKJ,43256
2017,S,PH,PH,YFT,22973
2017,S,CN,,BET,868
2017,S,CN,,SKJ,11066
2017,S,CN,,YFT,3541
2017,S,EC,,BET,3476
2017,S,EC,,SKJ,8547
2017,S,EC,,YFT,1548
2017,S,SV,,BET,807
2017,S,SV,,SKJ,2920
2017,S,SV,,YFT,591
2017,S,VN,,ALB,1
2017,S,VN,,BET,2508
2017,S,VN,,SKJ,46014
2017,S,VN,,YFT,6170
2017,S,VN,,BUM,47
2017,S,VN,,BLM,53
2017,S,VN,,MLS,8
2017,S,VN,,SWO,8
2017,S,TV,,BET,228
2017,S,TV,,SKJ,3551
2017,S,TV,,YFT,1862
2018,S,FM,,ALB,1
2018,S,FM,,BET,3333
2018,S,FM,,SKJ,97477
2018,S,FM,,YFT,18227
2018,S,FM,,BUM,31
2018,S,FM,,BLM,5
2018,S,FM,,MLS,1
2018,S,FM,,RHN,1
2018,S,KI,,BET,11482
2018,S,KI,,SKJ,153252
2018,S,KI,,YFT,24698
2018,S,KI,,BUM,27
2018,S,KI,,BLM,7
2018,S,KI,,MLS,5
2018,S,KI,,RHN,4
2018,S,KR,,ALB,2
2018,S,KR,,BET,10064
2018,S,KR,,SKJ,219158
2018,S,KR,,YFT,38325
2018,S,KR,,BLM,2
2018,S,KR,,MLS,2
2018,S,MH,,BET,3553
2018,S,MH,,SKJ,60310
2018,S,MH,,YFT,9544
2018,S,MH,,BUM,12
2018,S,MH,,BLM,2
2018,S,MH,,MLS,3
2018,S,MH,,SWO,1
2018,S,NZ,,BET,124
2018,S,NZ,,SKJ,5615
2018,S,NZ,,YFT,1076
2018,S,NZ,,BLM,17
2018,S,PG,,ALB,17
2018,S,PG,,BET,7821
2018,S,PG,,SKJ,211695
2018,S,PG,,YFT,91983
2018,S,PG,,BUM,69
2018,S,PG,,BLM,18
2018,S,PG,,MLS,5
2018,S,PG,,RHN,55
2018,S,PH,DW,BET,142
2018,S,PH,DW,SKJ,7189
2018,S,PH,DW,YFT,4060
2018,S,PH,DW,BUM,134
2018,S,PH,DW,BLM,116
2018,S,SB,,BET,790
2018,S,SB,,SKJ,34401
2018,S,SB,,YFT,17687
2018,S,SB,,BUM,12
2018,S,SB,,BLM,3
2018,S,SB,,MLS,1
2018,S,SB,,SWO,2
2018,S,ES,,BET,1811
2018,S,ES,,SKJ,7687
2018,S,ES,,YFT,930
2018,S,TW,,BET,6675
2018,S,TW,,SKJ,160135
2018,S,TW,,YFT,29627
2018,S,TW,,BUM,56
2018,S,TW,,BLM,19
2018,S,TW,,MLS,7
2018,S,TW,,SWO,1
2018,S,US,,ALB,3
2018,S,US,,BET,11538
2018,S,US,,SKJ,154743
2018,S,US,,YFT,31167
2018,S,US,,BUM,58
2018,S,US,,BLM,22
2018,S,US,,MLS,10
2018,S,US,,RHN,6
2018,S,VU,,BET,347
2018,S,VU,,SKJ,10298
2018,S,VU,,YFT,1880
2018,S,VU,,BUM,19
2018,S,ID,ID,BET,1308
2018,S,ID,ID,SKJ,67665
2018,S,ID,ID,YFT,39761
2018,S,ID,ID,BUM,183
2018,S,ID,ID,BLM,133
2018,S,PH,PH,BET,2399
2018,S,PH,PH,SKJ,28779
2018,S,PH,PH,YFT,11812
2018,S,CN,,BET,621
2018,S,CN,,SKJ,12129
2018,S,CN,,YFT,2073
2018,S,EC,,BET,4556
2018,S,EC,,SKJ,16304
2018,S,EC,,YFT,1585
2018,S,SV,,BET,600
2018,S,SV,,SKJ,3056
2018,S,SV,,YFT,360
2018,S,VN,,ALB,1
2018,S,VN,,BET,2440
2018,S,VN,,SKJ,57232
2018,S,VN,,YFT,8434
2018,S,VN,,BUM,47
2018,S,VN,,BLM,53
2018,S,VN,,MLS,8
2018,S,VN,,SWO,8
2018,S,TV,,BET,919
2018,S,TV,,SKJ,8654
2018,S,TV,,YFT,1563
2018,S,TV,,BUM,7
2018,S,TV,,MLS,1
2018,S,NR,,BET,152
2018,S,NR,,SKJ,6649
2018,S,NR,,YFT,2080
2018,S,NR,,BUM,4
2018,S,NR,,SWO,2
2019,S,FM,,BET,5156
2019,S,FM,,SKJ,127864
2019,S,FM,,YFT,26249
2019,S,FM,,BUM,33
2019,S,FM,,BLM,5
2019,S,FM,,MLS,5
2019,S,KI,,ALB,5
2019,S,KI,,BET,7054
2019,S,KI,,SKJ,194482
2019,S,KI,,YFT,26241
2019,S,KI,,BUM,23
2019,S,KI,,BLM,11
2019,S,KI,,MLS,5
2019,S,KI,,RHN,1
2019,S,KR,,ALB,2
2019,S,KR,,BET,5008
2019,S,KR,,SKJ,274049
2019,S,KR,,YFT,35760
2019,S,KR,,BLM,2
2019,S,KR,,MLS,2
2019,S,MH,,ALB,46
2019,S,MH,,BET,2710
2019,S,MH,,SKJ,76777
2019,S,MH,,YFT,16062
2019,S,MH,,BUM,9
2019,S,MH,,BLM,2
2019,S,MH,,SWO,16
2019,S,NZ,,BET,183
2019,S,NZ,,SKJ,9299
2019,S,NZ,,YFT,426
2019,S,NZ,,BLM,17
2019,S,PG,,BET,4220
2019,S,PG,,SKJ,194396
2019,S,PG,,YFT,66773
2019,S,PG,,BUM,55
2019,S,PG,,BLM,17
2019,S,PG,,MLS,7
2019,S,PG,,SWO,1
2019,S,PG,,RHN,367
2019,S,PH,DW,BET,49
2019,S,PH,DW,SKJ,4162
2019,S,PH,DW,YFT,2489
2019,S,PH,DW,BUM,134
2019,S,PH,DW,BLM,116
2019,S,SB,,ALB,2
2019,S,SB,,BET,533
2019,S,SB,,SKJ,40355
2019,S,SB,,YFT,16088
2019,S,SB,,BUM,11
2019,S,SB,,BLM,4
2019,S,SB,,MLS,1
2019,S,ES,,BET,993
2019,S,ES,,SKJ,7805
2019,S,ES,,YFT,1136
2019,S,TW,,BET,5813
2019,S,TW,,SKJ,196111
2019,S,TW,,YFT,38743
2019,S,TW,,BUM,8
2019,S,TW,,BLM,1
2019,S,US,,BET,5771
2019,S,US,,SKJ,137368
2019,S,US,,YFT,22564
2019,S,US,,BUM,24
2019,S,US,,BLM,12
2019,S,US,,MLS,5
2019,S,US,,RHN,2
2019,S,VU,,BET,1128
2019,S,VU,,SKJ,30060
2019,S,VU,,YFT,3209
2019,S,VU,,RHN,12
2019,S,ID,ID,BET,1391
2019,S,ID,ID,SKJ,112693
2019,S,ID,ID,YFT,25043
2019,S,ID,ID,BUM,183
2019,S,ID,ID,BLM,12
2019,S,PH,PH,BET,2889
2019,S,PH,PH,SKJ,54091
2019,S,PH,PH,YFT,14714
2019,S,EC,,BET,3859
2019,S,EC,,SKJ,18559
2019,S,EC,,YFT,2717
2019,S,EC,,BLM,1
2019,S,SV,,BET,417
2019,S,SV,,SKJ,2191
2019,S,SV,,YFT,331
2019,S,VN,,ALB,1
2019,S,VN,,BET,676
2019,S,VN,,SKJ,55380
2019,S,VN,,YFT,4247
2019,S,VN,,BUM,47
2019,S,VN,,BLM,53
2019,S,VN,,MLS,8
2019,S,VN,,SWO,8
2019,S,TV,,BET,113
2019,S,TV,,SKJ,6075
2019,S,TV,,YFT,587
2019,S,TV,,BLM,2
2019,S,NR,,ALB,46
2019,S,NR,,BET,440
2019,S,NR,,SKJ,29999
2019,S,NR,,YFT,2765
2019,S,NR,,BUM,3
2019,S,NR,,BLM,1
2019,S,NR,,SWO,16
2019,S,CK,,BET,332
2019,S,CK,,SKJ,1715
2019,S,CK,,YFT,121
2017,S,JP,DW,ALB,2645
2017,S,JP,DW,BET,4857
2017,S,JP,DW,SKJ,120121
2017,S,JP,DW,YFT,40264
2017,S,JP,DW,PBF,4540
2017,S,JP,DW,BUM,59
2017,S,JP,DW,BLM,7
2017,S,JP,CS,BET,1
2017,S,JP,CS,SKJ,467
2017,S,JP,CS,YFT,376
2017,S,JP,CS,BUM,1
2016,S,JP,DW,ALB,3679
2016,S,JP,DW,BET,6094
2016,S,JP,DW,SKJ,119999
2016,S,JP,DW,YFT,40495
2016,S,JP,DW,PBF,5095
2016,S,JP,DW,BUM,60
2016,S,JP,DW,BLM,11
2016,S,JP,CS,BET,2
2016,S,JP,CS,SKJ,62
2016,S,JP,CS,YFT,342
2016,S,JP,CS,BUM,2
2018,S,JP,DW,ALB,3000
2018,S,JP,DW,BET,6773
2018,S,JP,DW,SKJ,127716
2018,S,JP,DW,YFT,42648
2018,S,JP,DW,PBF,4049
2018,S,JP,DW,BUM,59
2018,S,JP,DW,BLM,7
2018,S,JP,CS,SKJ,57
2018,S,JP,CS,YFT,144
2018,S,JP,CS,BUM,1
2019,S,JP,DW,ALB,1045
2019,S,JP,DW,BET,3346
2019,S,JP,DW,SKJ,129499
2019,S,JP,DW,YFT,37128
2019,S,JP,DW,PBF,4464
2019,S,JP,DW,BUM,59
2019,S,JP,DW,BLM,7
2019,S,JP,CS,SKJ,102
2019,S,JP,CS,YFT,482
2019,S,JP,CS,BUM,1
2019,S,JP,CS,BLM,1
2020,S,FM,,BET,7845
2020,S,FM,,SKJ,137960
2020,S,FM,,YFT,32100
2020,S,FM,,BUM,12
2020,S,FM,,BLM,2
2020,S,FM,,MLS,1
2020,S,FM,,RHN,1
2020,S,JP,DW,ALB,5961
2020,S,JP,DW,BET,4425
2020,S,JP,DW,SKJ,117451
2020,S,JP,DW,YFT,33885
2020,S,JP,DW,PBF,3960
2020,S,JP,DW,BUM,59
2020,S,JP,DW,BLM,7
2020,S,JP,CS,SKJ,146
2020,S,JP,CS,YFT,1014
2020,S,JP,CS,BUM,1
2020,S,JP,CS,BLM,1
2020,S,KI,,BET,11017
2020,S,KI,,SKJ,161043
2020,S,KI,,YFT,28316
2020,S,KI,,BUM,29
2020,S,KI,,BLM,15
2020,S,KI,,MLS,1
2020,S,KI,,RHN,4
2020,S,KR,,ALB,2
2020,S,KR,,BET,6837
2020,S,KR,,SKJ,201822
2020,S,KR,,YFT,43652
2020,S,KR,,BLM,2
2020,S,KR,,MLS,2
2020,S,MH,,BET,3797
2020,S,MH,,SKJ,69045
2020,S,MH,,YFT,10855
2020,S,MH,,BUM,10
2020,S,MH,,BLM,8
2020,S,MH,,MLS,6
2020,S,MH,,RHN,11
2020,S,NZ,,ALB,1
2020,S,NZ,,BET,14
2020,S,NZ,,SKJ,6565
2020,S,NZ,,YFT,51
2020,S,NZ,,BUM,30
2020,S,NZ,,BLM,17
2020,S,PG,,ALB,4
2020,S,PG,,BET,2870
2020,S,PG,,SKJ,109989
2020,S,PG,,YFT,85458
2020,S,PG,,BUM,36
2020,S,PG,,BLM,2
2020,S,PG,,MLS,2
2020,S,PG,,RHN,11
2020,S,PH,DW,BET,380
2020,S,PH,DW,SKJ,13963
2020,S,PH,DW,YFT,13819
2020,S,PH,DW,BUM,134
2020,S,PH,DW,BLM,116
2020,S,SB,,BET,308
2020,S,SB,,SKJ,20191
2020,S,SB,,YFT,13003
2020,S,SB,,BUM,5
2020,S,ES,,BET,1614
2020,S,ES,,SKJ,7382
2020,S,ES,,YFT,1759
2020,S,TW,,BET,8898
2020,S,TW,,SKJ,134380
2020,S,TW,,YFT,33240
2020,S,US,,BET,11299
2020,S,US,,SKJ,111087
2020,S,US,,YFT,14820
2020,S,US,,BUM,24
2020,S,US,,BLM,12
2020,S,US,,MLS,5
2020,S,VU,,BET,2483
2020,S,VU,,SKJ,36189
2020,S,VU,,YFT,7700
2020,S,VU,,BUM,7
2020,S,VU,,BLM,7
2020,S,VU,,MLS,2
2020,S,ID,ID,BET,1622
2020,S,ID,ID,SKJ,70725
2020,S,ID,ID,YFT,30417
2020,S,ID,ID,BUM,183
2020,S,ID,ID,BLM,242
2020,S,PH,PH,BET,1024
2020,S,PH,PH,SKJ,65522
2020,S,PH,PH,YFT,24921
2020,S,EC,,BET,3047
2020,S,EC,,SKJ,9184
2020,S,EC,,YFT,1928
2020,S,EC,,BLM,2
2020,S,EC,,RHN,1
2020,S,SV,,BET,757
2020,S,SV,,SKJ,2373
2020,S,SV,,YFT,506
2020,S,VN,,ALB,374
2020,S,VN,,BET,691
2020,S,VN,,SKJ,52334
2020,S,VN,,YFT,2994
2020,S,VN,,BUM,52
2020,S,VN,,BLM,3
2020,S,VN,,SWO,12
2020,S,TV,,BET,614
2020,S,TV,,SKJ,8384
2020,S,TV,,YFT,805
2020,S,TV,,BLM,3
2020,S,NR,,BET,3444
2020,S,NR,,SKJ,70893
2020,S,NR,,YFT,17762
2020,S,NR,,BUM,27
2020,S,NR,,BLM,4
2020,S,NR,,MLS,2
2020,S,NR,,RHN,1
2020,S,CK,,BET,54
2020,S,CK,,SKJ,256
2020,S,CK,,YFT,39
2021,S,FM,,BET,6121
2021,S,FM,,SKJ,115942
2021,S,FM,,YFT,28256
2021,S,FM,,BUM,32
2021,S,FM,,BLM,8
2021,S,FM,,MLS,2
2021,S,FM,,RHN,15
2021,S,KI,,BET,8532
2021,S,KI,,SKJ,145429
2021,S,KI,,YFT,27200
2021,S,KI,,BUM,12
2021,S,KI,,BLM,7
2021,S,KI,,RHN,2
2021,S,KR,,BET,5446
2021,S,KR,,SKJ,177962
2021,S,KR,,YFT,46845
2021,S,KR,,BLM,2
2021,S,MH,,BET,4470
2021,S,MH,,SKJ,74004
2021,S,MH,,YFT,12552
2021,S,MH,,BUM,11
2021,S,MH,,BLM,8
2021,S,MH,,MLS,5
2021,S,NZ,,SKJ,4911
2021,S,PG,,ALB,7
2021,S,PG,,BET,3447
2021,S,PG,,SKJ,102389
2021,S,PG,,YFT,63498
2021,S,PG,,BUM,38
2021,S,PG,,BLM,12
2021,S,PG,,MLS,1
2021,S,PG,,RHN,11
2021,S,SB,,BET,250
2021,S,SB,,SKJ,26143
2021,S,SB,,YFT,15974
2021,S,SB,,BUM,5
2021,S,SB,,BLM,2
2021,S,SB,,MLS,1
2021,S,ES,,BET,2454
2021,S,ES,,SKJ,8712
2021,S,ES,,YFT,2179
2021,S,ID,ID,BET,975
2021,S,ID,ID,SKJ,111890
2021,S,ID,ID,YFT,43875
2021,S,ID,ID,BUM,183
2021,S,ID,ID,BLM,242
2021,S,ID,ID,SWO,105
2021,S,PH,PH,BET,668
2021,S,PH,PH,SKJ,50136
2021,S,PH,PH,YFT,25350
2021,S,SV,,BET,865
2021,S,SV,,SKJ,3202
2021,S,SV,,YFT,975
2021,S,VN,,ALB,374
2021,S,VN,,BET,725
2021,S,VN,,SKJ,50836
2021,S,VN,,YFT,2670
2021,S,VN,,BUM,224
2021,S,VN,,BLM,13
2021,S,VN,,SWO,52
2021,S,TV,,BET,809
2021,S,TV,,SKJ,23898
2021,S,TV,,YFT,4931
2021,S,TV,,BUM,3
2021,S,NR,,BET,4381
2021,S,NR,,SKJ,86974
2021,S,NR,,YFT,28738
2021,S,NR,,BUM,42
2021,S,NR,,BLM,6
2021,S,NR,,MLS,6
2021,S,NR,,RHN,1
2021,S,CK,,BET,457
2021,S,CK,,SKJ,3010
2021,S,CK,,YFT,304
2022,S,FM,,BET,6363
2022,S,FM,,SKJ,128146
2022,S,FM,,YFT,27903
2022,S,FM,,BUM,9
2022,S,FM,,MLS,1
2023,S,FM,,BET,2726
2023,S,FM,,SKJ,114578
2023,S,FM,,YFT,29894
2023,S,FM,,BUM,33
2023,S,FM,,BLM,7
2023,S,FM,,MLS,2
2023,S,FM,,RHN,18
2021,S,JP,DW,ALB,180
2021,S,JP,DW,BET,4108
2021,S,JP,DW,SKJ,137998
2021,S,JP,DW,YFT,34424
2021,S,JP,DW,PBF,4198
2021,S,JP,DW,BUM,59
2021,S,JP,DW,BLM,7
2021,S,JP,CS,SKJ,400
2021,S,JP,CS,YFT,702
2021,S,JP,CS,BUM,1
2021,S,TW,,BET,7979
2021,S,TW,,SKJ,160791
2021,S,TW,,YFT,46910
2021,S,TW,,BUM,2
2021,S,TW,,BLM,31
2021,S,US,,BET,5305
2021,S,US,,SKJ,37731
2021,S,US,,YFT,7436
2021,S,US,,BUM,2
2021,S,US,,BLM,1
2021,S,VU,,BET,1471
2021,S,VU,,SKJ,34829
2021,S,VU,,YFT,8945
2021,S,VU,,BUM,5
2021,S,VU,,BLM,7
2021,S,VU,,MLS,2
2021,S,EC,,BET,3728
2021,S,EC,,SKJ,9769
2021,S,EC,,YFT,2734
2021,S,EC,,BUM,1
2022,S,KI,,BET,7935
2022,S,KI,,SKJ,156810
2022,S,KI,,YFT,22931
2022,S,KI,,BUM,36
2022,S,KI,,BLM,4
2022,S,KR,,BET,4761
2022,S,KR,,SKJ,183602
2022,S,KR,,YFT,39454
2022,S,KR,,BLM,2
2022,S,MH,,BET,4136
2022,S,MH,,SKJ,71321
2022,S,MH,,YFT,10548
2022,S,MH,,BUM,7
2022,S,MH,,BLM,20
2022,S,MH,,MLS,12
2022,S,NZ,,SKJ,928
2022,S,PG,,BET,2271
2022,S,PG,,SKJ,132359
2022,S,PG,,YFT,81077
2022,S,PG,,BUM,21
2022,S,PG,,BLM,6
2022,S,PG,,MLS,1
2022,S,PG,,RHN,48
2022,S,SB,,ALB,1
2022,S,SB,,BET,362
2022,S,SB,,SKJ,25678
2022,S,SB,,YFT,11036
2022,S,SB,,BUM,4
2022,S,SB,,BLM,3
2022,S,SB,,MLS,1
2022,S,ES,,BET,3669
2022,S,ES,,SKJ,10659
2022,S,ES,,YFT,3250
2022,S,ID,ID,BET,2056
2022,S,ID,ID,SKJ,108308
2022,S,ID,ID,YFT,28416
2022,S,ID,ID,BUM,183
2022,S,ID,ID,BLM,242
2022,S,ID,ID,SWO,105
2022,S,PH,PH,BET,454
2022,S,PH,PH,SKJ,42615
2022,S,PH,PH,YFT,19926
2022,S,SV,,BET,751
2022,S,SV,,SKJ,2290
2022,S,SV,,YFT,829
2022,S,VN,,BET,582
2022,S,VN,,SKJ,66183
2022,S,VN,,YFT,5386
2022,S,VN,,BUM,200
2022,S,VN,,BLM,12
2022,S,VN,,SWO,46
2022,S,TV,,BET,1102
2022,S,TV,,SKJ,33798
2022,S,TV,,YFT,6521
2022,S,TV,,BUM,15
2022,S,TV,,BLM,7
2022,S,NR,,BET,3438
2022,S,NR,,SKJ,83148
2022,S,NR,,YFT,19852
2022,S,NR,,BUM,26
2022,S,NR,,MLS,2
2022,S,CK,,BET,560
2022,S,CK,,SKJ,3814
2022,S,CK,,YFT,273
2022,S,JP,DW,ALB,180
2022,S,JP,DW,BET,3857
2022,S,JP,DW,SKJ,111650
2022,S,JP,DW,YFT,28937
2022,S,JP,DW,PBF,4702
2022,S,JP,DW,BUM,59
2022,S,JP,DW,BLM,7
2022,S,JP,CS,SKJ,400
2022,S,JP,CS,YFT,702
2022,S,JP,CS,BUM,1
2022,S,TW,,BET,8416
2022,S,TW,,SKJ,167091
2022,S,TW,,YFT,35701
2022,S,TW,,BUM,2
2022,S,TW,,BLM,7
2022,S,US,,BET,6375
2022,S,US,,SKJ,40381
2022,S,US,,YFT,8944
2022,S,US,,BUM,3
2022,S,VU,,BET,1686
2022,S,VU,,SKJ,53505
2022,S,VU,,YFT,13305
2022,S,VU,,BUM,7
2022,S,VU,,BLM,9
2022,S,VU,,MLS,2
2022,S,CN,,BET,361
2022,S,CN,,SKJ,7242
2022,S,CN,,YFT,1088
2022,S,EC,,BET,5510
2022,S,EC,,SKJ,11888
2022,S,EC,,YFT,3837
1950,P,JP,DW,ALB,12863
1950,P,JP,DW,BET,646
1950,P,JP,DW,SKJ,33386
1950,P,JP,DW,YFT,799
1951,P,JP,DW,ALB,14500
1951,P,JP,DW,BET,729
1951,P,JP,DW,SKJ,96214
1951,P,JP,DW,YFT,900
1952,P,JP,DW,ALB,41787
1952,P,JP,DW,BET,2100
1952,P,JP,DW,SKJ,78518
1952,P,JP,DW,YFT,2595
1953,P,JP,DW,ALB,32921
1953,P,JP,DW,BET,2400
1953,P,JP,DW,SKJ,65546
1953,P,JP,DW,YFT,5228
1954,P,JP,DW,ALB,28069
1954,P,JP,DW,BET,2100
1954,P,JP,DW,SKJ,88073
1954,P,JP,DW,YFT,4268
1955,P,JP,DW,ALB,24236
1955,P,JP,DW,BET,4000
1955,P,JP,DW,SKJ,92524
1955,P,JP,DW,YFT,3983
1956,P,JP,DW,ALB,42810
1956,P,JP,DW,BET,4400
1956,P,JP,DW,SKJ,91950
1956,P,JP,DW,YFT,4399
1957,P,JP,DW,ALB,49500
1957,P,JP,DW,BET,5200
1957,P,JP,DW,SKJ,92156
1957,P,JP,DW,YFT,1669
1958,P,JP,DW,ALB,22175
1958,P,JP,DW,BET,4200
1958,P,JP,DW,SKJ,131441
1958,P,JP,DW,YFT,2934
1959,P,JP,DW,ALB,14252
1959,P,JP,DW,BET,1700
1959,P,JP,DW,SKJ,145447
1959,P,JP,DW,YFT,4119
1960,P,JP,DW,ALB,25156
1960,P,JP,DW,BET,1500
1960,P,JP,DW,SKJ,70428
1960,P,JP,DW,YFT,1872
1961,P,JP,DW,ALB,18639
1961,P,JP,DW,BET,1800
1961,P,JP,DW,SKJ,127011
1961,P,JP,DW,YFT,3259
1962,P,JP,DW,ALB,8729
1962,P,JP,DW,BET,800
1962,P,JP,DW,SKJ,152387
1962,P,JP,DW,YFT,4225
1963,P,JP,DW,ALB,26420
1963,P,JP,DW,BET,1800
1963,P,JP,DW,SKJ,94757
1963,P,JP,DW,YFT,2071
1964,P,JP,DW,ALB,23858
1964,P,JP,DW,BET,1143
1964,P,JP,DW,SKJ,136081
1964,P,JP,DW,YFT,4933
1964,P,PW,,SKJ,1025
1964,P,PW,,YFT,141
1965,P,JP,DW,ALB,41491
1965,P,JP,DW,BET,1254
1965,P,JP,DW,SKJ,127436
1965,P,JP,DW,YFT,3261
1965,P,PW,,SKJ,2497
1965,P,PW,,YFT,173
1966,P,JP,DW,ALB,22830
1966,P,JP,DW,BET,1108
1966,P,JP,DW,SKJ,212985
1966,P,JP,DW,YFT,2121
1966,P,PW,,SKJ,2615
1966,P,PW,,YFT,71
1967,P,JP,DW,ALB,30481
1967,P,JP,DW,BET,2803
1967,P,JP,DW,SKJ,165492
1967,P,JP,DW,YFT,3073
1967,P,PW,,SKJ,3354
1967,P,PW,,YFT,52
1968,P,JP,DW,ALB,16597
1968,P,JP,DW,BET,2272
1968,P,JP,DW,SKJ,157340
1968,P,JP,DW,YFT,2689
1968,P,PW,,SKJ,5039
1968,P,PW,,YFT,17
1969,P,JP,CS,ALB,236
1969,P,JP,CS,BET,1675
1969,P,JP,CS,SKJ,7872
1969,P,JP,CS,YFT,2581
1969,P,JP,CS,PBF,209
1969,P,JP,DW,ALB,31912
1969,P,JP,DW,BET,1675
1969,P,JP,DW,SKJ,155583
1969,P,JP,DW,YFT,2452
1969,P,JP,DW,PBF,513
1969,P,PW,,SKJ,4629
1969,P,PW,,YFT,133
1970,P,AU,,ALB,100
1970,P,JP,CS,ALB,122
1970,P,JP,CS,BET,1589
1970,P,JP,CS,SKJ,6237
1970,P,JP,CS,YFT,2048
1970,P,JP,CS,PBF,111
1970,P,JP,DW,ALB,24263
1970,P,JP,DW,BET,1589
1970,P,JP,DW,SKJ,181201
1970,P,JP,DW,YFT,2465
1970,P,JP,DW,PBF,612
1970,P,PG,,SKJ,2354
1970,P,PG,,YFT,74
1970,P,PW,,SKJ,8081
1970,P,PW,,YFT,1
1970,P,US,HW,YFT,18
1971,P,AU,,ALB,100
1971,P,JP,CS,ALB,394
1971,P,JP,CS,BET,931
1971,P,JP,CS,SKJ,5041
1971,P,JP,CS,YFT,2570
1971,P,JP,CS,PBF,99
1971,P,JP,DW,ALB,52957
1971,P,JP,DW,BET,931
1971,P,JP,DW,SKJ,152339
1971,P,JP,DW,YFT,2393
1971,P,JP,DW,PBF,839
1971,P,PG,,SKJ,16862
1971,P,PG,,YFT,112
1971,P,PW,,SKJ,2133
1971,P,PW,,YFT,10
1971,P,SB,,SKJ,4570
1971,P,SB,,YFT,141
1971,P,US,HW,YFT,22
1972,P,AU,,ALB,100
1972,P,JP,CS,ALB,570
1972,P,JP,CS,BET,135
1972,P,JP,CS,SKJ,10935
1972,P,JP,CS,YFT,258
1972,P,JP,CS,PBF,310
1972,P,JP,DW,ALB,60021
1972,P,JP,DW,BET,1627
1972,P,JP,DW,SKJ,140976
1972,P,JP,DW,YFT,5544
1972,P,JP,DW,PBF,634
1972,P,PG,,SKJ,11785
1972,P,PG,,YFT,1345
1972,P,PW,,SKJ,1463
1972,P,PW,,YFT,56
1972,P,SB,,SKJ,7668
1972,P,SB,,YFT,237
1972,P,US,HW,YFT,25
1973,P,AU,,ALB,100
1973,P,JP,CS,ALB,761
1973,P,JP,CS,BET,109
1973,P,JP,CS,SKJ,7902
1973,P,JP,CS,YFT,234
1973,P,JP,CS,PBF,403
1973,P,JP,DW,ALB,68047
1973,P,JP,DW,BET,1149
1973,P,JP,DW,SKJ,209388
1973,P,JP,DW,YFT,6058
1973,P,JP,DW,PBF,123
1973,P,PG,,SKJ,27300
1973,P,PG,,YFT,916
1973,P,PW,,SKJ,2309
1973,P,PW,,YFT,41
1973,P,SB,,SKJ,6318
1973,P,SB,,YFT,195
1973,P,US,HW,YFT,14
1974,P,AU,,ALB,100
1974,P,FJ,,YFT,12
1974,P,JP,CS,ALB,634
1974,P,JP,CS,BET,69
1974,P,JP,CS,SKJ,12864
1974,P,JP,CS,YFT,253
1974,P,JP,CS,PBF,640
1974,P,JP,DW,ALB,72942
1974,P,JP,DW,BET,970
1974,P,JP,DW,SKJ,219455
1974,P,JP,DW,YFT,4407
1974,P,JP,DW,PBF,552
1974,P,PG,,SKJ,40214
1974,P,PG,,YFT,1416
1974,P,PW,,SKJ,6647
1974,P,PW,,YFT,161
1974,P,SB,,SKJ,10022
1974,P,SB,,YFT,310
1974,P,US,HW,YFT,23
1975,P,AU,,ALB,100
1975,P,FJ,,YFT,11
1975,P,JP,CS,ALB,272
1975,P,JP,CS,BET,53
1975,P,JP,CS,SKJ,8506
1975,P,JP,CS,YFT,285
1975,P,JP,CS,PBF,43
1975,P,JP,DW,ALB,51885
1975,P,JP,DW,BET,1281
1975,P,JP,DW,SKJ,181093
1975,P,JP,DW,YFT,5420
1975,P,JP,DW,PBF,1359
1975,P,PG,,SKJ,15625
1975,P,PG,,YFT,1744
1975,P,PW,,SKJ,5971
1975,P,PW,,YFT,298
1975,P,SB,,SKJ,7076
1975,P,SB,,YFT,18
1975,P,US,HW,YFT,25
1976,P,AU,,ALB,100
1976,P,AU,,SKJ,46
1976,P,AU,,YFT,1
1976,P,FJ,,SKJ,658
1976,P,FJ,,YFT,84
1976,P,ID,,BET,51
1976,P,ID,,YFT,456
1976,P,JP,CS,ALB,441
1976,P,JP,CS,BET,59
1976,P,JP,CS,SKJ,10070
1976,P,JP,CS,YFT,213
1976,P,JP,CS,PBF,546
1976,P,JP,DW,ALB,84895
1976,P,JP,DW,BET,3313
1976,P,JP,DW,SKJ,221016
1976,P,JP,DW,YFT,7351
1976,P,JP,DW,PBF,536
1976,P,PG,,SKJ,24358
1976,P,PG,,YFT,8563
1976,P,PW,,SKJ,4911
1976,P,PW,,YFT,412
1976,P,SB,,SKJ,15523
1976,P,SB,,YFT,63
1976,P,US,HW,YFT,43
1977,P,AU,,ALB,100
1977,P,AU,,SKJ,31
1977,P,FJ,,SKJ,1560
1977,P,FJ,,YFT,151
1977,P,ID,,BET,59
1977,P,ID,,YFT,532
1977,P,JP,CS,ALB,332
1977,P,JP,CS,BET,35
1977,P,JP,CS,SKJ,12099
1977,P,JP,CS,YFT,104
1977,P,JP,CS,PBF,320
1977,P,JP,DW,ALB,31602
1977,P,JP,DW,BET,3231
1977,P,JP,DW,SKJ,245406
1977,P,JP,DW,YFT,9906
1977,P,JP,DW,PBF,1935
1977,P,PG,,SKJ,20106
1977,P,PG,,YFT,4009
1977,P,PW,,SKJ,3592
1977,P,PW,,YFT,420
1977,P,SB,,SKJ,11847
1977,P,SB,,YFT,114
1977,P,US,HW,YFT,21
1978,P,AU,,ALB,100
1978,P,AU,,SKJ,146
1978,P,AU,,YFT,16
1978,P,FJ,,SKJ,2115
1978,P,FJ,,YFT,409
1978,P,ID,,BET,116
1978,P,ID,,YFT,1044
1978,P,JP,CS,ALB,987
1978,P,JP,CS,BET,38
1978,P,JP,CS,SKJ,17673
1978,P,JP,CS,YFT,149
1978,P,JP,CS,PBF,334
1978,P,JP,DW,ALB,58890
1978,P,JP,DW,BET,3183
1978,P,JP,DW,SKJ,238267
1978,P,JP,DW,YFT,7633
1978,P,JP,DW,PBF,821
1978,P,PG,,SKJ,45760
1978,P,PG,,YFT,3099
1978,P,PW,,SKJ,9391
1978,P,PW,,YFT,303
1978,P,SB,,SKJ,18049
1978,P,SB,,YFT,52
1978,P,US,HW,YFT,62
1979,P,AU,,ALB,100
1979,P,FJ,,SKJ,3091
1979,P,FJ,,YFT,403
1979,P,ID,,BET,191
1979,P,ID,,YFT,1716
1979,P,JP,CS,ALB,529
1979,P,JP,CS,BET,88
1979,P,JP,CS,SKJ,11896
1979,P,JP,CS,YFT,224
1979,P,JP,CS,PBF,678
1979,P,JP,DW,ALB,44133
1979,P,JP,DW,BET,2261
1979,P,JP,DW,SKJ,214276
1979,P,JP,DW,YFT,6011
1979,P,JP,DW,PBF,573
1979,P,PF,,SKJ,535
1979,P,PF,,YFT,161
1979,P,PG,,SKJ,23976
1979,P,PG,,YFT,2881
1979,P,PW,,SKJ,5687
1979,P,PW,,YFT,1
1979,P,SB,,SKJ,23497
1979,P,SB,,YFT,192
1979,P,US,HW,SKJ,2901
1979,P,US,HW,YFT,49
1980,P,AU,,ALB,100
1980,P,FJ,,SKJ,2263
1980,P,FJ,,YFT,233
1980,P,ID,,BET,865
1980,P,ID,,SKJ,19816
1980,P,ID,,YFT,4016
1980,P,JP,CS,ALB,500
1980,P,JP,CS,BET,22
1980,P,JP,CS,SKJ,13538
1980,P,JP,CS,YFT,111
1980,P,JP,CS,PBF,694
1980,P,JP,DW,ALB,46243
1980,P,JP,DW,BET,2029
1980,P,JP,DW,SKJ,237534
1980,P,JP,DW,YFT,6227
1980,P,JP,DW,PBF,698
1980,P,PF,,SKJ,683
1980,P,PF,,YFT,253
1980,P,PG,,SKJ,30976
1980,P,PG,,YFT,3018
1980,P,PW,,SKJ,5580
1980,P,PW,,YFT,996
1980,P,SB,,SKJ,21411
1980,P,SB,,YFT,197
1980,P,US,HW,SKJ,1796
1980,P,US,HW,YFT,91
1981,P,AU,,SKJ,108
1981,P,FJ,,SKJ,5252
1981,P,FJ,,YFT,584
1981,P,ID,,BET,988
1981,P,ID,,SKJ,22638
1981,P,ID,,YFT,4588
1981,P,JP,CS,ALB,636
1981,P,JP,CS,BET,56
1981,P,JP,CS,SKJ,10556
1981,P,JP,CS,YFT,147
1981,P,JP,CS,PBF,433
1981,P,JP,DW,ALB,26790
1981,P,JP,DW,BET,2338
1981,P,JP,DW,SKJ,200824
1981,P,JP,DW,YFT,9056
1981,P,JP,DW,PBF,321
1981,P,KI,,SKJ,355
1981,P,KI,,YFT,209
1981,P,NC,,SKJ,226
1981,P,NC,,YFT,3
1981,P,PF,,SKJ,529
1981,P,PF,,YFT,472
1981,P,PG,,SKJ,27207
1981,P,PG,,YFT,4205
1981,P,PW,,SKJ,6931
1981,P,PW,,YFT,2480
1981,P,SB,,SKJ,19620
1981,P,SB,,YFT,211
1981,P,US,HW,SKJ,1819
1981,P,US,HW,YFT,89
1982,P,AU,,SKJ,196
1982,P,AU,,YFT,5
1982,P,FJ,,SKJ,3675
1982,P,FJ,,YFT,753
1982,P,ID,,BET,1074
1982,P,ID,,SKJ,24603
1982,P,ID,,YFT,4986
1982,P,JP,CS,ALB,696
1982,P,JP,CS,BET,109
1982,P,JP,CS,SKJ,12841
1982,P,JP,CS,YFT,301
1982,P,JP,CS,PBF,266
1982,P,JP,DW,ALB,28919
1982,P,JP,DW,BET,3810
1982,P,JP,DW,SKJ,200165
1982,P,JP,DW,YFT,9499
1982,P,JP,DW,PBF,1511
1982,P,KI,,SKJ,288
1982,P,KI,,YFT,169
1982,P,NC,,SKJ,827
1982,P,NC,,YFT,41
1982,P,PF,,SKJ,666
1982,P,PF,,YFT,368
1982,P,PW,,SKJ,3438
1982,P,PW,,YFT,615
1982,P,SB,,SKJ,16464
1982,P,SB,,YFT,227
1982,P,TV,,SKJ,163
1982,P,TV,,YFT,53
1982,P,US,HW,SKJ,1400
1982,P,US,HW,YFT,106
1983,P,AU,,SKJ,109
1983,P,FJ,,SKJ,3248
1983,P,FJ,,YFT,490
1983,P,ID,,BET,1212
1983,P,ID,,SKJ,27775
1983,P,ID,,YFT,5628
1983,P,JP,CS,ALB,401
1983,P,JP,CS,BET,93
1983,P,JP,CS,SKJ,12801
1983,P,JP,CS,YFT,191
1983,P,JP,CS,PBF,232
1983,P,JP,DW,ALB,20697
1983,P,JP,DW,BET,3772
1983,P,JP,DW,SKJ,224530
1983,P,JP,DW,YFT,9338
1983,P,JP,DW,PBF,125
1983,P,KI,,SKJ,1004
1983,P,KI,,YFT,590
1983,P,NC,,SKJ,414
1983,P,NC,,YFT,25
1983,P,PF,,SKJ,598
1983,P,PF,,YFT,238
1983,P,SB,,SKJ,27028
1983,P,SB,,YFT,578
1983,P,TV,,SKJ,286
1983,P,TV,,YFT,51
1983,P,US,HW,SKJ,1135
1983,P,US,HW,YFT,55
1984,P,AU,,SKJ,78
1984,P,AU,,YFT,5
1984,P,FJ,,SKJ,3992
1984,P,FJ,,YFT,580
1984,P,ID,,BET,1320
1984,P,ID,,SKJ,30247
1984,P,ID,,YFT,6129
1984,P,JP,CS,ALB,420
1984,P,JP,CS,BET,26
1984,P,JP,CS,SKJ,11835
1984,P,JP,CS,YFT,347
1984,P,JP,CS,PBF,197
1984,P,JP,DW,ALB,25595
1984,P,JP,DW,BET,3211
1984,P,JP,DW,SKJ,284495
1984,P,JP,DW,YFT,8702
1984,P,JP,DW,PBF,390
1984,P,KI,,SKJ,1280
1984,P,KI,,YFT,751
1984,P,PF,,SKJ,824
1984,P,PF,,YFT,426
1984,P,PG,,SKJ,2470
1984,P,PG,,YFT,274
1984,P,SB,,SKJ,29541
1984,P,SB,,YFT,338
1984,P,TV,,SKJ,513
1984,P,TV,,YFT,27
1984,P,US,HW,SKJ,1536
1984,P,US,HW,YFT,54
1985,P,FJ,,SKJ,3219
1985,P,FJ,,YFT,724
1985,P,ID,,BET,1437
1985,P,ID,,SKJ,32921
1985,P,ID,,YFT,6671
1985,P,JP,CS,ALB,307
1985,P,JP,CS,BET,111
1985,P,JP,CS,SKJ,9520
1985,P,JP,CS,YFT,502
1985,P,JP,CS,PBF,215
1985,P,JP,DW,ALB,20407
1985,P,JP,DW,BET,3981
1985,P,JP,DW,SKJ,159175
1985,P,JP,DW,YFT,12925
1985,P,JP,DW,PBF,1602
1985,P,KI,,SKJ,453
1985,P,KI,,YFT,266
1985,P,PF,,SKJ,593
1985,P,PF,,YFT,243
1985,P,PG,,SKJ,8370
1985,P,PG,,YFT,930
1985,P,PW,,SKJ,82
1985,P,PW,,YFT,15
1985,P,SB,,SKJ,23744
1985,P,SB,,YFT,338
1985,P,TV,,SKJ,4
1985,P,US,HW,SKJ,851
1985,P,US,HW,YFT,103
1986,P,AU,,SKJ,77
1986,P,FJ,,SKJ,2288
1986,P,FJ,,YFT,823
1986,P,ID,,BET,1496
1986,P,ID,,SKJ,34275
1986,P,ID,,YFT,6946
1986,P,JP,CS,ALB,359
1986,P,JP,CS,BET,118
1986,P,JP,CS,SKJ,13090
1986,P,JP,CS,YFT,326
1986,P,JP,CS,PBF,124
1986,P,JP,DW,ALB,15737
1986,P,JP,DW,BET,2519
1986,P,JP,DW,SKJ,233724
1986,P,JP,DW,YFT,8410
1986,P,JP,DW,PBF,962
1986,P,KI,,SKJ,891
1986,P,KI,,YFT,523
1986,P,PF,,SKJ,729
1986,P,PF,,YFT,232
1986,P,PW,,SKJ,112
1986,P,PW,,YFT,19
1986,P,SB,,SKJ,36159
1986,P,SB,,YFT,565
1986,P,TV,,SKJ,378
1986,P,TV,,YFT,12
1986,P,US,HW,SKJ,942
1986,P,US,HW,YFT,114
1987,P,AU,,SKJ,59
1987,P,FJ,,SKJ,3437
1987,P,FJ,,YFT,425
1987,P,ID,,BET,1700
1987,P,ID,,SKJ,38946
1987,P,ID,,YFT,7892
1987,P,JP,CS,ALB,220
1987,P,JP,CS,BET,86
1987,P,JP,CS,SKJ,8425
1987,P,JP,CS,YFT,317
1987,P,JP,CS,PBF,147
1987,P,JP,DW,ALB,18871
1987,P,JP,DW,BET,2816
1987,P,JP,DW,SKJ,177518
1987,P,JP,DW,YFT,8454
1987,P,JP,DW,PBF,1418
1987,P,KI,,SKJ,273
1987,P,KI,,YFT,161
1987,P,PF,,SKJ,729
1987,P,PF,,YFT,149
1987,P,PW,,SKJ,139
1987,P,PW,,YFT,22
1987,P,SB,,SKJ,20564
1987,P,SB,,YFT,1456
1987,P,TV,,SKJ,542
1987,P,TV,,YFT,90
1987,P,US,HW,SKJ,1510
1987,P,US,HW,YFT,78
1988,P,AU,,SKJ,490
1988,P,FJ,,SKJ,3405
1988,P,FJ,,YFT,464
1988,P,ID,,BET,2009
1988,P,ID,,SKJ,46029
1988,P,ID,,YFT,9328
1988,P,JP,CS,ALB,382
1988,P,JP,CS,BET,221
1988,P,JP,CS,SKJ,11505
1988,P,JP,CS,YFT,502
1988,P,JP,CS,PBF,90
1988,P,JP,DW,ALB,5834
1988,P,JP,DW,BET,3660
1988,P,JP,DW,SKJ,201004
1988,P,JP,DW,YFT,8129
1988,P,JP,DW,PBF,817
1988,P,KI,,SKJ,927
1988,P,KI,,YFT,545
1988,P,PF,,SKJ,441
1988,P,PF,,YFT,274
1988,P,PW,,SKJ,119
1988,P,PW,,YFT,38
1988,P,SB,,SKJ,28613
1988,P,SB,,YFT,1189
1988,P,TV,,SKJ,1069
1988,P,TV,,YFT,21
1988,P,US,HW,SKJ,1723
1988,P,US,HW,YFT,76
1989,P,AU,,SKJ,399
1989,P,AU,,YFT,63
1989,P,FJ,,SKJ,4660
1989,P,FJ,,YFT,461
1989,P,ID,,BET,2188
1989,P,ID,,SKJ,50145
1989,P,ID,,YFT,10162
1989,P,JP,CS,ALB,289
1989,P,JP,CS,BET,373
1989,P,JP,CS,SKJ,8928
1989,P,JP,CS,YFT,472
1989,P,JP,CS,PBF,143
1989,P,JP,DW,ALB,8340
1989,P,JP,DW,BET,3570
1989,P,JP,DW,SKJ,184137
1989,P,JP,DW,YFT,9146
1989,P,JP,DW,PBF,611
1989,P,KI,,SKJ,1438
1989,P,KI,,YFT,844
1989,P,PF,,SKJ,567
1989,P,PF,,YFT,187
1989,P,PW,,SKJ,72
1989,P,PW,,YFT,5
1989,P,SB,,SKJ,23268
1989,P,SB,,YFT,776
1989,P,TV,,SKJ,142
1989,P,TV,,YFT,7
1989,P,US,HW,SKJ,1332
1989,P,US,HW,YFT,10
1990,P,AU,,SKJ,1177
1990,P,AU,,YFT,22
1990,P,FJ,,SKJ,3196
1990,P,FJ,,YFT,478
1990,P,ID,,BET,2510
1990,P,ID,,SKJ,57518
1990,P,ID,,YFT,11656
1990,P,JP,CS,ALB,179
1990,P,JP,CS,BET,144
1990,P,JP,CS,SKJ,7357
1990,P,JP,CS,YFT,211
1990,P,JP,CS,PBF,22
1990,P,JP,DW,ALB,8353
1990,P,JP,DW,BET,3331
1990,P,JP,DW,SKJ,122392
1990,P,JP,DW,YFT,6970
1990,P,JP,DW,PBF,514
1990,P,KI,,SKJ,452
1990,P,KI,,YFT,143
1990,P,NZ,,ALB,242
1990,P,PF,,ALB,3
1990,P,PF,,SKJ,1423
1990,P,PF,,YFT,138
1990,P,PW,,SKJ,80
1990,P,PW,,YFT,8
1990,P,SB,,SKJ,17427
1990,P,SB,,YFT,1100
1990,P,TV,,SKJ,64
1990,P,TV,,YFT,26
1990,P,US,HW,SKJ,487
1990,P,US,HW,YFT,17
1991,P,AU,,SKJ,1042
1991,P,AU,,YFT,10
1991,P,FJ,,SKJ,4458
1991,P,FJ,,YFT,368
1991,P,ID,,BET,2567
1991,P,ID,,SKJ,58826
1991,P,ID,,YFT,11921
1991,P,JP,CS,ALB,94
1991,P,JP,CS,BET,130
1991,P,JP,CS,SKJ,6448
1991,P,JP,CS,YFT,182
1991,P,JP,CS,PBF,222
1991,P,JP,DW,ALB,7009
1991,P,JP,DW,BET,1232
1991,P,JP,DW,SKJ,151338
1991,P,JP,DW,YFT,5404
1991,P,JP,DW,PBF,64
1991,P,KI,,SKJ,157
1991,P,KI,,YFT,67
1991,P,NZ,,ALB,9
1991,P,PF,,ALB,5
1991,P,PF,,SKJ,1254
1991,P,PF,,YFT,251
1991,P,SB,,SKJ,35240
1991,P,SB,,YFT,953
1991,P,TV,,SKJ,23
1991,P,TV,,YFT,6
1991,P,US,HW,SKJ,992
1991,P,US,HW,YFT,20
1992,P,AU,,SKJ,800
1992,P,AU,,YFT,1
1992,P,FJ,,SKJ,3705
1992,P,FJ,,YFT,395
1992,P,ID,,BET,2952
1992,P,ID,,SKJ,67631
1992,P,ID,,YFT,13705
1992,P,JP,CS,ALB,173
1992,P,JP,CS,BET,75
1992,P,JP,CS,SKJ,7554
1992,P,JP,CS,YFT,209
1992,P,JP,CS,PBF,142
1992,P,JP,DW,ALB,13715
1992,P,JP,DW,BET,1028
1992,P,JP,DW,SKJ,118649
1992,P,JP,DW,YFT,6904
1992,P,JP,DW,PBF,24
1992,P,KI,,SKJ,248
1992,P,KI,,YFT,303
1992,P,NZ,,ALB,6
1992,P,PF,,ALB,5
1992,P,PF,,SKJ,1122
1992,P,PF,,YFT,248
1992,P,PW,,SKJ,61
1992,P,PW,,YFT,14
1992,P,SB,,SKJ,18226
1992,P,SB,,YFT,1246
1992,P,TV,,SKJ,6
1992,P,TV,,YFT,2
1992,P,US,HW,SKJ,763
1992,P,US,HW,YFT,16
1993,P,AU,,SKJ,458
1993,P,AU,,YFT,4
1993,P,FJ,,SKJ,3178
1993,P,FJ,,YFT,628
1993,P,ID,,BET,2704
1993,P,ID,,SKJ,61957
1993,P,ID,,YFT,12555
1993,P,JP,CS,ALB,386
1993,P,JP,CS,BET,31
1993,P,JP,CS,SKJ,9818
1993,P,JP,CS,YFT,157
1993,P,JP,CS,PBF,79
1993,P,JP,DW,ALB,12423
1993,P,JP,DW,BET,1770
1993,P,JP,DW,SKJ,162404
1993,P,JP,DW,YFT,4529
1993,P,JP,DW,PBF,49
1993,P,KI,,SKJ,184
1993,P,KI,,YFT,108
1993,P,NZ,,ALB,60
1993,P,NZ,,SKJ,1
1993,P,NZ,,YFT,2
1993,P,PF,,ALB,2
1993,P,PF,,SKJ,665
1993,P,PF,,YFT,236
1993,P,PW,,SKJ,100
1993,P,SB,,SKJ,15425
1993,P,SB,,YFT,2263
1993,P,US,HW,SKJ,962
1993,P,US,HW,YFT,4
1994,P,AU,,SKJ,295
1994,P,AU,,YFT,29
1994,P,FJ,,BET,17
1994,P,FJ,,SKJ,3379
1994,P,FJ,,YFT,743
1994,P,ID,,BET,2999
1994,P,ID,,SKJ,68723
1994,P,ID,,YFT,13926
1994,P,JP,CS,ALB,248
1994,P,JP,CS,BET,323
1994,P,JP,CS,SKJ,7537
1994,P,JP,CS,YFT,259
1994,P,JP,CS,PBF,72
1994,P,JP,DW,ALB,26143
1994,P,JP,DW,BET,1908
1994,P,JP,DW,SKJ,108944
1994,P,JP,DW,YFT,4035
1994,P,JP,DW,PBF,90
1994,P,KI,,BET,4
1994,P,KI,,SKJ,121
1994,P,KI,,YFT,71
1994,P,NZ,,ALB,62
1994,P,NZ,,SKJ,6
1994,P,NZ,,YFT,1
1994,P,PF,,ALB,3
1994,P,PF,,SKJ,1004
1994,P,PF,,YFT,161
1994,P,PW,,SKJ,100
1994,P,SB,,SKJ,19013
1994,P,SB,,YFT,2144
1994,P,US,HW,SKJ,514
1994,P,US,HW,YFT,9
1995,P,AU,,SKJ,211
1995,P,AU,,YFT,9
1995,P,FJ,,BET,8
1995,P,FJ,,SKJ,4319
1995,P,FJ,,YFT,558
1995,P,ID,,BET,3196
1995,P,ID,,SKJ,73233
1995,P,ID,,YFT,14840
1995,P,JP,CS,ALB,176
1995,P,JP,CS,BET,397
1995,P,JP,CS,SKJ,5929
1995,P,JP,CS,YFT,503
1995,P,JP,CS,PBF,102
1995,P,JP,DW,ALB,20805
1995,P,JP,DW,BET,2627
1995,P,JP,DW,SKJ,132620
1995,P,JP,DW,YFT,4527
1995,P,JP,DW,PBF,168
1995,P,KI,,SKJ,559
1995,P,KI,,YFT,48
1995,P,NZ,,ALB,136
1995,P,NZ,,SKJ,28
1995,P,NZ,,YFT,11
1995,P,PF,,ALB,3
1995,P,PF,,SKJ,1250
1995,P,PF,,YFT,306
1995,P,PW,,SKJ,100
1995,P,SB,,SKJ,28924
1995,P,SB,,YFT,2391
1995,P,US,HW,SKJ,571
1995,P,US,HW,YFT,16
1996,P,AU,,SKJ,763
1996,P,AU,,YFT,75
1996,P,FJ,,BET,1
1996,P,FJ,,SKJ,3124
1996,P,FJ,,YFT,164
1996,P,ID,,BET,4960
1996,P,ID,,SKJ,113655
1996,P,ID,,YFT,23032
1996,P,JP,CS,ALB,258
1996,P,JP,CS,BET,428
1996,P,JP,CS,SKJ,5811
1996,P,JP,CS,YFT,384
1996,P,JP,CS,PBF,60
1996,P,JP,DW,ALB,20014
1996,P,JP,DW,BET,2549
1996,P,JP,DW,SKJ,97916
1996,P,JP,DW,YFT,4883
1996,P,JP,DW,PBF,34
1996,P,KI,,BET,2
1996,P,KI,,SKJ,7
1996,P,KI,,YFT,5
1996,P,NZ,,ALB,26
1996,P,NZ,,SKJ,115
1996,P,NZ,,YFT,6
1996,P,PF,,ALB,4
1996,P,PF,,SKJ,945
1996,P,PF,,YFT,126
1996,P,PW,,SKJ,100
1996,P,SB,,SKJ,19215
1996,P,SB,,YFT,1875
1996,P,US,HW,SKJ,835
1996,P,US,HW,YFT,1
1997,P,AU,,SKJ,485
1997,P,AU,,YFT,43
1997,P,FJ,,SKJ,987
1997,P,FJ,,YFT,46
1997,P,ID,,BET,3691
1997,P,ID,,SKJ,84567
1997,P,ID,,YFT,17137
1997,P,JP,CS,ALB,205
1997,P,JP,CS,BET,288
1997,P,JP,CS,SKJ,6364
1997,P,JP,CS,YFT,492
1997,P,JP,CS,PBF,26
1997,P,JP,DW,ALB,32045
1997,P,JP,DW,BET,2584
1997,P,JP,DW,SKJ,122499
1997,P,JP,DW,YFT,3727
1997,P,JP,DW,PBF,8
1997,P,KI,,SKJ,4
1997,P,KI,,YFT,1
1997,P,NZ,,SKJ,50
1997,P,PF,,ALB,9
1997,P,PF,,SKJ,698
1997,P,PF,,YFT,142
1997,P,PW,,SKJ,100
1997,P,SB,,SKJ,20364
1997,P,SB,,YFT,1257
1997,P,US,HW,SKJ,881
1998,P,AU,,SKJ,266
1998,P,FJ,,SKJ,459
1998,P,FJ,,YFT,7
1998,P,ID,,BET,4873
1998,P,ID,,SKJ,111654
1998,P,ID,,YFT,22626
1998,P,JP,CS,ALB,148
1998,P,JP,CS,BET,180
1998,P,JP,CS,SKJ,6845
1998,P,JP,CS,YFT,477
1998,P,JP,CS,PBF,66
1998,P,JP,DW,ALB,22805
1998,P,JP,DW,BET,1352
1998,P,JP,DW,SKJ,124192
1998,P,JP,DW,YFT,3062
1998,P,JP,DW,PBF,19
1998,P,NZ,,ALB,1
1998,P,NZ,,SKJ,1
1998,P,PF,,ALB,8
1998,P,PF,,SKJ,784
1998,P,PF,,YFT,118
1998,P,PW,,SKJ,100
1998,P,SB,,SKJ,22089
1998,P,SB,,YFT,1215
1998,P,US,HW,SKJ,382
1998,P,US,HW,YFT,1
1999,P,AU,,SKJ,219
1999,P,FJ,,SKJ,507
1999,P,ID,,BET,4625
1999,P,ID,,SKJ,105966
1999,P,ID,,YFT,21473
1999,P,JP,CS,ALB,128
1999,P,JP,CS,BET,134
1999,P,JP,CS,SKJ,6805
1999,P,JP,CS,YFT,515
1999,P,JP,CS,PBF,32
1999,P,JP,DW,ALB,50341
1999,P,JP,DW,BET,1097
1999,P,JP,DW,SKJ,122290
1999,P,JP,DW,YFT,3646
1999,P,JP,DW,PBF,3
1999,P,NZ,,SKJ,11
1999,P,NZ,,YFT,1
1999,P,PF,,ALB,38
1999,P,PF,,SKJ,526
1999,P,PF,,YFT,160
1999,P,PW,,SKJ,100
1999,P,SB,,SKJ,18322
1999,P,SB,,YFT,982
1999,P,US,HW,SKJ,584
1999,P,US,HW,YFT,10
2000,P,AU,,SKJ,27
2000,P,AU,,YFT,3
2000,P,FJ,,SKJ,343
2000,P,FJ,,YFT,2
2000,P,ID,,BET,4921
2000,P,ID,,SKJ,112748
2000,P,ID,,YFT,22848
2000,P,JP,CS,ALB,304
2000,P,JP,CS,BET,125
2000,P,JP,CS,SKJ,8926
2000,P,JP,CS,YFT,377
2000,P,JP,CS,PBF,47
2000,P,JP,DW,ALB,21268
2000,P,JP,DW,BET,1792
2000,P,JP,DW,SKJ,138860
2000,P,JP,DW,YFT,3475
2000,P,JP,DW,PBF,55
2000,P,NZ,,ALB,72
2000,P,NZ,,SKJ,11
2000,P,PF,,ALB,8
2000,P,PF,,SKJ,440
2000,P,PF,,YFT,110
2000,P,PW,,SKJ,100
2000,P,SB,,SKJ,2632
2000,P,SB,,YFT,141
2000,P,US,HW,SKJ,320
2000,P,US,HW,YFT,1
2001,P,AU,,ALB,7
2001,P,FJ,,SKJ,431
2001,P,FJ,,YFT,44
2001,P,ID,,BET,4528
2001,P,ID,,SKJ,103749
2001,P,ID,,YFT,21024
2001,P,JP,CS,ALB,65
2001,P,JP,CS,BET,56
2001,P,JP,CS,SKJ,7288
2001,P,JP,CS,YFT,520
2001,P,JP,CS,PBF,173
2001,P,JP,DW,ALB,29383
2001,P,JP,DW,BET,1321
2001,P,JP,DW,SKJ,96144
2001,P,JP,DW,YFT,2616
2001,P,JP,DW,PBF,8
2001,P,NZ,,ALB,4
2001,P,PF,,ALB,8
2001,P,PF,,SKJ,688
2001,P,PF,,YFT,84
2001,P,SB,,SKJ,3921
2001,P,SB,,YFT,153
2001,P,US,HW,SKJ,447
2001,P,US,HW,YFT,2
2002,P,AU,,SKJ,39
2002,P,FJ,,SKJ,431
2002,P,FJ,,YFT,44
2002,P,ID,,BET,4352
2002,P,ID,,SKJ,99720
2002,P,ID,,YFT,20208
2002,P,JP,CS,ALB,146
2002,P,JP,CS,BET,43
2002,P,JP,CS,SKJ,6901
2002,P,JP,CS,YFT,874
2002,P,JP,CS,PBF,80
2002,P,JP,DW,ALB,48319
2002,P,JP,DW,BET,1714
2002,P,JP,DW,SKJ,90466
2002,P,JP,DW,YFT,2501
2002,P,JP,DW,PBF,19
2002,P,PF,,ALB,7
2002,P,PF,,SKJ,513
2002,P,PF,,YFT,99
2002,P,SB,,SKJ,9114
2002,P,SB,,YFT,405
2002,P,US,HW,SKJ,304
2002,P,US,HW,YFT,2
2003,P,FJ,,SKJ,431
2003,P,FJ,,YFT,44
2003,P,ID,,BET,4439
2003,P,ID,,SKJ,101720
2003,P,ID,,YFT,20613
2003,P,JP,CS,ALB,75
2003,P,JP,CS,BET,35
2003,P,JP,CS,SKJ,9377
2003,P,JP,CS,YFT,779
2003,P,JP,CS,PBF,35
2003,P,JP,DW,ALB,36046
2003,P,JP,DW,BET,822
2003,P,JP,DW,SKJ,115765
2003,P,JP,DW,YFT,2089
2003,P,JP,DW,PBF,9
2003,P,PF,,ALB,5
2003,P,PF,,SKJ,521
2003,P,PF,,YFT,77
2003,P,SB,,SKJ,9779
2003,P,SB,,YFT,669
2003,P,US,HW,SKJ,586
2003,P,US,HW,YFT,33
2004,P,AU,,SKJ,11
2004,P,FJ,,SKJ,431
2004,P,FJ,,YFT,44
2004,P,ID,,BET,5845
2004,P,ID,,SKJ,133927
2004,P,ID,,YFT,27140
2004,P,JP,CS,ALB,169
2004,P,JP,CS,BET,52
2004,P,JP,CS,SKJ,9990
2004,P,JP,CS,YFT,755
2004,P,JP,CS,PBF,123
2004,P,JP,DW,ALB,32190
2004,P,JP,DW,BET,3341
2004,P,JP,DW,SKJ,98150
2004,P,JP,DW,YFT,2285
2004,P,JP,DW,PBF,9
2004,P,NZ,,SKJ,3
2004,P,PF,,ALB,6
2004,P,PF,,SKJ,520
2004,P,PF,,YFT,142
2004,P,SB,,SKJ,6625
2004,P,SB,,YFT,257
2004,P,US,HW,SKJ,279
2004,P,US,HW,YFT,17
2005,P,AU,,ALB,4
2005,P,FJ,,SKJ,431
2005,P,FJ,,YFT,44
2005,P,ID,,BET,5517
2005,P,ID,,SKJ,76290
2005,P,ID,,YFT,22606
2005,P,JP,CS,ALB,48
2005,P,JP,CS,BET,51
2005,P,JP,CS,SKJ,7363
2005,P,JP,CS,YFT,507
2005,P,JP,CS,PBF,372
2005,P,JP,DW,ALB,16102
2005,P,JP,DW,BET,1283
2005,P,JP,DW,SKJ,128775
2005,P,JP,DW,YFT,3140
2005,P,JP,DW,PBF,177
2005,P,NZ,,ALB,2
2005,P,NZ,,SKJ,61
2005,P,PF,,ALB,6
2005,P,PF,,SKJ,391
2005,P,PF,,YFT,104
2005,P,SB,,SKJ,3051
2005,P,SB,,YFT,538
2005,P,US,HW,SKJ,353
2005,P,US,HW,YFT,68
2006,P,FJ,,SKJ,431
2006,P,FJ,,YFT,44
2006,P,ID,,BET,5961
2006,P,ID,,SKJ,101131
2006,P,ID,,YFT,18406
2006,P,JP,CS,ALB,78
2006,P,JP,CS,BET,75
2006,P,JP,CS,SKJ,6213
2006,P,JP,CS,YFT,1650
2006,P,JP,CS,PBF,47
2006,P,JP,DW,ALB,15328
2006,P,JP,DW,BET,3745
2006,P,JP,DW,SKJ,93853
2006,P,JP,DW,YFT,2690
2006,P,JP,DW,PBF,61
2006,P,NZ,,ALB,3
2006,P,PF,,ALB,20
2006,P,PF,,SKJ,585
2006,P,PF,,YFT,126
2006,P,SB,,SKJ,6224
2006,P,SB,,YFT,734
2006,P,US,HW,SKJ,294
2006,P,US,HW,YFT,3
2007,P,FJ,,SKJ,431
2007,P,FJ,,YFT,44
2007,P,ID,,BET,5282
2007,P,ID,,SKJ,118578
2007,P,ID,,YFT,22529
2007,P,JP,CS,ALB,104
2007,P,JP,CS,BET,173
2007,P,JP,CS,SKJ,8026
2007,P,JP,CS,YFT,1189
2007,P,JP,CS,PBF,233
2007,P,JP,DW,ALB,37664
2007,P,JP,DW,BET,1804
2007,P,JP,DW,SKJ,81765
2007,P,JP,DW,YFT,2312
2007,P,JP,DW,PBF,2
2007,P,PF,,ALB,17
2007,P,PF,,SKJ,359
2007,P,PF,,YFT,152
2007,P,SB,,BET,37
2007,P,SB,,SKJ,3579
2007,P,SB,,YFT,321
2007,P,US,HW,SKJ,272
2007,P,US,HW,YFT,23
2008,P,FJ,,SKJ,431
2008,P,FJ,,YFT,44
2008,P,PF,,ALB,12
2008,P,PF,,SKJ,543
2008,P,PF,,YFT,83
2008,P,US,HW,SKJ,293
2008,P,US,HW,YFT,23
2008,P,ID,,BET,7598
2008,P,ID,,SKJ,124710
2008,P,ID,,YFT,18800
2008,P,JP,DW,ALB,19025
2008,P,JP,DW,BET,1479
2008,P,JP,DW,SKJ,82791
2008,P,JP,DW,YFT,2612
2008,P,JP,DW,PBF,1
2008,P,JP,CS,ALB,35
2008,P,JP,CS,BET,127
2008,P,JP,CS,SKJ,8651
2008,P,JP,CS,YFT,954
2008,P,JP,CS,PBF,63
2008,P,SB,,SKJ,1151
2008,P,SB,,YFT,189
2009,P,PF,,ALB,21
2009,P,PF,,SKJ,676
2009,P,PF,,YFT,77
2009,P,US,HW,SKJ,214
2009,P,US,HW,YFT,17
2009,P,ID,,BET,6328
2009,P,ID,,SKJ,133913
2009,P,ID,,YFT,18755
2009,P,JP,DW,ALB,31081
2009,P,JP,DW,BET,1429
2009,P,JP,DW,SKJ,57769
2009,P,JP,DW,YFT,3565
2009,P,JP,DW,PBF,21
2009,P,JP,CS,ALB,91
2009,P,JP,CS,BET,151
2009,P,JP,CS,SKJ,8609
2009,P,JP,CS,YFT,1494
2009,P,JP,CS,PBF,29
2009,P,KI,,BET,8
2009,P,KI,,SKJ,142
2009,P,KI,,YFT,10
2010,P,PF,,ALB,14
2010,P,PF,,SKJ,503
2010,P,PF,,YFT,53
2010,P,ID,,BET,4645
2010,P,ID,,SKJ,134697
2010,P,ID,,YFT,15482
2010,P,JP,DW,ALB,19426
2010,P,JP,DW,BET,2250
2010,P,JP,DW,SKJ,80435
2010,P,JP,DW,YFT,2874
2010,P,JP,DW,PBF,83
2010,P,JP,CS,ALB,135
2010,P,JP,CS,BET,124
2010,P,JP,CS,SKJ,7632
2010,P,JP,CS,YFT,1693
2010,P,JP,CS,PBF,43
2010,P,KI,,BET,8
2010,P,KI,,SKJ,142
2010,P,KI,,YFT,10
2011,P,PF,,ALB,21
2011,P,PF,,SKJ,334
2011,P,PF,,YFT,76
2011,P,ID,,BET,3308
2011,P,ID,,SKJ,123515
2011,P,ID,,YFT,32193
2011,P,JP,DW,ALB,25656
2011,P,JP,DW,BET,2239
2011,P,JP,DW,SKJ,73103
2011,P,JP,DW,YFT,2603
2011,P,JP,DW,PBF,63
2011,P,JP,CS,ALB,57
2011,P,JP,CS,BET,100
2011,P,JP,CS,SKJ,9144
2011,P,JP,CS,YFT,1815
2011,P,KI,,BET,8
2011,P,KI,,SKJ,25
2011,P,KI,,YFT,2
2011,P,SB,,SKJ,722
2011,P,SB,,YFT,149
2012,P,PF,,ALB,26
2012,P,PF,,BET,2
2012,P,PF,,SKJ,431
2012,P,PF,,YFT,85
2012,P,ID,,BET,1817
2012,P,ID,,SKJ,100857
2012,P,ID,,YFT,30631
2012,P,JP,DW,ALB,33665
2012,P,JP,DW,BET,2036
2012,P,JP,DW,SKJ,57266
2012,P,JP,DW,YFT,1679
2012,P,JP,DW,PBF,113
2012,P,JP,CS,ALB,92
2012,P,JP,CS,BET,71
2012,P,JP,CS,SKJ,9930
2012,P,JP,CS,YFT,1994
2012,P,KI,,BET,8
2012,P,KI,,SKJ,177
2012,P,KI,,YFT,58
2012,P,SB,,SKJ,1877
2012,P,SB,,YFT,258
2013,P,PF,,ALB,26
2013,P,PF,,BET,4
2013,P,PF,,SKJ,296
2013,P,PF,,YFT,108
2013,P,ID,,BET,2586
2013,P,ID,,SKJ,85796
2013,P,ID,,YFT,18323
2013,P,JP,DW,ALB,33515
2013,P,JP,DW,BET,2340
2013,P,JP,DW,SKJ,71309
2013,P,JP,DW,YFT,1150
2013,P,JP,DW,PBF,8
2013,P,JP,CS,ALB,61
2013,P,JP,CS,BET,71
2013,P,JP,CS,SKJ,9930
2013,P,JP,CS,YFT,1994
2013,P,KI,,BET,8
2013,P,KI,,SKJ,305
2013,P,KI,,YFT,72
2013,P,SB,,SKJ,1389
2013,P,SB,,YFT,277
2014,P,PF,,ALB,26
2014,P,PF,,BET,2
2014,P,PF,,SKJ,243
2014,P,PF,,YFT,131
2014,P,ID,,BET,2053
2014,P,ID,,SKJ,79749
2014,P,ID,,YFT,20291
2014,P,JP,DW,ALB,29352
2014,P,JP,DW,BET,2512
2014,P,JP,DW,SKJ,54224
2014,P,JP,DW,YFT,1172
2014,P,JP,DW,PBF,5
2014,P,JP,CS,ALB,81
2014,P,JP,CS,BET,146
2014,P,JP,CS,SKJ,13003
2014,P,JP,CS,YFT,2182
2014,P,KI,,SKJ,227
2014,P,KI,,YFT,13
2014,P,SB,,BET,1
2014,P,SB,,SKJ,1238
2014,P,SB,,YFT,293
2015,P,PF,,ALB,24
2015,P,PF,,BET,1
2015,P,PF,,SKJ,187
2015,P,PF,,YFT,151
2015,P,ID,,BET,4906
2015,P,ID,,SKJ,78838
2015,P,ID,,YFT,32435
2015,P,JP,DW,ALB,21208
2015,P,JP,DW,BET,615
2015,P,JP,DW,SKJ,63152
2015,P,JP,DW,YFT,1261
2015,P,JP,DW,PBF,8
2015,P,JP,CS,ALB,86
2015,P,JP,CS,BET,165
2015,P,JP,CS,SKJ,8251
2015,P,JP,CS,YFT,1710
2015,P,KI,,SKJ,227
2015,P,KI,,YFT,13
2015,P,SB,,SKJ,662
2015,P,SB,,YFT,149
2016,P,PF,,ALB,33
2016,P,PF,,BET,2
2016,P,PF,,SKJ,126
2016,P,PF,,YFT,165
2016,P,ID,,BET,2919
2016,P,ID,,SKJ,85524
2016,P,ID,,YFT,19884
2016,P,SB,,SKJ,594
2016,P,SB,,YFT,117
2017,P,PF,,ALB,12
2017,P,PF,,BET,1
2017,P,PF,,SKJ,172
2017,P,PF,,YFT,156
2017,P,ID,,BET,819
2017,P,ID,,SKJ,59815
2017,P,ID,,YFT,21304
2017,P,SB,,SKJ,783
2017,P,SB,,YFT,272
2018,P,PF,,ALB,16
2018,P,PF,,BET,2
2018,P,PF,,SKJ,90
2018,P,PF,,YFT,193
2018,P,ID,,BET,2731
2018,P,ID,,SKJ,103741
2018,P,ID,,YFT,22379
2018,P,SB,,SKJ,946
2018,P,SB,,YFT,134
2019,P,PF,,ALB,43
2019,P,PF,,BET,2
2019,P,PF,,SKJ,71
2019,P,PF,,YFT,137
2019,P,ID,,BET,963
2019,P,ID,,SKJ,80908
2019,P,ID,,YFT,14448
2019,P,SB,,SKJ,943
2019,P,SB,,YFT,178
2017,P,JP,DW,ALB,20863
2017,P,JP,DW,BET,1241
2017,P,JP,DW,SKJ,52255
2017,P,JP,DW,YFT,1747
2017,P,JP,DW,PBF,49
2017,P,JP,CS,ALB,30
2017,P,JP,CS,BET,203
2017,P,JP,CS,SKJ,10441
2017,P,JP,CS,YFT,1456
2016,P,JP,DW,ALB,14409
2016,P,JP,DW,BET,949
2016,P,JP,DW,SKJ,61921
2016,P,JP,DW,YFT,1667
2016,P,JP,DW,PBF,44
2016,P,JP,CS,ALB,33
2016,P,JP,CS,BET,63
2016,P,JP,CS,SKJ,8438
2016,P,JP,CS,YFT,1554
2018,P,JP,DW,ALB,17756
2018,P,JP,DW,BET,1276
2018,P,JP,DW,SKJ,65740
2018,P,JP,DW,YFT,1577
2018,P,JP,DW,PBF,9
2018,P,JP,CS,ALB,119
2018,P,JP,CS,BET,156
2018,P,JP,CS,SKJ,13418
2018,P,JP,CS,YFT,1942
2019,P,JP,DW,ALB,8356
2019,P,JP,DW,BET,431
2019,P,JP,DW,SKJ,66960
2019,P,JP,DW,YFT,1360
2019,P,JP,CS,ALB,177
2019,P,JP,CS,BET,118
2019,P,JP,CS,SKJ,9343
2019,P,JP,CS,YFT,1583
2020,P,JP,CS,ALB,254
2020,P,JP,CS,BET,178
2020,P,JP,CS,SKJ,10356
2020,P,JP,CS,YFT,1798
2020,P,NZ,,ALB,15
2020,P,SB,,SKJ,980
2020,P,SB,,YFT,220
2020,P,PF,,ALB,12
2020,P,PF,,BET,2
2020,P,PF,,SKJ,49
2020,P,PF,,YFT,150
2020,P,ID,,BET,655
2020,P,ID,,SKJ,108086
2020,P,ID,,YFT,27175
2020,P,JP,DW,ALB,36390
2020,P,JP,DW,BET,938
2020,P,JP,DW,SKJ,39969
2020,P,JP,DW,YFT,1279
2021,P,PF,,ALB,20
2021,P,PF,,BET,1
2021,P,PF,,SKJ,52
2021,P,PF,,YFT,176
2021,P,ID,,BET,546
2021,P,ID,,SKJ,78402
2021,P,ID,,YFT,16933
2021,P,JP,DW,ALB,11241
2021,P,JP,DW,BET,1358
2021,P,JP,DW,SKJ,67721
2021,P,JP,DW,YFT,1465
2021,P,JP,CS,ALB,224
2021,P,JP,CS,BET,218
2021,P,JP,CS,SKJ,18252
2021,P,JP,CS,YFT,2265
2021,P,NZ,,ALB,1
2021,P,SB,,SKJ,1053
2021,P,SB,,YFT,158
2023,P,PF,,ALB,17
2023,P,PF,,BET,2
2023,P,PF,,SKJ,97
2023,P,PF,,YFT,160
2023,P,ID,,BET,850
2023,P,ID,,SKJ,39817
2023,P,ID,,YFT,12670
2023,P,JP,DW,ALB,4004
2023,P,JP,DW,BET,1160
2023,P,JP,DW,SKJ,30860
2023,P,JP,DW,YFT,1074
2023,P,JP,DW,PBF,13
2023,P,JP,CS,ALB,224
2023,P,JP,CS,BET,218
2023,P,JP,CS,SKJ,18252
2023,P,JP,CS,YFT,2265
2022,P,PF,,ALB,16
2022,P,PF,,BET,2
2022,P,PF,,SKJ,93
2022,P,PF,,YFT,153
2022,P,ID,,BET,641
2022,P,ID,,SKJ,70298
2022,P,ID,,YFT,14159
2022,P,JP,DW,ALB,4052
2022,P,JP,DW,BET,1178
2022,P,JP,DW,SKJ,40366
2022,P,JP,DW,YFT,1040
2022,P,JP,DW,PBF,13
2022,P,JP,CS,ALB,224
2022,P,JP,CS,BET,218
2022,P,JP,CS,SKJ,18252
2022,P,JP,CS,YFT,2265
2022,P,NZ,,ALB,1
2022,P,SB,,SKJ,1224
2022,P,SB,,YFT,59
