Year,Flag,Gear,Species,Catch
1918,UNK,LP,SKJ,1361
1918,UNK,LP,YFT,0
1919,UNK,LP,SKJ,3130
1919,UNK,LP,YFT,136
1920,UNK,LP,SKJ,3583
1920,UNK,LP,YFT,907
1921,UNK,LP,SKJ,499
1921,UNK,LP,YFT,590
1922,UNK,LP,SKJ,5398
1922,UNK,LP,YFT,3357
1923,UNK,LP,SKJ,5216
1923,UNK,LP,YFT,4899
1924,UNK,LP,SKJ,1724
1924,UNK,LP,YFT,1361
1925,UNK,LP,SKJ,6441
1925,UNK,LP,YFT,5987
1926,UNK,LP,SKJ,9480
1926,UNK,LP,YFT,5715
1927,UNK,LP,SKJ,15332
1927,UNK,LP,YFT,11748
1928,UNK,LP,SKJ,7212
1928,UNK,LP,YFT,14651
1929,UNK,LP,SKJ,12247
1929,UNK,LP,YFT,16965
1930,UNK,LP,SKJ,9299
1930,UNK,LP,YFT,25674
1931,UNK,LP,SKJ,2664
1931,UNK,LP,YFT,14842
1931,UNK,PS,SKJ,1803
1931,UNK,PS,YFT,1062
1931,UNK,UNK,SKJ,3017
1931,UNK,UNK,YFT,698
1932,UNK,LP,SKJ,8328
1932,UNK,LP,YFT,12914
1932,UNK,PS,SKJ,1365
1932,UNK,PS,YFT,3766
1932,UNK,UNK,SKJ,105
1932,UNK,UNK,YFT,58
1933,UNK,LP,SKJ,6158
1933,UNK,LP,YFT,21833
1933,UNK,PS,SKJ,1394
1933,UNK,PS,YFT,1054
1933,UNK,UNK,SKJ,22
1933,UNK,UNK,YFT,292
1934,UNK,LP,SKJ,7159
1934,UNK,LP,YFT,26674
1934,UNK,PS,SKJ,119
1934,UNK,PS,YFT,443
1934,UNK,UNK,SKJ,0
1934,UNK,UNK,YFT,513
1935,UNK,LP,SKJ,6649
1935,UNK,LP,YFT,31483
1935,UNK,PS,SKJ,242
1935,UNK,PS,YFT,938
1935,UNK,UNK,SKJ,911
1935,UNK,UNK,YFT,372
1936,UNK,LP,SKJ,8347
1936,UNK,LP,YFT,33181
1936,UNK,PS,SKJ,1662
1936,UNK,PS,YFT,1720
1936,UNK,UNK,SKJ,2238
1936,UNK,UNK,YFT,640
1937,UNK,LP,SKJ,17772
1937,UNK,LP,YFT,37743
1937,UNK,PS,SKJ,2949
1937,UNK,PS,YFT,3727
1937,UNK,UNK,SKJ,643
1937,UNK,UNK,YFT,44
1938,UNK,LP,SKJ,10006
1938,UNK,LP,YFT,34134
1938,UNK,PS,SKJ,661
1938,UNK,PS,YFT,1076
1938,UNK,UNK,SKJ,0
1938,UNK,UNK,YFT,302
1939,UNK,LP,SKJ,10059
1939,UNK,LP,YFT,42011
1939,UNK,PS,SKJ,2641
1939,UNK,PS,YFT,7650
1939,UNK,UNK,SKJ,953
1939,UNK,UNK,YFT,424
1940,UNK,LP,SKJ,18546
1940,UNK,LP,YFT,44999
1940,UNK,PS,SKJ,6260
1940,UNK,PS,YFT,6304
1940,UNK,UNK,SKJ,1321
1940,UNK,UNK,YFT,674
1941,UNK,LP,SKJ,9256
1941,UNK,LP,YFT,32476
1941,UNK,PS,SKJ,797
1941,UNK,PS,YFT,2194
1941,UNK,UNK,SKJ,1650
1941,UNK,UNK,YFT,185
1942,UNK,LP,SKJ,16827
1942,UNK,LP,YFT,16661
1942,UNK,PS,SKJ,636
1942,UNK,PS,YFT,1984
1942,UNK,UNK,SKJ,227
1942,UNK,UNK,YFT,390
1943,UNK,LP,SKJ,12551
1943,UNK,LP,YFT,19274
1943,UNK,PS,SKJ,655
1943,UNK,PS,YFT,2996
1943,UNK,UNK,SKJ,130
1943,UNK,UNK,YFT,436
1944,UNK,LP,SKJ,11895
1944,UNK,LP,YFT,24074
1944,UNK,PS,SKJ,1717
1944,UNK,PS,YFT,4508
1944,UNK,UNK,SKJ,540
1944,UNK,UNK,YFT,843
1945,CHL,HAR,SWO,1455
1945,UNK,LP,SKJ,12623
1945,UNK,LP,YFT,30461
1945,UNK,PS,SKJ,2334
1945,UNK,PS,YFT,8811
1945,UNK,UNK,SKJ,465
1945,UNK,UNK,YFT,1186
1946,CHL,HAR,SWO,2166
1946,UNK,LP,SKJ,13332
1946,UNK,LP,YFT,45992
1946,UNK,PS,SKJ,4680
1946,UNK,PS,YFT,11546
1946,UNK,UNK,SKJ,1266
1946,UNK,UNK,YFT,1294
1947,CHL,HAR,SWO,1701
1947,UNK,LP,SKJ,19835
1947,UNK,LP,YFT,55852
1947,UNK,PS,SKJ,3618
1947,UNK,PS,YFT,11509
1947,UNK,UNK,SKJ,814
1947,UNK,UNK,YFT,5283
1948,CHL,HAR,SWO,1209
1948,UNK,LP,SKJ,24263
1948,UNK,LP,YFT,71108
1948,UNK,PS,SKJ,2023
1948,UNK,PS,YFT,15741
1948,UNK,UNK,SKJ,1610
1948,UNK,UNK,YFT,7042
1949,CHL,HAR,SWO,690
1949,CHL,UNK,BZX,4250
1949,UNK,LP,SKJ,32411
1949,UNK,LP,YFT,71502
1949,UNK,PS,SKJ,2008
1949,UNK,PS,YFT,11021
1949,UNK,UNK,SKJ,2321
1949,UNK,UNK,YFT,8229
1950,CHL,HAR,SWO,786
1950,CHL,UNK,BZX,2927
1950,UNK,LP,SKJ,49534
1950,UNK,LP,YFT,65921
1950,UNK,PS,SKJ,5741
1950,UNK,PS,YFT,15856
1950,UNK,UNK,SKJ,3375
1950,UNK,UNK,YFT,20197
1951,CHL,HAR,SWO,870
1951,CHL,UNK,BZX,3973
1951,UNK,LP,SKJ,45617
1951,UNK,LP,YFT,65499
1951,UNK,PS,SKJ,5790
1951,UNK,PS,YFT,6598
1951,UNK,UNK,SKJ,3523
1951,UNK,UNK,YFT,12279
1952,CHL,HAR,SWO,570
1952,CHL,UNK,BZX,4886
1952,UNK,LP,SKJ,32724
1952,UNK,LP,YFT,66108
1952,UNK,PS,SKJ,4806
1952,UNK,PS,YFT,13735
1952,UNK,UNK,SKJ,3657
1952,UNK,UNK,YFT,8734
1952,USA,HAR,SWO,175
1952,USA,LTL,ALB,23843
1952,USA,PS,PBF,2076
1952,USA,RG,ALB,1373
1952,USA,RG,PBF,2
1953,CHL,HAR,SWO,416
1953,CHL,UNK,BZX,1974
1953,UNK,LP,SKJ,50812
1953,UNK,LP,YFT,43920
1953,UNK,PS,SKJ,5171
1953,UNK,PS,YFT,16121
1953,UNK,UNK,SKJ,4663
1953,UNK,UNK,YFT,3482
1953,USA,HAR,SWO,94
1953,USA,LTL,ALB,15740
1953,USA,PS,PBF,4433
1953,USA,RG,ALB,171
1953,USA,RG,PBF,48
1954,CHL,HAR,SWO,334
1954,CHL,UNK,BZX,4405
1954,JPN,LL,ALB,0
1954,JPN,LL,BET,1610
1954,JPN,LL,BLM,13
1954,JPN,LL,BUM,284
1954,JPN,LL,MLS,23
1954,JPN,LL,SKJ,1
1954,JPN,LL,SWO,17
1954,JPN,LL,YFT,209
1954,PER,UNK,SWO,700
1954,UNK,LP,SKJ,61221
1954,UNK,LP,YFT,46541
1954,UNK,PS,SKJ,8519
1954,UNK,PS,YFT,7625
1954,UNK,UNK,SKJ,9051
1954,UNK,UNK,YFT,9353
1954,USA,HAR,SWO,15
1954,USA,LTL,ALB,12246
1954,USA,PS,PBF,9537
1954,USA,RG,ALB,147
1954,USA,RG,PBF,11
1955,CHL,HAR,SWO,237
1955,CHL,UNK,BZX,7500
1955,JPN,LL,ALB,0
1955,JPN,LL,BET,1810
1955,JPN,LL,BLM,34
1955,JPN,LL,BUM,789
1955,JPN,LL,MLS,16
1955,JPN,LL,SKJ,2
1955,JPN,LL,SWO,14
1955,JPN,LL,YFT,427
1955,PER,UNK,SWO,400
1955,UNK,LP,YFT,50811
1955,UNK,PS,YFT,13086
1955,UNK,UNK,SKJ,63912
1955,USA,HAR,SWO,89
1955,USA,LTL,ALB,13264
1955,USA,PS,PBF,6173
1955,USA,RG,ALB,577
1955,USA,RG,PBF,93
1956,CHL,HAR,SWO,386
1956,CHL,UNK,BZX,4136
1956,JPN,LL,ALB,305
1956,JPN,LL,BET,2408
1956,JPN,LL,BLM,27
1956,JPN,LL,BUM,1732
1956,JPN,LL,MLS,67
1956,JPN,LL,SKJ,0
1956,JPN,LL,SWO,13
1956,JPN,LL,YFT,967
1956,PER,UNK,SWO,600
1956,UNK,LP,YFT,58828
1956,UNK,PS,YFT,21470
1956,UNK,UNK,SKJ,80287
1956,USA,HAR,SWO,181
1956,USA,LTL,ALB,18751
1956,USA,PS,PBF,5727
1956,USA,RG,ALB,482
1956,USA,RG,PBF,388
1957,CHL,HAR,SWO,357
1957,CHL,UNK,BZX,2144
1957,JPN,LL,ALB,692
1957,JPN,LL,BET,9698
1957,JPN,LL,BLM,194
1957,JPN,LL,BUM,3717
1957,JPN,LL,MLS,149
1957,JPN,LL,PBF,0
1957,JPN,LL,SKJ,13
1957,JPN,LL,SWO,120
1957,JPN,LL,YFT,5854
1957,PER,UNK,SWO,600
1957,UNK,LP,YFT,58402
1957,UNK,PS,YFT,15544
1957,UNK,UNK,SKJ,73936
1957,USA,HAR,SWO,247
1957,USA,LTL,ALB,21165
1957,USA,PS,PBF,9215
1957,USA,RG,ALB,304
1957,USA,RG,PBF,73
1958,CHL,HAR,SWO,392
1958,JPN,LL,ALB,2005
1958,JPN,LL,BET,10592
1958,JPN,LL,BLM,156
1958,JPN,LL,BUM,3767
1958,JPN,LL,MLS,326
1958,JPN,LL,PBF,1
1958,JPN,LL,SKJ,31
1958,JPN,LL,SWO,97
1958,JPN,LL,YFT,4927
1958,PER,UNK,SWO,400
1958,UNK,LP,YFT,46776
1958,UNK,PS,YFT,20560
1958,UNK,UNK,SKJ,67994
1958,USA,HAR,SWO,310
1958,USA,LTL,ALB,14855
1958,USA,PS,PBF,13934
1958,USA,RG,ALB,48
1958,USA,RG,PBF,10
1959,CHL,HAR,SWO,555
1959,CHL,LP,SKJ,33
1959,CHL,LP,YFT,222
1959,CHL,UNK,BZX,2566
1959,COL,UNK,SKJ,44
1959,COL,UNK,YFT,234
1959,ECU,LP,SKJ,5622
1959,ECU,LP,YFT,226
1959,ECU,PS,SKJ,458
1959,ECU,PS,YFT,25
1959,ECU,UNK,SKJ,697
1959,ECU,UNK,YFT,208
1959,JPN,LL,ALB,2617
1959,JPN,LL,BET,11515
1959,JPN,LL,BLM,132
1959,JPN,LL,BUM,3084
1959,JPN,LL,MLS,371
1959,JPN,LL,PBF,4
1959,JPN,LL,SKJ,32
1959,JPN,LL,SWO,71
1959,JPN,LL,YFT,3437
1959,MEX,LP,PBF,32
1959,MEX,LP,SKJ,1086
1959,MEX,LP,YFT,812
1959,MEX,PS,CGX,27
1959,MEX,PS,PBF,171
1959,MEX,PS,SKJ,407
1959,MEX,PS,YFT,590
1959,MEX,UNK,SKJ,122
1959,MEX,UNK,YFT,227
1959,PER,PS,SKJ,4514
1959,PER,PS,YFT,2703
1959,PER,UNK,SWO,400
1959,USA,HAR,SWO,295
1959,USA,LP,ALB,1617
1959,USA,LP,PBF,56
1959,USA,LP,SKJ,54112
1959,USA,LP,YFT,26181
1959,USA,LTL,ALB,20990
1959,USA,PS,ALB,1
1959,USA,PS,BZX,330
1959,USA,PS,PBF,3506
1959,USA,PS,SKJ,12579
1959,USA,PS,YFT,26732
1959,USA,RG,ALB,0
1959,USA,UNK,SKJ,20
1959,USA,UNK,YFT,1
1960,CHL,HAR,SWO,456
1960,CHL,LP,SKJ,37
1960,CHL,LP,YFT,65
1960,CHL,UNK,BZX,2313
1960,COL,UNK,SKJ,216
1960,COL,UNK,YFT,114
1960,ECU,LP,SKJ,5478
1960,ECU,LP,YFT,402
1960,ECU,PS,SKJ,480
1960,ECU,PS,YFT,50
1960,ECU,UNK,SKJ,179
1960,ECU,UNK,YFT,51
1960,JPN,LL,ALB,2668
1960,JPN,LL,BET,17722
1960,JPN,LL,BLM,166
1960,JPN,LL,BUM,2682
1960,JPN,LL,MLS,529
1960,JPN,LL,PBF,3
1960,JPN,LL,SKJ,28
1960,JPN,LL,SWO,137
1960,JPN,LL,YFT,5934
1960,MEX,LP,SKJ,656
1960,MEX,LP,YFT,827
1960,MEX,PS,SKJ,205
1960,MEX,PS,YFT,1191
1960,MEX,UNK,SKJ,58
1960,MEX,UNK,YFT,293
1960,PAN,LP,SKJ,173
1960,PAN,LP,YFT,5
1960,PER,PS,SKJ,3325
1960,PER,PS,YFT,1502
1960,PER,UNK,SWO,400
1960,USA,HAR,SWO,214
1960,USA,LP,ALB,2518
1960,USA,LP,SKJ,22585
1960,USA,LP,YFT,20852
1960,USA,LTL,ALB,20100
1960,USA,PS,ALB,106
1960,USA,PS,BET,24
1960,USA,PS,BZX,2248
1960,USA,PS,PBF,4547
1960,USA,PS,SKJ,12640
1960,USA,PS,YFT,76682
1960,USA,RG,ALB,557
1960,USA,UNK,SKJ,0
1960,USA,UNK,YFT,0
1961,CHL,HAR,SWO,394
1961,CHL,UNK,BZX,3586
1961,ECU,LP,SKJ,10954
1961,ECU,LP,YFT,354
1961,ECU,UNK,SKJ,137
1961,ECU,UNK,YFT,309
1961,JPN,LL,ALB,2842
1961,JPN,LL,BET,52431
1961,JPN,LL,BLM,394
1961,JPN,LL,BUM,6248
1961,JPN,LL,MLS,2033
1961,JPN,LL,PBF,5
1961,JPN,LL,SKJ,46
1961,JPN,LL,SWO,568
1961,JPN,LL,YFT,12500
1961,MEX,LP,ALB,39
1961,MEX,LP,BZX,144
1961,MEX,LP,CGX,38
1961,MEX,LP,SKJ,471
1961,MEX,LP,YFT,388
1961,MEX,PS,ALB,2
1961,MEX,PS,BET,10
1961,MEX,PS,PBF,130
1961,MEX,PS,SKJ,512
1961,MEX,PS,YFT,864
1961,MEX,UNK,YFT,237
1961,OTR,LP,SKJ,109
1961,OTR,LP,YFT,362
1961,OTR,PS,SKJ,4974
1961,OTR,PS,YFT,598
1961,PER,UNK,SWO,300
1961,USA,HAR,SWO,243
1961,USA,LP,ALB,1594
1961,USA,LP,BET,106
1961,USA,LP,PBF,16
1961,USA,LP,SKJ,17461
1961,USA,LP,YFT,14115
1961,USA,LTL,ALB,12055
1961,USA,PS,ALB,786
1961,USA,PS,BET,94
1961,USA,PS,BZX,2765
1961,USA,PS,CGX,125
1961,USA,PS,MZZ,51
1961,USA,PS,PBF,7989
1961,USA,PS,SKJ,40220
1961,USA,PS,YFT,78596
1961,USA,RG,ALB,1355
1961,USA,UNK,SKJ,246
1961,USA,UNK,YFT,403
1962,CAN,UNK,ALB,21
1962,CAN,UNK,PBF,122
1962,CAN,UNK,SKJ,8
1962,CHL,HAR,SWO,297
1962,CHL,UNK,BZX,2218
1962,CHL,UNK,SKJ,78
1962,CHL,UNK,YFT,365
1962,COL,UNK,SKJ,152
1962,COL,UNK,YFT,86
1962,ECU,LP,SKJ,9509
1962,ECU,LP,YFT,526
1962,ECU,UNK,SKJ,219
1962,ECU,UNK,YFT,255
1962,JPN,LL,ALB,6534
1962,JPN,LL,BET,45050
1962,JPN,LL,BLM,469
1962,JPN,LL,BUM,7437
1962,JPN,LL,MLS,3718
1962,JPN,LL,PBF,27
1962,JPN,LL,SKJ,45
1962,JPN,LL,SWO,971
1962,JPN,LL,YFT,10211
1962,MEX,PS,PBF,294
1962,MEX,PS,SKJ,761
1962,MEX,PS,YFT,1190
1962,OTR,LP,SKJ,237
1962,OTR,LP,YFT,624
1962,OTR,PS,SKJ,915
1962,OTR,PS,YFT,282
1962,PAN,LP,SKJ,717
1962,PAN,LP,YFT,2061
1962,PER,PS,SKJ,2956
1962,PER,PS,YFT,4732
1962,PER,UNK,SWO,400
1962,UNK,LP,BZX,306
1962,UNK,LP,CGX,110
1962,UNK,PS,ALB,20
1962,UNK,PS,PBF,82
1962,USA,HAR,SWO,26
1962,USA,LP,ALB,939
1962,USA,LP,BET,318
1962,USA,LP,SKJ,7198
1962,USA,LP,YFT,7841
1962,USA,LTL,ALB,19752
1962,USA,PS,ALB,191
1962,USA,PS,BET,302
1962,USA,PS,BZX,2937
1962,USA,PS,CGX,30
1962,USA,PS,MZZ,26
1962,USA,PS,PBF,10769
1962,USA,PS,SKJ,54307
1962,USA,PS,YFT,50066
1962,USA,RG,ALB,1681
1962,USA,UNK,SKJ,1
1962,USA,UNK,YFT,2
1963,CHL,HAR,SWO,94
1963,CHL,LP,SKJ,207
1963,CHL,LP,YFT,374
1963,CHL,UNK,BZX,2553
1963,COL,UNK,SKJ,242
1963,COL,UNK,YFT,70
1963,ECU,LP,BET,1
1963,ECU,LP,SKJ,10313
1963,ECU,LP,YFT,344
1963,ECU,UNK,SKJ,1839
1963,ECU,UNK,YFT,498
1963,JPN,LL,ALB,13616
1963,JPN,LL,BET,66617
1963,JPN,LL,BLM,818
1963,JPN,LL,BUM,12043
1963,JPN,LL,MLS,7241
1963,JPN,LL,PBF,17
1963,JPN,LL,SKJ,185
1963,JPN,LL,SWO,1886
1963,JPN,LL,YFT,18973
1963,MEX,PS,ALB,31
1963,MEX,PS,PBF,412
1963,MEX,PS,SKJ,916
1963,MEX,PS,YFT,1234
1963,OTR,LP,SKJ,341
1963,OTR,LP,YFT,304
1963,PAN,LP,SKJ,396
1963,PAN,LP,YFT,1066
1963,PAN,PS,SKJ,2569
1963,PAN,PS,YFT,362
1963,PER,PS,BZX,27
1963,PER,PS,SKJ,4562
1963,PER,PS,YFT,2282
1963,PER,UNK,SWO,200
1963,UNK,LP,BZX,143
1963,UNK,LP,CGX,96
1963,UNK,PS,SKJ,544
1963,UNK,PS,YFT,15
1963,USA,HAR,SWO,64
1963,USA,LP,ALB,2203
1963,USA,LP,BET,138
1963,USA,LP,BZX,49
1963,USA,LP,CGX,9
1963,USA,LP,PBF,28
1963,USA,LP,SKJ,5882
1963,USA,LP,YFT,4954
1963,USA,LTL,ALB,25140
1963,USA,PS,ALB,1189
1963,USA,PS,BZX,2904
1963,USA,PS,CGX,135
1963,USA,PS,PBF,11832
1963,USA,PS,SKJ,73812
1963,USA,PS,YFT,44110
1963,USA,RG,ALB,1161
1963,USA,UNK,SKJ,122
1963,USA,UNK,YFT,121
1964,CHL,HAR,SWO,312
1964,CHL,UNK,BZX,6244
1964,COL,UNK,SKJ,201
1964,COL,UNK,YFT,40
1964,ECU,LP,SKJ,5660
1964,ECU,LP,YFT,152
1964,ECU,UNK,SKJ,3305
1964,ECU,UNK,YFT,698
1964,JPN,LL,ALB,6730
1964,JPN,LL,BET,46268
1964,JPN,LL,BLM,609
1964,JPN,LL,BUM,6092
1964,JPN,LL,MLS,11461
1964,JPN,LL,PBF,4
1964,JPN,LL,SKJ,102
1964,JPN,LL,SWO,3017
1964,JPN,LL,YFT,16968
1964,MEX,PS,BZX,136
1964,MEX,PS,CGX,41
1964,MEX,PS,PBF,131
1964,MEX,PS,SKJ,1073
1964,MEX,PS,YFT,1648
1964,OTR,LP,SKJ,359
1964,OTR,LP,YFT,351
1964,OTR,PS,SKJ,331
1964,OTR,PS,YFT,241
1964,PAN,PS,SKJ,433
1964,PAN,PS,YFT,827
1964,PER,PS,SKJ,1656
1964,PER,PS,YFT,3177
1964,PER,UNK,SWO,900
1964,TWN,LL,ALB,35
1964,TWN,LL,BET,11
1964,TWN,LL,BLM,0
1964,TWN,LL,BUM,2
1964,TWN,LL,MLS,0
1964,TWN,LL,YFT,6
1964,UNK,LP,BZX,9
1964,UNK,LP,CGX,184
1964,USA,HAR,SWO,120
1964,USA,LP,ALB,3185
1964,USA,LP,BET,127
1964,USA,LP,PBF,39
1964,USA,LP,SKJ,4287
1964,USA,LP,YFT,3487
1964,USA,LTL,ALB,18388
1964,USA,PS,ALB,146
1964,USA,PS,BKJ,5
1964,USA,PS,BZX,6557
1964,USA,PS,PBF,9047
1964,USA,PS,SKJ,48266
1964,USA,PS,YFT,72425
1964,USA,RG,ALB,824
1965,CHL,HAR,SWO,151
1965,CHL,PS,BZX,252
1965,CHL,PS,SKJ,143
1965,CHL,PS,YFT,72
1965,CHL,UNK,BZX,11071
1965,COL,UNK,SKJ,228
1965,COL,UNK,YFT,173
1965,ECU,LP,SKJ,12857
1965,ECU,LP,YFT,416
1965,ECU,PS,SKJ,1487
1965,ECU,PS,YFT,78
1965,ECU,UNK,SKJ,560
1965,ECU,UNK,YFT,121
1965,JPN,LL,ALB,4247
1965,JPN,LL,BET,29160
1965,JPN,LL,BLM,548
1965,JPN,LL,BUM,4560
1965,JPN,LL,MLS,9931
1965,JPN,LL,PBF,14
1965,JPN,LL,SKJ,252
1965,JPN,LL,SWO,1682
1965,JPN,LL,YFT,15614
1965,MEX,PS,BZX,40
1965,MEX,PS,PBF,289
1965,MEX,PS,SKJ,1708
1965,MEX,PS,YFT,1320
1965,OTR,LP,SKJ,141
1965,OTR,LP,YFT,516
1965,PER,PS,SKJ,1003
1965,PER,PS,YFT,1469
1965,PER,UNK,SWO,300
1965,TWN,LL,ALB,11
1965,TWN,LL,BET,4
1965,TWN,LL,BLM,0
1965,TWN,LL,BUM,1
1965,TWN,LL,MLS,0
1965,TWN,LL,YFT,6
1965,UNK,LP,BZX,25
1965,UNK,LP,CGX,155
1965,UNK,PS,SKJ,1112
1965,UNK,PS,YFT,382
1965,USA,HAR,SWO,215
1965,USA,LP,ALB,397
1965,USA,LP,BET,231
1965,USA,LP,PBF,11
1965,USA,LP,SKJ,6868
1965,USA,LP,YFT,6052
1965,USA,LTL,ALB,16542
1965,USA,PS,ALB,247
1965,USA,PS,BKJ,16
1965,USA,PS,BZX,3733
1965,USA,PS,PBF,6523
1965,USA,PS,SKJ,58603
1965,USA,PS,YFT,62028
1965,USA,RG,ALB,731
1965,USA,UNK,PBF,66
1965,USA,UNK,SKJ,6
1965,USA,UNK,YFT,18
1966,CHL,HAR,SWO,175
1966,CHL,LP,BZX,2
1966,CHL,LP,SKJ,0
1966,CHL,LP,YFT,13
1966,CHL,PS,BZX,248
1966,CHL,PS,SKJ,106
1966,CHL,PS,YFT,477
1966,CHL,UNK,BZX,12775
1966,COL,LP,SKJ,258
1966,COL,LP,YFT,63
1966,COL,UNK,SKJ,61
1966,COL,UNK,YFT,57
1966,ECU,LP,SKJ,7793
1966,ECU,LP,YFT,499
1966,ECU,PS,SKJ,904
1966,ECU,PS,YFT,208
1966,ECU,UNK,SKJ,1644
1966,ECU,UNK,YFT,449
1966,JPN,LL,ALB,4230
1966,JPN,LL,BET,34763
1966,JPN,LL,BLM,564
1966,JPN,LL,BUM,2888
1966,JPN,LL,MLS,9060
1966,JPN,LL,PBF,2
1966,JPN,LL,SKJ,239
1966,JPN,LL,SWO,2061
1966,JPN,LL,YFT,9066
1966,MEX,LP,BZX,75
1966,MEX,LP,CGX,406
1966,MEX,LP,SKJ,557
1966,MEX,LP,YFT,385
1966,MEX,PS,BZX,355
1966,MEX,PS,PBF,435
1966,MEX,PS,SKJ,727
1966,MEX,PS,YFT,1660
1966,OTR,PS,SKJ,2572
1966,OTR,PS,YFT,1681
1966,PER,UNK,SWO,200
1966,TWN,LL,ALB,136
1966,TWN,LL,BET,37
1966,TWN,LL,BIL,0
1966,TWN,LL,BLM,7
1966,TWN,LL,BUM,0
1966,TWN,LL,MLS,2
1966,TWN,LL,SKJ,2
1966,TWN,LL,YFT,31
1966,UNK,LP,ALB,1922
1966,UNK,LP,BET,292
1966,UNK,LP,PBF,12
1966,UNK,LP,SKJ,5475
1966,UNK,LP,YFT,4341
1966,UNK,PS,BKJ,2
1966,UNK,PS,BZX,656
1966,USA,HAR,SWO,308
1966,USA,LTL,ALB,15333
1966,USA,PS,ALB,19
1966,USA,PS,BET,210
1966,USA,PS,BKJ,7
1966,USA,PS,BZX,3118
1966,USA,PS,MZZ,16
1966,USA,PS,PBF,15450
1966,USA,PS,SKJ,45955
1966,USA,PS,YFT,64956
1966,USA,RG,ALB,588
1966,USA,UNK,SKJ,14
1966,USA,UNK,YFT,1
1967,CAN,PS,BZX,1234
1967,CAN,PS,SKJ,4111
1967,CAN,PS,YFT,1087
1967,CHL,HAR,SWO,203
1967,CHL,PS,BZX,36
1967,CHL,PS,SKJ,238
1967,CHL,PS,YFT,176
1967,CHL,UNK,BZX,8608
1967,COL,UNK,SKJ,532
1967,COL,UNK,YFT,140
1967,ECU,LP,SKJ,11529
1967,ECU,LP,YFT,939
1967,ECU,PS,SKJ,1547
1967,ECU,PS,YFT,323
1967,ECU,UNK,SKJ,4355
1967,ECU,UNK,YFT,1305
1967,JPN,LL,ALB,3523
1967,JPN,LL,BET,34915
1967,JPN,LL,BLM,573
1967,JPN,LL,BUM,3398
1967,JPN,LL,MLS,10364
1967,JPN,LL,PBF,1
1967,JPN,LL,SKJ,112
1967,JPN,LL,SWO,1569
1967,JPN,LL,YFT,8892
1967,MEX,PS,BZX,1
1967,MEX,PS,PBF,371
1967,MEX,PS,SKJ,3412
1967,MEX,PS,YFT,1877
1967,OTR,PS,SKJ,569
1967,OTR,PS,YFT,192
1967,PER,UNK,SWO,1300
1967,TWN,LL,ALB,4452
1967,TWN,LL,BET,963
1967,TWN,LL,BIL,20
1967,TWN,LL,BLM,146
1967,TWN,LL,BUM,44
1967,TWN,LL,MLS,91
1967,TWN,LL,PBF,9
1967,TWN,LL,SKJ,34
1967,TWN,LL,SWO,31
1967,TWN,LL,YFT,393
1967,UNK,LP,BZX,19
1967,UNK,LP,CGX,115
1967,UNK,LP,SKJ,409
1967,UNK,LP,YFT,172
1967,UNK,PS,BZX,44
1967,USA,HAR,SWO,201
1967,USA,LP,ALB,3495
1967,USA,LP,BET,1305
1967,USA,LP,SKJ,6078
1967,USA,LP,YFT,3401
1967,USA,LTL,ALB,17814
1967,USA,PS,ALB,254
1967,USA,PS,BET,1697
1967,USA,PS,BZX,8710
1967,USA,PS,PBF,5517
1967,USA,PS,SKJ,95051
1967,USA,PS,YFT,61787
1967,USA,RG,ALB,707
1967,USA,RG,PBF,35
1967,USA,RG,SKJ,5
1967,USA,RG,YFT,89
1967,USA,UNK,SKJ,0
1967,USA,UNK,YFT,0
1968,CAN,PS,BET,312
1968,CAN,PS,BZX,2130
1968,CAN,PS,MZZ,33
1968,CAN,PS,SKJ,3033
1968,CAN,PS,YFT,1040
1968,CHL,HAR,SWO,175
1968,CHL,PS,SKJ,304
1968,CHL,PS,YFT,220
1968,CHL,UNK,BZX,4044
1968,COL,LP,SKJ,327
1968,COL,LP,YFT,77
1968,COL,UNK,SKJ,44
1968,COL,UNK,YFT,2
1968,ECU,LP,BET,5
1968,ECU,LP,SKJ,2746
1968,ECU,LP,YFT,256
1968,ECU,PS,SKJ,240
1968,ECU,PS,YFT,351
1968,ECU,UNK,SKJ,9820
1968,ECU,UNK,YFT,3139
1968,JPN,LL,ALB,1568
1968,JPN,LL,BET,34513
1968,JPN,LL,BLM,519
1968,JPN,LL,BUM,3710
1968,JPN,LL,MLS,14130
1968,JPN,LL,PBF,1
1968,JPN,LL,SKJ,210
1968,JPN,LL,SWO,2285
1968,JPN,LL,YFT,14400
1968,MEX,PS,BZX,6
1968,MEX,PS,CGX,12
1968,MEX,PS,PBF,195
1968,MEX,PS,SKJ,1996
1968,MEX,PS,YFT,3982
1968,MEX,UNK,SKJ,0
1968,MEX,UNK,YFT,18
1968,OTR,PS,BET,76
1968,OTR,PS,SKJ,1333
1968,OTR,PS,YFT,633
1968,PER,UNK,SWO,800
1968,TWN,LL,ALB,3568
1968,TWN,LL,BET,720
1968,TWN,LL,BIL,8
1968,TWN,LL,BLM,254
1968,TWN,LL,BUM,48
1968,TWN,LL,MLS,83
1968,TWN,LL,PBF,7
1968,TWN,LL,SKJ,30
1968,TWN,LL,SWO,18
1968,TWN,LL,YFT,586
1968,UNK,LP,BZX,1
1968,UNK,LP,CGX,27
1968,UNK,LP,SKJ,403
1968,UNK,LP,YFT,419
1968,UNK,PS,BZX,1498
1968,UNK,PS,MZZ,2
1968,USA,HAR,SWO,131
1968,USA,LP,ALB,4339
1968,USA,LP,BET,110
1968,USA,LP,PBF,8
1968,USA,LP,SKJ,3864
1968,USA,LP,YFT,3555
1968,USA,LTL,ALB,20434
1968,USA,PS,ALB,157
1968,USA,PS,BET,4230
1968,USA,PS,BZX,4323
1968,USA,PS,CGX,14
1968,USA,PS,MZZ,38
1968,USA,PS,PBF,5773
1968,USA,PS,SKJ,52736
1968,USA,PS,YFT,80316
1968,USA,RG,ALB,951
1968,USA,RG,PBF,13
1968,USA,RG,SKJ,15
1968,USA,RG,YFT,76
1968,USA,UNK,SKJ,9
1968,USA,UNK,YFT,6
1969,CAN,PS,BET,112
1969,CAN,PS,BZX,434
1969,CAN,PS,SKJ,3034
1969,CAN,PS,YFT,1302
1969,CHL,HAR,SWO,314
1969,CHL,LP,YFT,7
1969,CHL,UNK,ALB,49
1969,CHL,UNK,BZX,7745
1969,COL,LP,SKJ,372
1969,COL,LP,YFT,107
1969,COL,UNK,SKJ,17
1969,COL,UNK,YFT,1
1969,ECU,LP,SKJ,2578
1969,ECU,LP,YFT,66
1969,ECU,PS,SKJ,1237
1969,ECU,PS,YFT,909
1969,ECU,UNK,SKJ,11584
1969,ECU,UNK,YFT,1709
1969,JPN,LL,ALB,1593
1969,JPN,LL,BET,51837
1969,JPN,LL,BLM,562
1969,JPN,LL,BUM,4664
1969,JPN,LL,MLS,9006
1969,JPN,LL,PBF,1
1969,JPN,LL,SKJ,220
1969,JPN,LL,SWO,6327
1969,JPN,LL,YFT,15045
1969,MEX,PS,BZX,24
1969,MEX,PS,PBF,260
1969,MEX,PS,SKJ,845
1969,MEX,PS,YFT,6099
1969,MEX,UNK,SKJ,45
1969,MEX,UNK,YFT,103
1969,OTR,PS,BET,10
1969,OTR,PS,SKJ,3972
1969,OTR,PS,YFT,1181
1969,PER,UNK,SWO,1200
1969,TWN,LL,ALB,1156
1969,TWN,LL,BET,234
1969,TWN,LL,BIL,4
1969,TWN,LL,BLM,79
1969,TWN,LL,BUM,12
1969,TWN,LL,MLS,23
1969,TWN,LL,PBF,1
1969,TWN,LL,SKJ,7
1969,TWN,LL,SWO,6
1969,TWN,LL,YFT,284
1969,UNK,LP,SKJ,612
1969,UNK,LP,YFT,1211
1969,UNK,PS,BZX,79
1969,USA,HAR,SKH,8
1969,USA,HAR,SWO,678
1969,USA,LP,ALB,2936
1969,USA,LP,BZX,54
1969,USA,LP,PBF,9
1969,USA,LP,SKJ,3408
1969,USA,LP,YFT,5804
1969,USA,LTL,ALB,18827
1969,USA,PS,ALB,8
1969,USA,PS,BET,971
1969,USA,PS,BZX,2359
1969,USA,PS,PBF,6657
1969,USA,PS,SKJ,36932
1969,USA,PS,YFT,104174
1969,USA,RG,ALB,358
1969,USA,RG,PBF,17
1969,USA,RG,SKJ,26
1969,USA,RG,YFT,26
1969,USA,UNK,SKJ,5
1969,USA,UNK,YFT,27
1970,CAN,PS,ALB,47
1970,CAN,PS,BET,373
1970,CAN,PS,BZX,878
1970,CAN,PS,PBF,1
1970,CAN,PS,SKJ,1638
1970,CAN,PS,TUN,10
1970,CAN,PS,YFT,4230
1970,CHL,HAR,SWO,243
1970,CHL,UNK,ALB,37
1970,CHL,UNK,BZX,4507
1970,ECU,PS,BET,16
1970,ECU,PS,MZZ,5
1970,ECU,PS,SKJ,1662
1970,ECU,PS,YFT,2016
1970,ECU,UNK,SKJ,7010
1970,ECU,UNK,YFT,4826
1970,JPN,LL,ALB,2412
1970,JPN,LL,BET,32521
1970,JPN,LL,BLM,408
1970,JPN,LL,BUM,4086
1970,JPN,LL,MLS,10949
1970,JPN,LL,PBF,6
1970,JPN,LL,SKJ,143
1970,JPN,LL,SWO,4125
1970,JPN,LL,YFT,12273
1970,MEX,LP,BZX,3
1970,MEX,LP,SKJ,593
1970,MEX,LP,YFT,308
1970,MEX,PS,BZX,71
1970,MEX,PS,CGX,10
1970,MEX,PS,PBF,92
1970,MEX,PS,SKJ,2670
1970,MEX,PS,YFT,6757
1970,MEX,UNK,YFT,0
1970,OTR,LP,SKJ,363
1970,OTR,LP,YFT,112
1970,OTR,PS,SKJ,172
1970,OTR,PS,YFT,302
1970,PAN,PS,BET,258
1970,PAN,PS,BZX,690
1970,PAN,PS,SKJ,2719
1970,PAN,PS,YFT,2873
1970,PER,PS,BZX,516
1970,PER,PS,SKJ,670
1970,PER,PS,YFT,224
1970,PER,UNK,SWO,2396
1970,PER,UNK,TUN,16025
1970,TWN,LL,ALB,4092
1970,TWN,LL,BET,820
1970,TWN,LL,BIL,25
1970,TWN,LL,BLM,243
1970,TWN,LL,BUM,26
1970,TWN,LL,MLS,57
1970,TWN,LL,PBF,27
1970,TWN,LL,SKJ,21
1970,TWN,LL,SWO,26
1970,TWN,LL,YFT,370
1970,USA,HAR,SWO,621
1970,USA,LP,ALB,4407
1970,USA,LP,SKJ,6514
1970,USA,LP,YFT,3840
1970,USA,LTL,ALB,21032
1970,USA,PS,ALB,22
1970,USA,PS,BET,1764
1970,USA,PS,BZX,2579
1970,USA,PS,MZZ,1
1970,USA,PS,PBF,3873
1970,USA,PS,SKJ,37935
1970,USA,PS,TUN,2
1970,USA,PS,YFT,122983
1970,USA,RG,ALB,822
1970,USA,RG,PBF,37
1970,USA,RG,SKJ,39
1970,USA,RG,YFT,20
1970,USA,UNK,SKJ,21
1970,USA,UNK,YFT,4
1971,CAN,LP,ALB,5
1971,CAN,LP,SKJ,3
1971,CAN,LP,YFT,15
1971,CAN,PS,BET,496
1971,CAN,PS,BZX,54
1971,CAN,PS,DOX,1
1971,CAN,PS,SKJ,5404
1971,CAN,PS,YFT,3111
1971,CHL,HAR,SWO,181
1971,CHL,UNK,ALB,168
1971,CHL,UNK,BZX,1680
1971,COL,LP,SKJ,464
1971,COL,LP,YFT,155
1971,ECU,LP,BET,75
1971,ECU,LP,SKJ,2920
1971,ECU,LP,YFT,1272
1971,ECU,PS,BET,149
1971,ECU,PS,SKJ,2100
1971,ECU,PS,YFT,2875
1971,ECU,UNK,BET,18
1971,ECU,UNK,SKJ,6497
1971,ECU,UNK,YFT,2449
1971,ESP,PS,BET,150
1971,ESP,PS,SKJ,723
1971,ESP,PS,YFT,695
1971,JPN,LL,ALB,955
1971,JPN,LL,BET,28871
1971,JPN,LL,BLM,286
1971,JPN,LL,BUM,2718
1971,JPN,LL,MLS,10049
1971,JPN,LL,PBF,0
1971,JPN,LL,SKJ,136
1971,JPN,LL,SWO,1939
1971,JPN,LL,YFT,7368
1971,JPN,PS,SKJ,292
1971,JPN,PS,YFT,563
1971,MEX,LP,SKJ,634
1971,MEX,LP,YFT,478
1971,MEX,PS,BZX,2343
1971,MEX,PS,CGX,13
1971,MEX,PS,PBF,555
1971,MEX,PS,SKJ,3248
1971,MEX,PS,YFT,5358
1971,OTR,PS,BET,75
1971,OTR,PS,SKJ,981
1971,OTR,PS,YFT,1797
1971,PAN,PS,BET,16
1971,PAN,PS,SKJ,4554
1971,PAN,PS,YFT,1577
1971,PER,PS,BET,1
1971,PER,PS,BZX,4
1971,PER,PS,SKJ,188
1971,PER,PS,YFT,954
1971,PER,UNK,DOX,26
1971,PER,UNK,SKH,102
1971,PER,UNK,SWO,185
1971,PER,UNK,TUN,12224
1971,TWN,LL,ALB,6540
1971,TWN,LL,BET,933
1971,TWN,LL,BIL,7
1971,TWN,LL,BLM,254
1971,TWN,LL,BUM,36
1971,TWN,LL,MLS,157
1971,TWN,LL,PBF,24
1971,TWN,LL,SKJ,51
1971,TWN,LL,SWO,18
1971,TWN,LL,YFT,645
1971,UNK,PS,BZX,675
1971,UNK,PS,DOX,4
1971,UNK,PS,MZZ,31
1971,USA,HAR,SWO,102
1971,USA,LP,ALB,2409
1971,USA,LP,BZX,128
1971,USA,LP,SKJ,7658
1971,USA,LP,YFT,3380
1971,USA,LTL,ALB,20526
1971,USA,PS,ALB,76
1971,USA,PS,BET,3472
1971,USA,PS,BKJ,6
1971,USA,PS,BZX,6394
1971,USA,PS,PBF,7804
1971,USA,PS,SKJ,77012
1971,USA,PS,TUN,11
1971,USA,PS,YFT,87933
1971,USA,RG,ALB,1175
1971,USA,RG,PBF,6
1971,USA,RG,YFT,31
1971,USA,UNK,SKJ,18
1971,USA,UNK,YFT,2
1972,CAN,PS,BET,611
1972,CAN,PS,SKJ,1007
1972,CAN,PS,YFT,6382
1972,CHL,HAR,SWO,141
1972,CHL,UNK,ALB,49
1972,CHL,UNK,BZX,4552
1972,CRI,PS,ALB,8
1972,CRI,PS,BKJ,68
1972,CRI,PS,BZX,40
1972,CRI,PS,SKJ,174
1972,CRI,PS,YFT,1561
1972,ECU,LP,SKJ,1939
1972,ECU,LP,YFT,992
1972,ECU,PS,BET,221
1972,ECU,PS,SKJ,1785
1972,ECU,PS,YFT,1149
1972,ECU,UNK,SKJ,893
1972,ECU,UNK,YFT,968
1972,ESP,PS,BET,3
1972,ESP,PS,SKJ,947
1972,ESP,PS,YFT,3449
1972,JPN,LL,ALB,851
1972,JPN,LL,BET,35113
1972,JPN,LL,BLM,361
1972,JPN,LL,BUM,2381
1972,JPN,LL,MLS,6981
1972,JPN,LL,PBF,1
1972,JPN,LL,SKJ,236
1972,JPN,LL,SWO,2266
1972,JPN,LL,YFT,16013
1972,JPN,PS,BET,158
1972,JPN,PS,SKJ,168
1972,JPN,PS,YFT,1298
1972,MEX,LP,BZX,13
1972,MEX,LP,CGX,1
1972,MEX,LP,SKJ,160
1972,MEX,LP,YFT,221
1972,MEX,PS,ALB,45
1972,MEX,PS,BKJ,61
1972,MEX,PS,BZX,390
1972,MEX,PS,CGX,40
1972,MEX,PS,PBF,1646
1972,MEX,PS,SKJ,2078
1972,MEX,PS,YFT,8206
1972,OTR,LP,SKJ,1
1972,OTR,LP,YFT,14
1972,OTR,PS,SKJ,1212
1972,OTR,PS,YFT,703
1972,PAN,PS,BET,2
1972,PAN,PS,SKJ,990
1972,PAN,PS,YFT,2800
1972,PER,PS,BET,32
1972,PER,PS,BZX,2142
1972,PER,PS,MZZ,1
1972,PER,PS,SKJ,227
1972,PER,PS,TUN,59
1972,PER,PS,YFT,426
1972,PER,UNK,SWO,550
1972,PER,UNK,TUN,4433
1972,TWN,LL,ALB,4970
1972,TWN,LL,BET,1015
1972,TWN,LL,BIL,2
1972,TWN,LL,BLM,326
1972,TWN,LL,BUM,30
1972,TWN,LL,MLS,116
1972,TWN,LL,PBF,32
1972,TWN,LL,SKJ,6
1972,TWN,LL,SWO,38
1972,TWN,LL,YFT,846
1972,UNK,PS,BZX,145
1972,UNK,PS,SKH,29
1972,UNK,PS,TUN,79
1972,USA,HAR,SWO,175
1972,USA,LP,ALB,4380
1972,USA,LP,BET,126
1972,USA,LP,BKJ,2
1972,USA,LP,BZX,279
1972,USA,LP,CGX,8
1972,USA,LP,PBF,3
1972,USA,LP,SKJ,4456
1972,USA,LP,YFT,4833
1972,USA,LTL,ALB,23600
1972,USA,PS,ALB,400
1972,USA,PS,BET,2944
1972,USA,PS,BKJ,470
1972,USA,PS,BZX,5863
1972,USA,PS,DOX,8
1972,USA,PS,MZZ,27
1972,USA,PS,PBF,11656
1972,USA,PS,SKH,65
1972,USA,PS,SKJ,21216
1972,USA,PS,TUN,50
1972,USA,PS,YFT,138323
1972,USA,RG,ALB,637
1972,USA,RG,PBF,17
1972,USA,RG,SKJ,3
1972,USA,RG,YFT,13
1972,USA,UNK,PBF,42
1972,USA,UNK,SKJ,6
1972,USA,UNK,YFT,79
1973,CAN,PS,BET,100
1973,CAN,PS,SKJ,3185
1973,CAN,PS,YFT,6581
1973,CHL,HAR,SWO,410
1973,CHL,UNK,ALB,92
1973,CHL,UNK,BZX,4397
1973,COL,LP,SKJ,292
1973,COL,LP,YFT,136
1973,CRI,PS,BKJ,87
1973,CRI,PS,SKJ,208
1973,CRI,PS,YFT,1371
1973,ECU,LP,SKJ,2264
1973,ECU,LP,YFT,959
1973,ECU,PS,BET,24
1973,ECU,PS,BKJ,586
1973,ECU,PS,BZX,2
1973,ECU,PS,DOX,21
1973,ECU,PS,MZZ,47
1973,ECU,PS,SKH,33
1973,ECU,PS,SKJ,1607
1973,ECU,PS,YFT,3206
1973,ECU,UNK,SKJ,429
1973,ECU,UNK,YFT,570
1973,ESP,PS,BKJ,22
1973,ESP,PS,SKJ,1245
1973,ESP,PS,YFT,5916
1973,JPN,LL,ALB,1396
1973,JPN,LL,BET,49731
1973,JPN,LL,BLM,595
1973,JPN,LL,BUM,3500
1973,JPN,LL,MLS,5116
1973,JPN,LL,PBF,4
1973,JPN,LL,SKJ,189
1973,JPN,LL,SWO,3779
1973,JPN,LL,YFT,11413
1973,MEX,LP,BZX,4
1973,MEX,LP,SKJ,361
1973,MEX,LP,YFT,202
1973,MEX,PS,BET,12
1973,MEX,PS,BZX,639
1973,MEX,PS,CGX,18
1973,MEX,PS,PBF,1084
1973,MEX,PS,SKJ,1798
1973,MEX,PS,YFT,13660
1973,NLD,PS,BET,118
1973,NLD,PS,SKJ,292
1973,NLD,PS,YFT,2708
1973,OTR,PS,BET,32
1973,OTR,PS,SKJ,1302
1973,OTR,PS,YFT,2752
1973,PAN,PS,BET,23
1973,PAN,PS,BKJ,31
1973,PAN,PS,SKJ,2651
1973,PAN,PS,YFT,4951
1973,PER,PS,BZX,580
1973,PER,PS,MZZ,53
1973,PER,PS,SKJ,2017
1973,PER,PS,YFT,1604
1973,PER,UNK,SKH,135
1973,PER,UNK,SWO,1941
1973,PER,UNK,TUN,10934
1973,TWN,LL,ALB,3158
1973,TWN,LL,BET,1046
1973,TWN,LL,BIL,3
1973,TWN,LL,BLM,310
1973,TWN,LL,BUM,53
1973,TWN,LL,MLS,97
1973,TWN,LL,PBF,18
1973,TWN,LL,SKJ,18
1973,TWN,LL,SWO,30
1973,TWN,LL,YFT,284
1973,USA,HAR,SKH,1
1973,USA,HAR,SWO,404
1973,USA,LP,ALB,2316
1973,USA,LP,BET,236
1973,USA,LP,BKJ,12
1973,USA,LP,BZX,84
1973,USA,LP,PBF,1
1973,USA,LP,SKJ,6218
1973,USA,LP,YFT,2636
1973,USA,LTL,ALB,15653
1973,USA,PS,BET,3033
1973,USA,PS,BKJ,936
1973,USA,PS,BZX,6555
1973,USA,PS,CGX,10
1973,USA,PS,DOX,18
1973,USA,PS,MZZ,61
1973,USA,PS,PBF,9640
1973,USA,PS,SKH,85
1973,USA,PS,SKJ,24942
1973,USA,PS,TUN,9
1973,USA,PS,YFT,151451
1973,USA,RG,ALB,84
1973,USA,RG,PBF,53
1973,USA,RG,SKJ,1
1973,USA,RG,YFT,8
1973,USA,UNK,PBF,20
1973,USA,UNK,SKJ,1
1973,USA,UNK,YFT,83
1974,CAN,PS,BET,215
1974,CAN,PS,BKJ,112
1974,CAN,PS,SKJ,4023
1974,CAN,PS,YFT,7757
1974,CHL,HAR,SWO,218
1974,CHL,UNK,ALB,169
1974,CHL,UNK,BZX,998
1974,COL,LP,SKJ,170
1974,COL,LP,YFT,150
1974,ECU,LP,BKJ,9
1974,ECU,LP,DOX,1
1974,ECU,LP,SKJ,3813
1974,ECU,LP,YFT,3075
1974,ECU,PS,BET,142
1974,ECU,PS,BKJ,984
1974,ECU,PS,BZX,7
1974,ECU,PS,DOX,18
1974,ECU,PS,MZZ,90
1974,ECU,PS,SKH,122
1974,ECU,PS,SKJ,3752
1974,ECU,PS,TUN,2
1974,ECU,PS,YFT,5203
1974,ECU,UNK,SKJ,408
1974,ECU,UNK,YFT,1121
1974,ESP,PS,SKJ,4020
1974,ESP,PS,TUN,4
1974,ESP,PS,YFT,6231
1974,JPN,LL,ALB,571
1974,JPN,LL,BET,36013
1974,JPN,LL,BLM,381
1974,JPN,LL,BUM,2721
1974,JPN,LL,MLS,5229
1974,JPN,LL,PBF,0
1974,JPN,LL,SKJ,84
1974,JPN,LL,SWO,2143
1974,JPN,LL,YFT,6914
1974,MEX,LP,BZX,6
1974,MEX,LP,CGX,1
1974,MEX,LP,SKJ,165
1974,MEX,LP,YFT,336
1974,MEX,PS,BET,1
1974,MEX,PS,BKJ,45
1974,MEX,PS,BZX,607
1974,MEX,PS,CGX,164
1974,MEX,PS,PBF,344
1974,MEX,PS,SKJ,4156
1974,MEX,PS,YFT,15236
1974,OTR,PS,BET,91
1974,OTR,PS,SKJ,5393
1974,OTR,PS,YFT,6477
1974,PAN,PS,BET,25
1974,PAN,PS,BKJ,94
1974,PAN,PS,SKJ,4523
1974,PAN,PS,TUN,6
1974,PAN,PS,YFT,7401
1974,PER,PS,BET,6
1974,PER,PS,BKJ,24
1974,PER,PS,BZX,437
1974,PER,PS,MZZ,133
1974,PER,PS,SKH,6
1974,PER,PS,SKJ,1224
1974,PER,PS,TUN,239
1974,PER,PS,YFT,1852
1974,PER,UNK,DOX,163
1974,PER,UNK,SKH,113
1974,PER,UNK,SWO,470
1974,PER,UNK,TUN,6982
1974,TWN,LL,ALB,3885
1974,TWN,LL,BET,948
1974,TWN,LL,BIL,5
1974,TWN,LL,BLM,139
1974,TWN,LL,BUM,30
1974,TWN,LL,MLS,124
1974,TWN,LL,PBF,57
1974,TWN,LL,SKJ,11
1974,TWN,LL,SWO,34
1974,TWN,LL,YFT,276
1974,UNK,PS,BKJ,287
1974,UNK,PS,BZX,34
1974,UNK,PS,DOX,5
1974,UNK,PS,SKH,66
1974,UNK,PS,TUN,9
1974,USA,HAR,SKH,3
1974,USA,HAR,SWO,427
1974,USA,LP,ALB,4783
1974,USA,LP,BKJ,13
1974,USA,LP,BZX,77
1974,USA,LP,DOX,1
1974,USA,LP,SKJ,3481
1974,USA,LP,YFT,4627
1974,USA,LTL,ALB,20178
1974,USA,PS,BET,1074
1974,USA,PS,BKJ,2173
1974,USA,PS,BZX,3268
1974,USA,PS,CGX,5
1974,USA,PS,MZZ,26
1974,USA,PS,PBF,5243
1974,USA,PS,SKH,38
1974,USA,PS,SKJ,52327
1974,USA,PS,TUN,47
1974,USA,PS,YFT,141469
1974,USA,RG,ALB,94
1974,USA,RG,PBF,61
1974,USA,RG,SKJ,6
1974,USA,RG,YFT,17
1974,USA,UNK,PBF,30
1974,USA,UNK,SKJ,1
1974,USA,UNK,YFT,92
1975,BMU,PS,BET,123
1975,BMU,PS,BKJ,46
1975,BMU,PS,SKJ,2278
1975,BMU,PS,YFT,1596
1975,CAN,PS,BET,34
1975,CAN,PS,BKJ,10
1975,CAN,PS,SKJ,4700
1975,CAN,PS,YFT,3482
1975,CHL,HAR,SWO,137
1975,CHL,UNK,ALB,205
1975,CHL,UNK,BZX,145
1975,ECU,LP,BET,36
1975,ECU,LP,DOX,1
1975,ECU,LP,SKJ,6577
1975,ECU,LP,YFT,2411
1975,ECU,PS,BET,590
1975,ECU,PS,BKJ,50
1975,ECU,PS,DOX,45
1975,ECU,PS,MZZ,7
1975,ECU,PS,SKH,18
1975,ECU,PS,SKJ,10164
1975,ECU,PS,YFT,7480
1975,ECU,UNK,SKJ,430
1975,ECU,UNK,YFT,401
1975,ESP,PS,BET,157
1975,ESP,PS,SKJ,6690
1975,ESP,PS,YFT,5250
1975,JPN,LL,ALB,455
1975,JPN,LL,BET,40726
1975,JPN,LL,BLM,295
1975,JPN,LL,BUM,2162
1975,JPN,LL,MLS,5361
1975,JPN,LL,PBF,0
1975,JPN,LL,SKJ,86
1975,JPN,LL,SWO,2303
1975,JPN,LL,YFT,10299
1975,KOR,LL,ALB,24
1975,KOR,LL,BET,606
1975,KOR,LL,BUM,21
1975,KOR,LL,MLS,10
1975,KOR,LL,PBF,1
1975,KOR,LL,SFA,554
1975,KOR,LL,SKJ,5
1975,KOR,LL,SWO,9
1975,KOR,LL,YFT,150
1975,MEX,LP,BZX,2
1975,MEX,LP,SKJ,395
1975,MEX,LP,YFT,284
1975,MEX,PS,BET,23
1975,MEX,PS,BKJ,23
1975,MEX,PS,BZX,3106
1975,MEX,PS,CGX,99
1975,MEX,PS,PBF,2145
1975,MEX,PS,SKJ,5977
1975,MEX,PS,YFT,15196
1975,NLD,PS,SKJ,1833
1975,NLD,PS,YFT,1791
1975,OTR,LP,SKJ,47
1975,OTR,LP,YFT,275
1975,OTR,PS,SKJ,3685
1975,OTR,PS,YFT,3758
1975,PAN,PS,BET,194
1975,PAN,PS,SKJ,14362
1975,PAN,PS,YFT,13016
1975,PER,PS,BKJ,11
1975,PER,PS,BZX,23
1975,PER,PS,DOX,9
1975,PER,PS,MZZ,71
1975,PER,PS,SKH,5
1975,PER,PS,SKJ,3343
1975,PER,PS,YFT,2719
1975,PER,UNK,DOX,382
1975,PER,UNK,SKH,137
1975,PER,UNK,SWO,158
1975,PER,UNK,TUN,7670
1975,TWN,LL,ALB,890
1975,TWN,LL,BET,401
1975,TWN,LL,BLM,93
1975,TWN,LL,BUM,17
1975,TWN,LL,MLS,19
1975,TWN,LL,PBF,14
1975,TWN,LL,SKJ,3
1975,TWN,LL,SWO,9
1975,TWN,LL,YFT,191
1975,UNK,LP,BKJ,73
1975,UNK,LP,DOX,4
1975,UNK,LP,MZZ,3
1975,UNK,LP,SKH,4
1975,UNK,PS,BKJ,16
1975,USA,HAR,SWO,569
1975,USA,LP,ALB,3332
1975,USA,LP,BKJ,1
1975,USA,LP,BZX,9
1975,USA,LP,DOX,10
1975,USA,LP,PBF,83
1975,USA,LP,SKJ,6829
1975,USA,LP,YFT,2659
1975,USA,LTL,ALB,18861
1975,USA,PS,BET,5453
1975,USA,PS,BKJ,281
1975,USA,PS,BZX,13699
1975,USA,PS,PBF,7353
1975,USA,PS,SKJ,67326
1975,USA,PS,YFT,128740
1975,USA,RG,ALB,640
1975,USA,RG,PBF,38
1975,USA,RG,SKJ,1
1975,USA,RG,YFT,16
1975,USA,UNK,PBF,1
1975,USA,UNK,SKJ,1
1975,USA,UNK,YFT,150
1976,BMU,PS,BET,675
1976,BMU,PS,BKJ,350
1976,BMU,PS,SKJ,3065
1976,BMU,PS,TUN,2
1976,BMU,PS,YFT,2635
1976,CAN,PS,ALB,13
1976,CAN,PS,BET,223
1976,CAN,PS,BKJ,6
1976,CAN,PS,SKJ,4074
1976,CAN,PS,YFT,3551
1976,CHL,HAR,SWO,13
1976,CHL,UNK,ALB,353
1976,CHL,UNK,BZX,286
1976,COL,UNK,SKJ,170
1976,COL,UNK,YFT,66
1976,ECU,LP,BET,16
1976,ECU,LP,BKJ,3
1976,ECU,LP,DOX,3
1976,ECU,LP,SKH,2
1976,ECU,LP,SKJ,1459
1976,ECU,LP,YFT,736
1976,ECU,PS,BET,651
1976,ECU,PS,BKJ,107
1976,ECU,PS,BZX,4
1976,ECU,PS,CGX,27
1976,ECU,PS,DOX,88
1976,ECU,PS,MZZ,37
1976,ECU,PS,SKH,127
1976,ECU,PS,SKJ,4463
1976,ECU,PS,TUN,39
1976,ECU,PS,YFT,3928
1976,ECU,UNK,SKJ,363
1976,ECU,UNK,YFT,120
1976,ESP,PS,BET,678
1976,ESP,PS,SKJ,5235
1976,ESP,PS,YFT,6338
1976,JPN,LL,ALB,912
1976,JPN,LL,BET,52827
1976,JPN,LL,BLM,230
1976,JPN,LL,BUM,3175
1976,JPN,LL,MLS,6410
1976,JPN,LL,PBF,13
1976,JPN,LL,SKJ,107
1976,JPN,LL,SWO,3424
1976,JPN,LL,YFT,15036
1976,KOR,LL,ALB,423
1976,KOR,LL,BET,1195
1976,KOR,LL,BUM,62
1976,KOR,LL,MLS,14
1976,KOR,LL,SFA,494
1976,KOR,LL,SKJ,5
1976,KOR,LL,SWO,29
1976,KOR,LL,YFT,420
1976,MEX,LP,ALB,5
1976,MEX,LP,SKJ,216
1976,MEX,LP,YFT,163
1976,MEX,PS,ALB,55
1976,MEX,PS,BET,22
1976,MEX,PS,BKJ,188
1976,MEX,PS,BZX,1001
1976,MEX,PS,CGX,32
1976,MEX,PS,PBF,1968
1976,MEX,PS,SKJ,6228
1976,MEX,PS,YFT,13280
1976,OTR,LP,SKJ,324
1976,OTR,LP,YFT,100
1976,OTR,PS,BET,255
1976,OTR,PS,SKJ,5430
1976,OTR,PS,YFT,7323
1976,PAN,PS,BET,1743
1976,PAN,PS,BKJ,16
1976,PAN,PS,SKJ,5188
1976,PAN,PS,YFT,12670
1976,PER,PS,BET,7
1976,PER,PS,BKJ,115
1976,PER,PS,DOX,36
1976,PER,PS,MZZ,7
1976,PER,PS,SKH,180
1976,PER,PS,SKJ,2999
1976,PER,PS,YFT,2051
1976,PER,UNK,DOX,963
1976,PER,UNK,SKH,141
1976,PER,UNK,SWO,295
1976,PER,UNK,TUN,4981
1976,SEN,PS,BET,183
1976,SEN,PS,SKJ,1791
1976,SEN,PS,YFT,3452
1976,TWN,LL,ALB,1171
1976,TWN,LL,BET,268
1976,TWN,LL,BIL,0
1976,TWN,LL,BLM,23
1976,TWN,LL,BUM,3
1976,TWN,LL,MLS,8
1976,TWN,LL,SKJ,19
1976,TWN,LL,SWO,36
1976,TWN,LL,YFT,176
1976,UNK,LP,BKJ,26
1976,UNK,LP,DOX,6
1976,UNK,LP,MZZ,3
1976,UNK,LP,SKH,8
1976,UNK,PS,BKJ,110
1976,USA,HAR,SWO,55
1976,USA,LP,ALB,3451
1976,USA,LP,BET,59
1976,USA,LP,BZX,44
1976,USA,LP,PBF,22
1976,USA,LP,SKJ,9257
1976,USA,LP,YFT,2281
1976,USA,LTL,ALB,15905
1976,USA,PS,ALB,204
1976,USA,PS,BET,12775
1976,USA,PS,BKJ,606
1976,USA,PS,BZX,3307
1976,USA,PS,CGX,424
1976,USA,PS,MZZ,248
1976,USA,PS,PBF,8652
1976,USA,PS,SKJ,86484
1976,USA,PS,TUN,56
1976,USA,PS,YFT,159880
1976,USA,RG,ALB,713
1976,USA,RG,PBF,26
1976,USA,RG,SKJ,12
1976,USA,RG,YFT,34
1976,USA,UNK,ALB,4
1976,USA,UNK,BET,7
1976,USA,UNK,BZX,13
1976,USA,UNK,PBF,3
1976,USA,UNK,SKJ,29
1976,USA,UNK,YFT,138
1977,BMU,PS,BET,399
1977,BMU,PS,BKJ,270
1977,BMU,PS,SKJ,3055
1977,BMU,PS,TUN,6
1977,BMU,PS,YFT,3399
1977,CAN,PS,BKJ,3
1977,CAN,PS,SKJ,1915
1977,CAN,PS,YFT,4296
1977,CHL,HAR,SWO,32
1977,CHL,UNK,ALB,960
1977,CHL,UNK,BZX,2875
1977,COL,UNK,SKJ,94
1977,COL,UNK,YFT,10
1977,ECU,LP,BET,2
1977,ECU,LP,SKJ,1629
1977,ECU,LP,YFT,182
1977,ECU,PS,BET,769
1977,ECU,PS,BKJ,63
1977,ECU,PS,BZX,19
1977,ECU,PS,DOX,117
1977,ECU,PS,MZZ,396
1977,ECU,PS,SKH,71
1977,ECU,PS,SKJ,6737
1977,ECU,PS,TUN,5
1977,ECU,PS,YFT,5530
1977,ECU,UNK,BKJ,1
1977,ECU,UNK,SKJ,1629
1977,ECU,UNK,YFT,193
1977,ESP,PS,BET,768
1977,ESP,PS,BKJ,46
1977,ESP,PS,DOX,14
1977,ESP,PS,MZZ,10
1977,ESP,PS,SKJ,3447
1977,ESP,PS,YFT,5118
1977,JPN,LL,ALB,2387
1977,JPN,LL,BET,70024
1977,JPN,LL,BLM,361
1977,JPN,LL,BUM,2909
1977,JPN,LL,MLS,3020
1977,JPN,LL,PBF,1
1977,JPN,LL,SKJ,91
1977,JPN,LL,SWO,4234
1977,JPN,LL,YFT,11222
1977,KOR,LL,ALB,1317
1977,KOR,LL,BET,3467
1977,KOR,LL,BUM,77
1977,KOR,LL,MLS,19
1977,KOR,LL,SFA,753
1977,KOR,LL,SKJ,9
1977,KOR,LL,SWO,33
1977,KOR,LL,YFT,835
1977,MEX,PS,ALB,3
1977,MEX,PS,BET,21
1977,MEX,PS,BKJ,74
1977,MEX,PS,BZX,2065
1977,MEX,PS,CGX,587
1977,MEX,PS,PBF,2186
1977,MEX,PS,SKJ,3527
1977,MEX,PS,YFT,17412
1977,OTR,PS,BET,1566
1977,OTR,PS,SKJ,6302
1977,OTR,PS,YFT,18948
1977,PAN,PS,BET,756
1977,PAN,PS,BKJ,48
1977,PAN,PS,SKJ,6038
1977,PAN,PS,TUN,1
1977,PAN,PS,YFT,12888
1977,PER,PS,BET,264
1977,PER,PS,BKJ,81
1977,PER,PS,BZX,10
1977,PER,PS,DOX,36
1977,PER,PS,MZZ,15
1977,PER,PS,SKH,162
1977,PER,PS,SKJ,2733
1977,PER,PS,YFT,3221
1977,PER,UNK,DOX,827
1977,PER,UNK,SKH,29
1977,PER,UNK,SWO,420
1977,PER,UNK,TUN,5782
1977,TWN,LL,ALB,6874
1977,TWN,LL,BET,595
1977,TWN,LL,BIL,15
1977,TWN,LL,BLM,260
1977,TWN,LL,BUM,30
1977,TWN,LL,MLS,106
1977,TWN,LL,PBF,10
1977,TWN,LL,SKJ,12
1977,TWN,LL,SWO,31
1977,TWN,LL,YFT,298
1977,UNK,LP,YFT,1
1977,UNK,PS,BKJ,244
1977,USA,HAR,SKH,5
1977,USA,HAR,SWO,336
1977,USA,LP,ALB,1960
1977,USA,LP,BKJ,12
1977,USA,LP,BZX,292
1977,USA,LP,PBF,10
1977,USA,LP,SKJ,5893
1977,USA,LP,YFT,1658
1977,USA,LTL,ALB,9968
1977,USA,PS,ALB,12
1977,USA,PS,BET,6618
1977,USA,PS,BKJ,616
1977,USA,PS,BZX,8889
1977,USA,PS,CGX,512
1977,USA,PS,MZZ,6
1977,USA,PS,PBF,3259
1977,USA,PS,SKJ,50849
1977,USA,PS,TUN,9
1977,USA,PS,YFT,114110
1977,USA,RG,ALB,537
1977,USA,RG,PBF,31
1977,USA,RG,SKJ,61
1977,USA,RG,YFT,38
1977,USA,UNK,ALB,6
1977,USA,UNK,PBF,3
1977,USA,UNK,SKJ,64
1977,USA,UNK,YFT,7
1978,BMU,PS,BET,504
1978,BMU,PS,BKJ,321
1978,BMU,PS,SKJ,5233
1978,BMU,PS,TUN,6
1978,BMU,PS,YFT,2195
1978,CAN,PS,BET,316
1978,CAN,PS,BKJ,95
1978,CAN,PS,SKJ,4426
1978,CAN,PS,YFT,2275
1978,CHL,HAR,SWO,56
1978,CHL,UNK,ALB,2
1978,CHL,UNK,BZX,2419
1978,CHL,UNK,YFT,648
1978,COL,UNK,SKJ,57
1978,COL,UNK,YFT,19
1978,CRI,PS,BET,15
1978,CRI,PS,BKJ,225
1978,CRI,PS,SKJ,6272
1978,CRI,PS,YFT,4154
1978,ECU,LP,SKJ,421
1978,ECU,LP,YFT,63
1978,ECU,PS,BET,2598
1978,ECU,PS,BKJ,467
1978,ECU,PS,BZX,5
1978,ECU,PS,CGX,1
1978,ECU,PS,DOX,73
1978,ECU,PS,MZZ,98
1978,ECU,PS,SKH,39
1978,ECU,PS,SKJ,10288
1978,ECU,PS,TUN,117
1978,ECU,PS,YFT,6071
1978,ECU,UNK,SKJ,1124
1978,ECU,UNK,YFT,372
1978,JPN,LL,ALB,2876
1978,JPN,LL,BET,67214
1978,JPN,LL,BLM,231
1978,JPN,LL,BUM,3026
1978,JPN,LL,MLS,2170
1978,JPN,LL,PBF,1
1978,JPN,LL,SKJ,42
1978,JPN,LL,SWO,4060
1978,JPN,LL,YFT,9187
1978,KOR,LL,ALB,3114
1978,KOR,LL,BET,3040
1978,KOR,LL,BUM,535
1978,KOR,LL,MLS,292
1978,KOR,LL,PBF,1
1978,KOR,LL,SFA,878
1978,KOR,LL,SKJ,7
1978,KOR,LL,SWO,35
1978,KOR,LL,YFT,850
1978,MEX,PS,ALB,18
1978,MEX,PS,BET,4
1978,MEX,PS,BKJ,76
1978,MEX,PS,BZX,1910
1978,MEX,PS,CGX,220
1978,MEX,PS,PBF,545
1978,MEX,PS,SKJ,4114
1978,MEX,PS,YFT,18292
1978,MEX,UNK,SKJ,4
1978,MEX,UNK,YFT,19
1978,NLD,PS,ALB,1
1978,NLD,PS,BET,240
1978,NLD,PS,BKJ,7
1978,NLD,PS,PBF,180
1978,NLD,PS,SKJ,6117
1978,NLD,PS,YFT,5253
1978,OTR,LP,SKJ,325
1978,OTR,LP,YFT,411
1978,OTR,PS,BET,2331
1978,OTR,PS,SKJ,21162
1978,OTR,PS,YFT,16197
1978,PAN,PS,BET,562
1978,PAN,PS,SKJ,8890
1978,PAN,PS,YFT,9184
1978,PER,PS,BET,68
1978,PER,PS,BKJ,163
1978,PER,PS,DOX,10
1978,PER,PS,MZZ,42
1978,PER,PS,SKH,76
1978,PER,PS,SKJ,3294
1978,PER,PS,TUN,30
1978,PER,PS,YFT,2387
1978,PER,UNK,DOX,738
1978,PER,UNK,SKH,385
1978,PER,UNK,SWO,436
1978,PER,UNK,TUN,6677
1978,TWN,LL,ALB,5949
1978,TWN,LL,BET,405
1978,TWN,LL,BIL,3
1978,TWN,LL,BLM,186
1978,TWN,LL,BUM,9
1978,TWN,LL,MLS,33
1978,TWN,LL,PBF,7
1978,TWN,LL,SKJ,12
1978,TWN,LL,SWO,8
1978,TWN,LL,YFT,151
1978,UNK,PS,BKJ,107
1978,UNK,PS,MZZ,8
1978,UNK,PS,TUN,14
1978,USA,HAR,SKH,5
1978,USA,HAR,SWO,1713
1978,USA,LP,ALB,1577
1978,USA,LP,BKJ,3
1978,USA,LP,BZX,35
1978,USA,LP,CGX,1
1978,USA,LP,PBF,4
1978,USA,LP,SKJ,5301
1978,USA,LP,YFT,3414
1978,USA,LTL,ALB,16613
1978,USA,PS,ALB,137
1978,USA,PS,BET,11901
1978,USA,PS,BKJ,706
1978,USA,PS,BZX,2886
1978,USA,PS,CGX,17
1978,USA,PS,DOX,4
1978,USA,PS,PBF,4663
1978,USA,PS,SKH,30
1978,USA,PS,SKJ,102498
1978,USA,PS,TUN,23
1978,USA,PS,YFT,92793
1978,USA,RG,ALB,810
1978,USA,RG,PBF,6
1978,USA,RG,SKJ,32
1978,USA,RG,YFT,29
1978,USA,UNK,ALB,11
1978,USA,UNK,PBF,2
1978,USA,UNK,SKJ,46
1978,USA,UNK,YFT,16
1979,BMU,PS,BET,5
1979,BMU,PS,BKJ,276
1979,BMU,PS,SKJ,3994
1979,BMU,PS,TUN,2
1979,BMU,PS,YFT,1601
1979,CAN,PS,BKJ,58
1979,CAN,PS,SKJ,1366
1979,CAN,PS,YFT,262
1979,CHL,HAR,SWO,40
1979,CHL,UNK,ALB,14
1979,CHL,UNK,BZX,2658
1979,CHL,UNK,DOX,58
1979,CHL,UNK,YFT,2
1979,COL,UNK,SKJ,97
1979,COL,UNK,YFT,0
1979,CRI,PS,BET,10
1979,CRI,PS,BKJ,144
1979,CRI,PS,MZZ,4
1979,CRI,PS,SKJ,5259
1979,CRI,PS,YFT,3588
1979,ECU,LP,SKJ,312
1979,ECU,LP,YFT,2
1979,ECU,PS,BET,2361
1979,ECU,PS,BKJ,268
1979,ECU,PS,BZX,7
1979,ECU,PS,CGX,5
1979,ECU,PS,DOX,54
1979,ECU,PS,MZZ,117
1979,ECU,PS,SKH,2
1979,ECU,PS,SKJ,16051
1979,ECU,PS,TUN,4
1979,ECU,PS,YFT,8969
1979,ECU,UNK,BET,1
1979,ECU,UNK,SKJ,1329
1979,ECU,UNK,YFT,191
1979,JPN,LL,ALB,2621
1979,JPN,LL,BET,54377
1979,JPN,LL,BLM,322
1979,JPN,LL,BUM,4329
1979,JPN,LL,MLS,4056
1979,JPN,LL,PBF,1
1979,JPN,LL,SKJ,24
1979,JPN,LL,SWO,2610
1979,JPN,LL,YFT,10909
1979,KOR,LL,ALB,1050
1979,KOR,LL,BET,824
1979,KOR,LL,BUM,130
1979,KOR,LL,MLS,43
1979,KOR,LL,PBF,3
1979,KOR,LL,SFA,251
1979,KOR,LL,SKJ,5
1979,KOR,LL,SWO,18
1979,KOR,LL,YFT,423
1979,MEX,LP,SKJ,344
1979,MEX,LP,YFT,572
1979,MEX,PS,BKJ,1
1979,MEX,PS,BZX,241
1979,MEX,PS,CGX,12
1979,MEX,PS,MZZ,15
1979,MEX,PS,PBF,213
1979,MEX,PS,SKJ,4033
1979,MEX,PS,YFT,22534
1979,NLD,PS,BET,85
1979,NLD,PS,DOX,1
1979,NLD,PS,SKJ,9838
1979,NLD,PS,YFT,8650
1979,OTR,PS,BET,795
1979,OTR,PS,SKJ,11833
1979,OTR,PS,YFT,11115
1979,PAN,PS,BET,1360
1979,PAN,PS,BKJ,9
1979,PAN,PS,SKJ,6122
1979,PAN,PS,YFT,7338
1979,PER,PS,BET,496
1979,PER,PS,BKJ,3
1979,PER,PS,BZX,124
1979,PER,PS,DOX,10
1979,PER,PS,MZZ,327
1979,PER,PS,SKH,5
1979,PER,PS,SKJ,1042
1979,PER,PS,TUN,552
1979,PER,PS,YFT,1217
1979,PER,UNK,DOX,869
1979,PER,UNK,SKH,1265
1979,PER,UNK,SWO,188
1979,PER,UNK,TUN,3016
1979,TWN,LL,ALB,1912
1979,TWN,LL,BET,234
1979,TWN,LL,BIL,6
1979,TWN,LL,BLM,10
1979,TWN,LL,BUM,69
1979,TWN,LL,MLS,38
1979,TWN,LL,MZZ,7
1979,TWN,LL,PBF,2
1979,TWN,LL,SKH,17
1979,TWN,LL,SKJ,4
1979,TWN,LL,SWO,30
1979,TWN,LL,YFT,141
1979,UNK,LP,BKJ,29
1979,UNK,LP,SKJ,291
1979,UNK,LP,YFT,887
1979,UNK,PS,BKJ,8
1979,UNK,PS,CGX,1
1979,UNK,PS,DOX,55
1979,UNK,PS,MZZ,6
1979,USA,HAR,SKH,25
1979,USA,HAR,SWO,386
1979,USA,LP,ALB,179
1979,USA,LP,BKJ,1
1979,USA,LP,BZX,3
1979,USA,LP,PBF,5
1979,USA,LP,SKJ,5399
1979,USA,LP,YFT,3328
1979,USA,LTL,ALB,4955
1979,USA,PS,ALB,148
1979,USA,PS,BET,6985
1979,USA,PS,BKJ,567
1979,USA,PS,BZX,1429
1979,USA,PS,CGX,63
1979,USA,PS,DOX,4
1979,USA,PS,MZZ,9
1979,USA,PS,PBF,5889
1979,USA,PS,SKJ,74157
1979,USA,PS,YFT,105376
1979,USA,RG,ALB,74
1979,USA,RG,PBF,25
1979,USA,RG,SKJ,1
1979,USA,RG,YFT,15
1979,USA,UNK,PBF,1
1979,USA,UNK,SKJ,2
1979,USA,UNK,YFT,4
1980,CHL,HAR,SWO,104
1980,CHL,UNK,ALB,60
1980,CHL,UNK,BZX,2727
1980,CHL,UNK,DOX,144
1980,CHL,UNK,YFT,0
1980,COL,UNK,SKJ,36
1980,CRI,PS,BKJ,334
1980,CRI,PS,MZZ,12
1980,CRI,PS,SKJ,2142
1980,CRI,PS,YFT,1941
1980,ECU,LP,SKJ,629
1980,ECU,PS,BET,3191
1980,ECU,PS,BKJ,1761
1980,ECU,PS,BZX,3
1980,ECU,PS,DOX,58
1980,ECU,PS,MZZ,27
1980,ECU,PS,SKH,7
1980,ECU,PS,SKJ,5085
1980,ECU,PS,TUN,296
1980,ECU,PS,YFT,5760
1980,ECU,UNK,BET,130
1980,ECU,UNK,SKJ,1602
1980,ECU,UNK,YFT,56
1980,JPN,LL,ALB,2117
1980,JPN,LL,BET,61951
1980,JPN,LL,BLM,331
1980,JPN,LL,BUM,3748
1980,JPN,LL,MLS,4771
1980,JPN,LL,PBF,0
1980,JPN,LL,SKJ,22
1980,JPN,LL,SWO,3667
1980,JPN,LL,YFT,11549
1980,KOR,LL,ALB,1822
1980,KOR,LL,BET,2189
1980,KOR,LL,BUM,228
1980,KOR,LL,MLS,23
1980,KOR,LL,SFA,238
1980,KOR,LL,SKJ,4
1980,KOR,LL,SWO,62
1980,KOR,LL,YFT,1892
1980,MEX,LL,MLS,0
1980,MEX,LL,SFA,6
1980,MEX,LP,CGX,2
1980,MEX,LP,SKJ,462
1980,MEX,LP,YFT,102
1980,MEX,PS,BET,59
1980,MEX,PS,BKJ,1
1980,MEX,PS,BZX,1503
1980,MEX,PS,CGX,193
1980,MEX,PS,PBF,582
1980,MEX,PS,SKJ,11451
1980,MEX,PS,TUN,22
1980,MEX,PS,YFT,19753
1980,MEX,UNK,SKJ,28
1980,MEX,UNK,YFT,47
1980,NLD,PS,BKJ,38
1980,NLD,PS,SKJ,7107
1980,NLD,PS,YFT,6311
1980,OTR,LP,SKJ,214
1980,OTR,LP,YFT,233
1980,OTR,PS,BET,3682
1980,OTR,PS,SKJ,5303
1980,OTR,PS,YFT,6519
1980,PAN,PS,BET,2000
1980,PAN,PS,BKJ,6
1980,PAN,PS,SKJ,3773
1980,PAN,PS,YFT,4784
1980,PER,PS,BKJ,17
1980,PER,PS,BZX,16
1980,PER,PS,DOX,55
1980,PER,PS,MZZ,218
1980,PER,PS,SKJ,172
1980,PER,PS,TUN,32
1980,PER,PS,YFT,443
1980,PER,UNK,DOX,857
1980,PER,UNK,SKH,846
1980,PER,UNK,SWO,216
1980,PER,UNK,TUN,836
1980,TWN,LL,ALB,1380
1980,TWN,LL,BET,195
1980,TWN,LL,BIL,0
1980,TWN,LL,BLM,4
1980,TWN,LL,BUM,40
1980,TWN,LL,MLS,33
1980,TWN,LL,SKH,7
1980,TWN,LL,SKJ,0
1980,TWN,LL,SWO,17
1980,TWN,LL,YFT,36
1980,UNK,LP,BKJ,23
1980,UNK,PS,ALB,189
1980,UNK,PS,BKJ,1225
1980,UNK,PS,DOX,8
1980,UNK,PS,MZZ,39
1980,UNK,PS,TUN,16
1980,USA,HAR,SKH,12
1980,USA,HAR,SWO,787
1980,USA,LP,ALB,407
1980,USA,LP,BKJ,4
1980,USA,LP,BZX,36
1980,USA,LP,SKJ,3920
1980,USA,LP,YFT,1146
1980,USA,LTL,ALB,5421
1980,USA,PS,ALB,5
1980,USA,PS,BET,11291
1980,USA,PS,BKJ,271
1980,USA,PS,BZX,4567
1980,USA,PS,CGX,31
1980,USA,PS,DOX,3
1980,USA,PS,MZZ,5
1980,USA,PS,PBF,2327
1980,USA,PS,SKH,9
1980,USA,PS,SKJ,92408
1980,USA,PS,TUN,76
1980,USA,PS,YFT,91081
1980,USA,RG,ALB,168
1980,USA,RG,PBF,8
1980,USA,RG,SKJ,9
1980,USA,RG,YFT,89
1980,USA,UNK,PBF,24
1980,USA,UNK,SKJ,264
1980,USA,UNK,YFT,670
1980,VEN,PS,BET,1715
1980,VEN,PS,SKJ,3471
1980,VEN,PS,YFT,6450
1981,CHL,HAR,SWO,294
1981,CHL,UNK,ALB,35
1981,CHL,UNK,BZX,4609
1981,CHL,UNK,DOX,326
1981,CHL,UNK,YFT,0
1981,CRI,PS,BET,119
1981,CRI,PS,BKJ,180
1981,CRI,PS,SKJ,1047
1981,CRI,PS,YFT,2632
1981,CYM,PS,BET,41
1981,CYM,PS,BKJ,2
1981,CYM,PS,MZZ,3
1981,CYM,PS,SKJ,2123
1981,CYM,PS,YFT,3111
1981,ECU,LP,SKJ,589
1981,ECU,LP,YFT,164
1981,ECU,PS,BET,1268
1981,ECU,PS,BKJ,1056
1981,ECU,PS,CGX,1
1981,ECU,PS,DOX,356
1981,ECU,PS,MZZ,69
1981,ECU,PS,SKH,48
1981,ECU,PS,SKJ,8213
1981,ECU,PS,TUN,160
1981,ECU,PS,YFT,7004
1981,ECU,UNK,SKJ,768
1981,ECU,UNK,YFT,403
1981,ESP,PS,BET,805
1981,ESP,PS,SKJ,2642
1981,ESP,PS,YFT,6651
1981,JPN,LL,ALB,2153
1981,JPN,LL,BET,49970
1981,JPN,LL,BLM,219
1981,JPN,LL,BUM,3845
1981,JPN,LL,MLS,4096
1981,JPN,LL,PBF,1
1981,JPN,LL,SKJ,12
1981,JPN,LL,SWO,2882
1981,JPN,LL,YFT,7090
1981,KOR,LL,ALB,2812
1981,KOR,LL,BET,2966
1981,KOR,LL,BUM,528
1981,KOR,LL,MLS,733
1981,KOR,LL,PBF,2
1981,KOR,LL,SFA,364
1981,KOR,LL,SKJ,7
1981,KOR,LL,SWO,153
1981,KOR,LL,YFT,753
1981,MEX,LL,SFA,15
1981,MEX,LP,BZX,1
1981,MEX,LP,CGX,17
1981,MEX,LP,SKJ,1525
1981,MEX,LP,TUN,3
1981,MEX,LP,YFT,466
1981,MEX,PS,ALB,9
1981,MEX,PS,BET,52
1981,MEX,PS,BKJ,104
1981,MEX,PS,BZX,301
1981,MEX,PS,CGX,100
1981,MEX,PS,DOX,15
1981,MEX,PS,MZZ,24
1981,MEX,PS,PBF,218
1981,MEX,PS,SKJ,24081
1981,MEX,PS,TUN,4
1981,MEX,PS,YFT,41147
1981,OTR,PS,BET,490
1981,OTR,PS,SKJ,2030
1981,OTR,PS,YFT,2607
1981,PAN,PS,BET,1113
1981,PAN,PS,SKJ,4230
1981,PAN,PS,YFT,7202
1981,PER,UNK,DOX,302
1981,PER,UNK,SKH,1162
1981,PER,UNK,SWO,91
1981,PER,UNK,TUN,1109
1981,TWN,LL,ALB,2310
1981,TWN,LL,BET,480
1981,TWN,LL,BIL,9
1981,TWN,LL,BLM,28
1981,TWN,LL,BUM,103
1981,TWN,LL,MLS,47
1981,TWN,LL,MZZ,51
1981,TWN,LL,PBF,1
1981,TWN,LL,SKH,120
1981,TWN,LL,SKJ,1
1981,TWN,LL,SWO,35
1981,TWN,LL,YFT,156
1981,UNK,PS,BKJ,468
1981,UNK,PS,BZX,17
1981,UNK,PS,DOX,28
1981,UNK,PS,MZZ,100
1981,UNK,PS,TUN,5
1981,USA,HAR,SKH,49
1981,USA,HAR,SWO,749
1981,USA,LP,ALB,608
1981,USA,LP,BKJ,3
1981,USA,LP,BZX,26
1981,USA,LP,MZZ,3
1981,USA,LP,SKJ,3792
1981,USA,LP,YFT,847
1981,USA,LTL,ALB,12039
1981,USA,PS,ALB,90
1981,USA,PS,BET,8267
1981,USA,PS,BKJ,93
1981,USA,PS,BZX,5372
1981,USA,PS,CGX,10
1981,USA,PS,DOX,11
1981,USA,PS,MZZ,5
1981,USA,PS,PBF,867
1981,USA,PS,SKH,1
1981,USA,PS,SKJ,71237
1981,USA,PS,TUN,44
1981,USA,PS,YFT,91611
1981,USA,RG,ALB,195
1981,USA,RG,BET,5
1981,USA,RG,PBF,7
1981,USA,RG,SKJ,1
1981,USA,RG,YFT,26
1981,USA,UNK,ALB,32
1981,USA,UNK,BET,2
1981,USA,UNK,SKJ,141
1981,USA,UNK,YFT,371
1981,VEN,PS,BET,2766
1981,VEN,PS,BKJ,5
1981,VEN,PS,SKJ,3562
1981,VEN,PS,YFT,6269
1982,CHL,HAR,SWO,285
1982,CHL,UNK,ALB,2
1982,CHL,UNK,BZX,6776
1982,CHL,UNK,DOX,356
1982,CHL,UNK,YFT,97
1982,COL,LP,SKJ,74
1982,COL,LP,YFT,30
1982,CRI,PS,BKJ,67
1982,CRI,PS,SKJ,226
1982,CRI,PS,YFT,122
1982,CYM,PS,SKJ,1169
1982,CYM,PS,YFT,3947
1982,ECU,LP,SKJ,164
1982,ECU,LP,YFT,16
1982,ECU,PS,BET,105
1982,ECU,PS,BKJ,888
1982,ECU,PS,BZX,1
1982,ECU,PS,DOX,260
1982,ECU,PS,MZZ,271
1982,ECU,PS,SKH,22
1982,ECU,PS,SKJ,13590
1982,ECU,PS,YFT,5511
1982,ECU,UNK,SKJ,363
1982,ECU,UNK,YFT,17
1982,ESP,PS,BET,41
1982,ESP,PS,BKJ,1
1982,ESP,PS,SKJ,1609
1982,ESP,PS,YFT,934
1982,JPN,LL,ALB,1323
1982,JPN,LL,BET,50199
1982,JPN,LL,BLM,208
1982,JPN,LL,BUM,4368
1982,JPN,LL,MLS,4162
1982,JPN,LL,PBF,1
1982,JPN,LL,SKJ,20
1982,JPN,LL,SWO,2475
1982,JPN,LL,YFT,9826
1982,KOR,LL,ALB,3456
1982,KOR,LL,BET,2969
1982,KOR,LL,BUM,315
1982,KOR,LL,MLS,482
1982,KOR,LL,PBF,3
1982,KOR,LL,SFA,1064
1982,KOR,LL,SKJ,7
1982,KOR,LL,SWO,97
1982,KOR,LL,YFT,1054
1982,MEX,LL,SFA,20
1982,MEX,LP,SKH,30
1982,MEX,LP,SKJ,1471
1982,MEX,LP,YFT,742
1982,MEX,PS,BET,16
1982,MEX,PS,BKJ,29
1982,MEX,PS,BZX,284
1982,MEX,PS,MZZ,6
1982,MEX,PS,PBF,506
1982,MEX,PS,SKJ,14598
1982,MEX,PS,TUN,11
1982,MEX,PS,YFT,18785
1982,OTR,PS,SKJ,2464
1982,OTR,PS,YFT,830
1982,PAN,PS,BET,1039
1982,PAN,PS,SKJ,5814
1982,PAN,PS,YFT,8487
1982,PER,UNK,DOX,624
1982,PER,UNK,SKH,815
1982,PER,UNK,SWO,154
1982,PER,UNK,TUN,382
1982,TWN,LL,ALB,3628
1982,TWN,LL,BET,197
1982,TWN,LL,BIL,3
1982,TWN,LL,BLM,5
1982,TWN,LL,BUM,62
1982,TWN,LL,MLS,67
1982,TWN,LL,MZZ,59
1982,TWN,LL,PBF,3
1982,TWN,LL,SKH,215
1982,TWN,LL,SKJ,1
1982,TWN,LL,SWO,32
1982,TWN,LL,YFT,81
1982,UNK,PS,BKJ,353
1982,UNK,PS,DOX,14
1982,UNK,PS,MZZ,11
1982,USA,HAR,SKH,49
1982,USA,HAR,SWO,1112
1982,USA,LP,ALB,198
1982,USA,LP,BET,42
1982,USA,LP,SKJ,2051
1982,USA,LP,YFT,750
1982,USA,LTL,ALB,3303
1982,USA,PS,ALB,355
1982,USA,PS,BET,4548
1982,USA,PS,BZX,1837
1982,USA,PS,CGX,122
1982,USA,PS,PBF,2639
1982,USA,PS,SKJ,58647
1982,USA,PS,TUN,36
1982,USA,PS,YFT,72082
1982,USA,RG,ALB,257
1982,USA,RG,BET,3
1982,USA,RG,PBF,6
1982,USA,RG,YFT,11
1982,USA,UNK,SKJ,19
1982,USA,UNK,YFT,155
1982,VEN,PS,BET,1190
1982,VEN,PS,SKJ,2382
1982,VEN,PS,YFT,4057
1983,CHL,HAR,SWO,342
1983,CHL,UNK,ALB,2
1983,CHL,UNK,BZX,7291
1983,CHL,UNK,DOX,103
1983,CHL,UNK,YFT,11
1983,COL,UNK,SKJ,75
1983,COL,UNK,YFT,13
1983,ECU,LP,MZZ,1
1983,ECU,LP,SKJ,372
1983,ECU,LP,YFT,58
1983,ECU,PS,BET,457
1983,ECU,PS,BKJ,1009
1983,ECU,PS,DOX,84
1983,ECU,PS,MZZ,246
1983,ECU,PS,SKH,34
1983,ECU,PS,SKJ,12590
1983,ECU,PS,TUN,1
1983,ECU,PS,YFT,7579
1983,ECU,UNK,BKJ,13
1983,ECU,UNK,SKJ,325
1983,ECU,UNK,YFT,68
1983,JPN,LL,ALB,2953
1983,JPN,LL,BET,57185
1983,JPN,LL,BLM,195
1983,JPN,LL,BUM,4122
1983,JPN,LL,MLS,3457
1983,JPN,LL,PBF,2
1983,JPN,LL,SKJ,19
1983,JPN,LL,SWO,3147
1983,JPN,LL,YFT,9404
1983,KOR,LL,ALB,2473
1983,KOR,LL,BET,2614
1983,KOR,LL,BUM,271
1983,KOR,LL,MLS,790
1983,KOR,LL,SFA,502
1983,KOR,LL,SKJ,9
1983,KOR,LL,SWO,65
1983,KOR,LL,YFT,1382
1983,MEX,LL,BLM,43
1983,MEX,LL,BUM,8
1983,MEX,LL,MLS,192
1983,MEX,LL,SFA,388
1983,MEX,LL,SWO,120
1983,MEX,LL,YFT,49
1983,MEX,LP,SKJ,855
1983,MEX,LP,YFT,852
1983,MEX,PS,BET,16
1983,MEX,PS,BKJ,70
1983,MEX,PS,BZX,429
1983,MEX,PS,CGX,68
1983,MEX,PS,PBF,214
1983,MEX,PS,SKJ,6277
1983,MEX,PS,TUN,25
1983,MEX,PS,YFT,18576
1983,MEX,UNK,SKJ,1
1983,OTR,PS,BET,319
1983,OTR,PS,BKJ,96
1983,OTR,PS,MZZ,27
1983,OTR,PS,SKJ,1689
1983,OTR,PS,TUN,34
1983,OTR,PS,YFT,2767
1983,PAN,PS,BET,663
1983,PAN,PS,SKJ,764
1983,PAN,PS,YFT,2444
1983,PER,PS,BZX,54
1983,PER,PS,CGX,690
1983,PER,PS,MZZ,15
1983,PER,PS,SKJ,170
1983,PER,PS,YFT,943
1983,PER,UNK,DOX,3271
1983,PER,UNK,SKH,688
1983,PER,UNK,SWO,238
1983,PER,UNK,TUN,4711
1983,TWN,LL,ALB,2007
1983,TWN,LL,BET,244
1983,TWN,LL,BIL,2
1983,TWN,LL,BLM,2
1983,TWN,LL,BUM,58
1983,TWN,LL,MLS,33
1983,TWN,LL,SKH,85
1983,TWN,LL,SKJ,0
1983,TWN,LL,SWO,9
1983,TWN,LL,YFT,60
1983,USA,HAR,SKH,7
1983,USA,HAR,SWO,1758
1983,USA,LP,ALB,449
1983,USA,LP,BET,39
1983,USA,LP,BKJ,0
1983,USA,LP,BZX,2
1983,USA,LP,SKJ,3160
1983,USA,LP,YFT,3097
1983,USA,LTL,ALB,7751
1983,USA,PS,ALB,7
1983,USA,PS,BET,1801
1983,USA,PS,BKJ,47
1983,USA,PS,BZX,3344
1983,USA,PS,CGX,482
1983,USA,PS,DOX,4
1983,USA,PS,PBF,622
1983,USA,PS,SKJ,32009
1983,USA,PS,YFT,43780
1983,USA,RG,ALB,87
1983,USA,RG,BET,32
1983,USA,RG,PBF,36
1983,USA,RG,SKJ,229
1983,USA,RG,YFT,476
1983,USA,UNK,BET,5
1983,USA,UNK,BZX,0
1983,USA,UNK,PBF,2
1983,USA,UNK,SKJ,79
1983,USA,UNK,YFT,281
1983,VEN,PS,BET,1319
1983,VEN,PS,SKJ,3352
1983,VEN,PS,YFT,7840
1984,CHL,HAR,SWO,103
1984,CHL,UNK,ALB,24
1984,CHL,UNK,BZX,7291
1984,CHL,UNK,DOX,167
1984,CHL,UNK,YFT,50
1984,COL,UNK,SKJ,147
1984,COL,UNK,YFT,63
1984,CRI,PS,BET,3
1984,CRI,PS,SKJ,31
1984,CRI,PS,YFT,2702
1984,ECU,LP,SKJ,515
1984,ECU,LP,YFT,29
1984,ECU,PS,BET,1164
1984,ECU,PS,BKJ,494
1984,ECU,PS,CGX,69
1984,ECU,PS,DOX,102
1984,ECU,PS,MZZ,350
1984,ECU,PS,SKH,11
1984,ECU,PS,SKJ,18085
1984,ECU,PS,TUN,3
1984,ECU,PS,YFT,10526
1984,ECU,UNK,BKJ,3
1984,ECU,UNK,MZZ,3
1984,ECU,UNK,SKJ,492
1984,ECU,UNK,YFT,41
1984,JPN,LL,ALB,3512
1984,JPN,LL,BET,44587
1984,JPN,LL,BLM,228
1984,JPN,LL,BUM,4683
1984,JPN,LL,MLS,2306
1984,JPN,LL,PBF,3
1984,JPN,LL,SKJ,26
1984,JPN,LL,SWO,2625
1984,JPN,LL,YFT,9134
1984,KOR,LL,ALB,1716
1984,KOR,LL,BET,1613
1984,KOR,LL,BUM,455
1984,KOR,LL,MLS,339
1984,KOR,LL,SFA,345
1984,KOR,LL,SKJ,6
1984,KOR,LL,SWO,65
1984,KOR,LL,YFT,1155
1984,MEX,LL,SWO,47
1984,MEX,LP,ALB,6
1984,MEX,LP,SKJ,921
1984,MEX,LP,YFT,1345
1984,MEX,PS,ALB,156
1984,MEX,PS,BET,40
1984,MEX,PS,BKJ,139
1984,MEX,PS,BZX,660
1984,MEX,PS,CGX,149
1984,MEX,PS,MZZ,2
1984,MEX,PS,PBF,166
1984,MEX,PS,SKJ,8550
1984,MEX,PS,TUN,3
1984,MEX,PS,YFT,53697
1984,MEX,UNK,SKJ,1
1984,MEX,UNK,YFT,1
1984,OTR,PS,BET,138
1984,OTR,PS,BKJ,7
1984,OTR,PS,DOX,1
1984,OTR,PS,MZZ,7
1984,OTR,PS,SKJ,1430
1984,OTR,PS,YFT,2430
1984,PER,UNK,DOX,35
1984,PER,UNK,SKH,1034
1984,PER,UNK,SWO,343
1984,PER,UNK,TUN,2524
1984,TWN,LL,ALB,1484
1984,TWN,LL,BET,194
1984,TWN,LL,BLM,20
1984,TWN,LL,BUM,59
1984,TWN,LL,MLS,17
1984,TWN,LL,SKH,6
1984,TWN,LL,SKJ,0
1984,TWN,LL,SWO,15
1984,TWN,LL,YFT,56
1984,UNK,LP,YFT,38
1984,USA,HAR,SKH,5
1984,USA,HAR,SWO,2890
1984,USA,LP,ALB,1435
1984,USA,LP,BET,2
1984,USA,LP,PBF,0
1984,USA,LP,SKJ,1448
1984,USA,LP,YFT,1579
1984,USA,LTL,ALB,8343
1984,USA,PS,ALB,3754
1984,USA,PS,BET,5335
1984,USA,PS,BKJ,22
1984,USA,PS,BZX,2854
1984,USA,PS,CGX,196
1984,USA,PS,MZZ,56
1984,USA,PS,PBF,673
1984,USA,PS,SKH,0
1984,USA,PS,SKJ,23966
1984,USA,PS,YFT,57162
1984,USA,RG,ALB,1427
1984,USA,RG,BET,9
1984,USA,RG,PBF,33
1984,USA,RG,SKJ,117
1984,USA,RG,YFT,56
1984,USA,UNK,BET,2
1984,USA,UNK,PBF,18
1984,USA,UNK,SKJ,79
1984,USA,UNK,YFT,133
1984,VEN,PS,BET,2181
1984,VEN,PS,SKH,36
1984,VEN,PS,SKJ,7797
1984,VEN,PS,YFT,9268
1985,CHL,HAR,SWO,342
1985,CHL,UNK,ALB,170
1985,CHL,UNK,BZX,7154
1985,CHL,UNK,DOX,82
1985,CHL,UNK,YFT,5
1985,COL,UNK,SKJ,97
1985,COL,UNK,YFT,0
1985,CRI,PS,BET,17
1985,CRI,PS,SKJ,87
1985,CRI,PS,YFT,2785
1985,ECU,PS,BET,2970
1985,ECU,PS,BKJ,138
1985,ECU,PS,DOX,91
1985,ECU,PS,MZZ,63
1985,ECU,PS,SKH,21
1985,ECU,PS,SKJ,22806
1985,ECU,PS,TUN,11
1985,ECU,PS,YFT,8794
1985,ECU,UNK,BKJ,7
1985,ECU,UNK,SKJ,72
1985,ECU,UNK,YFT,89
1985,JPN,LL,ALB,2051
1985,JPN,LL,BET,61627
1985,JPN,LL,BLM,165
1985,JPN,LL,BUM,3084
1985,JPN,LL,MLS,1329
1985,JPN,LL,PBF,1
1985,JPN,LL,SKJ,35
1985,JPN,LL,SWO,1764
1985,JPN,LL,YFT,10633
1985,KOR,LL,ALB,3484
1985,KOR,LL,BET,4510
1985,KOR,LL,BUM,475
1985,KOR,LL,MLS,165
1985,KOR,LL,SFA,379
1985,KOR,LL,SKJ,9
1985,KOR,LL,SWO,91
1985,KOR,LL,YFT,2505
1985,MEX,LL,BET,0
1985,MEX,LL,BLM,0
1985,MEX,LL,MLS,93
1985,MEX,LL,SFA,16
1985,MEX,LL,SWO,18
1985,MEX,LL,YFT,2
1985,MEX,LP,ALB,35
1985,MEX,LP,BET,2
1985,MEX,LP,BZX,5
1985,MEX,LP,CGX,4
1985,MEX,LP,SKJ,443
1985,MEX,LP,YFT,675
1985,MEX,PS,ALB,15
1985,MEX,PS,BET,19
1985,MEX,PS,BKJ,150
1985,MEX,PS,BZX,134
1985,MEX,PS,CGX,22
1985,MEX,PS,MZZ,3
1985,MEX,PS,PBF,676
1985,MEX,PS,SKH,6
1985,MEX,PS,SKJ,5334
1985,MEX,PS,TUN,8
1985,MEX,PS,YFT,80422
1985,MEX,UNK,YFT,4
1985,OTR,LP,SKJ,28
1985,OTR,LP,YFT,26
1985,OTR,PS,BET,305
1985,OTR,PS,BKJ,0
1985,OTR,PS,BZX,0
1985,OTR,PS,DOX,2
1985,OTR,PS,MZZ,3
1985,OTR,PS,SKJ,3314
1985,OTR,PS,YFT,3511
1985,PAN,PS,SKJ,1197
1985,PAN,PS,YFT,10887
1985,PER,UNK,DOX,26
1985,PER,UNK,SKH,480
1985,PER,UNK,SWO,55
1985,PER,UNK,TUN,210
1985,TWN,LL,ALB,1733
1985,TWN,LL,BET,188
1985,TWN,LL,BIL,1
1985,TWN,LL,BLM,15
1985,TWN,LL,BUM,29
1985,TWN,LL,MLS,12
1985,TWN,LL,MZZ,7
1985,TWN,LL,SKH,13
1985,TWN,LL,SKJ,0
1985,TWN,LL,SWO,12
1985,TWN,LL,YFT,58
1985,USA,GN,BET,2
1985,USA,GN,BZX,289
1985,USA,GN,PBF,6
1985,USA,GN,SKJ,12
1985,USA,GN,SWO,2368
1985,USA,GN,YFT,2
1985,USA,HAR,SKH,1
1985,USA,HAR,SWO,211
1985,USA,LP,ALB,842
1985,USA,LP,BKJ,0
1985,USA,LP,SKJ,475
1985,USA,LP,YFT,369
1985,USA,LTL,ALB,5308
1985,USA,PS,ALB,27
1985,USA,PS,BET,1806
1985,USA,PS,BKJ,0
1985,USA,PS,BZX,3465
1985,USA,PS,CGX,295
1985,USA,PS,MZZ,8
1985,USA,PS,PBF,3320
1985,USA,PS,SKJ,9907
1985,USA,PS,TUN,0
1985,USA,PS,YFT,84364
1985,USA,RG,ALB,1176
1985,USA,RG,BET,12
1985,USA,RG,PBF,53
1985,USA,RG,SKJ,2
1985,USA,RG,YFT,32
1985,USA,UNK,BET,1
1985,USA,UNK,BZX,426
1985,USA,UNK,PBF,18
1985,USA,UNK,SWO,792
1985,USA,UNK,TUN,468
1985,USA,UNK,YFT,80
1985,VEN,PS,BET,939
1985,VEN,PS,SKJ,8184
1985,VEN,PS,YFT,20696
1986,CHL,LL,SWO,17
1986,CHL,UNK,ALB,149
1986,CHL,UNK,BZX,1803
1986,CHL,UNK,DOX,305
1986,CHL,UNK,SWO,747
1986,CHL,UNK,YFT,5
1986,ECU,PS,BET,653
1986,ECU,PS,BKJ,241
1986,ECU,PS,CGX,40
1986,ECU,PS,DOX,631
1986,ECU,PS,MZZ,89
1986,ECU,PS,SKH,12
1986,ECU,PS,SKJ,23836
1986,ECU,PS,TUN,97
1986,ECU,PS,YFT,16561
1986,ECU,UNK,BKJ,18
1986,ECU,UNK,SKJ,74
1986,ECU,UNK,YFT,93
1986,JPN,LL,ALB,1880
1986,JPN,LL,BET,91981
1986,JPN,LL,BLM,261
1986,JPN,LL,BUM,4472
1986,JPN,LL,MLS,2535
1986,JPN,LL,PBF,1
1986,JPN,LL,SKJ,41
1986,JPN,LL,SWO,2637
1986,JPN,LL,YFT,17770
1986,KOR,LL,ALB,2380
1986,KOR,LL,BET,10187
1986,KOR,LL,BUM,742
1986,KOR,LL,MLS,0
1986,KOR,LL,SFA,209
1986,KOR,LL,SKJ,15
1986,KOR,LL,SWO,198
1986,KOR,LL,YFT,4850
1986,MEX,LL,BET,0
1986,MEX,LL,BLM,4
1986,MEX,LL,BUM,23
1986,MEX,LL,MLS,969
1986,MEX,LL,SFA,374
1986,MEX,LL,SSP,5
1986,MEX,LL,SWO,422
1986,MEX,LL,YFT,68
1986,MEX,LP,BZX,258
1986,MEX,LP,CGX,19
1986,MEX,LP,SKJ,1459
1986,MEX,LP,YFT,2076
1986,MEX,PS,BET,1
1986,MEX,PS,BKJ,3
1986,MEX,PS,BZX,60
1986,MEX,PS,MZZ,2
1986,MEX,PS,PBF,189
1986,MEX,PS,SKH,16
1986,MEX,PS,SKJ,6061
1986,MEX,PS,TUN,0
1986,MEX,PS,YFT,103644
1986,MEX,UNK,YFT,3
1986,OTR,PS,BET,300
1986,OTR,PS,BKJ,302
1986,OTR,PS,DOX,1
1986,OTR,PS,MZZ,3
1986,OTR,PS,SKJ,9828
1986,OTR,PS,TUN,18
1986,OTR,PS,YFT,14155
1986,PAN,PS,SKJ,1134
1986,PAN,PS,YFT,9073
1986,PER,UNK,DOX,1523
1986,PER,UNK,SKH,1978
1986,PER,UNK,SWO,21
1986,PER,UNK,TUN,976
1986,TWN,LL,ALB,2190
1986,TWN,LL,BET,257
1986,TWN,LL,BIL,1
1986,TWN,LL,BLM,32
1986,TWN,LL,BUM,41
1986,TWN,LL,MLS,36
1986,TWN,LL,MZZ,0
1986,TWN,LL,SKH,1
1986,TWN,LL,SKJ,2
1986,TWN,LL,SWO,12
1986,TWN,LL,YFT,120
1986,UNK,LP,SKJ,25
1986,UNK,LP,YFT,4
1986,USA,GN,BET,3
1986,USA,GN,BZX,58
1986,USA,GN,PBF,15
1986,USA,GN,SWO,1594
1986,USA,GN,TUN,4
1986,USA,GN,YFT,14
1986,USA,HAR,SKH,1
1986,USA,HAR,SWO,236
1986,USA,LP,ALB,86
1986,USA,LP,SKJ,426
1986,USA,LP,YFT,440
1986,USA,LTL,ALB,4356
1986,USA,PS,ALB,47
1986,USA,PS,BET,266
1986,USA,PS,BKJ,5
1986,USA,PS,BZX,172
1986,USA,PS,CGX,148
1986,USA,PS,PBF,4851
1986,USA,PS,SKH,1
1986,USA,PS,SKJ,12978
1986,USA,PS,YFT,88617
1986,USA,RG,ALB,196
1986,USA,RG,BET,65
1986,USA,RG,PBF,9
1986,USA,RG,SKJ,5
1986,USA,RG,YFT,37
1986,USA,UNK,BET,6
1986,USA,UNK,BZX,28
1986,USA,UNK,PBF,40
1986,USA,UNK,SKJ,53
1986,USA,UNK,SWO,696
1986,USA,UNK,TUN,6
1986,USA,UNK,YFT,62
1986,VEN,LP,SKJ,11
1986,VEN,LP,TUN,4
1986,VEN,LP,YFT,17
1986,VEN,PS,BET,1466
1986,VEN,PS,BKJ,18
1986,VEN,PS,SKJ,11797
1986,VEN,PS,TUN,62
1986,VEN,PS,YFT,28462
1987,CHL,LL,SWO,190
1987,CHL,UNK,ALB,3
1987,CHL,UNK,BZX,1411
1987,CHL,UNK,DOX,554
1987,CHL,UNK,SWO,1869
1987,CHL,UNK,YFT,2
1987,ECU,LP,SKJ,52
1987,ECU,LP,YFT,17
1987,ECU,PS,BET,319
1987,ECU,PS,BKJ,322
1987,ECU,PS,CGX,16
1987,ECU,PS,DOX,250
1987,ECU,PS,MZZ,187
1987,ECU,PS,SKH,3
1987,ECU,PS,SKJ,20473
1987,ECU,PS,TUN,45
1987,ECU,PS,YFT,15046
1987,ECU,UNK,SKJ,161
1987,ECU,UNK,YFT,28
1987,JPN,LL,ALB,2636
1987,JPN,LL,BET,87913
1987,JPN,LL,BLM,267
1987,JPN,LL,BUM,5881
1987,JPN,LL,MLS,5043
1987,JPN,LL,PBF,1
1987,JPN,LL,SKJ,19
1987,JPN,LL,SWO,3573
1987,JPN,LL,YFT,13484
1987,KOR,LL,ALB,2661
1987,KOR,LL,BET,11681
1987,KOR,LL,BIL,362
1987,KOR,LL,BLM,73
1987,KOR,LL,BUM,1287
1987,KOR,LL,MLS,370
1987,KOR,LL,MZZ,489
1987,KOR,LL,SFA,150
1987,KOR,LL,SKJ,15
1987,KOR,LL,SWO,334
1987,KOR,LL,YFT,5048
1987,MEX,LL,BET,1
1987,MEX,LL,BLM,17
1987,MEX,LL,BUM,55
1987,MEX,LL,MLS,2171
1987,MEX,LL,SFA,499
1987,MEX,LL,SSP,15
1987,MEX,LL,SWO,550
1987,MEX,LL,YFT,272
1987,MEX,LP,BZX,120
1987,MEX,LP,CGX,5
1987,MEX,LP,SKJ,1604
1987,MEX,LP,YFT,3307
1987,MEX,PS,BET,2
1987,MEX,PS,BKJ,23
1987,MEX,PS,BZX,17
1987,MEX,PS,PBF,119
1987,MEX,PS,SKH,1
1987,MEX,PS,SKJ,4786
1987,MEX,PS,TUN,189
1987,MEX,PS,YFT,96182
1987,OTR,PS,BET,179
1987,OTR,PS,BKJ,147
1987,OTR,PS,BZX,55
1987,OTR,PS,DOX,21
1987,OTR,PS,MZZ,0
1987,OTR,PS,SKH,92
1987,OTR,PS,SKJ,13421
1987,OTR,PS,TUN,225
1987,OTR,PS,YFT,21037
1987,PER,UNK,DOX,3718
1987,PER,UNK,SKH,960
1987,PER,UNK,SWO,73
1987,PER,UNK,TUN,1971
1987,TWN,LL,ALB,4697
1987,TWN,LL,BET,526
1987,TWN,LL,BIL,36
1987,TWN,LL,BLM,1
1987,TWN,LL,BUM,59
1987,TWN,LL,MLS,63
1987,TWN,LL,MZZ,46
1987,TWN,LL,PBF,2
1987,TWN,LL,SKH,87
1987,TWN,LL,SKJ,3
1987,TWN,LL,SWO,29
1987,TWN,LL,YFT,107
1987,USA,GN,BET,6
1987,USA,GN,BZX,95
1987,USA,GN,PBF,2
1987,USA,GN,SWO,1287
1987,USA,GN,TUN,5
1987,USA,GN,YFT,3
1987,USA,HAR,SKH,60
1987,USA,HAR,SWO,211
1987,USA,LP,ALB,320
1987,USA,LP,BZX,1
1987,USA,LP,SKJ,577
1987,USA,LP,YFT,1783
1987,USA,LTL,ALB,2488
1987,USA,OTR,BET,1
1987,USA,PS,ALB,1
1987,USA,PS,BET,224
1987,USA,PS,BKJ,1
1987,USA,PS,BZX,3123
1987,USA,PS,CGX,550
1987,USA,PS,MZZ,23
1987,USA,PS,PBF,861
1987,USA,PS,SKJ,13578
1987,USA,PS,TUN,4
1987,USA,PS,YFT,95506
1987,USA,RG,ALB,74
1987,USA,RG,BET,33
1987,USA,RG,PBF,68
1987,USA,RG,SKJ,16
1987,USA,RG,YFT,80
1987,USA,UNK,ALB,97
1987,USA,UNK,BET,9
1987,USA,UNK,BKJ,2
1987,USA,UNK,BZX,276
1987,USA,UNK,PBF,18
1987,USA,UNK,SKJ,0
1987,USA,UNK,SWO,300
1987,USA,UNK,TUN,67
1987,USA,UNK,YFT,25
1987,VEN,PS,BET,453
1987,VEN,PS,BKJ,78
1987,VEN,PS,SKJ,11761
1987,VEN,PS,TUN,18
1987,VEN,PS,YFT,34237
1988,CHL,LL,SWO,483
1988,CHL,UNK,ALB,0
1988,CHL,UNK,BZX,579
1988,CHL,UNK,DOX,1339
1988,CHL,UNK,SWO,3972
1988,CHL,UNK,YFT,27
1988,ECU,LP,SKJ,141
1988,ECU,LP,YFT,74
1988,ECU,PS,BET,385
1988,ECU,PS,BKJ,769
1988,ECU,PS,BZX,6
1988,ECU,PS,CGX,45
1988,ECU,PS,DOX,69
1988,ECU,PS,MZZ,135
1988,ECU,PS,SKH,1
1988,ECU,PS,SKJ,11743
1988,ECU,PS,TUN,12
1988,ECU,PS,YFT,23947
1988,ECU,UNK,BKJ,311
1988,ECU,UNK,SKJ,571
1988,ECU,UNK,YFT,483
1988,JPN,LL,ALB,3874
1988,JPN,LL,BET,66015
1988,JPN,LL,BLM,212
1988,JPN,LL,BUM,5002
1988,JPN,LL,MLS,3412
1988,JPN,LL,PBF,1
1988,JPN,LL,SKJ,13
1988,JPN,LL,SWO,3619
1988,JPN,LL,YFT,12481
1988,KOR,LL,ALB,2121
1988,KOR,LL,BET,6151
1988,KOR,LL,BIL,367
1988,KOR,LL,BLM,60
1988,KOR,LL,BUM,600
1988,KOR,LL,MLS,210
1988,KOR,LL,MZZ,359
1988,KOR,LL,SFA,187
1988,KOR,LL,SKJ,7
1988,KOR,LL,SWO,163
1988,KOR,LL,YFT,1893
1988,MEX,LL,BET,1
1988,MEX,LL,BLM,5
1988,MEX,LL,BUM,13
1988,MEX,LL,MLS,1631
1988,MEX,LL,PBF,1
1988,MEX,LL,SFA,462
1988,MEX,LL,SSP,13
1988,MEX,LL,SWO,613
1988,MEX,LL,YFT,232
1988,MEX,LP,BZX,713
1988,MEX,LP,CGX,1
1988,MEX,LP,SKJ,2443
1988,MEX,LP,YFT,2585
1988,MEX,PS,BKJ,15
1988,MEX,PS,BZX,5289
1988,MEX,PS,CGX,8
1988,MEX,PS,PBF,447
1988,MEX,PS,SKJ,15195
1988,MEX,PS,TUN,1
1988,MEX,PS,YFT,104565
1988,OTR,PS,BET,261
1988,OTR,PS,BKJ,1
1988,OTR,PS,MZZ,4
1988,OTR,PS,SKJ,8494
1988,OTR,PS,TUN,2
1988,OTR,PS,YFT,19499
1988,PAN,PS,BET,431
1988,PAN,PS,BKJ,120
1988,PAN,PS,SKJ,1863
1988,PAN,PS,TUN,27
1988,PAN,PS,YFT,7364
1988,PAN,UNK,SKJ,78
1988,PAN,UNK,YFT,42
1988,PER,PS,SKJ,714
1988,PER,PS,YFT,1430
1988,PER,UNK,DOX,221
1988,PER,UNK,SKH,1039
1988,PER,UNK,SWO,54
1988,PER,UNK,TUN,2935
1988,TWN,LL,ALB,3939
1988,TWN,LL,BET,591
1988,TWN,LL,BIL,1
1988,TWN,LL,BLM,11
1988,TWN,LL,BUM,47
1988,TWN,LL,MLS,30
1988,TWN,LL,MZZ,1
1988,TWN,LL,SKH,23
1988,TWN,LL,SKJ,6
1988,TWN,LL,SWO,38
1988,TWN,LL,YFT,54
1988,USA,GN,BET,5
1988,USA,GN,BZX,33
1988,USA,GN,PBF,4
1988,USA,GN,SWO,1092
1988,USA,GN,TUN,2
1988,USA,GN,YFT,7
1988,USA,HAR,SKH,2
1988,USA,HAR,SWO,180
1988,USA,LP,ALB,271
1988,USA,LP,BET,5
1988,USA,LP,BZX,26
1988,USA,LP,SKJ,1741
1988,USA,LP,YFT,1064
1988,USA,LTL,ALB,5485
1988,USA,PS,ALB,17
1988,USA,PS,BET,256
1988,USA,PS,BKJ,35
1988,USA,PS,BZX,3516
1988,USA,PS,CGX,772
1988,USA,PS,MZZ,182
1988,USA,PS,PBF,923
1988,USA,PS,SKJ,36792
1988,USA,PS,TUN,37
1988,USA,PS,YFT,82231
1988,USA,RG,ALB,64
1988,USA,RG,BET,9
1988,USA,RG,PBF,6
1988,USA,RG,SKJ,5
1988,USA,RG,YFT,142
1988,USA,UNK,BET,1
1988,USA,UNK,BZX,335
1988,USA,UNK,PBF,42
1988,USA,UNK,SKJ,9
1988,USA,UNK,SWO,344
1988,USA,UNK,TUN,2
1988,USA,UNK,YFT,51
1988,VEN,PS,BET,202
1988,VEN,PS,BKJ,16
1988,VEN,PS,BZX,0
1988,VEN,PS,PBF,9
1988,VEN,PS,SKJ,12312
1988,VEN,PS,TUN,0
1988,VEN,PS,YFT,38257
1989,CHL,LL,SWO,1083
1989,CHL,UNK,ALB,90
1989,CHL,UNK,BZX,316
1989,CHL,UNK,DOX,1554
1989,CHL,UNK,SWO,4741
1989,CHL,UNK,YFT,12
1989,ECU,LP,SKJ,124
1989,ECU,LP,YFT,2
1989,ECU,PS,BET,854
1989,ECU,PS,BKJ,553
1989,ECU,PS,CGX,27
1989,ECU,PS,DOX,194
1989,ECU,PS,MZZ,200
1989,ECU,PS,SKH,29
1989,ECU,PS,SKJ,22922
1989,ECU,PS,TUN,1
1989,ECU,PS,YFT,17588
1989,ECU,UNK,SKJ,854
1989,ECU,UNK,TUN,65
1989,ECU,UNK,YFT,60
1989,JPN,LL,ALB,2093
1989,JPN,LL,BET,67514
1989,JPN,LL,BLM,127
1989,JPN,LL,BUM,4872
1989,JPN,LL,MLS,3153
1989,JPN,LL,PBF,3
1989,JPN,LL,SKJ,16
1989,JPN,LL,SWO,3158
1989,JPN,LL,YFT,15335
1989,KOR,LL,ALB,576
1989,KOR,LL,BET,3138
1989,KOR,LL,BIL,47
1989,KOR,LL,BLM,32
1989,KOR,LL,BUM,267
1989,KOR,LL,MLS,154
1989,KOR,LL,MZZ,134
1989,KOR,LL,SFA,2
1989,KOR,LL,SKJ,3
1989,KOR,LL,SWO,151
1989,KOR,LL,YFT,1162
1989,MEX,LL,BLM,1
1989,MEX,LL,BUM,0
1989,MEX,LL,MLS,59
1989,MEX,LL,SFA,190
1989,MEX,LL,SSP,0
1989,MEX,LL,SWO,690
1989,MEX,LL,YFT,9
1989,MEX,LP,BKJ,0
1989,MEX,LP,BZX,817
1989,MEX,LP,CGX,2
1989,MEX,LP,SKJ,1648
1989,MEX,LP,TUN,0
1989,MEX,LP,YFT,2782
1989,MEX,PS,BKJ,36
1989,MEX,PS,BZX,10459
1989,MEX,PS,CGX,7
1989,MEX,PS,PBF,57
1989,MEX,PS,SKJ,14960
1989,MEX,PS,TUN,14
1989,MEX,PS,YFT,116928
1989,OTR,PS,BET,710
1989,OTR,PS,BKJ,5
1989,OTR,PS,DOX,16
1989,OTR,PS,MZZ,8
1989,OTR,PS,SKJ,14453
1989,OTR,PS,TUN,5
1989,OTR,PS,YFT,14567
1989,PAN,PS,BKJ,113
1989,PAN,PS,SKJ,4361
1989,PAN,PS,YFT,10557
1989,PAN,UNK,SKJ,91
1989,PAN,UNK,YFT,49
1989,PER,PS,SKJ,276
1989,PER,PS,YFT,1724
1989,PER,UNK,DOX,126
1989,PER,UNK,SKH,1024
1989,PER,UNK,SWO,3
1989,PER,UNK,TUN,558
1989,TWN,LL,ALB,4115
1989,TWN,LL,BET,311
1989,TWN,LL,BIL,4
1989,TWN,LL,BLM,33
1989,TWN,LL,BUM,253
1989,TWN,LL,MLS,107
1989,TWN,LL,MZZ,18
1989,TWN,LL,PBF,1
1989,TWN,LL,SKH,66
1989,TWN,LL,SKJ,9
1989,TWN,LL,SWO,120
1989,TWN,LL,YFT,526
1989,USA,GN,BZX,12
1989,USA,GN,PBF,3
1989,USA,GN,SKJ,5
1989,USA,GN,SWO,1050
1989,USA,GN,TUN,3
1989,USA,GN,YFT,1
1989,USA,HAR,SKH,1
1989,USA,HAR,SWO,54
1989,USA,LP,ALB,21
1989,USA,LP,BZX,1
1989,USA,LP,PBF,5
1989,USA,LP,SKJ,1168
1989,USA,LP,YFT,1361
1989,USA,LTL,ALB,2445
1989,USA,PS,ALB,1
1989,USA,PS,BET,172
1989,USA,PS,BKJ,88
1989,USA,PS,BZX,819
1989,USA,PS,CGX,26
1989,USA,PS,MZZ,462
1989,USA,PS,PBF,1046
1989,USA,PS,SKJ,21115
1989,USA,PS,TUN,16
1989,USA,PS,YFT,73688
1989,USA,RG,ALB,160
1989,USA,RG,BET,1
1989,USA,RG,PBF,79
1989,USA,RG,SKJ,65
1989,USA,RG,YFT,131
1989,USA,UNK,BZX,137
1989,USA,UNK,PBF,9
1989,USA,UNK,SKJ,4
1989,USA,UNK,SWO,224
1989,USA,UNK,TUN,0
1989,USA,UNK,YFT,10
1989,VEN,PS,BET,294
1989,VEN,PS,BKJ,6
1989,VEN,PS,SKJ,16847
1989,VEN,PS,YFT,42944
1990,CHL,LL,SWO,1105
1990,CHL,UNK,ALB,306
1990,CHL,UNK,BZX,109
1990,CHL,UNK,DOX,743
1990,CHL,UNK,SWO,3850
1990,CHL,UNK,YFT,2
1990,ECU,LP,SKJ,379
1990,ECU,LP,YFT,74
1990,ECU,PS,BET,1619
1990,ECU,PS,BKJ,176
1990,ECU,PS,DOX,63
1990,ECU,PS,MZZ,132
1990,ECU,PS,SKH,0
1990,ECU,PS,SKJ,24071
1990,ECU,PS,TUN,22
1990,ECU,PS,YFT,16279
1990,ECU,UNK,BET,14
1990,ECU,UNK,BKJ,4
1990,ECU,UNK,MZZ,14
1990,ECU,UNK,SKJ,1823
1990,ECU,UNK,YFT,598
1990,ESP,LL,BIL,2
1990,ESP,LL,MZZ,0
1990,ESP,LL,SKH,279
1990,ESP,LL,SWO,1007
1990,ESP,LL,TUN,3
1990,JPN,LL,ALB,2486
1990,JPN,LL,BET,86148
1990,JPN,LL,BLM,126
1990,JPN,LL,BUM,4552
1990,JPN,LL,MLS,2812
1990,JPN,LL,PBF,1
1990,JPN,LL,SKJ,33
1990,JPN,LL,SWO,3015
1990,JPN,LL,YFT,29255
1990,KOR,LL,ALB,425
1990,KOR,LL,BET,12127
1990,KOR,LL,BIL,123
1990,KOR,LL,BLM,76
1990,KOR,LL,BUM,851
1990,KOR,LL,MLS,429
1990,KOR,LL,MZZ,260
1990,KOR,LL,PBF,11
1990,KOR,LL,SFA,6
1990,KOR,LL,SKJ,8
1990,KOR,LL,SWO,645
1990,KOR,LL,YFT,4844
1990,MEX,LP,BZX,215
1990,MEX,LP,CGX,0
1990,MEX,LP,SKJ,378
1990,MEX,LP,TUN,0
1990,MEX,LP,YFT,2466
1990,MEX,PS,BET,29
1990,MEX,PS,BKJ,109
1990,MEX,PS,BZX,9884
1990,MEX,PS,CGX,10
1990,MEX,PS,PBF,50
1990,MEX,PS,SKJ,6696
1990,MEX,PS,TUN,2
1990,MEX,PS,YFT,115898
1990,MEX,RG,MLS,333
1990,OTR,PS,BET,381
1990,OTR,PS,BKJ,47
1990,OTR,PS,MZZ,4
1990,OTR,PS,SKJ,3707
1990,OTR,PS,YFT,4197
1990,PAN,PS,BET,196
1990,PAN,PS,BKJ,180
1990,PAN,PS,SKJ,3425
1990,PAN,PS,YFT,6391
1990,PER,UNK,DOX,748
1990,PER,UNK,SKH,352
1990,PER,UNK,SWO,1
1990,PER,UNK,TUN,689
1990,TWN,LL,ALB,3625
1990,TWN,LL,BET,596
1990,TWN,LL,BLM,21
1990,TWN,LL,BUM,137
1990,TWN,LL,MLS,19
1990,TWN,LL,SKH,1
1990,TWN,LL,SKJ,0
1990,TWN,LL,SWO,35
1990,TWN,LL,YFT,534
1990,USA,GN,BET,1
1990,USA,GN,BZX,35
1990,USA,GN,CGX,1
1990,USA,GN,MZZ,0
1990,USA,GN,PBF,9
1990,USA,GN,SKH,742
1990,USA,GN,SKJ,1
1990,USA,GN,SWO,1028
1990,USA,GN,TUN,2
1990,USA,GN,YFT,1
1990,USA,HAR,SKH,1
1990,USA,HAR,SWO,50
1990,USA,LP,ALB,170
1990,USA,LP,PBF,61
1990,USA,LP,SKJ,66
1990,USA,LP,YFT,136
1990,USA,LTL,ALB,3775
1990,USA,PS,ALB,39
1990,USA,PS,BET,209
1990,USA,PS,BKJ,265
1990,USA,PS,BZX,3757
1990,USA,PS,CGX,224
1990,USA,PS,MZZ,297
1990,USA,PS,PBF,1380
1990,USA,PS,SKJ,13188
1990,USA,PS,TUN,174
1990,USA,PS,YFT,50790
1990,USA,RG,ALB,24
1990,USA,RG,BET,44
1990,USA,RG,PBF,74
1990,USA,RG,SKJ,50
1990,USA,RG,YFT,350
1990,USA,UNK,BZX,227
1990,USA,UNK,PBF,20
1990,USA,UNK,SKJ,0
1990,USA,UNK,SWO,137
1990,USA,UNK,TUN,1
1990,USA,UNK,YFT,9
1990,VEN,PS,BET,1405
1990,VEN,PS,BKJ,4
1990,VEN,PS,SKJ,11362
1990,VEN,PS,TUN,2
1990,VEN,PS,YFT,47490
1990,VUT,PS,BET,2082
1990,VUT,PS,BKJ,6
1990,VUT,PS,MZZ,0
1990,VUT,PS,SKJ,11920
1990,VUT,PS,YFT,22208
1991,CHL,LL,SWO,3969
1991,CHL,UNK,ALB,170
1991,CHL,UNK,BZX,159
1991,CHL,UNK,DOX,350
1991,CHL,UNK,SWO,3286
1991,CHL,UNK,YFT,40
1991,COL,UNK,BKJ,25
1991,COL,UNK,SKJ,22
1991,COL,UNK,SWO,29
1991,COL,UNK,YFT,36
1991,CRI,LL,BET,1
1991,CRI,LL,BKJ,0
1991,CRI,LL,BUM,257
1991,CRI,LL,MLS,188
1991,CRI,LL,SFA,707
1991,CRI,LL,SKJ,3
1991,CRI,LL,SWO,107
1991,CRI,LL,YFT,169
1991,CRI,LP,YFT,63
1991,ECU,LP,BET,31
1991,ECU,LP,MZZ,1
1991,ECU,LP,SKJ,68
1991,ECU,LP,YFT,73
1991,ECU,PS,BET,2224
1991,ECU,PS,BKJ,168
1991,ECU,PS,CGX,41
1991,ECU,PS,DOX,57
1991,ECU,PS,MZZ,369
1991,ECU,PS,SKH,1
1991,ECU,PS,SKJ,18438
1991,ECU,PS,TUN,1
1991,ECU,PS,YFT,15011
1991,ECU,UNK,BET,17
1991,ECU,UNK,SKJ,1864
1991,ECU,UNK,YFT,646
1991,ESP,LL,SKH,1039
1991,ESP,LL,SWO,2794
1991,ESP,LL,TUN,29
1991,JPN,LL,ALB,3581
1991,JPN,LL,BET,85011
1991,JPN,LL,BLM,111
1991,JPN,LL,BUM,5033
1991,JPN,LL,MLS,2321
1991,JPN,LL,PBF,3
1991,JPN,LL,SKJ,21
1991,JPN,LL,SWO,3053
1991,JPN,LL,YFT,23721
1991,KOR,LL,ALB,1061
1991,KOR,LL,BET,17883
1991,KOR,LL,BIL,111
1991,KOR,LL,BLM,84
1991,KOR,LL,BUM,1171
1991,KOR,LL,MLS,441
1991,KOR,LL,MZZ,430
1991,KOR,LL,PBF,2
1991,KOR,LL,SFA,10
1991,KOR,LL,SKJ,10
1991,KOR,LL,SWO,696
1991,KOR,LL,YFT,5688
1991,MEX,LP,BZX,82
1991,MEX,LP,SKH,6
1991,MEX,LP,SKJ,762
1991,MEX,LP,YFT,1798
1991,MEX,PS,BET,5
1991,MEX,PS,BKJ,142
1991,MEX,PS,BZX,979
1991,MEX,PS,CGX,21
1991,MEX,PS,PBF,9
1991,MEX,PS,SKJ,10916
1991,MEX,PS,TUN,2
1991,MEX,PS,YFT,115107
1991,MEX,RG,MLS,409
1991,MEX,UNK,SKJ,2
1991,MEX,UNK,YFT,106
1991,OTR,PS,BET,161
1991,OTR,PS,BKJ,14
1991,OTR,PS,MZZ,8
1991,OTR,PS,SKJ,3724
1991,OTR,PS,TUN,1
1991,OTR,PS,YFT,5625
1991,PAN,PS,BKJ,22
1991,PAN,PS,MZZ,52
1991,PAN,PS,SKJ,1720
1991,PAN,PS,YFT,1731
1991,PER,UNK,DOX,263
1991,PER,UNK,SKH,487
1991,PER,UNK,SWO,3
1991,PER,UNK,TUN,189
1991,TWN,LL,ALB,3250
1991,TWN,LL,BET,1291
1991,TWN,LL,BIL,1
1991,TWN,LL,BLM,50
1991,TWN,LL,BUM,245
1991,TWN,LL,MLS,40
1991,TWN,LL,MZZ,27
1991,TWN,LL,SKH,50
1991,TWN,LL,SKJ,2
1991,TWN,LL,SWO,43
1991,TWN,LL,YFT,1319
1991,USA,GN,BET,3
1991,USA,GN,BZX,14
1991,USA,GN,CGX,0
1991,USA,GN,MZZ,0
1991,USA,GN,PBF,3
1991,USA,GN,SKH,858
1991,USA,GN,SKJ,3
1991,USA,GN,SWO,836
1991,USA,GN,TUN,3
1991,USA,GN,YFT,1
1991,USA,HAR,SKH,1
1991,USA,HAR,SWO,16
1991,USA,LL,ALB,1
1991,USA,LL,BET,9
1991,USA,LL,BLM,1
1991,USA,LL,BUM,13
1991,USA,LL,DOX,7
1991,USA,LL,MLS,3
1991,USA,LL,MZZ,0
1991,USA,LL,SFA,0
1991,USA,LL,SKH,23
1991,USA,LL,SSP,1
1991,USA,LL,SWO,9
1991,USA,LL,TUN,0
1991,USA,LL,YFT,2
1991,USA,LP,ALB,834
1991,USA,LP,SKJ,887
1991,USA,LP,YFT,922
1991,USA,LTL,ALB,2578
1991,USA,PS,BET,50
1991,USA,PS,BKJ,1
1991,USA,PS,BZX,228
1991,USA,PS,CGX,54
1991,USA,PS,MZZ,27
1991,USA,PS,PBF,410
1991,USA,PS,SKJ,13162
1991,USA,PS,YFT,18751
1991,USA,RG,ALB,6
1991,USA,RG,BET,5
1991,USA,RG,PBF,52
1991,USA,RG,SKJ,18
1991,USA,RG,YFT,124
1991,USA,UNK,BZX,69
1991,USA,UNK,SWO,137
1991,USA,UNK,TUN,0
1991,USA,UNK,YFT,5
1991,VEN,PS,BET,591
1991,VEN,PS,BKJ,73
1991,VEN,PS,MZZ,4
1991,VEN,PS,SKJ,5217
1991,VEN,PS,TUN,0
1991,VEN,PS,YFT,45345
1991,VUT,PS,BET,1839
1991,VUT,PS,BKJ,1
1991,VUT,PS,MZZ,2
1991,VUT,PS,SKJ,9051
1991,VUT,PS,YFT,29687
1992,CHL,LL,SWO,3578
1992,CHL,UNK,ALB,18
1992,CHL,UNK,BZX,233
1992,CHL,UNK,DOX,173
1992,CHL,UNK,SWO,2801
1992,CHL,UNK,YFT,14
1992,COL,UNK,SKJ,95
1992,COL,UNK,YFT,825
1992,CRI,LL,BET,9
1992,CRI,LL,BKJ,3
1992,CRI,LL,BUM,201
1992,CRI,LL,MLS,147
1992,CRI,LL,SFA,610
1992,CRI,LL,SWO,27
1992,CRI,LL,YFT,119
1992,CRI,LP,YFT,272
1992,ECU,LP,SKJ,273
1992,ECU,LP,YFT,39
1992,ECU,PS,BET,1647
1992,ECU,PS,BKJ,53
1992,ECU,PS,DOX,69
1992,ECU,PS,MZZ,486
1992,ECU,PS,SKJ,25408
1992,ECU,PS,TUN,23
1992,ECU,PS,YFT,12119
1992,ECU,UNK,BET,11
1992,ECU,UNK,SKJ,778
1992,ECU,UNK,YFT,273
1992,ESP,LL,BIL,3
1992,ESP,LL,MZZ,0
1992,ESP,LL,SKH,1982
1992,ESP,LL,SWO,2435
1992,ESP,LL,TUN,25
1992,JPN,LL,ALB,3222
1992,JPN,LL,BET,74466
1992,JPN,LL,BLM,153
1992,JPN,LL,BUM,5234
1992,JPN,LL,MLS,2006
1992,JPN,LL,PBF,9
1992,JPN,LL,SKJ,18
1992,JPN,LL,SWO,3135
1992,JPN,LL,YFT,15296
1992,KOR,LL,ALB,1031
1992,KOR,LL,BET,9202
1992,KOR,LL,BIL,1082
1992,KOR,LL,BLM,51
1992,KOR,LL,BUM,1127
1992,KOR,LL,MLS,713
1992,KOR,LL,MZZ,175
1992,KOR,LL,SFA,739
1992,KOR,LL,SKJ,6
1992,KOR,LL,SWO,372
1992,KOR,LL,YFT,2865
1992,MEX,LP,SKJ,653
1992,MEX,LP,YFT,1469
1992,MEX,PS,BET,61
1992,MEX,PS,BKJ,21
1992,MEX,PS,BZX,33
1992,MEX,PS,SKJ,9188
1992,MEX,PS,YFT,118455
1992,MEX,RG,MLS,239
1992,MEX,UNK,SKJ,13
1992,MEX,UNK,YFT,359
1992,OTR,PS,BET,850
1992,OTR,PS,BKJ,8
1992,OTR,PS,MZZ,7
1992,OTR,PS,SKJ,7962
1992,OTR,PS,TUN,1
1992,OTR,PS,YFT,5419
1992,PAN,PS,BET,38
1992,PAN,PS,BKJ,20
1992,PAN,PS,MZZ,0
1992,PAN,PS,SKJ,3724
1992,PAN,PS,YFT,3380
1992,PER,PS,SKJ,352
1992,PER,PS,YFT,45
1992,PER,UNK,DOX,535
1992,PER,UNK,SKH,669
1992,PER,UNK,SWO,16
1992,PER,UNK,TUN,1063
1992,PYF,LL,ALB,24
1992,PYF,LL,BET,7
1992,PYF,LL,BLM,1
1992,PYF,LL,BUM,3
1992,PYF,LL,MLS,6
1992,PYF,LL,MZZ,0
1992,PYF,LL,SFA,2
1992,PYF,LL,SKH,0
1992,PYF,LL,SKJ,0
1992,PYF,LL,SSP,0
1992,PYF,LL,SWO,2
1992,PYF,LL,YFT,57
1992,TWN,LL,ALB,12793
1992,TWN,LL,BET,1032
1992,TWN,LL,BIL,38
1992,TWN,LL,BLM,20
1992,TWN,LL,BUM,48
1992,TWN,LL,MLS,173
1992,TWN,LL,MZZ,5
1992,TWN,LL,PBF,11
1992,TWN,LL,SKH,109
1992,TWN,LL,SKJ,0
1992,TWN,LL,SWO,30
1992,TWN,LL,YFT,306
1992,USA,GN,BET,1
1992,USA,GN,BZX,7
1992,USA,GN,CGX,0
1992,USA,GN,PBF,8
1992,USA,GN,SKH,518
1992,USA,GN,SKJ,1
1992,USA,GN,SWO,1332
1992,USA,GN,TUN,6
1992,USA,GN,YFT,4
1992,USA,HAR,SKH,3
1992,USA,HAR,SWO,74
1992,USA,LL,ALB,10
1992,USA,LL,BET,92
1992,USA,LL,BLM,3
1992,USA,LL,BUM,14
1992,USA,LL,DOX,37
1992,USA,LL,MLS,9
1992,USA,LL,MZZ,2
1992,USA,LL,PBF,1
1992,USA,LL,SFA,0
1992,USA,LL,SKH,202
1992,USA,LL,SSP,1
1992,USA,LL,SWO,241
1992,USA,LL,TUN,2
1992,USA,LL,YFT,3
1992,USA,LP,ALB,255
1992,USA,LP,SKJ,1031
1992,USA,LP,YFT,2009
1992,USA,LTL,ALB,5720
1992,USA,PS,BET,3002
1992,USA,PS,BKJ,3
1992,USA,PS,BZX,944
1992,USA,PS,CGX,116
1992,USA,PS,MZZ,30
1992,USA,PS,PBF,1928
1992,USA,PS,SKJ,14108
1992,USA,PS,YFT,16961
1992,USA,RG,ALB,2
1992,USA,RG,BET,1
1992,USA,RG,PBF,139
1992,USA,RG,SKJ,134
1992,USA,RG,YFT,474
1992,USA,UNK,BZX,78
1992,USA,UNK,SKJ,9
1992,USA,UNK,SWO,44
1992,USA,UNK,TUN,2
1992,USA,UNK,YFT,9
1992,VEN,PS,BET,184
1992,VEN,PS,SKJ,10226
1992,VEN,PS,YFT,44336
1992,VUT,PS,BET,1397
1992,VUT,PS,MZZ,32
1992,VUT,PS,SKJ,13315
1992,VUT,PS,YFT,27406
1993,CHL,LL,SWO,1979
1993,CHL,UNK,ALB,19
1993,CHL,UNK,BZX,288
1993,CHL,UNK,DOX,374
1993,CHL,UNK,SWO,2733
1993,CHL,UNK,YFT,82
1993,COL,PS,BET,686
1993,COL,PS,BIL,1
1993,COL,PS,BLM,2
1993,COL,PS,BUM,1
1993,COL,PS,CGX,0
1993,COL,PS,DOX,3
1993,COL,PS,MLS,3
1993,COL,PS,MZZ,2
1993,COL,PS,SFA,1
1993,COL,PS,SKH,19
1993,COL,PS,SKJ,3292
1993,COL,PS,SRX,0
1993,COL,PS,YFT,3863
1993,COL,UNK,SKJ,12
1993,COL,UNK,YFT,1034
1993,CRI,LL,BET,25
1993,CRI,LL,BKJ,31
1993,CRI,LL,BUM,292
1993,CRI,LL,MLS,243
1993,CRI,LL,SFA,1121
1993,CRI,LL,SWO,20
1993,CRI,LL,YFT,200
1993,ECU,PS,BET,2166
1993,ECU,PS,BIL,4
1993,ECU,PS,BKJ,76
1993,ECU,PS,BLM,6
1993,ECU,PS,BUM,23
1993,ECU,PS,CGX,3
1993,ECU,PS,DOX,59
1993,ECU,PS,MLS,7
1993,ECU,PS,MZZ,64
1993,ECU,PS,SFA,2
1993,ECU,PS,SKH,37
1993,ECU,PS,SKJ,21227
1993,ECU,PS,SRX,0
1993,ECU,PS,SWO,0
1993,ECU,PS,TUN,8
1993,ECU,PS,YFT,18094
1993,ECU,UNK,BET,34
1993,ECU,UNK,SKJ,1830
1993,ECU,UNK,YFT,377
1993,ESP,LL,SKH,808
1993,ESP,LL,SWO,928
1993,ESP,LL,TUN,10
1993,JPN,LL,ALB,4385
1993,JPN,LL,BET,63190
1993,JPN,LL,BLM,153
1993,JPN,LL,BUM,5381
1993,JPN,LL,MLS,2237
1993,JPN,LL,PBF,9
1993,JPN,LL,SKJ,53
1993,JPN,LL,SWO,2513
1993,JPN,LL,YFT,20339
1993,KOR,LL,ALB,657
1993,KOR,LL,BET,8924
1993,KOR,LL,BIL,1610
1993,KOR,LL,BLM,62
1993,KOR,LL,BUM,813
1993,KOR,LL,MLS,959
1993,KOR,LL,MZZ,129
1993,KOR,LL,SFA,1144
1993,KOR,LL,SKJ,5
1993,KOR,LL,SWO,385
1993,KOR,LL,YFT,3257
1993,MEX,LP,BZX,1
1993,MEX,LP,SKJ,1726
1993,MEX,LP,YFT,2289
1993,MEX,PS,BET,120
1993,MEX,PS,BIL,3
1993,MEX,PS,BKJ,1
1993,MEX,PS,BLM,12
1993,MEX,PS,BUM,21
1993,MEX,PS,BZX,231
1993,MEX,PS,CGX,18
1993,MEX,PS,DOX,30
1993,MEX,PS,MLS,15
1993,MEX,PS,MZZ,4
1993,MEX,PS,SFA,15
1993,MEX,PS,SKH,44
1993,MEX,PS,SKJ,13037
1993,MEX,PS,SRX,6
1993,MEX,PS,SWO,1
1993,MEX,PS,TUN,0
1993,MEX,PS,YFT,101792
1993,MEX,RG,MLS,259
1993,OTR,LL,BUM,0
1993,OTR,LL,DOX,0
1993,OTR,LL,MLS,5
1993,OTR,LL,SFA,1
1993,OTR,LL,SKH,21
1993,OTR,LL,SWO,26
1993,OTR,LL,YFT,2
1993,OTR,PS,BET,1250
1993,OTR,PS,BIL,1
1993,OTR,PS,BKJ,20
1993,OTR,PS,BLM,9
1993,OTR,PS,BUM,17
1993,OTR,PS,CGX,0
1993,OTR,PS,DOX,7
1993,OTR,PS,MLS,6
1993,OTR,PS,MZZ,2
1993,OTR,PS,SFA,0
1993,OTR,PS,SKH,12
1993,OTR,PS,SKJ,9181
1993,OTR,PS,SRX,0
1993,OTR,PS,SWO,0
1993,OTR,PS,TUN,0
1993,OTR,PS,YFT,7559
1993,PAN,PS,BET,10
1993,PAN,PS,BLM,0
1993,PAN,PS,DOX,0
1993,PAN,PS,MZZ,0
1993,PAN,PS,SFA,0
1993,PAN,PS,SKH,0
1993,PAN,PS,SKJ,1062
1993,PAN,PS,SRX,0
1993,PAN,PS,YFT,5671
1993,PER,UNK,DOX,350
1993,PER,UNK,SKH,442
1993,PER,UNK,SKJ,321
1993,PER,UNK,SWO,76
1993,PER,UNK,TUN,4073
1993,PER,UNK,YFT,1320
1993,PYF,LL,ALB,34
1993,PYF,LL,BET,7
1993,PYF,LL,BLM,0
1993,PYF,LL,BUM,10
1993,PYF,LL,DOX,3
1993,PYF,LL,MLS,0
1993,PYF,LL,MZZ,1
1993,PYF,LL,SFA,0
1993,PYF,LL,SKH,5
1993,PYF,LL,SKJ,0
1993,PYF,LL,SSP,0
1993,PYF,LL,SWO,2
1993,PYF,LL,YFT,39
1993,TWN,LL,ALB,6109
1993,TWN,LL,BET,297
1993,TWN,LL,BIL,40
1993,TWN,LL,BLM,0
1993,TWN,LL,BUM,68
1993,TWN,LL,MLS,121
1993,TWN,LL,MZZ,52
1993,TWN,LL,PBF,2
1993,TWN,LL,SKH,186
1993,TWN,LL,SKJ,3
1993,TWN,LL,SWO,19
1993,TWN,LL,YFT,155
1993,UNK,LP,SKJ,157
1993,UNK,LP,YFT,30
1993,USA,GN,BZX,8
1993,USA,GN,CGX,2
1993,USA,GN,PBF,32
1993,USA,GN,SKH,473
1993,USA,GN,SKJ,2
1993,USA,GN,SWO,1400
1993,USA,GN,TUN,9
1993,USA,GN,YFT,7
1993,USA,HAR,SKH,1
1993,USA,HAR,SWO,169
1993,USA,LL,ALB,9
1993,USA,LL,BET,55
1993,USA,LL,BLM,2
1993,USA,LL,BUM,7
1993,USA,LL,DOX,14
1993,USA,LL,MLS,10
1993,USA,LL,MZZ,3
1993,USA,LL,SFA,0
1993,USA,LL,SKH,6
1993,USA,LL,SSP,1
1993,USA,LL,SWO,315
1993,USA,LL,TUN,0
1993,USA,LL,YFT,17
1993,USA,LP,ALB,1
1993,USA,LP,SKJ,1889
1993,USA,LP,YFT,2632
1993,USA,LTL,ALB,4366
1993,USA,PS,BET,3324
1993,USA,PS,BIL,12
1993,USA,PS,BLM,9
1993,USA,PS,BUM,3
1993,USA,PS,BZX,368
1993,USA,PS,CGX,9
1993,USA,PS,DOX,88
1993,USA,PS,MLS,2
1993,USA,PS,MZZ,35
1993,USA,PS,PBF,580
1993,USA,PS,SFA,1
1993,USA,PS,SKH,57
1993,USA,PS,SKJ,17853
1993,USA,PS,SRX,2
1993,USA,PS,YFT,14055
1993,USA,RG,ALB,25
1993,USA,RG,BET,1
1993,USA,RG,PBF,283
1993,USA,RG,SKJ,64
1993,USA,RG,YFT,207
1993,USA,UNK,BZX,140
1993,USA,UNK,PBF,1
1993,USA,UNK,SKJ,27
1993,USA,UNK,SWO,36
1993,USA,UNK,YFT,7
1993,VEN,PS,BET,253
1993,VEN,PS,BIL,4
1993,VEN,PS,BKJ,7
1993,VEN,PS,BLM,6
1993,VEN,PS,BUM,6
1993,VEN,PS,CGX,1
1993,VEN,PS,DOX,51
1993,VEN,PS,MLS,7
1993,VEN,PS,MZZ,17
1993,VEN,PS,SFA,4
1993,VEN,PS,SKH,45
1993,VEN,PS,SKJ,7270
1993,VEN,PS,SRX,2
1993,VEN,PS,SSP,0
1993,VEN,PS,SWO,2
1993,VEN,PS,YFT,43522
1993,VUT,PS,BET,1848
1993,VUT,PS,BIL,3
1993,VUT,PS,BLM,12
1993,VUT,PS,BUM,14
1993,VUT,PS,CGX,0
1993,VUT,PS,DOX,28
1993,VUT,PS,MLS,6
1993,VUT,PS,MZZ,17
1993,VUT,PS,SFA,2
1993,VUT,PS,SKH,25
1993,VUT,PS,SKJ,10908
1993,VUT,PS,SRX,0
1993,VUT,PS,TUN,1
1993,VUT,PS,YFT,24936
1994,CHL,LL,SWO,1249
1994,CHL,UNK,ALB,22
1994,CHL,UNK,BET,8
1994,CHL,UNK,BZX,172
1994,CHL,UNK,DOX,206
1994,CHL,UNK,SWO,2552
1994,CHL,UNK,YFT,118
1994,COL,PS,BET,5636
1994,COL,PS,BIL,1
1994,COL,PS,BKJ,0
1994,COL,PS,BLM,5
1994,COL,PS,BUM,5
1994,COL,PS,CGX,0
1994,COL,PS,DOX,52
1994,COL,PS,MLS,2
1994,COL,PS,MZZ,24
1994,COL,PS,SFA,0
1994,COL,PS,SKH,32
1994,COL,PS,SKJ,7348
1994,COL,PS,SRX,0
1994,COL,PS,SSP,0
1994,COL,PS,SWO,0
1994,COL,PS,TUN,0
1994,COL,PS,YFT,7533
1994,COL,UNK,SKJ,13
1994,COL,UNK,YFT,27
1994,CRI,LL,BET,1
1994,CRI,LL,BKJ,40
1994,CRI,LL,BUM,418
1994,CRI,LL,MLS,270
1994,CRI,LL,SFA,804
1994,CRI,LL,SWO,27
1994,CRI,LL,YFT,481
1994,ECU,PS,BET,5112
1994,ECU,PS,BIL,0
1994,ECU,PS,BKJ,93
1994,ECU,PS,BLM,4
1994,ECU,PS,BUM,14
1994,ECU,PS,CGX,0
1994,ECU,PS,DOX,311
1994,ECU,PS,MLS,2
1994,ECU,PS,MZZ,33
1994,ECU,PS,SFA,0
1994,ECU,PS,SKH,142
1994,ECU,PS,SKJ,15083
1994,ECU,PS,SRX,0
1994,ECU,PS,SWO,0
1994,ECU,PS,TUN,7
1994,ECU,PS,YFT,18365
1994,ECU,UNK,BET,798
1994,ECU,UNK,SKJ,474
1994,ECU,UNK,YFT,313
1994,ESP,LL,SKH,341
1994,ESP,LL,SWO,576
1994,ESP,LL,TUN,1
1994,JPN,LL,ALB,5083
1994,JPN,LL,BET,61471
1994,JPN,LL,BLM,211
1994,JPN,LL,BUM,7654
1994,JPN,LL,MLS,2379
1994,JPN,LL,PBF,11
1994,JPN,LL,SFA,35
1994,JPN,LL,SKJ,58
1994,JPN,LL,SSP,140
1994,JPN,LL,SWO,2464
1994,JPN,LL,YFT,25983
1994,KOR,LL,ALB,656
1994,KOR,LL,BET,9522
1994,KOR,LL,BIL,961
1994,KOR,LL,BLM,40
1994,KOR,LL,BUM,630
1994,KOR,LL,MLS,606
1994,KOR,LL,MZZ,126
1994,KOR,LL,SFA,670
1994,KOR,LL,SKJ,2
1994,KOR,LL,SWO,344
1994,KOR,LL,YFT,3069
1994,MEX,LL,BUM,0
1994,MEX,LL,DOX,11
1994,MEX,LL,MLS,10
1994,MEX,LL,SFA,171
1994,MEX,LL,SKH,188
1994,MEX,LL,SWO,12
1994,MEX,LL,YFT,41
1994,MEX,LP,BZX,173
1994,MEX,LP,SKJ,1274
1994,MEX,LP,YFT,1744
1994,MEX,PS,BET,171
1994,MEX,PS,BIL,1
1994,MEX,PS,BKJ,0
1994,MEX,PS,BLM,13
1994,MEX,PS,BUM,16
1994,MEX,PS,BZX,8095
1994,MEX,PS,CGX,12
1994,MEX,PS,DOX,75
1994,MEX,PS,MLS,5
1994,MEX,PS,MZZ,65
1994,MEX,PS,PBF,63
1994,MEX,PS,SFA,15
1994,MEX,PS,SKH,55
1994,MEX,PS,SKJ,11783
1994,MEX,PS,SRX,2
1994,MEX,PS,SWO,0
1994,MEX,PS,TUN,2
1994,MEX,PS,YFT,99618
1994,MEX,RG,MLS,257
1994,MEX,UNK,PBF,2
1994,MEX,UNK,SKJ,0
1994,MEX,UNK,YFT,0
1994,OTR,PS,BET,7472
1994,OTR,PS,BIL,0
1994,OTR,PS,BLM,1
1994,OTR,PS,BUM,19
1994,OTR,PS,CGX,0
1994,OTR,PS,DOX,102
1994,OTR,PS,MLS,1
1994,OTR,PS,MZZ,41
1994,OTR,PS,SFA,0
1994,OTR,PS,SKH,22
1994,OTR,PS,SKJ,8871
1994,OTR,PS,SRX,0
1994,OTR,PS,SWO,0
1994,OTR,PS,YFT,4324
1994,PAN,PS,BIL,0
1994,PAN,PS,CGX,0
1994,PAN,PS,MZZ,0
1994,PAN,PS,SKH,0
1994,PAN,PS,SKJ,2197
1994,PAN,PS,YFT,3259
1994,PER,UNK,DOX,3253
1994,PER,UNK,SKH,752
1994,PER,UNK,SKJ,212
1994,PER,UNK,SWO,310
1994,PER,UNK,TUN,462
1994,PER,UNK,YFT,750
1994,PYF,LL,ALB,257
1994,PYF,LL,BET,102
1994,PYF,LL,BLM,1
1994,PYF,LL,BUM,92
1994,PYF,LL,DOX,25
1994,PYF,LL,MLS,35
1994,PYF,LL,MZZ,30
1994,PYF,LL,SFA,2
1994,PYF,LL,SKH,163
1994,PYF,LL,SKJ,1
1994,PYF,LL,SSP,4
1994,PYF,LL,SWO,16
1994,PYF,LL,YFT,214
1994,TWN,LL,ALB,4380
1994,TWN,LL,BET,255
1994,TWN,LL,BIL,67
1994,TWN,LL,BLM,3
1994,TWN,LL,BUM,231
1994,TWN,LL,MLS,94
1994,TWN,LL,MZZ,120
1994,TWN,LL,SKH,516
1994,TWN,LL,SKJ,12
1994,TWN,LL,SWO,44
1994,TWN,LL,YFT,236
1994,UNK,LP,SKJ,37
1994,UNK,LP,YFT,26
1994,UNK,LTL,ALB,79
1994,USA,GN,BZX,1
1994,USA,GN,CGX,16
1994,USA,GN,PBF,28
1994,USA,GN,SKH,561
1994,USA,GN,SWO,799
1994,USA,GN,TUN,2
1994,USA,HAR,SKH,1
1994,USA,HAR,SWO,153
1994,USA,LL,ALB,14
1994,USA,LL,BET,9
1994,USA,LL,BLM,1
1994,USA,LL,BUM,2
1994,USA,LL,DOX,10
1994,USA,LL,MLS,2
1994,USA,LL,MZZ,0
1994,USA,LL,PBF,1
1994,USA,LL,SFA,0
1994,USA,LL,SKH,26
1994,USA,LL,SSP,0
1994,USA,LL,SWO,258
1994,USA,LL,TUN,0
1994,USA,LL,YFT,2
1994,USA,LP,ALB,85
1994,USA,LP,BZX,189
1994,USA,LP,SKJ,1929
1994,USA,LP,YFT,1855
1994,USA,LTL,ALB,9947
1994,USA,PS,BET,7042
1994,USA,PS,BIL,2
1994,USA,PS,BKJ,95
1994,USA,PS,BLM,4
1994,USA,PS,BUM,3
1994,USA,PS,BZX,236
1994,USA,PS,CGX,1
1994,USA,PS,DOX,29
1994,USA,PS,MLS,3
1994,USA,PS,MZZ,29
1994,USA,PS,PBF,906
1994,USA,PS,SFA,1
1994,USA,PS,SKH,34
1994,USA,PS,SKJ,8947
1994,USA,PS,SRX,0
1994,USA,PS,SWO,0
1994,USA,PS,TUN,0
1994,USA,PS,YFT,8080
1994,USA,RG,ALB,106
1994,USA,RG,BET,0
1994,USA,RG,PBF,86
1994,USA,RG,SKJ,31
1994,USA,RG,YFT,276
1994,USA,UNK,BZX,12
1994,USA,UNK,SKJ,1
1994,USA,UNK,SWO,8
1994,USA,UNK,TUN,0
1994,USA,UNK,YFT,3
1994,VEN,PS,BET,637
1994,VEN,PS,BIL,1
1994,VEN,PS,BLM,4
1994,VEN,PS,BUM,2
1994,VEN,PS,CGX,0
1994,VEN,PS,DOX,19
1994,VEN,PS,MLS,2
1994,VEN,PS,MZZ,16
1994,VEN,PS,SFA,1
1994,VEN,PS,SKH,45
1994,VEN,PS,SKJ,6356
1994,VEN,PS,SRX,1
1994,VEN,PS,SSP,0
1994,VEN,PS,SWO,0
1994,VEN,PS,YFT,41500
1994,VUT,PS,BET,8829
1994,VUT,PS,BIL,2
1994,VUT,PS,BLM,6
1994,VUT,PS,BUM,11
1994,VUT,PS,CGX,4
1994,VUT,PS,DOX,99
1994,VUT,PS,MLS,4
1994,VUT,PS,MZZ,33
1994,VUT,PS,SFA,1
1994,VUT,PS,SKH,36
1994,VUT,PS,SKJ,9541
1994,VUT,PS,SRX,1
1994,VUT,PS,SSP,0
1994,VUT,PS,SWO,0
1994,VUT,PS,YFT,25729
1995,CAN,LTL,ALB,1696
1995,CHL,LL,SWO,509
1995,CHL,UNK,ALB,15
1995,CHL,UNK,BET,15
1995,CHL,UNK,BZX,52
1995,CHL,UNK,DOX,104
1995,CHL,UNK,SWO,2085
1995,CHL,UNK,YFT,43
1995,COL,PS,BET,5815
1995,COL,PS,BIL,0
1995,COL,PS,BKJ,3
1995,COL,PS,BLM,6
1995,COL,PS,BUM,5
1995,COL,PS,CGX,0
1995,COL,PS,DOX,60
1995,COL,PS,MLS,1
1995,COL,PS,MZZ,21
1995,COL,PS,SFA,1
1995,COL,PS,SKH,17
1995,COL,PS,SKJ,13081
1995,COL,PS,SRX,0
1995,COL,PS,SSP,0
1995,COL,PS,SWO,0
1995,COL,PS,YFT,8829
1995,COL,UNK,SKJ,33
1995,COL,UNK,YFT,1
1995,CRI,LL,BET,13
1995,CRI,LL,BKJ,0
1995,CRI,LL,BUM,344
1995,CRI,LL,MLS,306
1995,CRI,LL,SFA,1114
1995,CRI,LL,SWO,29
1995,CRI,LL,YFT,542
1995,ECU,PS,BET,8304
1995,ECU,PS,BIL,0
1995,ECU,PS,BKJ,159
1995,ECU,PS,BLM,4
1995,ECU,PS,BUM,17
1995,ECU,PS,CGX,1
1995,ECU,PS,DOX,183
1995,ECU,PS,MLS,1
1995,ECU,PS,MZZ,28
1995,ECU,PS,SFA,0
1995,ECU,PS,SKH,39
1995,ECU,PS,SKJ,31934
1995,ECU,PS,SRX,0
1995,ECU,PS,SSP,0
1995,ECU,PS,SWO,0
1995,ECU,PS,TUN,1
1995,ECU,PS,YFT,17044
1995,ECU,UNK,BET,1352
1995,ECU,UNK,SKJ,1585
1995,ECU,UNK,YFT,332
1995,ESP,LL,SKH,368
1995,ESP,LL,SWO,698
1995,ESP,LL,TUN,0
1995,JPN,LL,ALB,3295
1995,JPN,LL,BET,49016
1995,JPN,LL,BLM,137
1995,JPN,LL,BUM,6011
1995,JPN,LL,MLS,2211
1995,JPN,LL,PBF,14
1995,JPN,LL,SFA,31
1995,JPN,LL,SKJ,68
1995,JPN,LL,SSP,147
1995,JPN,LL,SWO,1992
1995,JPN,LL,YFT,17042
1995,KOR,LL,ALB,1035
1995,KOR,LL,BET,8992
1995,KOR,LL,BIL,223
1995,KOR,LL,BLM,17
1995,KOR,LL,BUM,770
1995,KOR,LL,MLS,630
1995,KOR,LL,MZZ,199
1995,KOR,LL,SFA,145
1995,KOR,LL,SKJ,3
1995,KOR,LL,SWO,399
1995,KOR,LL,YFT,2748
1995,MEX,LL,BUM,0
1995,MEX,LL,DOX,1
1995,MEX,LL,MLS,30
1995,MEX,LL,SFA,58
1995,MEX,LL,SKH,303
1995,MEX,LL,SWO,19
1995,MEX,LL,YFT,7
1995,MEX,LP,BZX,81
1995,MEX,LP,SKJ,3104
1995,MEX,LP,YFT,889
1995,MEX,PS,BET,91
1995,MEX,PS,BIL,1
1995,MEX,PS,BKJ,18
1995,MEX,PS,BLM,11
1995,MEX,PS,BUM,11
1995,MEX,PS,BZX,7877
1995,MEX,PS,CGX,23
1995,MEX,PS,DOX,70
1995,MEX,PS,MLS,9
1995,MEX,PS,MZZ,11
1995,MEX,PS,PBF,10
1995,MEX,PS,SFA,7
1995,MEX,PS,SKH,94
1995,MEX,PS,SKJ,29406
1995,MEX,PS,SRX,1
1995,MEX,PS,SSP,0
1995,MEX,PS,SWO,1
1995,MEX,PS,TUN,10
1995,MEX,PS,YFT,108749
1995,MEX,RG,MLS,296
1995,MEX,UNK,YFT,40
1995,OTR,PS,BET,6452
1995,OTR,PS,BIL,0
1995,OTR,PS,BLM,8
1995,OTR,PS,BUM,17
1995,OTR,PS,CGX,0
1995,OTR,PS,DOX,50
1995,OTR,PS,MLS,0
1995,OTR,PS,MZZ,30
1995,OTR,PS,SFA,0
1995,OTR,PS,SKH,25
1995,OTR,PS,SKJ,15092
1995,OTR,PS,SRX,0
1995,OTR,PS,YFT,4005
1995,PAN,PS,BET,839
1995,PAN,PS,BKJ,1
1995,PAN,PS,BLM,1
1995,PAN,PS,BUM,1
1995,PAN,PS,CGX,0
1995,PAN,PS,DOX,10
1995,PAN,PS,MLS,0
1995,PAN,PS,MZZ,3
1995,PAN,PS,SFA,0
1995,PAN,PS,SKH,3
1995,PAN,PS,SKJ,4084
1995,PAN,PS,SRX,0
1995,PAN,PS,SWO,1
1995,PAN,PS,YFT,1714
1995,PER,UNK,DOX,2023
1995,PER,UNK,SKH,583
1995,PER,UNK,SKJ,99
1995,PER,UNK,SWO,7
1995,PER,UNK,TUN,1003
1995,PER,UNK,YFT,806
1995,PYF,LL,ALB,261
1995,PYF,LL,BET,97
1995,PYF,LL,BLM,4
1995,PYF,LL,BUM,135
1995,PYF,LL,DOX,20
1995,PYF,LL,MLS,53
1995,PYF,LL,MZZ,39
1995,PYF,LL,SFA,3
1995,PYF,LL,SKH,127
1995,PYF,LL,SKJ,3
1995,PYF,LL,SSP,7
1995,PYF,LL,SWO,25
1995,PYF,LL,YFT,198
1995,TWN,LL,ALB,1531
1995,TWN,LL,BET,77
1995,TWN,LL,BIL,9
1995,TWN,LL,BLM,0
1995,TWN,LL,BUM,23
1995,TWN,LL,MLS,12
1995,TWN,LL,MZZ,6
1995,TWN,LL,SKH,1
1995,TWN,LL,SKJ,3
1995,TWN,LL,SWO,10
1995,TWN,LL,YFT,28
1995,UNK,LP,SKJ,326
1995,UNK,LTL,ALB,41
1995,USA,GN,BET,1
1995,USA,GN,BZX,2
1995,USA,GN,CGX,9
1995,USA,GN,PBF,19
1995,USA,GN,SKH,490
1995,USA,GN,SKJ,70
1995,USA,GN,SWO,755
1995,USA,GN,TUN,1
1995,USA,GN,YFT,2
1995,USA,HAR,SKH,2
1995,USA,HAR,SWO,96
1995,USA,LL,ALB,63
1995,USA,LL,BET,74
1995,USA,LL,BLM,0
1995,USA,LL,BUM,5
1995,USA,LL,DOX,18
1995,USA,LL,MLS,7
1995,USA,LL,MZZ,1
1995,USA,LL,PBF,11
1995,USA,LL,SFA,0
1995,USA,LL,SKH,123
1995,USA,LL,SKJ,0
1995,USA,LL,SSP,1
1995,USA,LL,SWO,814
1995,USA,LL,TUN,0
1995,USA,LL,YFT,31
1995,USA,LP,ALB,465
1995,USA,LP,SKJ,1823
1995,USA,LP,YFT,379
1995,USA,LTL,ALB,5573
1995,USA,PS,BET,11042
1995,USA,PS,BIL,1
1995,USA,PS,BKJ,22
1995,USA,PS,BLM,5
1995,USA,PS,BUM,6
1995,USA,PS,BZX,52
1995,USA,PS,CGX,0
1995,USA,PS,DOX,50
1995,USA,PS,MLS,1
1995,USA,PS,MZZ,51
1995,USA,PS,PBF,649
1995,USA,PS,SFA,0
1995,USA,PS,SKH,26
1995,USA,PS,SKJ,14032
1995,USA,PS,SRX,0
1995,USA,PS,SWO,0
1995,USA,PS,YFT,5069
1995,USA,RG,ALB,102
1995,USA,RG,BET,1
1995,USA,RG,PBF,245
1995,USA,RG,SKJ,123
1995,USA,RG,YFT,778
1995,USA,UNK,BZX,0
1995,USA,UNK,SKJ,1
1995,USA,UNK,SWO,31
1995,USA,UNK,TUN,0
1995,USA,UNK,YFT,64
1995,VEN,PS,BET,706
1995,VEN,PS,BIL,0
1995,VEN,PS,BLM,4
1995,VEN,PS,BUM,4
1995,VEN,PS,CGX,0
1995,VEN,PS,DOX,5
1995,VEN,PS,MLS,3
1995,VEN,PS,MZZ,4
1995,VEN,PS,SFA,3
1995,VEN,PS,SKH,26
1995,VEN,PS,SKJ,5508
1995,VEN,PS,SRX,1
1995,VEN,PS,SSP,0
1995,VEN,PS,SWO,0
1995,VEN,PS,TUN,0
1995,VEN,PS,YFT,47804
1995,VUT,PS,BET,12072
1995,VUT,PS,BIL,0
1995,VUT,PS,BKJ,0
1995,VUT,PS,BLM,6
1995,VUT,PS,BUM,9
1995,VUT,PS,CGX,1
1995,VUT,PS,DOX,37
1995,VUT,PS,MLS,2
1995,VUT,PS,MZZ,26
1995,VUT,PS,SFA,2
1995,VUT,PS,SKH,44
1995,VUT,PS,SKJ,13910
1995,VUT,PS,SRX,1
1995,VUT,PS,SSP,0
1995,VUT,PS,SWO,1
1995,VUT,PS,YFT,22220
1996,CAN,LTL,ALB,2699
1996,CHL,LL,SWO,2515
1996,CHL,UNK,ALB,21
1996,CHL,UNK,BET,16
1996,CHL,UNK,BZX,14
1996,CHL,UNK,DOX,179
1996,CHL,UNK,SWO,630
1996,CHL,UNK,YFT,32
1996,COL,PS,BET,7692
1996,COL,PS,BIL,0
1996,COL,PS,BKJ,70
1996,COL,PS,BLM,7
1996,COL,PS,BUM,7
1996,COL,PS,CGX,0
1996,COL,PS,DOX,74
1996,COL,PS,MLS,0
1996,COL,PS,MZZ,22
1996,COL,PS,SFA,0
1996,COL,PS,SKH,23
1996,COL,PS,SKJ,13230
1996,COL,PS,SRX,0
1996,COL,PS,SSP,0
1996,COL,PS,SWO,0
1996,COL,PS,YFT,9855
1996,COL,UNK,SKJ,88
1996,COL,UNK,YFT,64
1996,CRI,LL,BET,1
1996,CRI,LL,BKJ,12
1996,CRI,LL,BUM,200
1996,CRI,LL,MLS,237
1996,CRI,LL,SFA,541
1996,CRI,LL,SWO,315
1996,CRI,LL,YFT,183
1996,ECU,LP,SKJ,59
1996,ECU,LP,YFT,120
1996,ECU,PS,BET,20279
1996,ECU,PS,BIL,1
1996,ECU,PS,BKJ,364
1996,ECU,PS,BLM,6
1996,ECU,PS,BUM,17
1996,ECU,PS,CGX,2
1996,ECU,PS,DOX,237
1996,ECU,PS,MLS,1
1996,ECU,PS,MZZ,33
1996,ECU,PS,SFA,0
1996,ECU,PS,SKH,54
1996,ECU,PS,SKJ,32433
1996,ECU,PS,SRX,0
1996,ECU,PS,SSP,0
1996,ECU,PS,TUN,3
1996,ECU,PS,YFT,17125
1996,ECU,UNK,BET,725
1996,ECU,UNK,SKJ,714
1996,ECU,UNK,YFT,164
1996,ESP,LL,SKH,600
1996,ESP,LL,SWO,772
1996,JPN,LL,ALB,2943
1996,JPN,LL,BET,36685
1996,JPN,LL,BLM,83
1996,JPN,LL,BUM,2605
1996,JPN,LL,MLS,1961
1996,JPN,LL,PBF,12
1996,JPN,LL,SFA,24
1996,JPN,LL,SKJ,27
1996,JPN,LL,SSP,120
1996,JPN,LL,SWO,1968
1996,JPN,LL,YFT,12631
1996,KOR,LL,ALB,639
1996,KOR,LL,BET,9983
1996,KOR,LL,BIL,278
1996,KOR,LL,BLM,14
1996,KOR,LL,BUM,647
1996,KOR,LL,MLS,928
1996,KOR,LL,MZZ,437
1996,KOR,LL,SFA,165
1996,KOR,LL,SKJ,7
1996,KOR,LL,SWO,568
1996,KOR,LL,YFT,3491
1996,MEX,LL,BUM,0
1996,MEX,LL,DOX,0
1996,MEX,LL,MLS,21
1996,MEX,LL,MZZ,0
1996,MEX,LL,SFA,5
1996,MEX,LL,SKH,34
1996,MEX,LL,SWO,6
1996,MEX,LL,YFT,0
1996,MEX,LP,BZX,7
1996,MEX,LP,SKJ,2000
1996,MEX,LP,YFT,2947
1996,MEX,PS,BET,82
1996,MEX,PS,BIL,3
1996,MEX,PS,BKJ,113
1996,MEX,PS,BLM,10
1996,MEX,PS,BUM,7
1996,MEX,PS,BXQ,1
1996,MEX,PS,BZX,322
1996,MEX,PS,CGX,24
1996,MEX,PS,DOX,47
1996,MEX,PS,MLS,14
1996,MEX,PS,MZZ,51
1996,MEX,PS,PBF,3700
1996,MEX,PS,SFA,4
1996,MEX,PS,SKH,43
1996,MEX,PS,SKJ,14501
1996,MEX,PS,SRX,1
1996,MEX,PS,SSP,0
1996,MEX,PS,SWO,0
1996,MEX,PS,TUN,28
1996,MEX,PS,YFT,119878
1996,MEX,RG,MLS,430
1996,OTR,PS,BET,10440
1996,OTR,PS,BIL,0
1996,OTR,PS,BKJ,40
1996,OTR,PS,BLM,7
1996,OTR,PS,BUM,15
1996,OTR,PS,CGX,1
1996,OTR,PS,DOX,84
1996,OTR,PS,MLS,1
1996,OTR,PS,MZZ,25
1996,OTR,PS,SFA,0
1996,OTR,PS,SKH,34
1996,OTR,PS,SKJ,13201
1996,OTR,PS,SRX,0
1996,OTR,PS,SSP,0
1996,OTR,PS,SWO,0
1996,OTR,PS,YFT,8322
1996,PAN,PS,BET,1445
1996,PAN,PS,BLM,1
1996,PAN,PS,BUM,2
1996,PAN,PS,CGX,2
1996,PAN,PS,DOX,11
1996,PAN,PS,MLS,0
1996,PAN,PS,MZZ,1
1996,PAN,PS,SFA,0
1996,PAN,PS,SKH,13
1996,PAN,PS,SKJ,3619
1996,PAN,PS,SRX,0
1996,PAN,PS,SWO,0
1996,PAN,PS,YFT,3084
1996,PER,UNK,DOX,4
1996,PER,UNK,SKH,1620
1996,PER,UNK,SKJ,439
1996,PER,UNK,SWO,1013
1996,PER,UNK,TUN,1038
1996,PER,UNK,YFT,766
1996,PYF,LL,ALB,553
1996,PYF,LL,BET,113
1996,PYF,LL,BLM,2
1996,PYF,LL,BUM,121
1996,PYF,LL,DOX,18
1996,PYF,LL,MLS,49
1996,PYF,LL,MZZ,43
1996,PYF,LL,SFA,3
1996,PYF,LL,SKH,150
1996,PYF,LL,SKJ,12
1996,PYF,LL,SSP,5
1996,PYF,LL,SWO,25
1996,PYF,LL,YFT,253
1996,TWN,LL,ALB,3416
1996,TWN,LL,BET,95
1996,TWN,LL,BIL,30
1996,TWN,LL,BLM,0
1996,TWN,LL,BUM,17
1996,TWN,LL,MLS,19
1996,TWN,LL,MZZ,10
1996,TWN,LL,SKH,6
1996,TWN,LL,SKJ,6
1996,TWN,LL,SWO,33
1996,TWN,LL,YFT,37
1996,UNK,LL,SWO,2
1996,USA,GN,BZX,2
1996,USA,GN,CGX,57
1996,USA,GN,PBF,43
1996,USA,GN,SKH,530
1996,USA,GN,SKJ,2
1996,USA,GN,SWO,752
1996,USA,GN,TUN,0
1996,USA,GN,YFT,2
1996,USA,HAR,SKH,1
1996,USA,HAR,SWO,81
1996,USA,LL,ALB,80
1996,USA,LL,BET,81
1996,USA,LL,BUM,6
1996,USA,LL,DOX,25
1996,USA,LL,MLS,3
1996,USA,LL,MZZ,1
1996,USA,LL,PBF,7
1996,USA,LL,SFA,0
1996,USA,LL,SKH,331
1996,USA,LL,SKJ,0
1996,USA,LL,SSP,1
1996,USA,LL,SWO,867
1996,USA,LL,TUN,0
1996,USA,LL,YFT,13
1996,USA,LP,ALB,72
1996,USA,LP,SKJ,496
1996,USA,LP,YFT,695
1996,USA,LTL,ALB,5590
1996,USA,PS,ALB,11
1996,USA,PS,BET,8380
1996,USA,PS,BIL,0
1996,USA,PS,BKJ,63
1996,USA,PS,BLM,4
1996,USA,PS,BUM,3
1996,USA,PS,BZX,325
1996,USA,PS,CGX,103
1996,USA,PS,DOX,29
1996,USA,PS,MLS,1
1996,USA,PS,MZZ,7
1996,USA,PS,PBF,4633
1996,USA,PS,SFA,0
1996,USA,PS,SKH,19
1996,USA,PS,SKJ,12012
1996,USA,PS,SRX,1
1996,USA,PS,SSP,0
1996,USA,PS,SWO,0
1996,USA,PS,TUN,6
1996,USA,PS,YFT,6948
1996,USA,RG,ALB,88
1996,USA,RG,BET,3
1996,USA,RG,PBF,40
1996,USA,RG,SKJ,18
1996,USA,RG,YFT,611
1996,USA,UNK,BET,4
1996,USA,UNK,BZX,0
1996,USA,UNK,SWO,10
1996,VEN,PS,BET,619
1996,VEN,PS,BIL,0
1996,VEN,PS,BKJ,54
1996,VEN,PS,BLM,3
1996,VEN,PS,BUM,3
1996,VEN,PS,CGX,2
1996,VEN,PS,DOX,21
1996,VEN,PS,MLS,2
1996,VEN,PS,MZZ,3
1996,VEN,PS,SFA,4
1996,VEN,PS,SKH,20
1996,VEN,PS,SKJ,4104
1996,VEN,PS,SRX,1
1996,VEN,PS,SSP,0
1996,VEN,PS,SWO,0
1996,VEN,PS,YFT,62846
1996,VUT,PS,BET,12374
1996,VUT,PS,BIL,0
1996,VUT,PS,BLM,7
1996,VUT,PS,BUM,6
1996,VUT,PS,CGX,1
1996,VUT,PS,DOX,45
1996,VUT,PS,MLS,1
1996,VUT,PS,MZZ,10
1996,VUT,PS,SFA,0
1996,VUT,PS,SKH,24
1996,VUT,PS,SKJ,10873
1996,VUT,PS,SRX,0
1996,VUT,PS,SSP,0
1996,VUT,PS,YFT,10549
1997,CAN,LTL,ALB,1460
1997,CHL,LL,SWO,3077
1997,CHL,UNK,ALB,0
1997,CHL,UNK,BET,6
1997,CHL,UNK,BZX,28
1997,CHL,UNK,DOX,124
1997,CHL,UNK,SWO,963
1997,CHL,UNK,YFT,57
1997,COL,PS,BET,3506
1997,COL,PS,BIL,0
1997,COL,PS,BLM,6
1997,COL,PS,BUM,3
1997,COL,PS,CGX,1
1997,COL,PS,DOX,46
1997,COL,PS,MLS,0
1997,COL,PS,MZZ,32
1997,COL,PS,SFA,0
1997,COL,PS,SKH,11
1997,COL,PS,SKJ,12332
1997,COL,PS,SRX,0
1997,COL,PS,SWO,0
1997,COL,PS,YFT,9402
1997,CRI,LL,BET,9
1997,CRI,LL,BKJ,11
1997,CRI,LL,BUM,447
1997,CRI,LL,DOX,6302
1997,CRI,LL,MLS,272
1997,CRI,LL,SFA,1092
1997,CRI,LL,SKH,32
1997,CRI,LL,SWO,1072
1997,CRI,LL,YFT,715
1997,ECU,PS,BET,30092
1997,ECU,PS,BIL,0
1997,ECU,PS,BKJ,50
1997,ECU,PS,BLM,18
1997,ECU,PS,BUM,38
1997,ECU,PS,CGX,7
1997,ECU,PS,DOX,206
1997,ECU,PS,MLS,2
1997,ECU,PS,MZZ,72
1997,ECU,PS,SFA,0
1997,ECU,PS,SKH,34
1997,ECU,PS,SKJ,51826
1997,ECU,PS,SRX,0
1997,ECU,PS,SSP,0
1997,ECU,PS,SWO,0
1997,ECU,PS,TUN,3
1997,ECU,PS,YFT,18697
1997,ECU,UNK,BET,3
1997,ECU,UNK,SKJ,34
1997,ECU,UNK,YFT,17
1997,ESP,LL,SKH,392
1997,ESP,LL,SWO,2018
1997,ESP,LL,TUN,7
1997,JPN,LL,ALB,2512
1997,JPN,LL,BET,40571
1997,JPN,LL,BLM,105
1997,JPN,LL,BUM,4312
1997,JPN,LL,MLS,2617
1997,JPN,LL,PBF,4
1997,JPN,LL,SFA,28
1997,JPN,LL,SKJ,20
1997,JPN,LL,SSP,135
1997,JPN,LL,SWO,2576
1997,JPN,LL,YFT,16218
1997,KOR,LL,ALB,528
1997,KOR,LL,BET,11376
1997,KOR,LL,BIL,1314
1997,KOR,LL,BLM,46
1997,KOR,LL,BUM,1000
1997,KOR,LL,MLS,1480
1997,KOR,LL,MZZ,798
1997,KOR,LL,PBF,2
1997,KOR,LL,SFA,739
1997,KOR,LL,SKJ,4
1997,KOR,LL,SWO,707
1997,KOR,LL,YFT,4753
1997,MEX,GN,SWO,0
1997,MEX,LP,BZX,8
1997,MEX,LP,SKJ,2190
1997,MEX,LP,YFT,3755
1997,MEX,PS,BET,38
1997,MEX,PS,BIL,1
1997,MEX,PS,BKJ,15
1997,MEX,PS,BLM,12
1997,MEX,PS,BUM,26
1997,MEX,PS,BZX,856
1997,MEX,PS,CGX,19
1997,MEX,PS,DOX,46
1997,MEX,PS,MLS,17
1997,MEX,PS,MZZ,22
1997,MEX,PS,PBF,367
1997,MEX,PS,SFA,7
1997,MEX,PS,SKH,206
1997,MEX,PS,SKJ,23416
1997,MEX,PS,SRX,8
1997,MEX,PS,SSP,0
1997,MEX,PS,SWO,1
1997,MEX,PS,YFT,120761
1997,MEX,RG,MLS,329
1997,OTR,LL,BIL,10
1997,OTR,LL,DOX,524
1997,OTR,LL,SFA,28
1997,OTR,LL,SWO,4
1997,OTR,LL,YFT,28
1997,OTR,PS,BET,13347
1997,OTR,PS,BIL,1
1997,OTR,PS,BLM,19
1997,OTR,PS,BUM,30
1997,OTR,PS,CGX,1
1997,OTR,PS,DOX,94
1997,OTR,PS,MLS,2
1997,OTR,PS,MZZ,56
1997,OTR,PS,SFA,0
1997,OTR,PS,SKH,34
1997,OTR,PS,SKJ,25055
1997,OTR,PS,SRX,0
1997,OTR,PS,SSP,0
1997,OTR,PS,YFT,6803
1997,PAN,PS,BET,1811
1997,PAN,PS,BIL,0
1997,PAN,PS,BLM,2
1997,PAN,PS,BUM,2
1997,PAN,PS,CGX,1
1997,PAN,PS,DOX,22
1997,PAN,PS,MLS,1
1997,PAN,PS,MZZ,2
1997,PAN,PS,SFA,0
1997,PAN,PS,SKH,6
1997,PAN,PS,SKJ,4277
1997,PAN,PS,SRX,0
1997,PAN,PS,YFT,4807
1997,PER,UNK,DOX,2985
1997,PER,UNK,SKH,1692
1997,PER,UNK,SWO,24
1997,PER,UNK,TUN,1437
1997,PYF,LL,ALB,1376
1997,PYF,LL,BET,250
1997,PYF,LL,BLM,2
1997,PYF,LL,BUM,119
1997,PYF,LL,DOX,33
1997,PYF,LL,MLS,46
1997,PYF,LL,MZZ,56
1997,PYF,LL,SFA,4
1997,PYF,LL,SKH,139
1997,PYF,LL,SKJ,8
1997,PYF,LL,SSP,6
1997,PYF,LL,SWO,23
1997,PYF,LL,YFT,307
1997,TWN,LL,ALB,5183
1997,TWN,LL,BET,256
1997,TWN,LL,BIL,0
1997,TWN,LL,BLM,0
1997,TWN,LL,BUM,35
1997,TWN,LL,MLS,56
1997,TWN,LL,MZZ,39
1997,TWN,LL,SKH,35
1997,TWN,LL,SKJ,103
1997,TWN,LL,SWO,37
1997,TWN,LL,YFT,131
1997,UNK,LP,SKJ,185
1997,UNK,LP,YFT,189
1997,UNK,LTL,ALB,8
1997,USA,GN,BET,5
1997,USA,GN,BZX,6
1997,USA,GN,CGX,39
1997,USA,GN,PBF,57
1997,USA,GN,SKH,627
1997,USA,GN,SKJ,2
1997,USA,GN,SWO,707
1997,USA,GN,TUN,0
1997,USA,GN,YFT,3
1997,USA,HAR,SKH,9
1997,USA,HAR,SWO,84
1997,USA,LL,ALB,79
1997,USA,LL,BET,118
1997,USA,LL,BLM,0
1997,USA,LL,BUM,2
1997,USA,LL,DOX,7
1997,USA,LL,MLS,2
1997,USA,LL,MZZ,1
1997,USA,LL,PBF,8
1997,USA,LL,SFA,0
1997,USA,LL,SKH,358
1997,USA,LL,SKJ,0
1997,USA,LL,SSP,0
1997,USA,LL,SWO,1066
1997,USA,LL,TUN,0
1997,USA,LL,YFT,11
1997,USA,LP,ALB,59
1997,USA,LP,BZX,0
1997,USA,LP,PBF,2
1997,USA,LP,SKJ,885
1997,USA,LP,YFT,474
1997,USA,LTL,ALB,5054
1997,USA,PS,ALB,1
1997,USA,PS,BET,8312
1997,USA,PS,BIL,0
1997,USA,PS,BLM,3
1997,USA,PS,BUM,5
1997,USA,PS,BZX,241
1997,USA,PS,CGX,3
1997,USA,PS,DOX,27
1997,USA,PS,MLS,0
1997,USA,PS,MZZ,14
1997,USA,PS,PBF,2240
1997,USA,PS,SFA,0
1997,USA,PS,SKH,7
1997,USA,PS,SKJ,13687
1997,USA,PS,SRX,0
1997,USA,PS,TUN,68
1997,USA,PS,YFT,5826
1997,USA,RG,ALB,1018
1997,USA,RG,BET,6
1997,USA,RG,PBF,131
1997,USA,RG,SKJ,57
1997,USA,RG,YFT,514
1997,USA,UNK,BZX,0
1997,USA,UNK,PBF,47
1997,USA,UNK,SKJ,3
1997,USA,UNK,SWO,3
1997,USA,UNK,YFT,9
1997,VEN,PS,BET,348
1997,VEN,PS,BIL,0
1997,VEN,PS,BKJ,35
1997,VEN,PS,BLM,4
1997,VEN,PS,BUM,4
1997,VEN,PS,CGX,2
1997,VEN,PS,DOX,42
1997,VEN,PS,MLS,3
1997,VEN,PS,MZZ,18
1997,VEN,PS,SFA,4
1997,VEN,PS,SKH,90
1997,VEN,PS,SKJ,8617
1997,VEN,PS,SRX,0
1997,VEN,PS,SSP,0
1997,VEN,PS,SWO,1
1997,VEN,PS,YFT,57881
1997,VUT,PS,BET,6818
1997,VUT,PS,BIL,1
1997,VUT,PS,BKJ,0
1997,VUT,PS,BLM,7
1997,VUT,PS,BUM,18
1997,VUT,PS,CGX,2
1997,VUT,PS,DOX,84
1997,VUT,PS,MLS,2
1997,VUT,PS,MZZ,44
1997,VUT,PS,SFA,0
1997,VUT,PS,SKH,10
1997,VUT,PS,SKJ,14246
1997,VUT,PS,SRX,0
1997,VUT,PS,SSP,0
1997,VUT,PS,TUN,0
1997,VUT,PS,YFT,20701
1998,CAN,LTL,ALB,3473
1998,CHL,LL,SWO,2642
1998,CHL,UNK,ALB,0
1998,CHL,UNK,BET,29
1998,CHL,UNK,BZX,584
1998,CHL,UNK,DOX,80
1998,CHL,UNK,SWO,1850
1998,CHL,UNK,YFT,78
1998,COL,PS,BET,596
1998,COL,PS,BIL,0
1998,COL,PS,BLM,2
1998,COL,PS,BUM,2
1998,COL,PS,CGX,1
1998,COL,PS,DOX,8
1998,COL,PS,MLS,0
1998,COL,PS,MZZ,2
1998,COL,PS,SFA,1
1998,COL,PS,SKH,0
1998,COL,PS,SKJ,4698
1998,COL,PS,SRX,0
1998,COL,PS,YFT,15592
1998,COL,UNK,SWO,6
1998,CRI,LL,BET,28
1998,CRI,LL,BKJ,0
1998,CRI,LL,BUM,378
1998,CRI,LL,DOX,2489
1998,CRI,LL,MLS,281
1998,CRI,LL,SFA,988
1998,CRI,LL,SKH,91
1998,CRI,LL,SWO,419
1998,CRI,LL,YFT,1124
1998,ECU,OTR,BET,541
1998,ECU,OTR,YFT,643
1998,ECU,PS,BET,25113
1998,ECU,PS,BIL,1
1998,ECU,PS,BKJ,261
1998,ECU,PS,BLM,30
1998,ECU,PS,BUM,69
1998,ECU,PS,CGX,9
1998,ECU,PS,DOX,164
1998,ECU,PS,MLS,3
1998,ECU,PS,MZZ,181
1998,ECU,PS,SFA,0
1998,ECU,PS,SKH,39
1998,ECU,PS,SKJ,67074
1998,ECU,PS,SRX,0
1998,ECU,PS,SSP,0
1998,ECU,PS,SWO,0
1998,ECU,PS,TUN,0
1998,ECU,PS,YFT,36201
1998,ECU,UNK,BET,15
1998,ECU,UNK,BIL,52
1998,ECU,UNK,SKJ,181
1998,ECU,UNK,SWO,193
1998,ECU,UNK,TUN,427
1998,ECU,UNK,YFT,304
1998,ESP,LL,SKH,1322
1998,ESP,LL,SWO,1302
1998,ESP,LL,TUN,23
1998,ESP,PS,BET,5747
1998,ESP,PS,BLM,12
1998,ESP,PS,BUM,8
1998,ESP,PS,CGX,1
1998,ESP,PS,DOX,25
1998,ESP,PS,MLS,2
1998,ESP,PS,MZZ,36
1998,ESP,PS,SKH,12
1998,ESP,PS,SKJ,20012
1998,ESP,PS,SRX,0
1998,ESP,PS,YFT,5449
1998,JPN,LL,ALB,4315
1998,JPN,LL,BET,35752
1998,JPN,LL,BLM,133
1998,JPN,LL,BUM,3459
1998,JPN,LL,MLS,2272
1998,JPN,LL,PBF,8
1998,JPN,LL,SFA,34
1998,JPN,LL,SKJ,44
1998,JPN,LL,SSP,193
1998,JPN,LL,SWO,3178
1998,JPN,LL,YFT,10048
1998,KOR,LL,ALB,1725
1998,KOR,LL,BET,9731
1998,KOR,LL,BIL,565
1998,KOR,LL,BLM,32
1998,KOR,LL,BUM,840
1998,KOR,LL,MLS,896
1998,KOR,LL,MZZ,1294
1998,KOR,LL,PBF,5
1998,KOR,LL,SFA,344
1998,KOR,LL,SKJ,4
1998,KOR,LL,SWO,675
1998,KOR,LL,YFT,3624
1998,MEX,GN,BXQ,2
1998,MEX,GN,CGX,0
1998,MEX,GN,SKH,57
1998,MEX,GN,SWO,114
1998,MEX,GN,YFT,0
1998,MEX,LL,MLS,33
1998,MEX,LL,PBF,0
1998,MEX,LL,SKH,87
1998,MEX,LL,SWO,55
1998,MEX,LL,YFT,16
1998,MEX,LP,BKJ,39
1998,MEX,LP,BZX,1
1998,MEX,LP,SKJ,999
1998,MEX,LP,YFT,2880
1998,MEX,PS,ALB,8
1998,MEX,PS,BET,12
1998,MEX,PS,BIL,0
1998,MEX,PS,BKJ,46
1998,MEX,PS,BLM,12
1998,MEX,PS,BUM,15
1998,MEX,PS,BZX,412
1998,MEX,PS,CGX,66
1998,MEX,PS,DOX,75
1998,MEX,PS,MLS,10
1998,MEX,PS,MZZ,12
1998,MEX,PS,PBF,1
1998,MEX,PS,SFA,18
1998,MEX,PS,SKH,175
1998,MEX,PS,SKJ,15969
1998,MEX,PS,SRX,2
1998,MEX,PS,SSP,0
1998,MEX,PS,SWO,1
1998,MEX,PS,TUN,4
1998,MEX,PS,YFT,106840
1998,MEX,RG,MLS,509
1998,OTR,PS,BET,2246
1998,OTR,PS,BIL,0
1998,OTR,PS,BKJ,18
1998,OTR,PS,BLM,2
1998,OTR,PS,BUM,12
1998,OTR,PS,CGX,1
1998,OTR,PS,DOX,37
1998,OTR,PS,MLS,1
1998,OTR,PS,MZZ,24
1998,OTR,PS,SFA,0
1998,OTR,PS,SKH,3
1998,OTR,PS,SKJ,6765
1998,OTR,PS,SRX,0
1998,OTR,PS,SWO,0
1998,OTR,PS,YFT,5004
1998,PAN,PS,BET,12
1998,PAN,PS,BKJ,9
1998,PAN,PS,BLM,0
1998,PAN,PS,BUM,1
1998,PAN,PS,CGX,0
1998,PAN,PS,DOX,6
1998,PAN,PS,MLS,0
1998,PAN,PS,MZZ,0
1998,PAN,PS,SFA,0
1998,PAN,PS,SKH,6
1998,PAN,PS,SKJ,1136
1998,PAN,PS,SRX,0
1998,PAN,PS,YFT,3330
1998,PER,UNK,DOX,9087
1998,PER,UNK,SKH,3797
1998,PER,UNK,SWO,98
1998,PER,UNK,TUN,17728
1998,PYF,LL,ALB,2089
1998,PYF,LL,BET,359
1998,PYF,LL,BLM,2
1998,PYF,LL,BUM,88
1998,PYF,LL,DOX,30
1998,PYF,LL,MLS,41
1998,PYF,LL,MZZ,82
1998,PYF,LL,SFA,2
1998,PYF,LL,SKH,131
1998,PYF,LL,SKJ,22
1998,PYF,LL,SSP,6
1998,PYF,LL,SWO,20
1998,PYF,LL,YFT,388
1998,TWN,LL,ALB,4389
1998,TWN,LL,BET,314
1998,TWN,LL,BIL,9
1998,TWN,LL,BLM,0
1998,TWN,LL,BUM,86
1998,TWN,LL,MLS,29
1998,TWN,LL,MZZ,25
1998,TWN,LL,SKH,46
1998,TWN,LL,SKJ,223
1998,TWN,LL,SWO,78
1998,TWN,LL,YFT,113
1998,UNK,LL,BIL,1
1998,UNK,LL,DOX,6
1998,UNK,LL,SFA,14
1998,UNK,LL,SWO,4
1998,UNK,LL,YFT,8
1998,UNK,LTL,ALB,192
1998,USA,GN,BET,4
1998,USA,GN,BZX,4
1998,USA,GN,CGX,4
1998,USA,GN,PBF,40
1998,USA,GN,SKH,538
1998,USA,GN,SKJ,3
1998,USA,GN,SWO,924
1998,USA,GN,TUN,2
1998,USA,GN,YFT,2
1998,USA,HAR,SKH,1
1998,USA,HAR,SWO,48
1998,USA,LL,ALB,117
1998,USA,LL,BET,191
1998,USA,LL,BLM,1
1998,USA,LL,BUM,4
1998,USA,LL,DOX,3
1998,USA,LL,MLS,6
1998,USA,LL,MZZ,2
1998,USA,LL,PBF,81
1998,USA,LL,SKH,422
1998,USA,LL,SKJ,1
1998,USA,LL,SSP,1
1998,USA,LL,SWO,1427
1998,USA,LL,TUN,1
1998,USA,LL,YFT,15
1998,USA,LP,ALB,81
1998,USA,LP,BZX,6
1998,USA,LP,PBF,0
1998,USA,LP,SKJ,685
1998,USA,LP,YFT,2205
1998,USA,LTL,ALB,8285
1998,USA,PS,ALB,34
1998,USA,PS,BET,5309
1998,USA,PS,BIL,0
1998,USA,PS,BKJ,75
1998,USA,PS,BLM,2
1998,USA,PS,BUM,2
1998,USA,PS,BZX,918
1998,USA,PS,CGX,1
1998,USA,PS,DOX,31
1998,USA,PS,MLS,0
1998,USA,PS,MZZ,14
1998,USA,PS,PBF,1771
1998,USA,PS,SFA,0
1998,USA,PS,SKH,1
1998,USA,PS,SKJ,6898
1998,USA,PS,SRX,0
1998,USA,PS,TUN,9
1998,USA,PS,YFT,2776
1998,USA,RG,ALB,1208
1998,USA,RG,BET,39
1998,USA,RG,PBF,422
1998,USA,RG,SKJ,29
1998,USA,RG,YFT,487
1998,USA,UNK,BZX,0
1998,USA,UNK,PBF,54
1998,USA,UNK,SKJ,24
1998,USA,UNK,SWO,13
1998,USA,UNK,TUN,1
1998,USA,UNK,YFT,15
1998,VEN,PS,BET,348
1998,VEN,PS,BIL,3
1998,VEN,PS,BKJ,73
1998,VEN,PS,BLM,4
1998,VEN,PS,BUM,3
1998,VEN,PS,CGX,1
1998,VEN,PS,DOX,31
1998,VEN,PS,MLS,2
1998,VEN,PS,MZZ,6
1998,VEN,PS,SFA,7
1998,VEN,PS,SKH,22
1998,VEN,PS,SKJ,6795
1998,VEN,PS,SRX,0
1998,VEN,PS,SWO,2
1998,VEN,PS,TUN,0
1998,VEN,PS,YFT,61425
1998,VUT,PS,BET,4746
1998,VUT,PS,BIL,0
1998,VUT,PS,BKJ,7
1998,VUT,PS,BLM,7
1998,VUT,PS,BUM,17
1998,VUT,PS,CGX,3
1998,VUT,PS,DOX,49
1998,VUT,PS,MLS,1
1998,VUT,PS,MZZ,25
1998,VUT,PS,SFA,2
1998,VUT,PS,SKH,12
1998,VUT,PS,SKJ,11284
1998,VUT,PS,SRX,0
1998,VUT,PS,SSP,0
1998,VUT,PS,YFT,17342
1999,CAN,LTL,ALB,2475
1999,CHL,LL,SWO,2007
1999,CHL,UNK,ALB,7
1999,CHL,UNK,BET,6
1999,CHL,UNK,BZX,368
1999,CHL,UNK,DOX,109
1999,CHL,UNK,SWO,918
1999,CHL,UNK,YFT,41
1999,COL,PS,BET,1511
1999,COL,PS,BLM,5
1999,COL,PS,BUM,8
1999,COL,PS,CGX,2
1999,COL,PS,DOX,28
1999,COL,PS,MLS,1
1999,COL,PS,MZZ,88
1999,COL,PS,SFA,0
1999,COL,PS,SKH,4
1999,COL,PS,SKJ,11210
1999,COL,PS,SRX,0
1999,COL,PS,SWO,0
1999,COL,PS,YFT,13267
1999,CRI,LL,BET,25
1999,CRI,LL,BKJ,0
1999,CRI,LL,BUM,680
1999,CRI,LL,DOX,3951
1999,CRI,LL,MLS,334
1999,CRI,LL,SFA,1109
1999,CRI,LL,SKH,56
1999,CRI,LL,SWO,99
1999,CRI,LL,YFT,1031
1999,CRI,UNK,BET,28
1999,CRI,UNK,SKJ,93
1999,CRI,UNK,YFT,26
1999,ECU,OTR,BET,452
1999,ECU,OTR,YFT,1365
1999,ECU,PS,BET,24355
1999,ECU,PS,BIL,0
1999,ECU,PS,BKJ,6
1999,ECU,PS,BLM,31
1999,ECU,PS,BUM,95
1999,ECU,PS,CGX,6
1999,ECU,PS,DOX,290
1999,ECU,PS,MLS,7
1999,ECU,PS,MZZ,39
1999,ECU,PS,SFA,1
1999,ECU,PS,SKH,48
1999,ECU,PS,SKJ,124393
1999,ECU,PS,SRX,0
1999,ECU,PS,SSP,0
1999,ECU,PS,SWO,0
1999,ECU,PS,TUN,0
1999,ECU,PS,YFT,53683
1999,ECU,UNK,BET,28
1999,ECU,UNK,SKJ,1292
1999,ECU,UNK,SWO,203
1999,ECU,UNK,YFT,1143
1999,ESP,LL,MZZ,0
1999,ESP,LL,SKH,1653
1999,ESP,LL,SWO,1121
1999,ESP,LL,TUN,8
1999,ESP,PS,BET,11703
1999,ESP,PS,BIL,0
1999,ESP,PS,BKJ,0
1999,ESP,PS,BLM,6
1999,ESP,PS,BUM,24
1999,ESP,PS,CGX,3
1999,ESP,PS,DOX,76
1999,ESP,PS,MLS,3
1999,ESP,PS,MZZ,12
1999,ESP,PS,SFA,0
1999,ESP,PS,SKH,0
1999,ESP,PS,SKJ,34923
1999,ESP,PS,SRX,0
1999,ESP,PS,SWO,0
1999,ESP,PS,TUN,20
1999,ESP,PS,YFT,8322
1999,JPN,LL,ALB,3420
1999,JPN,LL,BET,22224
1999,JPN,LL,BLM,56
1999,JPN,LL,BUM,1946
1999,JPN,LL,MLS,1284
1999,JPN,LL,PBF,9
1999,JPN,LL,SFA,18
1999,JPN,LL,SKJ,47
1999,JPN,LL,SSP,268
1999,JPN,LL,SWO,1790
1999,JPN,LL,YFT,7186
1999,KOR,LL,ALB,819
1999,KOR,LL,BET,9431
1999,KOR,LL,BIL,106
1999,KOR,LL,BLM,24
1999,KOR,LL,BUM,882
1999,KOR,LL,MLS,861
1999,KOR,LL,MZZ,931
1999,KOR,LL,PBF,9
1999,KOR,LL,SFA,44
1999,KOR,LL,SKJ,6
1999,KOR,LL,SWO,561
1999,KOR,LL,YFT,3030
1999,MEX,GN,BXQ,0
1999,MEX,GN,MLS,0
1999,MEX,GN,SKH,45
1999,MEX,GN,SWO,140
1999,MEX,GN,YFT,1
1999,MEX,LL,ALB,34
1999,MEX,LL,BXQ,1
1999,MEX,LL,DOX,1
1999,MEX,LL,MLS,4
1999,MEX,LL,PBF,30
1999,MEX,LL,SFA,4
1999,MEX,LL,SKH,872
1999,MEX,LL,SWO,96
1999,MEX,LL,YFT,10
1999,MEX,LP,ALB,23
1999,MEX,LP,CGX,1
1999,MEX,LP,PBF,5
1999,MEX,LP,SKJ,2026
1999,MEX,LP,YFT,1735
1999,MEX,PS,BET,33
1999,MEX,PS,BIL,1
1999,MEX,PS,BKJ,72
1999,MEX,PS,BLM,16
1999,MEX,PS,BUM,12
1999,MEX,PS,BZX,1695
1999,MEX,PS,CGX,40
1999,MEX,PS,DOX,19
1999,MEX,PS,MLS,8
1999,MEX,PS,MZZ,58
1999,MEX,PS,PBF,2369
1999,MEX,PS,SFA,27
1999,MEX,PS,SKH,115
1999,MEX,PS,SKJ,16767
1999,MEX,PS,SRX,6
1999,MEX,PS,SSP,0
1999,MEX,PS,SWO,2
1999,MEX,PS,YFT,114545
1999,MEX,RG,MLS,376
1999,OTR,LL,BIL,1028
1999,OTR,LL,BZX,24
1999,OTR,LL,DOX,2249
1999,OTR,LL,SFA,38
1999,OTR,LL,SKH,2661
1999,OTR,LL,SWO,3
1999,OTR,LL,TUN,2105
1999,OTR,LL,YFT,26
1999,OTR,PS,BET,4011
1999,OTR,PS,BIL,0
1999,OTR,PS,BKJ,1
1999,OTR,PS,BLM,3
1999,OTR,PS,BUM,12
1999,OTR,PS,CGX,10
1999,OTR,PS,DOX,33
1999,OTR,PS,MLS,2
1999,OTR,PS,MZZ,4
1999,OTR,PS,SFA,0
1999,OTR,PS,SKH,4
1999,OTR,PS,SKJ,17864
1999,OTR,PS,SRX,0
1999,OTR,PS,SSP,0
1999,OTR,PS,TUN,0
1999,OTR,PS,YFT,11002
1999,PAN,PS,BET,1220
1999,PAN,PS,BLM,0
1999,PAN,PS,BUM,0
1999,PAN,PS,CGX,0
1999,PAN,PS,DOX,3
1999,PAN,PS,MLS,0
1999,PAN,PS,MZZ,0
1999,PAN,PS,SFA,0
1999,PAN,PS,SKH,0
1999,PAN,PS,SKJ,5286
1999,PAN,PS,SRX,0
1999,PAN,PS,YFT,5782
1999,PER,UNK,DOX,1051
1999,PER,UNK,SKH,2043
1999,PER,UNK,SWO,15
1999,PER,UNK,TUN,4278
1999,PYF,LL,ALB,574
1999,PYF,LL,BET,3652
1999,PYF,LL,BLM,7
1999,PYF,LL,BUM,146
1999,PYF,LL,DOX,30
1999,PYF,LL,MLS,60
1999,PYF,LL,MZZ,93
1999,PYF,LL,SFA,3
1999,PYF,LL,SKH,121
1999,PYF,LL,SKJ,14
1999,PYF,LL,SSP,7
1999,PYF,LL,SWO,30
1999,PYF,LL,YFT,206
1999,TWN,LL,ALB,6656
1999,TWN,LL,BET,890
1999,TWN,LL,BIL,1
1999,TWN,LL,BLM,6
1999,TWN,LL,BUM,30
1999,TWN,LL,MLS,68
1999,TWN,LL,MZZ,20
1999,TWN,LL,SKH,38
1999,TWN,LL,SKJ,133
1999,TWN,LL,SWO,107
1999,TWN,LL,YFT,186
1999,UNK,LP,ALB,204
1999,UNK,LP,SKJ,18
1999,UNK,LP,YFT,48
1999,UNK,LTL,ALB,16
1999,USA,GN,BET,2
1999,USA,GN,BZX,1
1999,USA,GN,PBF,19
1999,USA,GN,SWO,606
1999,USA,GN,TUN,1
1999,USA,HAR,SWO,81
1999,USA,LL,ALB,130
1999,USA,LL,BET,228
1999,USA,LL,BLM,1
1999,USA,LL,BUM,6
1999,USA,LL,DOX,53
1999,USA,LL,MLS,10
1999,USA,LL,MZZ,2
1999,USA,LL,PBF,104
1999,USA,LL,SFA,0
1999,USA,LL,SKH,594
1999,USA,LL,SKJ,1
1999,USA,LL,SSP,3
1999,USA,LL,SWO,1755
1999,USA,LL,YFT,7
1999,USA,LTL,ALB,8391
1999,USA,PS,ALB,47
1999,USA,PS,BET,2997
1999,USA,PS,BIL,0
1999,USA,PS,BKJ,82
1999,USA,PS,BLM,1
1999,USA,PS,BUM,1
1999,USA,PS,BZX,24
1999,USA,PS,CGX,0
1999,USA,PS,DOX,10
1999,USA,PS,MLS,0
1999,USA,PS,MZZ,4
1999,USA,PS,PBF,184
1999,USA,PS,SKH,6
1999,USA,PS,SKJ,13491
1999,USA,PS,SRX,0
1999,USA,PS,TUN,7
1999,USA,PS,YFT,3400
1999,USA,RG,ALB,3621
1999,USA,RG,BET,22
1999,USA,RG,PBF,408
1999,USA,RG,SKJ,8
1999,USA,RG,YFT,130
1999,USA,UNK,BZX,0
1999,USA,UNK,PBF,87
1999,USA,UNK,SKJ,0
1999,USA,UNK,SWO,2
1999,USA,UNK,TUN,0
1999,VEN,PS,BET,10
1999,VEN,PS,BIL,3
1999,VEN,PS,BKJ,10
1999,VEN,PS,BLM,11
1999,VEN,PS,BUM,11
1999,VEN,PS,CGX,44
1999,VEN,PS,DOX,31
1999,VEN,PS,MLS,4
1999,VEN,PS,MZZ,30
1999,VEN,PS,SFA,5
1999,VEN,PS,SKH,53
1999,VEN,PS,SKJ,16344
1999,VEN,PS,SRX,0
1999,VEN,PS,SSP,0
1999,VEN,PS,SWO,0
1999,VEN,PS,TUN,0
1999,VEN,PS,YFT,55443
1999,VUT,PS,BET,5318
1999,VUT,PS,BIL,1
1999,VUT,PS,BKJ,0
1999,VUT,PS,BLM,11
1999,VUT,PS,BUM,19
1999,VUT,PS,CGX,3
1999,VUT,PS,DOX,78
1999,VUT,PS,MLS,1
1999,VUT,PS,MZZ,8
1999,VUT,PS,SFA,1
1999,VUT,PS,SKH,19
1999,VUT,PS,SKJ,21287
1999,VUT,PS,SRX,0
1999,VUT,PS,SSP,0
1999,VUT,PS,TUN,0
1999,VUT,PS,YFT,16476
2000,CAN,LTL,ALB,3900
2000,CHL,GN,SWO,400
2000,CHL,HAR,SWO,0
2000,CHL,LL,SWO,1742
2000,CHL,OTR,SWO,0
2000,CHL,UNK,ALB,3
2000,CHL,UNK,BET,20
2000,CHL,UNK,BZX,55
2000,CHL,UNK,DOX,131
2000,CHL,UNK,YFT,77
2000,COL,PS,BET,7443
2000,COL,PS,BIL,0
2000,COL,PS,BLM,2
2000,COL,PS,BUM,2
2000,COL,PS,CGX,0
2000,COL,PS,DOX,11
2000,COL,PS,MLS,0
2000,COL,PS,MZZ,2
2000,COL,PS,SFA,0
2000,COL,PS,SKH,4
2000,COL,PS,SKJ,10138
2000,COL,PS,SRX,0
2000,COL,PS,SSP,0
2000,COL,PS,SWO,0
2000,COL,PS,TUN,0
2000,COL,PS,YFT,6138
2000,CRI,LL,BET,27
2000,CRI,LL,BKJ,0
2000,CRI,LL,BUM,606
2000,CRI,LL,MLS,190
2000,CRI,LL,SFA,1239
2000,CRI,LL,SWO,407
2000,CRI,LL,YFT,1084
2000,ECU,PS,BET,36094
2000,ECU,PS,BIL,1
2000,ECU,PS,BKJ,269
2000,ECU,PS,BLM,23
2000,ECU,PS,BUM,64
2000,ECU,PS,CGX,24
2000,ECU,PS,DOX,442
2000,ECU,PS,MLS,4
2000,ECU,PS,MZZ,87
2000,ECU,PS,SFA,2
2000,ECU,PS,SKH,56
2000,ECU,PS,SKJ,104849
2000,ECU,PS,SRX,0
2000,ECU,PS,SSP,0
2000,ECU,PS,SWO,0
2000,ECU,PS,TUN,6
2000,ECU,PS,YFT,35492
2000,ECU,UNK,BET,220
2000,ECU,UNK,BIL,136
2000,ECU,UNK,SKJ,62
2000,ECU,UNK,SWO,374
2000,ECU,UNK,YFT,505
2000,ESP,LL,BIL,3
2000,ESP,LL,MZZ,0
2000,ESP,LL,SKH,1889
2000,ESP,LL,SWO,1807
2000,ESP,LL,TUN,7
2000,ESP,PS,BET,12511
2000,ESP,PS,BIL,0
2000,ESP,PS,BLM,2
2000,ESP,PS,BUM,7
2000,ESP,PS,CGX,0
2000,ESP,PS,DOX,71
2000,ESP,PS,MLS,0
2000,ESP,PS,MZZ,10
2000,ESP,PS,SKH,3
2000,ESP,PS,SKJ,17041
2000,ESP,PS,SRX,0
2000,ESP,PS,YFT,10318
2000,GTM,LL,BIL,741
2000,GTM,LL,BZX,75
2000,GTM,LL,DOX,2256
2000,GTM,LL,SKH,3715
2000,GTM,LL,SWO,1
2000,GTM,LL,TUN,1985
2000,GTM,LL,YFT,10
2000,JPN,LL,ALB,1180
2000,JPN,LL,BET,28746
2000,JPN,LL,BLM,66
2000,JPN,LL,BUM,2012
2000,JPN,LL,MLS,860
2000,JPN,LL,PBF,2
2000,JPN,LL,SFA,37
2000,JPN,LL,SKJ,23
2000,JPN,LL,SSP,273
2000,JPN,LL,SWO,2168
2000,JPN,LL,YFT,15265
2000,KOR,LL,ALB,336
2000,KOR,LL,BET,13280
2000,KOR,LL,BIL,97
2000,KOR,LL,BLM,26
2000,KOR,LL,BUM,733
2000,KOR,LL,MLS,657
2000,KOR,LL,MZZ,1320
2000,KOR,LL,PBF,2
2000,KOR,LL,SFA,24
2000,KOR,LL,SKJ,6
2000,KOR,LL,SWO,817
2000,KOR,LL,YFT,5134
2000,MEX,GN,CGX,4
2000,MEX,GN,MLS,0
2000,MEX,GN,SKH,25
2000,MEX,GN,SWO,15
2000,MEX,GN,YFT,0
2000,MEX,LL,ALB,4
2000,MEX,LL,BET,42
2000,MEX,LL,BUM,0
2000,MEX,LL,BXQ,7
2000,MEX,LL,CGX,4
2000,MEX,LL,DOX,3
2000,MEX,LL,MLS,21
2000,MEX,LL,MZZ,4
2000,MEX,LL,PBF,38
2000,MEX,LL,SFA,4
2000,MEX,LL,SKH,1728
2000,MEX,LL,SWO,407
2000,MEX,LL,YFT,153
2000,MEX,LP,ALB,29
2000,MEX,LP,PBF,61
2000,MEX,LP,SKJ,176
2000,MEX,LP,YFT,2418
2000,MEX,PS,ALB,70
2000,MEX,PS,BET,0
2000,MEX,PS,BIL,0
2000,MEX,PS,BKJ,2
2000,MEX,PS,BLM,13
2000,MEX,PS,BUM,22
2000,MEX,PS,BZX,449
2000,MEX,PS,CGX,40
2000,MEX,PS,DOX,64
2000,MEX,PS,MLS,9
2000,MEX,PS,MZZ,10
2000,MEX,PS,PBF,3019
2000,MEX,PS,SFA,14
2000,MEX,PS,SKH,152
2000,MEX,PS,SKJ,14080
2000,MEX,PS,SRX,1
2000,MEX,PS,SSP,0
2000,MEX,PS,SWO,2
2000,MEX,PS,TUN,184
2000,MEX,PS,YFT,101662
2000,MEX,RG,MLS,404
2000,OTR,LL,BET,11
2000,OTR,LL,BIL,18
2000,OTR,LL,DOX,1054
2000,OTR,LL,SFA,41
2000,OTR,LL,SKH,346
2000,OTR,LL,SWO,195
2000,OTR,LL,YFT,41
2000,OTR,LP,ALB,57
2000,OTR,LP,SKJ,55
2000,OTR,LP,YFT,13
2000,OTR,PS,BET,16446
2000,OTR,PS,BIL,0
2000,OTR,PS,BKJ,0
2000,OTR,PS,BLM,5
2000,OTR,PS,BUM,1
2000,OTR,PS,CGX,28
2000,OTR,PS,DOX,71
2000,OTR,PS,MLS,0
2000,OTR,PS,MZZ,4
2000,OTR,PS,SFA,0
2000,OTR,PS,SKH,1
2000,OTR,PS,SKJ,22399
2000,OTR,PS,SRX,0
2000,OTR,PS,SSP,0
2000,OTR,PS,SWO,0
2000,OTR,PS,TUN,0
2000,OTR,PS,YFT,13563
2000,PAN,LL,ALB,5
2000,PAN,LL,BET,14
2000,PAN,LL,BXQ,11
2000,PAN,LL,DOX,156
2000,PAN,LL,MZZ,126
2000,PAN,LL,SFA,29
2000,PAN,LL,SKH,415
2000,PAN,LL,SWO,22
2000,PAN,LL,YFT,359
2000,PAN,PS,BET,7028
2000,PAN,PS,BKJ,10
2000,PAN,PS,BLM,2
2000,PAN,PS,BUM,4
2000,PAN,PS,CGX,0
2000,PAN,PS,DOX,17
2000,PAN,PS,MLS,1
2000,PAN,PS,MZZ,3
2000,PAN,PS,SFA,0
2000,PAN,PS,SKH,8
2000,PAN,PS,SKJ,9573
2000,PAN,PS,SRX,0
2000,PAN,PS,SSP,0
2000,PAN,PS,TUN,0
2000,PAN,PS,YFT,5796
2000,PER,UNK,DOX,910
2000,PER,UNK,SKH,380
2000,PER,UNK,SWO,2
2000,PER,UNK,TUN,1468
2000,PYF,LL,ALB,2638
2000,PYF,LL,BET,653
2000,PYF,LL,BLM,7
2000,PYF,LL,BUM,210
2000,PYF,LL,DOX,36
2000,PYF,LL,MLS,79
2000,PYF,LL,MZZ,117
2000,PYF,LL,SFA,6
2000,PYF,LL,SKH,252
2000,PYF,LL,SKJ,39
2000,PYF,LL,SSP,11
2000,PYF,LL,SWO,46
2000,PYF,LL,YFT,1052
2000,TWN,LL,ALB,5151
2000,TWN,LL,BET,1916
2000,TWN,LL,BIL,2
2000,TWN,LL,BLM,6
2000,TWN,LL,BUM,69
2000,TWN,LL,MLS,79
2000,TWN,LL,MZZ,11
2000,TWN,LL,SKH,66
2000,TWN,LL,SKJ,0
2000,TWN,LL,SWO,321
2000,TWN,LL,YFT,742
2000,UNK,LTL,ALB,66
2000,USA,GN,BET,2
2000,USA,GN,BZX,1
2000,USA,GN,PBF,30
2000,USA,GN,SWO,646
2000,USA,GN,TUN,0
2000,USA,GN,YFT,1
2000,USA,HAR,SWO,90
2000,USA,LL,ALB,28
2000,USA,LL,BET,162
2000,USA,LL,BLM,0
2000,USA,LL,BUM,1
2000,USA,LL,DOX,32
2000,USA,LL,MLS,2
2000,USA,LL,MZZ,1
2000,USA,LL,PBF,4
2000,USA,LL,SFA,0
2000,USA,LL,SKH,6
2000,USA,LL,SKJ,0
2000,USA,LL,SSP,1
2000,USA,LL,SWO,1012
2000,USA,LL,TUN,0
2000,USA,LL,YFT,10
2000,USA,LTL,ALB,7686
2000,USA,PS,ALB,1
2000,USA,PS,BET,5304
2000,USA,PS,BLM,0
2000,USA,PS,BUM,3
2000,USA,PS,BZX,187
2000,USA,PS,CGX,0
2000,USA,PS,DOX,26
2000,USA,PS,MLS,0
2000,USA,PS,MZZ,3
2000,USA,PS,PBF,693
2000,USA,PS,SFA,0
2000,USA,PS,SKH,2
2000,USA,PS,SKJ,7224
2000,USA,PS,SRX,0
2000,USA,PS,SWO,0
2000,USA,PS,YFT,4374
2000,USA,RG,ALB,1798
2000,USA,RG,BET,11
2000,USA,RG,PBF,319
2000,USA,RG,SKJ,5
2000,USA,RG,YFT,523
2000,USA,UNK,BZX,0
2000,USA,UNK,SWO,9
2000,USA,UNK,YFT,3
2000,VEN,PS,BET,457
2000,VEN,PS,BIL,1
2000,VEN,PS,BKJ,12
2000,VEN,PS,BLM,12
2000,VEN,PS,BUM,5
2000,VEN,PS,CGX,1
2000,VEN,PS,DOX,26
2000,VEN,PS,MLS,1
2000,VEN,PS,MZZ,17
2000,VEN,PS,SFA,14
2000,VEN,PS,SKH,27
2000,VEN,PS,SKJ,6720
2000,VEN,PS,SRX,3
2000,VEN,PS,SSP,0
2000,VEN,PS,SWO,0
2000,VEN,PS,YFT,67672
2000,VUT,LL,ALB,321
2000,VUT,LL,BET,2754
2000,VUT,LL,BLM,0
2000,VUT,LL,BUM,3
2000,VUT,LL,MLS,1
2000,VUT,LL,SKH,1
2000,VUT,LL,SWO,1
2000,VUT,LL,YFT,5
2000,VUT,PS,BET,10000
2000,VUT,PS,BIL,0
2000,VUT,PS,BKJ,0
2000,VUT,PS,BLM,6
2000,VUT,PS,BUM,11
2000,VUT,PS,CGX,2
2000,VUT,PS,DOX,85
2000,VUT,PS,MLS,0
2000,VUT,PS,MZZ,10
2000,VUT,PS,SFA,1
2000,VUT,PS,SKH,2
2000,VUT,PS,SKJ,13620
2000,VUT,PS,SRX,0
2000,VUT,PS,SSP,0
2000,VUT,PS,TUN,0
2000,VUT,PS,YFT,8247
2001,BLZ,LL,ALB,4854
2001,BLZ,LL,BET,1987
2001,BLZ,LL,BIL,122
2001,BLZ,LL,PBF,131
2001,BLZ,LL,SFA,93
2001,BLZ,LL,SKH,1326
2001,BLZ,LL,SKJ,1080
2001,BLZ,LL,SWO,419
2001,BLZ,LL,YFT,1833
2001,CAN,LTL,ALB,4600
2001,CHL,GN,SWO,1087
2001,CHL,HAR,SWO,13
2001,CHL,LL,SWO,2560
2001,CHL,OTR,SWO,8
2001,CHL,UNK,ALB,5
2001,CHL,UNK,BET,5
2001,CHL,UNK,BIL,1
2001,CHL,UNK,BZX,19
2001,CHL,UNK,DOX,136
2001,CHL,UNK,YFT,66
2001,CHN,LL,ALB,1581
2001,CHN,LL,BET,2639
2001,CHN,LL,BIL,106
2001,CHN,LL,SWO,328
2001,CHN,LL,YFT,942
2001,COL,PS,BET,5230
2001,COL,PS,BKJ,79
2001,COL,PS,BLM,1
2001,COL,PS,BUM,3
2001,COL,PS,CGX,0
2001,COL,PS,DOX,40
2001,COL,PS,MLS,0
2001,COL,PS,MZZ,1
2001,COL,PS,SFA,1
2001,COL,PS,SKH,2
2001,COL,PS,SKJ,9445
2001,COL,PS,SRX,0
2001,COL,PS,SWO,0
2001,COL,PS,TUN,0
2001,COL,PS,YFT,12950
2001,CRI,LL,BET,28
2001,CRI,LL,BKJ,0
2001,CRI,LL,BUM,643
2001,CRI,LL,DOX,11221
2001,CRI,LL,MLS,274
2001,CRI,LL,SFA,1289
2001,CRI,LL,SKH,10
2001,CRI,LL,SWO,653
2001,CRI,LL,YFT,1133
2001,ECU,PS,BET,24424
2001,ECU,PS,BIL,1
2001,ECU,PS,BKJ,2101
2001,ECU,PS,BLM,33
2001,ECU,PS,BUM,79
2001,ECU,PS,CGX,11
2001,ECU,PS,DOX,620
2001,ECU,PS,MLS,7
2001,ECU,PS,MZZ,234
2001,ECU,PS,SFA,1
2001,ECU,PS,SKH,42
2001,ECU,PS,SKJ,66144
2001,ECU,PS,SRX,0
2001,ECU,PS,SSP,0
2001,ECU,PS,SWO,0
2001,ECU,PS,TUN,188
2001,ECU,PS,YFT,55347
2001,ECU,UNK,BET,14
2001,ECU,UNK,BIL,203
2001,ECU,UNK,SWO,106
2001,ECU,UNK,TUN,1
2001,ESP,LL,BIL,26
2001,ESP,LL,MZZ,2
2001,ESP,LL,SKH,2864
2001,ESP,LL,SWO,3426
2001,ESP,LL,TUN,31
2001,ESP,PS,BET,7450
2001,ESP,PS,BIL,0
2001,ESP,PS,BLM,5
2001,ESP,PS,BUM,12
2001,ESP,PS,CGX,1
2001,ESP,PS,DOX,83
2001,ESP,PS,MLS,0
2001,ESP,PS,MZZ,64
2001,ESP,PS,SFA,0
2001,ESP,PS,SKH,16
2001,ESP,PS,SKJ,13454
2001,ESP,PS,SRX,0
2001,ESP,PS,SSP,0
2001,ESP,PS,SWO,0
2001,ESP,PS,YFT,18448
2001,JPN,LL,ALB,1889
2001,JPN,LL,BET,38048
2001,JPN,LL,BLM,61
2001,JPN,LL,BUM,2336
2001,JPN,LL,MLS,1145
2001,JPN,LL,PBF,2
2001,JPN,LL,SFA,22
2001,JPN,LL,SKJ,28
2001,JPN,LL,SSP,292
2001,JPN,LL,SWO,4247
2001,JPN,LL,YFT,14808
2001,KOR,LL,ALB,355
2001,KOR,LL,BET,12576
2001,KOR,LL,BIL,73
2001,KOR,LL,BLM,32
2001,KOR,LL,BUM,563
2001,KOR,LL,MLS,53
2001,KOR,LL,MZZ,1508
2001,KOR,LL,PBF,10
2001,KOR,LL,SFA,9
2001,KOR,LL,SKJ,29
2001,KOR,LL,SWO,517
2001,KOR,LL,YFT,5230
2001,MEX,LL,BET,1
2001,MEX,LL,BUM,0
2001,MEX,LL,BXQ,0
2001,MEX,LL,CGX,18
2001,MEX,LL,DOX,1
2001,MEX,LL,MLS,1
2001,MEX,LL,MZZ,1
2001,MEX,LL,SKH,1888
2001,MEX,LL,SWO,78
2001,MEX,LL,YFT,29
2001,MEX,LP,ALB,18
2001,MEX,LP,BZX,0
2001,MEX,LP,SKJ,448
2001,MEX,LP,YFT,3916
2001,MEX,PS,ALB,0
2001,MEX,PS,BET,0
2001,MEX,PS,BLM,8
2001,MEX,PS,BUM,7
2001,MEX,PS,BZX,17
2001,MEX,PS,CGX,2
2001,MEX,PS,DOX,8
2001,MEX,PS,MLS,3
2001,MEX,PS,MZZ,12
2001,MEX,PS,PBF,863
2001,MEX,PS,SFA,5
2001,MEX,PS,SKH,68
2001,MEX,PS,SKJ,8169
2001,MEX,PS,SRX,0
2001,MEX,PS,SWO,1
2001,MEX,PS,YFT,130087
2001,MEX,RG,MLS,342
2001,OTR,LL,BET,3
2001,OTR,LL,BIL,896
2001,OTR,LL,BZX,34
2001,OTR,LL,DOX,3884
2001,OTR,LL,SFA,69
2001,OTR,LL,SKH,3916
2001,OTR,LL,SWO,461
2001,OTR,LL,TUN,2321
2001,OTR,LL,YFT,85
2001,OTR,PS,BET,12933
2001,OTR,PS,BIL,0
2001,OTR,PS,BKJ,18
2001,OTR,PS,BLM,5
2001,OTR,PS,BUM,8
2001,OTR,PS,CGX,1
2001,OTR,PS,DOX,158
2001,OTR,PS,MLS,0
2001,OTR,PS,MZZ,43
2001,OTR,PS,SFA,1
2001,OTR,PS,SKH,4
2001,OTR,PS,SKJ,23813
2001,OTR,PS,SRX,0
2001,OTR,PS,SSP,0
2001,OTR,PS,SWO,0
2001,OTR,PS,TUN,3
2001,OTR,PS,YFT,32180
2001,PAN,LL,ALB,28
2001,PAN,LL,BET,80
2001,PAN,LL,BIL,376
2001,PAN,LL,BXQ,42
2001,PAN,LL,DOX,755
2001,PAN,LL,MZZ,132
2001,PAN,LL,SFA,54
2001,PAN,LL,SKH,2020
2001,PAN,LL,SKJ,26
2001,PAN,LL,SWO,434
2001,PAN,LL,TUN,96
2001,PAN,LL,YFT,732
2001,PAN,PS,BET,3858
2001,PAN,PS,BIL,0
2001,PAN,PS,BKJ,0
2001,PAN,PS,BLM,1
2001,PAN,PS,BUM,1
2001,PAN,PS,CGX,0
2001,PAN,PS,DOX,31
2001,PAN,PS,MLS,0
2001,PAN,PS,MZZ,10
2001,PAN,PS,SFA,0
2001,PAN,PS,SKH,1
2001,PAN,PS,SKJ,6967
2001,PAN,PS,SRX,0
2001,PAN,PS,SWO,0
2001,PAN,PS,YFT,9552
2001,PER,UNK,DOX,2689
2001,PER,UNK,SFA,325
2001,PER,UNK,SKJ,11
2001,PER,UNK,SWO,2
2001,PER,UNK,TUN,54
2001,PER,UNK,YFT,13
2001,PYF,LL,ALB,3542
2001,PYF,LL,BET,684
2001,PYF,LL,BLM,7
2001,PYF,LL,BUM,211
2001,PYF,LL,DOX,39
2001,PYF,LL,MLS,84
2001,PYF,LL,MZZ,86
2001,PYF,LL,SFA,3
2001,PYF,LL,SKH,150
2001,PYF,LL,SKJ,14
2001,PYF,LL,SSP,11
2001,PYF,LL,SWO,47
2001,PYF,LL,YFT,846
2001,TWN,LL,ALB,6811
2001,TWN,LL,BET,9285
2001,TWN,LL,BIL,101
2001,TWN,LL,BLM,23
2001,TWN,LL,BUM,436
2001,TWN,LL,MLS,396
2001,TWN,LL,MZZ,72
2001,TWN,LL,SKH,363
2001,TWN,LL,SKJ,36
2001,TWN,LL,SWO,2055
2001,TWN,LL,YFT,3928
2001,UNK,GN,CGX,26
2001,UNK,GN,DOX,0
2001,UNK,GN,MLS,0
2001,UNK,GN,MZZ,1
2001,UNK,GN,SKH,107
2001,UNK,GN,SWO,73
2001,UNK,GN,YFT,1
2001,UNK,LTL,ALB,48
2001,USA,GN,BZX,0
2001,USA,GN,PBF,34
2001,USA,GN,SKJ,1
2001,USA,GN,SWO,375
2001,USA,GN,TUN,0
2001,USA,GN,YFT,5
2001,USA,HAR,SWO,52
2001,USA,LL,ALB,56
2001,USA,LL,BET,147
2001,USA,LL,BUM,3
2001,USA,LL,DOX,41
2001,USA,LL,MLS,5
2001,USA,LL,MZZ,2
2001,USA,LL,PBF,5
2001,USA,LL,SFA,0
2001,USA,LL,SKH,2
2001,USA,LL,SKJ,1
2001,USA,LL,SSP,1
2001,USA,LL,SWO,1430
2001,USA,LL,YFT,29
2001,USA,LP,ALB,139
2001,USA,LP,PBF,1
2001,USA,LTL,ALB,7439
2001,USA,PS,ALB,3
2001,USA,PS,BET,2290
2001,USA,PS,BKJ,60
2001,USA,PS,BLM,2
2001,USA,PS,BUM,1
2001,USA,PS,CGX,0
2001,USA,PS,DOX,23
2001,USA,PS,MLS,0
2001,USA,PS,MZZ,7
2001,USA,PS,PBF,292
2001,USA,PS,SFA,0
2001,USA,PS,SKH,0
2001,USA,PS,SKJ,4135
2001,USA,PS,SRX,0
2001,USA,PS,SWO,0
2001,USA,PS,YFT,5670
2001,USA,RG,ALB,1635
2001,USA,RG,BET,0
2001,USA,RG,PBF,344
2001,USA,RG,SKJ,22
2001,USA,RG,YFT,390
2001,USA,UNK,SWO,5
2001,USA,UNK,YFT,45
2001,VEN,PS,BET,0
2001,VEN,PS,BIL,1
2001,VEN,PS,BKJ,0
2001,VEN,PS,BLM,9
2001,VEN,PS,BUM,2
2001,VEN,PS,CGX,0
2001,VEN,PS,DOX,36
2001,VEN,PS,MLS,2
2001,VEN,PS,MZZ,11
2001,VEN,PS,SFA,8
2001,VEN,PS,SKH,44
2001,VEN,PS,SKJ,3215
2001,VEN,PS,SRX,1
2001,VEN,PS,SSP,0
2001,VEN,PS,SWO,1
2001,VEN,PS,TUN,0
2001,VEN,PS,YFT,108974
2001,VUT,LL,ALB,294
2001,VUT,LL,BET,3277
2001,VUT,LL,BUM,5
2001,VUT,LL,MLS,3
2001,VUT,LL,SKH,1
2001,VUT,LL,SWO,1
2001,VUT,LL,YFT,13
2001,VUT,PS,BET,4333
2001,VUT,PS,BKJ,0
2001,VUT,PS,BLM,3
2001,VUT,PS,BUM,6
2001,VUT,PS,CGX,0
2001,VUT,PS,DOX,29
2001,VUT,PS,MLS,0
2001,VUT,PS,MZZ,9
2001,VUT,PS,SFA,0
2001,VUT,PS,SKH,1
2001,VUT,PS,SKJ,7824
2001,VUT,PS,SRX,0
2001,VUT,PS,SSP,0
2001,VUT,PS,TUN,0
2001,VUT,PS,YFT,10729
2002,BLZ,LL,ALB,438
2002,BLZ,LL,BET,1459
2002,BLZ,LL,BIL,487
2002,BLZ,LL,PBF,67
2002,BLZ,LL,SFA,231
2002,BLZ,LL,SKH,1684
2002,BLZ,LL,SWO,766
2002,BLZ,LL,YFT,1447
2002,CAN,LTL,ALB,4753
2002,CHL,GN,SWO,1258
2002,CHL,HAR,SWO,13
2002,CHL,LHP,SWO,1
2002,CHL,LL,SWO,2799
2002,CHL,OTR,SWO,0
2002,CHL,UNK,ALB,40
2002,CHL,UNK,BET,7
2002,CHL,UNK,BIL,14
2002,CHL,UNK,BZX,0
2002,CHL,UNK,DOX,134
2002,CHL,UNK,YFT,15
2002,CHN,LL,ALB,1327
2002,CHN,LL,BET,7614
2002,CHN,LL,BIL,532
2002,CHN,LL,SWO,852
2002,CHN,LL,YFT,1457
2002,COL,PS,BET,5283
2002,COL,PS,BLM,1
2002,COL,PS,BUM,1
2002,COL,PS,CGX,0
2002,COL,PS,DOX,1
2002,COL,PS,MLS,0
2002,COL,PS,MZZ,0
2002,COL,PS,SFA,1
2002,COL,PS,SKH,1
2002,COL,PS,SKJ,10908
2002,COL,PS,SRX,0
2002,COL,PS,SSP,0
2002,COL,PS,SWO,0
2002,COL,PS,TUN,284
2002,COL,PS,YFT,17574
2002,CRI,LL,BET,19
2002,CRI,LL,BUM,662
2002,CRI,LL,DOX,7832
2002,CRI,LL,MLS,213
2002,CRI,LL,SFA,1399
2002,CRI,LL,SKH,3653
2002,CRI,LL,SWO,638
2002,CRI,LL,YFT,1563
2002,ECU,PS,BET,26262
2002,ECU,PS,BIL,2
2002,ECU,PS,BKJ,877
2002,ECU,PS,BLM,43
2002,ECU,PS,BUM,85
2002,ECU,PS,CGX,11
2002,ECU,PS,DOX,530
2002,ECU,PS,MLS,56
2002,ECU,PS,MZZ,202
2002,ECU,PS,SFA,4
2002,ECU,PS,SKH,52
2002,ECU,PS,SKJ,80378
2002,ECU,PS,SRX,0
2002,ECU,PS,SSP,0
2002,ECU,PS,SWO,0
2002,ECU,PS,TUN,84
2002,ECU,PS,YFT,32512
2002,ECU,UNK,BET,5
2002,ECU,UNK,MLS,1
2002,ECU,UNK,SWO,135
2002,ESP,LL,BIL,37
2002,ESP,LL,MZZ,140
2002,ESP,LL,SKH,2909
2002,ESP,LL,SWO,5629
2002,ESP,LL,TUN,175
2002,ESP,PS,BET,5108
2002,ESP,PS,BIL,0
2002,ESP,PS,BKJ,0
2002,ESP,PS,BLM,7
2002,ESP,PS,BUM,27
2002,ESP,PS,CGX,1
2002,ESP,PS,DOX,104
2002,ESP,PS,MLS,2
2002,ESP,PS,MZZ,40
2002,ESP,PS,SFA,0
2002,ESP,PS,SKH,13
2002,ESP,PS,SKJ,10546
2002,ESP,PS,SRX,0
2002,ESP,PS,SWO,0
2002,ESP,PS,TUN,0
2002,ESP,PS,YFT,16990
2002,JPN,LL,ALB,2627
2002,JPN,LL,BET,34193
2002,JPN,LL,BLM,53
2002,JPN,LL,BUM,2223
2002,JPN,LL,MLS,1142
2002,JPN,LL,PBF,2
2002,JPN,LL,SFA,14
2002,JPN,LL,SKJ,66
2002,JPN,LL,SSP,271
2002,JPN,LL,SWO,3382
2002,JPN,LL,YFT,8513
2002,KOR,LL,ALB,341
2002,KOR,LL,BET,10358
2002,KOR,LL,BIL,404
2002,KOR,LL,BLM,9
2002,KOR,LL,BUM,211
2002,KOR,LL,MLS,191
2002,KOR,LL,MZZ,1744
2002,KOR,LL,PBF,1
2002,KOR,LL,SKJ,44
2002,KOR,LL,SWO,391
2002,KOR,LL,YFT,3626
2002,MEX,GN,CGX,20
2002,MEX,GN,DOX,0
2002,MEX,GN,MLS,0
2002,MEX,GN,MZZ,0
2002,MEX,GN,SKH,99
2002,MEX,GN,SWO,18
2002,MEX,GN,YFT,1
2002,MEX,LL,CGX,15
2002,MEX,LL,DOX,6
2002,MEX,LL,MLS,0
2002,MEX,LL,PBF,1
2002,MEX,LL,SKH,2370
2002,MEX,LL,SWO,150
2002,MEX,LL,YFT,4
2002,MEX,LP,ALB,0
2002,MEX,LP,BKJ,8
2002,MEX,LP,PBF,1
2002,MEX,LP,SKJ,616
2002,MEX,LP,YFT,950
2002,MEX,PS,ALB,28
2002,MEX,PS,BET,0
2002,MEX,PS,BKJ,358
2002,MEX,PS,BLM,9
2002,MEX,PS,BUM,5
2002,MEX,PS,CGX,1
2002,MEX,PS,DOX,28
2002,MEX,PS,MLS,5
2002,MEX,PS,MZZ,8
2002,MEX,PS,PBF,1708
2002,MEX,PS,SFA,6
2002,MEX,PS,SKH,40
2002,MEX,PS,SKJ,6612
2002,MEX,PS,SRX,8
2002,MEX,PS,SWO,0
2002,MEX,PS,YFT,152864
2002,MEX,RG,MLS,411
2002,OTR,LL,BET,7
2002,OTR,LL,BIL,55
2002,OTR,LL,BZX,0
2002,OTR,LL,DOX,1263
2002,OTR,LL,SFA,145
2002,OTR,LL,SKH,618
2002,OTR,LL,SWO,269
2002,OTR,LL,TUN,12
2002,OTR,LL,YFT,81
2002,OTR,PS,BET,9340
2002,OTR,PS,BIL,0
2002,OTR,PS,BKJ,5
2002,OTR,PS,BLM,12
2002,OTR,PS,BUM,19
2002,OTR,PS,CGX,4
2002,OTR,PS,DOX,116
2002,OTR,PS,MLS,2
2002,OTR,PS,MZZ,55
2002,OTR,PS,SFA,0
2002,OTR,PS,SKH,2
2002,OTR,PS,SKJ,19283
2002,OTR,PS,SRX,1
2002,OTR,PS,SSP,0
2002,OTR,PS,SWO,0
2002,OTR,PS,TUN,14
2002,OTR,PS,YFT,31068
2002,PAN,LL,ALB,13
2002,PAN,LL,BET,6
2002,PAN,LL,BIL,333
2002,PAN,LL,BXQ,14
2002,PAN,LL,DOX,359
2002,PAN,LL,MZZ,28
2002,PAN,LL,SFA,2
2002,PAN,LL,SKH,1152
2002,PAN,LL,SKJ,59
2002,PAN,LL,SWO,434
2002,PAN,LL,TUN,295
2002,PAN,LL,YFT,907
2002,PAN,PS,BET,4726
2002,PAN,PS,BIL,0
2002,PAN,PS,BKJ,5
2002,PAN,PS,BLM,2
2002,PAN,PS,BUM,36
2002,PAN,PS,CGX,1
2002,PAN,PS,DOX,40
2002,PAN,PS,MLS,0
2002,PAN,PS,MZZ,3
2002,PAN,PS,SFA,1
2002,PAN,PS,SKH,3
2002,PAN,PS,SKJ,9757
2002,PAN,PS,SRX,0
2002,PAN,PS,SSP,0
2002,PAN,PS,SWO,0
2002,PAN,PS,TUN,0
2002,PAN,PS,YFT,15719
2002,PER,UNK,DOX,4003
2002,PER,UNK,SFA,17
2002,PER,UNK,SKJ,109
2002,PER,UNK,SWO,14
2002,PER,UNK,TUN,1422
2002,PER,UNK,YFT,195
2002,PYF,LL,ALB,2545
2002,PYF,LL,BET,388
2002,PYF,LL,BLM,1
2002,PYF,LL,BUM,28
2002,PYF,LL,DOX,2
2002,PYF,LL,MLS,7
2002,PYF,LL,MZZ,8
2002,PYF,LL,SFA,1
2002,PYF,LL,SKH,7
2002,PYF,LL,SKJ,27
2002,PYF,LL,SSP,1
2002,PYF,LL,SWO,4
2002,PYF,LL,YFT,278
2002,SLV,PS,BET,2228
2002,SLV,PS,BIL,0
2002,SLV,PS,BKJ,0
2002,SLV,PS,BLM,0
2002,SLV,PS,BUM,1
2002,SLV,PS,CGX,0
2002,SLV,PS,DOX,34
2002,SLV,PS,MLS,0
2002,SLV,PS,MZZ,1
2002,SLV,PS,SFA,0
2002,SLV,PS,SKH,0
2002,SLV,PS,SKJ,4601
2002,SLV,PS,SRX,0
2002,SLV,PS,TUN,0
2002,SLV,PS,YFT,7412
2002,TWN,LL,ALB,7096
2002,TWN,LL,BET,17253
2002,TWN,LL,BLM,15
2002,TWN,LL,BUM,336
2002,TWN,LL,MLS,564
2002,TWN,LL,SKJ,64
2002,TWN,LL,SWO,3060
2002,TWN,LL,YFT,7360
2002,UNK,LTL,ALB,27
2002,USA,GN,BZX,1
2002,USA,GN,PBF,7
2002,USA,GN,SWO,302
2002,USA,GN,TUN,0
2002,USA,GN,YFT,1
2002,USA,HAR,SWO,90
2002,USA,LL,ALB,0
2002,USA,LL,BET,132
2002,USA,LL,BUM,1
2002,USA,LL,DOX,2
2002,USA,LL,MLS,2
2002,USA,LL,MZZ,1
2002,USA,LL,SFA,0
2002,USA,LL,SKH,7
2002,USA,LL,SKJ,1
2002,USA,LL,SSP,1
2002,USA,LL,SWO,3
2002,USA,LL,YFT,5
2002,USA,LP,ALB,381
2002,USA,LP,PBF,2
2002,USA,LTL,ALB,7256
2002,USA,PS,ALB,3
2002,USA,PS,BET,2219
2002,USA,PS,BIL,0
2002,USA,PS,BKJ,214
2002,USA,PS,BLM,1
2002,USA,PS,BUM,1
2002,USA,PS,CGX,0
2002,USA,PS,DOX,10
2002,USA,PS,MLS,0
2002,USA,PS,MZZ,29
2002,USA,PS,PBF,50
2002,USA,PS,SFA,0
2002,USA,PS,SKH,0
2002,USA,PS,SKJ,4582
2002,USA,PS,SRX,0
2002,USA,PS,TUN,194
2002,USA,PS,YFT,7382
2002,USA,RG,ALB,2357
2002,USA,RG,BET,0
2002,USA,RG,PBF,613
2002,USA,RG,SKJ,10
2002,USA,RG,YFT,339
2002,USA,UNK,SWO,3
2002,VEN,PS,BET,0
2002,VEN,PS,BIL,1
2002,VEN,PS,BKJ,0
2002,VEN,PS,BLM,7
2002,VEN,PS,BUM,3
2002,VEN,PS,CGX,1
2002,VEN,PS,DOX,14
2002,VEN,PS,MLS,3
2002,VEN,PS,MZZ,3
2002,VEN,PS,SFA,7
2002,VEN,PS,SKH,8
2002,VEN,PS,SKJ,2222
2002,VEN,PS,SRX,1
2002,VEN,PS,SWO,0
2002,VEN,PS,TUN,0
2002,VEN,PS,YFT,123264
2002,VUT,LL,ALB,902
2002,VUT,LL,BET,2995
2002,VUT,LL,BUM,20
2002,VUT,LL,MLS,40
2002,VUT,LL,SWO,54
2002,VUT,LL,YFT,290
2002,VUT,PS,BET,2256
2002,VUT,PS,BLM,4
2002,VUT,PS,BUM,12
2002,VUT,PS,CGX,0
2002,VUT,PS,DOX,55
2002,VUT,PS,MLS,1
2002,VUT,PS,MZZ,11
2002,VUT,PS,SFA,0
2002,VUT,PS,SKH,0
2002,VUT,PS,SKJ,4657
2002,VUT,PS,SRX,0
2002,VUT,PS,YFT,7502
2003,BLZ,LL,ALB,600
2003,BLZ,LL,BET,604
2003,BLZ,LL,BIL,25
2003,BLZ,LL,PBF,42
2003,BLZ,LL,SFA,50
2003,BLZ,LL,SKH,2448
2003,BLZ,LL,SWO,85
2003,BLZ,LL,YFT,353
2003,CAN,LTL,ALB,6295
2003,CHL,GN,SWO,1006
2003,CHL,HAR,SWO,2
2003,CHL,LHP,SWO,4
2003,CHL,LL,BIL,4
2003,CHL,LL,BKJ,13
2003,CHL,LL,SWO,2806
2003,CHL,LTL,SWO,4
2003,CHL,OTR,SWO,17
2003,CHL,UNK,ALB,1
2003,CHL,UNK,BET,14
2003,CHL,UNK,BZX,24
2003,CHL,UNK,DOX,159
2003,CHL,UNK,SWO,1
2003,CHL,UNK,YFT,73
2003,CHN,LL,ALB,1743
2003,CHN,LL,BET,10066
2003,CHN,LL,BIL,1022
2003,CHN,LL,SWO,1301
2003,CHN,LL,YFT,2739
2003,COL,PS,BET,3664
2003,COL,PS,BLM,1
2003,COL,PS,BUM,1
2003,COL,PS,CGX,0
2003,COL,PS,DOX,6
2003,COL,PS,MLS,0
2003,COL,PS,MZZ,0
2003,COL,PS,SFA,1
2003,COL,PS,SKH,0
2003,COL,PS,SKJ,14771
2003,COL,PS,SRX,0
2003,COL,PS,SWO,0
2003,COL,PS,YFT,9770
2003,CRI,LL,BET,18
2003,CRI,LL,BUM,876
2003,CRI,LL,DOX,3974
2003,CRI,LL,MLS,133
2003,CRI,LL,SFA,1012
2003,CRI,LL,SKH,4530
2003,CRI,LL,SWO,286
2003,CRI,LL,YFT,1418
2003,ECU,LL,SKJ,293
2003,ECU,LL,YFT,148
2003,ECU,PS,BET,22896
2003,ECU,PS,BIL,1
2003,ECU,PS,BKJ,61
2003,ECU,PS,BLM,45
2003,ECU,PS,BUM,93
2003,ECU,PS,CGX,4
2003,ECU,PS,DOX,318
2003,ECU,PS,MLS,16
2003,ECU,PS,MZZ,150
2003,ECU,PS,SFA,5
2003,ECU,PS,SKH,24
2003,ECU,PS,SKJ,139804
2003,ECU,PS,SRX,0
2003,ECU,PS,SSP,0
2003,ECU,PS,SWO,0
2003,ECU,PS,TUN,37
2003,ECU,PS,YFT,34271
2003,ECU,UNK,SKJ,93
2003,ESP,LL,BET,58
2003,ESP,LL,BIL,102
2003,ESP,LL,MZZ,127
2003,ESP,LL,SKH,2778
2003,ESP,LL,SWO,5913
2003,ESP,LL,TUN,186
2003,ESP,PS,BET,4605
2003,ESP,PS,BIL,0
2003,ESP,PS,BKJ,0
2003,ESP,PS,BLM,29
2003,ESP,PS,BUM,26
2003,ESP,PS,CGX,0
2003,ESP,PS,DOX,60
2003,ESP,PS,MLS,1
2003,ESP,PS,MZZ,32
2003,ESP,PS,SFA,0
2003,ESP,PS,SKH,5
2003,ESP,PS,SKJ,18567
2003,ESP,PS,SRX,0
2003,ESP,PS,SSP,0
2003,ESP,PS,SWO,0
2003,ESP,PS,TUN,0
2003,ESP,PS,YFT,12281
2003,FRA (PYF),LL,ALB,3233
2003,FRA (PYF),LL,BET,346
2003,FRA (PYF),LL,BLM,1
2003,FRA (PYF),LL,BUM,246
2003,FRA (PYF),LL,DOX,83
2003,FRA (PYF),LL,MLS,80
2003,FRA (PYF),LL,MZZ,354
2003,FRA (PYF),LL,SFA,8
2003,FRA (PYF),LL,SKH,245
2003,FRA (PYF),LL,SKJ,60
2003,FRA (PYF),LL,SSP,13
2003,FRA (PYF),LL,SWO,87
2003,FRA (PYF),LL,YFT,462
2003,GTM,LL,BIL,2
2003,GTM,LL,DOX,248
2003,GTM,LL,SKH,286
2003,GTM,LL,SWO,0
2003,GTM,LL,TUN,5
2003,JPN,LL,ALB,2122
2003,JPN,LL,BET,24888
2003,JPN,LL,BLM,53
2003,JPN,LL,BUM,2134
2003,JPN,LL,MLS,975
2003,JPN,LL,PBF,2
2003,JPN,LL,SFA,18
2003,JPN,LL,SKJ,50
2003,JPN,LL,SSP,275
2003,JPN,LL,SWO,3040
2003,JPN,LL,YFT,9125
2003,KOR,LL,ALB,343
2003,KOR,LL,BET,10272
2003,KOR,LL,BIL,184
2003,KOR,LL,BUM,182
2003,KOR,LL,MLS,167
2003,KOR,LL,MZZ,4181
2003,KOR,LL,SKJ,25
2003,KOR,LL,SWO,182
2003,KOR,LL,YFT,4911
2003,MEX,GN,MLS,0
2003,MEX,GN,SKH,4
2003,MEX,GN,SWO,4
2003,MEX,LL,CGX,54
2003,MEX,LL,DOX,7
2003,MEX,LL,MLS,1
2003,MEX,LL,MZZ,0
2003,MEX,LL,PBF,43
2003,MEX,LL,SKH,2442
2003,MEX,LL,SWO,204
2003,MEX,LL,YFT,365
2003,MEX,LP,BKJ,6
2003,MEX,LP,SKJ,637
2003,MEX,LP,YFT,468
2003,MEX,PS,ALB,29
2003,MEX,PS,BET,0
2003,MEX,PS,BKJ,193
2003,MEX,PS,BLM,10
2003,MEX,PS,BUM,12
2003,MEX,PS,CGX,1
2003,MEX,PS,DOX,7
2003,MEX,PS,MLS,8
2003,MEX,PS,MZZ,3
2003,MEX,PS,PBF,3211
2003,MEX,PS,SFA,10
2003,MEX,PS,SKH,49
2003,MEX,PS,SKJ,8147
2003,MEX,PS,SRX,0
2003,MEX,PS,SSP,0
2003,MEX,PS,SWO,0
2003,MEX,PS,YFT,172807
2003,MEX,RG,MLS,411
2003,OTR,LL,ALB,40
2003,OTR,LL,BET,18
2003,OTR,LL,BIL,35
2003,OTR,LL,BXQ,15
2003,OTR,LL,DOX,978
2003,OTR,LL,MZZ,15
2003,OTR,LL,SFA,86
2003,OTR,LL,SKH,1764
2003,OTR,LL,SKJ,33
2003,OTR,LL,SWO,641
2003,OTR,LL,TUN,24
2003,OTR,LL,YFT,1472
2003,OTR,PS,ALB,2
2003,OTR,PS,BET,10390
2003,OTR,PS,BIL,3
2003,OTR,PS,BKJ,0
2003,OTR,PS,BLM,7
2003,OTR,PS,BUM,32
2003,OTR,PS,CGX,1
2003,OTR,PS,DOX,90
2003,OTR,PS,MLS,2
2003,OTR,PS,MZZ,49
2003,OTR,PS,SFA,2
2003,OTR,PS,SKH,3
2003,OTR,PS,SKJ,41895
2003,OTR,PS,SRX,0
2003,OTR,PS,SSP,0
2003,OTR,PS,SWO,0
2003,OTR,PS,TUN,8
2003,OTR,PS,YFT,27710
2003,PAN,PS,BET,6222
2003,PAN,PS,BIL,0
2003,PAN,PS,BKJ,3
2003,PAN,PS,BLM,8
2003,PAN,PS,BUM,6
2003,PAN,PS,CGX,1
2003,PAN,PS,DOX,23
2003,PAN,PS,MLS,0
2003,PAN,PS,MZZ,13
2003,PAN,PS,SFA,1
2003,PAN,PS,SKH,4
2003,PAN,PS,SKJ,25084
2003,PAN,PS,SRX,0
2003,PAN,PS,SSP,0
2003,PAN,PS,SWO,1
2003,PAN,PS,TUN,10
2003,PAN,PS,YFT,16591
2003,PER,UNK,BKJ,117
2003,PER,UNK,DOX,129
2003,PER,UNK,MLS,6
2003,PER,UNK,SFA,0
2003,PER,UNK,SKJ,2575
2003,PER,UNK,SWO,26
2003,PER,UNK,TUN,750
2003,PER,UNK,YFT,806
2003,TWN,LL,ALB,12663
2003,TWN,LL,BET,12016
2003,TWN,LL,BLM,18
2003,TWN,LL,BUM,555
2003,TWN,LL,MLS,530
2003,TWN,LL,SKJ,172
2003,TWN,LL,SWO,1873
2003,TWN,LL,YFT,3477
2003,UNK,LTL,ALB,251
2003,USA,GN,ALB,16
2003,USA,GN,BET,6
2003,USA,GN,BZX,1
2003,USA,GN,PBF,14
2003,USA,GN,SKH,368
2003,USA,GN,SKJ,9
2003,USA,GN,SWO,216
2003,USA,HAR,SWO,107
2003,USA,LL,ALB,24
2003,USA,LL,BET,232
2003,USA,LL,BUM,6
2003,USA,LL,DOX,11
2003,USA,LL,MLS,10
2003,USA,LL,MZZ,4
2003,USA,LL,SKH,4
2003,USA,LL,SKJ,1
2003,USA,LL,SSP,2
2003,USA,LL,SWO,685
2003,USA,LL,YFT,5
2003,USA,LP,ALB,59
2003,USA,LP,BZX,1
2003,USA,LP,PBF,3
2003,USA,LP,SKJ,1
2003,USA,LP,SWO,1
2003,USA,LP,YFT,2
2003,USA,LTL,ALB,11622
2003,USA,PS,ALB,3
2003,USA,PS,BET,1350
2003,USA,PS,BIL,0
2003,USA,PS,BKJ,163
2003,USA,PS,BLM,0
2003,USA,PS,BUM,1
2003,USA,PS,CGX,0
2003,USA,PS,DOX,9
2003,USA,PS,MLS,0
2003,USA,PS,MZZ,7
2003,USA,PS,PBF,22
2003,USA,PS,SFA,0
2003,USA,PS,SKH,0
2003,USA,PS,SKJ,5445
2003,USA,PS,SRX,0
2003,USA,PS,TUN,25
2003,USA,PS,YFT,3601
2003,USA,RG,ALB,2212
2003,USA,RG,BET,1
2003,USA,RG,PBF,355
2003,USA,RG,SKJ,100
2003,USA,RG,YFT,266
2003,USA,UNK,SWO,0
2003,VEN,PS,BET,424
2003,VEN,PS,BIL,2
2003,VEN,PS,BLM,12
2003,VEN,PS,BUM,3
2003,VEN,PS,CGX,2
2003,VEN,PS,DOX,25
2003,VEN,PS,MLS,3
2003,VEN,PS,MZZ,4
2003,VEN,PS,SFA,10
2003,VEN,PS,SKH,25
2003,VEN,PS,SKJ,6143
2003,VEN,PS,SRX,3
2003,VEN,PS,SWO,1
2003,VEN,PS,YFT,96914
2003,VUT,LL,ALB,4133
2003,VUT,LL,BET,1258
2003,VUT,LL,BUM,17
2003,VUT,LL,MLS,10
2003,VUT,LL,SKH,1
2003,VUT,LL,SWO,16
2003,VUT,LL,YFT,699
2003,VUT,PS,BET,3500
2003,VUT,PS,BIL,0
2003,VUT,PS,BKJ,13
2003,VUT,PS,BLM,9
2003,VUT,PS,BUM,10
2003,VUT,PS,CGX,0
2003,VUT,PS,DOX,45
2003,VUT,PS,MLS,2
2003,VUT,PS,MZZ,17
2003,VUT,PS,SFA,7
2003,VUT,PS,SKH,3
2003,VUT,PS,SKJ,14112
2003,VUT,PS,SRX,0
2003,VUT,PS,SWO,0
2003,VUT,PS,TUN,0
2003,VUT,PS,YFT,9334
2004,BLZ,LL,ALB,296
2004,BLZ,LL,BET,120
2004,BLZ,LL,BIL,572
2004,BLZ,LL,DOX,38
2004,BLZ,LL,SFA,48
2004,BLZ,LL,SKH,3158
2004,BLZ,LL,SKJ,26
2004,BLZ,LL,SWO,158
2004,BLZ,LL,YFT,190
2004,CAN,LTL,ALB,7676
2004,CHL,GN,SWO,1697
2004,CHL,HAR,SWO,9
2004,CHL,LHP,SWO,2
2004,CHL,LL,ALB,8
2004,CHL,LL,BET,9
2004,CHL,LL,BKJ,27
2004,CHL,LL,BZX,8
2004,CHL,LL,DOX,594
2004,CHL,LL,SWO,1564
2004,CHL,LL,YFT,86
2004,CHL,LTL,SWO,2
2004,CHN,LL,ALB,590
2004,CHN,LL,BET,2645
2004,CHN,LL,BIL,326
2004,CHN,LL,SWO,527
2004,CHN,LL,YFT,798
2004,CRI,LL,BET,21
2004,CRI,LL,BUM,416
2004,CRI,LL,DOX,2320
2004,CRI,LL,MLS,234
2004,CRI,LL,SFA,1244
2004,CRI,LL,SKH,2026
2004,CRI,LL,SWO,179
2004,CRI,LL,YFT,1701
2004,ECU,LL,BET,312
2004,ECU,PS,BET,30817
2004,ECU,PS,BIL,1
2004,ECU,PS,BKJ,97
2004,ECU,PS,BLM,20
2004,ECU,PS,BUM,65
2004,ECU,PS,BZX,7
2004,ECU,PS,CGX,6
2004,ECU,PS,DOX,430
2004,ECU,PS,MLS,7
2004,ECU,PS,MZZ,194
2004,ECU,PS,SFA,2
2004,ECU,PS,SKH,25
2004,ECU,PS,SKJ,89621
2004,ECU,PS,SRX,0
2004,ECU,PS,SSP,0
2004,ECU,PS,SWO,1
2004,ECU,PS,TUN,8
2004,ECU,PS,YFT,40886
2004,ECU,UNK,BET,185
2004,EU (ESP),LL,BET,5
2004,EU (ESP),LL,BIL,217
2004,EU (ESP),LL,MZZ,181
2004,EU (ESP),LL,SKH,3226
2004,EU (ESP),LL,SWO,5607
2004,EU (ESP),LL,TUN,318
2004,EU (ESP),PS,BET,3366
2004,EU (ESP),PS,BIL,1
2004,EU (ESP),PS,BLM,5
2004,EU (ESP),PS,BUM,17
2004,EU (ESP),PS,CGX,0
2004,EU (ESP),PS,DOX,26
2004,EU (ESP),PS,MLS,1
2004,EU (ESP),PS,MZZ,26
2004,EU (ESP),PS,SKH,0
2004,EU (ESP),PS,SKJ,8138
2004,EU (ESP),PS,SRX,0
2004,EU (ESP),PS,SSP,0
2004,EU (ESP),PS,TUN,0
2004,EU (ESP),PS,YFT,13622
2004,FRA (PYF),LL,ALB,1802
2004,FRA (PYF),LL,BET,405
2004,FRA (PYF),LL,BLM,0
2004,FRA (PYF),LL,BUM,188
2004,FRA (PYF),LL,DOX,78
2004,FRA (PYF),LL,MLS,82
2004,FRA (PYF),LL,MZZ,350
2004,FRA (PYF),LL,SFA,4
2004,FRA (PYF),LL,SKH,272
2004,FRA (PYF),LL,SKJ,56
2004,FRA (PYF),LL,SSP,9
2004,FRA (PYF),LL,SWO,63
2004,FRA (PYF),LL,YFT,767
2004,GTM,LL,BIL,0
2004,GTM,LL,DOX,16
2004,GTM,LL,SKH,248
2004,GTM,LL,SWO,0
2004,GTM,LL,TUN,0
2004,HND,PS,BET,802
2004,HND,PS,BIL,0
2004,HND,PS,BLM,2
2004,HND,PS,BUM,2
2004,HND,PS,CGX,0
2004,HND,PS,DOX,18
2004,HND,PS,MZZ,14
2004,HND,PS,SKH,1
2004,HND,PS,SKJ,1938
2004,HND,PS,SRX,0
2004,HND,PS,TUN,1
2004,HND,PS,YFT,3244
2004,JPN,LL,ALB,2264
2004,JPN,LL,BET,21236
2004,JPN,LL,BLM,34
2004,JPN,LL,BUM,1654
2004,JPN,LL,MLS,650
2004,JPN,LL,PBF,2
2004,JPN,LL,SFA,8
2004,JPN,LL,SKJ,97
2004,JPN,LL,SSP,192
2004,JPN,LL,SWO,2291
2004,JPN,LL,YFT,7338
2004,KOR,LL,ALB,783
2004,KOR,LL,BET,10729
2004,KOR,LL,BIL,219
2004,KOR,LL,BUM,1060
2004,KOR,LL,MLS,319
2004,KOR,LL,MZZ,78
2004,KOR,LL,SKJ,31
2004,KOR,LL,SWO,1060
2004,KOR,LL,YFT,2997
2004,MEX,GN,SKH,2
2004,MEX,GN,SWO,2
2004,MEX,LL,BUM,0
2004,MEX,LL,BXQ,0
2004,MEX,LL,DOX,8
2004,MEX,LL,MLS,7
2004,MEX,LL,MZZ,2
2004,MEX,LL,PBF,14
2004,MEX,LL,SKH,341
2004,MEX,LL,SWO,263
2004,MEX,LL,YFT,32
2004,MEX,LP,SKJ,528
2004,MEX,LP,YFT,1882
2004,MEX,PS,ALB,104
2004,MEX,PS,BET,0
2004,MEX,PS,BIL,0
2004,MEX,PS,BKJ,418
2004,MEX,PS,BLM,7
2004,MEX,PS,BUM,8
2004,MEX,PS,BZX,8
2004,MEX,PS,CGX,25
2004,MEX,PS,DOX,40
2004,MEX,PS,MLS,9
2004,MEX,PS,MZZ,8
2004,MEX,PS,PBF,8880
2004,MEX,PS,SFA,9
2004,MEX,PS,SKH,95
2004,MEX,PS,SKJ,24429
2004,MEX,PS,SRX,1
2004,MEX,PS,SSP,0
2004,MEX,PS,SWO,1
2004,MEX,PS,TUN,54
2004,MEX,PS,YFT,91442
2004,MEX,RG,MLS,390
2004,NIC,LL,BIL,13
2004,NIC,LL,DOX,283
2004,NIC,LL,SFA,73
2004,NIC,LL,SKH,158
2004,NIC,LL,SWO,7
2004,NIC,LL,YFT,43
2004,OTR,LL,ALB,8
2004,OTR,LL,BET,13
2004,OTR,LL,BIL,15
2004,OTR,LL,BLM,2
2004,OTR,LL,CGX,1
2004,OTR,LL,DOX,1
2004,OTR,LL,SKH,348
2004,OTR,LL,SKJ,13
2004,OTR,LL,SWO,526
2004,OTR,LL,TUN,31
2004,OTR,LL,YFT,24
2004,OTR,PS,ALB,1
2004,OTR,PS,BET,10709
2004,OTR,PS,BIL,0
2004,OTR,PS,BKJ,297
2004,OTR,PS,BLM,8
2004,OTR,PS,BUM,14
2004,OTR,PS,CGX,1
2004,OTR,PS,DOX,118
2004,OTR,PS,MLS,0
2004,OTR,PS,MZZ,32
2004,OTR,PS,SFA,0
2004,OTR,PS,SKH,1
2004,OTR,PS,SKJ,25887
2004,OTR,PS,SRX,0
2004,OTR,PS,SSP,0
2004,OTR,PS,SWO,0
2004,OTR,PS,TUN,190
2004,OTR,PS,YFT,43333
2004,PAN,LL,ALB,143
2004,PAN,LL,BET,48
2004,PAN,LL,BXQ,22
2004,PAN,LL,DOX,622
2004,PAN,LL,MZZ,11
2004,PAN,LL,SFA,23
2004,PAN,LL,SKH,1485
2004,PAN,LL,SKJ,148
2004,PAN,LL,SWO,29
2004,PAN,LL,YFT,2802
2004,PAN,PS,BET,8294
2004,PAN,PS,BIL,0
2004,PAN,PS,BKJ,25
2004,PAN,PS,BLM,11
2004,PAN,PS,BUM,20
2004,PAN,PS,CGX,1
2004,PAN,PS,DOX,101
2004,PAN,PS,MLS,1
2004,PAN,PS,MZZ,40
2004,PAN,PS,SFA,5
2004,PAN,PS,SKH,3
2004,PAN,PS,SKJ,20051
2004,PAN,PS,SRX,0
2004,PAN,PS,SSP,0
2004,PAN,PS,SWO,0
2004,PAN,PS,TUN,2
2004,PAN,PS,YFT,33563
2004,PER,UNK,BKJ,862
2004,PER,UNK,DOX,4645
2004,PER,UNK,SFA,17
2004,PER,UNK,SKJ,1098
2004,PER,UNK,SWO,19
2004,PER,UNK,TUN,258
2004,PER,UNK,YFT,291
2004,TWN,LL,ALB,9988
2004,TWN,LL,BET,7384
2004,TWN,LL,BLM,4
2004,TWN,LL,BUM,414
2004,TWN,LL,MLS,213
2004,TWN,LL,SKJ,339
2004,TWN,LL,SWO,1083
2004,TWN,LL,YFT,1824
2004,UNK,LP,ALB,126
2004,UNK,LP,BZX,1
2004,UNK,LP,SKH,9
2004,UNK,LP,SWO,37
2004,UNK,LP,YFT,2
2004,UNK,LTL,ALB,99
2004,USA,GN,ALB,12
2004,USA,GN,BZX,3
2004,USA,GN,PBF,10
2004,USA,GN,SKH,160
2004,USA,GN,SWO,182
2004,USA,GN,YFT,1
2004,USA,HAR,SKH,1
2004,USA,HAR,SWO,69
2004,USA,LL,ALB,8
2004,USA,LL,BET,149
2004,USA,LL,BUM,3
2004,USA,LL,DOX,26
2004,USA,LL,MLS,8
2004,USA,LL,MZZ,28
2004,USA,LL,SKH,3
2004,USA,LL,SKJ,3
2004,USA,LL,SSP,6
2004,USA,LL,SWO,246
2004,USA,LL,YFT,6
2004,USA,LTL,ALB,12718
2004,USA,LTL,YFT,1
2004,USA,RG,ALB,1506
2004,USA,RG,BET,9
2004,USA,RG,PBF,49
2004,USA,RG,SKJ,7
2004,USA,RG,YFT,334
2004,USA,UNK,SKH,1
2004,VEN,PS,BET,9661
2004,VEN,PS,BIL,1
2004,VEN,PS,BKJ,47
2004,VEN,PS,BLM,9
2004,VEN,PS,BUM,5
2004,VEN,PS,CGX,6
2004,VEN,PS,DOX,46
2004,VEN,PS,MLS,4
2004,VEN,PS,MZZ,10
2004,VEN,PS,SFA,3
2004,VEN,PS,SKH,28
2004,VEN,PS,SKJ,23356
2004,VEN,PS,SRX,1
2004,VEN,PS,SSP,0
2004,VEN,PS,SWO,0
2004,VEN,PS,TUN,1
2004,VEN,PS,YFT,39094
2004,VUT,LL,ALB,2554
2004,VUT,LL,BET,407
2004,VUT,LL,BLM,1
2004,VUT,LL,BUM,47
2004,VUT,LL,MLS,35
2004,VUT,LL,MZZ,21
2004,VUT,LL,SKH,7
2004,VUT,LL,SWO,65
2004,VUT,LL,YFT,171
2004,VUT,PS,BET,1822
2004,VUT,PS,BIL,0
2004,VUT,PS,BLM,1
2004,VUT,PS,BUM,10
2004,VUT,PS,CGX,0
2004,VUT,PS,DOX,31
2004,VUT,PS,MLS,0
2004,VUT,PS,MZZ,11
2004,VUT,PS,SKH,0
2004,VUT,PS,SKJ,4404
2004,VUT,PS,SRX,0
2004,VUT,PS,SWO,0
2004,VUT,PS,TUN,0
2004,VUT,PS,YFT,7371
2005,BLZ,LL,ALB,46
2005,BLZ,LL,BET,112
2005,BLZ,LL,BIL,384
2005,BLZ,LL,SFA,16
2005,BLZ,LL,SKH,2825
2005,BLZ,LL,SKJ,16
2005,BLZ,LL,SWO,173
2005,BLZ,LL,YFT,164
2005,CAN,LTL,ALB,4818
2005,CHL,GN,SWO,1987
2005,CHL,HAR,SWO,19
2005,CHL,LHP,SWO,27
2005,CHL,LL,SWO,1946
2005,CHL,LTL,SWO,2
2005,CHL,OTR,SWO,0
2005,CHL,UNK,ALB,7
2005,CHL,UNK,BET,24
2005,CHL,UNK,BKJ,22
2005,CHL,UNK,BZX,11
2005,CHL,UNK,DOX,383
2005,CHL,UNK,YFT,110
2005,CHN,LL,ALB,895
2005,CHN,LL,BET,2104
2005,CHN,LL,BIL,221
2005,CHN,LL,SWO,368
2005,CHN,LL,YFT,682
2005,CRI,LL,BET,23
2005,CRI,LL,BUM,820
2005,CRI,LL,DOX,3161
2005,CRI,LL,MLS,328
2005,CRI,LL,SFA,767
2005,CRI,LL,SKH,2192
2005,CRI,LL,SWO,191
2005,CRI,LL,YFT,1791
2005,ECU,LL,BET,39
2005,ECU,PS,BET,30507
2005,ECU,PS,BIL,2
2005,ECU,PS,BKJ,141
2005,ECU,PS,BLM,44
2005,ECU,PS,BUM,102
2005,ECU,PS,BZX,40
2005,ECU,PS,CGX,8
2005,ECU,PS,DOX,532
2005,ECU,PS,MLS,11
2005,ECU,PS,MZZ,299
2005,ECU,PS,SFA,0
2005,ECU,PS,SKH,26
2005,ECU,PS,SKJ,140927
2005,ECU,PS,SRX,1
2005,ECU,PS,SSP,0
2005,ECU,PS,SWO,1
2005,ECU,PS,TUN,28
2005,ECU,PS,YFT,40596
2005,EU (ESP),LL,BIL,245
2005,EU (ESP),LL,MZZ,180
2005,EU (ESP),LL,SKH,4283
2005,EU (ESP),LL,SWO,4962
2005,EU (ESP),LL,TUN,362
2005,EU (ESP),PS,BET,3831
2005,EU (ESP),PS,BLM,6
2005,EU (ESP),PS,BUM,39
2005,EU (ESP),PS,CGX,0
2005,EU (ESP),PS,DOX,70
2005,EU (ESP),PS,MLS,1
2005,EU (ESP),PS,MZZ,39
2005,EU (ESP),PS,SFA,0
2005,EU (ESP),PS,SKH,1
2005,EU (ESP),PS,SKJ,9224
2005,EU (ESP),PS,SRX,0
2005,EU (ESP),PS,SSP,0
2005,EU (ESP),PS,YFT,11947
2005,FRA (PYF),LL,ALB,1572
2005,FRA (PYF),LL,BET,398
2005,FRA (PYF),LL,BLM,0
2005,FRA (PYF),LL,BUM,156
2005,FRA (PYF),LL,DOX,49
2005,FRA (PYF),LL,MLS,53
2005,FRA (PYF),LL,MZZ,214
2005,FRA (PYF),LL,SFA,2
2005,FRA (PYF),LL,SKH,156
2005,FRA (PYF),LL,SKJ,14
2005,FRA (PYF),LL,SSP,6
2005,FRA (PYF),LL,SWO,51
2005,FRA (PYF),LL,YFT,530
2005,GTM,LL,BIL,4
2005,GTM,LL,DOX,7
2005,GTM,LL,SKH,194
2005,GTM,LL,SWO,0
2005,HND,PS,BET,1579
2005,HND,PS,BIL,0
2005,HND,PS,BKJ,0
2005,HND,PS,BLM,0
2005,HND,PS,BUM,4
2005,HND,PS,CGX,0
2005,HND,PS,DOX,10
2005,HND,PS,MZZ,7
2005,HND,PS,SFA,0
2005,HND,PS,SKH,0
2005,HND,PS,SKJ,3802
2005,HND,PS,SRX,0
2005,HND,PS,SSP,0
2005,HND,PS,TUN,0
2005,HND,PS,YFT,4924
2005,JPN,LL,ALB,2593
2005,JPN,LL,BET,19113
2005,JPN,LL,BLM,32
2005,JPN,LL,BUM,1300
2005,JPN,LL,MLS,708
2005,JPN,LL,PBF,0
2005,JPN,LL,SFA,6
2005,JPN,LL,SKJ,40
2005,JPN,LL,SSP,217
2005,JPN,LL,SWO,1756
2005,JPN,LL,YFT,3966
2005,KOR,LL,ALB,172
2005,KOR,LL,BET,11580
2005,KOR,LL,BIL,3
2005,KOR,LL,BUM,399
2005,KOR,LL,MLS,72
2005,KOR,LL,MZZ,46
2005,KOR,LL,SWO,287
2005,KOR,LL,YFT,532
2005,MEX,LP,SKJ,1299
2005,MEX,LP,YFT,1822
2005,MEX,PS,BET,0
2005,MEX,PS,BIL,1
2005,MEX,PS,BKJ,1193
2005,MEX,PS,BLM,7
2005,MEX,PS,BUM,15
2005,MEX,PS,BZX,273
2005,MEX,PS,CGX,69
2005,MEX,PS,DOX,16
2005,MEX,PS,MLS,12
2005,MEX,PS,MZZ,6
2005,MEX,PS,PBF,4542
2005,MEX,PS,SFA,13
2005,MEX,PS,SKH,102
2005,MEX,PS,SKJ,32271
2005,MEX,PS,SRX,1
2005,MEX,PS,SSP,0
2005,MEX,PS,SWO,1
2005,MEX,PS,TUN,92
2005,MEX,PS,YFT,110898
2005,MEX,RG,MLS,553
2005,NIC,LL,BIL,1
2005,NIC,LL,DOX,204
2005,NIC,LL,SFA,11
2005,NIC,LL,SKH,236
2005,NIC,LL,SWO,2
2005,NIC,LL,YFT,18
2005,NIC,PS,BET,1551
2005,NIC,PS,BIL,0
2005,NIC,PS,BKJ,0
2005,NIC,PS,BLM,6
2005,NIC,PS,BUM,3
2005,NIC,PS,CGX,0
2005,NIC,PS,DOX,6
2005,NIC,PS,MLS,1
2005,NIC,PS,MZZ,2
2005,NIC,PS,SFA,2
2005,NIC,PS,SKH,1
2005,NIC,PS,SKJ,3735
2005,NIC,PS,SRX,0
2005,NIC,PS,SSP,0
2005,NIC,PS,SWO,0
2005,NIC,PS,TUN,0
2005,NIC,PS,YFT,4838
2005,OTR,LL,BIL,1
2005,OTR,LL,BXQ,4
2005,OTR,LL,DOX,2
2005,OTR,LL,MLS,0
2005,OTR,LL,MZZ,0
2005,OTR,LL,SFA,3
2005,OTR,LL,SKH,217
2005,OTR,LL,SWO,153
2005,OTR,LL,TUN,1
2005,OTR,LL,YFT,1
2005,OTR,PS,ALB,2
2005,OTR,PS,BET,8449
2005,OTR,PS,BIL,0
2005,OTR,PS,BKJ,16
2005,OTR,PS,BLM,8
2005,OTR,PS,BUM,11
2005,OTR,PS,CGX,0
2005,OTR,PS,DOX,86
2005,OTR,PS,MLS,1
2005,OTR,PS,MZZ,36
2005,OTR,PS,PBF,201
2005,OTR,PS,SFA,0
2005,OTR,PS,SKH,2
2005,OTR,PS,SKJ,20347
2005,OTR,PS,SRX,0
2005,OTR,PS,SSP,0
2005,OTR,PS,SWO,0
2005,OTR,PS,TUN,0
2005,OTR,PS,YFT,26352
2005,PAN,LL,ALB,91
2005,PAN,LL,BET,30
2005,PAN,LL,DOX,410
2005,PAN,LL,SKH,803
2005,PAN,LL,SKJ,94
2005,PAN,LL,YFT,1782
2005,PAN,PS,BET,10707
2005,PAN,PS,BIL,1
2005,PAN,PS,BKJ,8
2005,PAN,PS,BLM,13
2005,PAN,PS,BUM,28
2005,PAN,PS,BZX,0
2005,PAN,PS,CGX,1
2005,PAN,PS,DOX,99
2005,PAN,PS,MLS,5
2005,PAN,PS,MZZ,44
2005,PAN,PS,SFA,5
2005,PAN,PS,SKH,11
2005,PAN,PS,SKJ,25782
2005,PAN,PS,SRX,1
2005,PAN,PS,SSP,0
2005,PAN,PS,SWO,0
2005,PAN,PS,TUN,8
2005,PAN,PS,YFT,33393
2005,PER,OTR,SKJ,1398
2005,PER,OTR,YFT,708
2005,PER,UNK,DOX,8284
2005,PER,UNK,SFA,15
2005,PER,UNK,SKJ,365
2005,PER,UNK,SWO,28
2005,PER,UNK,TUN,427
2005,PER,UNK,YFT,458
2005,SLV,PS,BET,2074
2005,SLV,PS,BIL,0
2005,SLV,PS,BKJ,73
2005,SLV,PS,BLM,1
2005,SLV,PS,BUM,1
2005,SLV,PS,CGX,0
2005,SLV,PS,DOX,13
2005,SLV,PS,MLS,0
2005,SLV,PS,MZZ,1
2005,SLV,PS,SFA,0
2005,SLV,PS,SKH,0
2005,SLV,PS,SKJ,4995
2005,SLV,PS,SRX,0
2005,SLV,PS,TUN,60
2005,SLV,PS,YFT,6470
2005,TWN,LL,ALB,3300
2005,TWN,LL,BET,6441
2005,TWN,LL,BIL,37
2005,TWN,LL,BLM,5
2005,TWN,LL,BUM,636
2005,TWN,LL,MLS,339
2005,TWN,LL,SKH,1189
2005,TWN,LL,SKJ,66
2005,TWN,LL,SWO,810
2005,TWN,LL,YFT,2422
2005,UNK,LTL,ALB,71
2005,USA,GN,ALB,20
2005,USA,GN,PBF,5
2005,USA,GN,SKH,216
2005,USA,GN,SWO,220
2005,USA,GN,YFT,2
2005,USA,HAR,SKH,1
2005,USA,HAR,SWO,76
2005,USA,LL,ALB,13
2005,USA,LL,BET,536
2005,USA,LL,BUM,17
2005,USA,LL,DOX,21
2005,USA,LL,MLS,21
2005,USA,LL,MZZ,118
2005,USA,LL,SKH,12
2005,USA,LL,SKJ,1
2005,USA,LL,SSP,6
2005,USA,LL,SWO,157
2005,USA,LL,YFT,7
2005,USA,LP,ALB,66
2005,USA,LP,SKH,4
2005,USA,LTL,ALB,9033
2005,USA,RG,ALB,1719
2005,USA,RG,BET,1
2005,USA,RG,PBF,72
2005,USA,RG,SKJ,17
2005,USA,RG,YFT,574
2005,USA,UNK,PBF,3
2005,USA,UNK,SKH,3
2005,USA,UNK,SWO,1
2005,VEN,PS,BET,9197
2005,VEN,PS,BIL,1
2005,VEN,PS,BKJ,41
2005,VEN,PS,BLM,11
2005,VEN,PS,BUM,6
2005,VEN,PS,CGX,2
2005,VEN,PS,DOX,31
2005,VEN,PS,MLS,7
2005,VEN,PS,MZZ,5
2005,VEN,PS,SFA,11
2005,VEN,PS,SKH,49
2005,VEN,PS,SKJ,22146
2005,VEN,PS,SRX,1
2005,VEN,PS,SWO,0
2005,VEN,PS,TUN,2
2005,VEN,PS,YFT,28684
2005,VUT,LL,ALB,668
2005,VUT,LL,BET,318
2005,VUT,LL,BLM,1
2005,VUT,LL,BUM,21
2005,VUT,LL,MLS,10
2005,VUT,LL,MZZ,77
2005,VUT,LL,SKH,10
2005,VUT,LL,SWO,25
2005,VUT,LL,YFT,51
2006,BLZ,LL,ALB,8
2006,BLZ,LL,BET,75
2006,BLZ,LL,BIL,375
2006,BLZ,LL,DOX,12
2006,BLZ,LL,SFA,26
2006,BLZ,LL,SKH,2582
2006,BLZ,LL,SKJ,13
2006,BLZ,LL,SWO,173
2006,BLZ,LL,YFT,105
2006,CAN,LTL,ALB,5833
2006,CHL,GN,SWO,1766
2006,CHL,HAR,SWO,10
2006,CHL,LHP,SWO,0
2006,CHL,LL,SWO,1259
2006,CHL,LTL,SWO,3
2006,CHL,UNK,ALB,5
2006,CHL,UNK,BET,36
2006,CHL,UNK,BZX,3
2006,CHL,UNK,DOX,517
2006,CHL,UNK,YFT,79
2006,CHN,LL,ALB,14
2006,CHN,LL,BET,709
2006,CHN,LL,BUM,12
2006,CHN,LL,MLS,3
2006,CHN,LL,MZZ,2
2006,CHN,LL,SFA,0
2006,CHN,LL,SKH,9
2006,CHN,LL,SSP,1
2006,CHN,LL,SWO,12
2006,CHN,LL,YFT,246
2006,CRI,LL,BET,18
2006,CRI,LL,BUM,536
2006,CRI,LL,DOX,2915
2006,CRI,LL,MLS,216
2006,CRI,LL,SFA,972
2006,CRI,LL,SKH,1698
2006,CRI,LL,SWO,444
2006,CRI,LL,YFT,1402
2006,ECU,LL,BET,120
2006,ECU,PS,BET,39302
2006,ECU,PS,BIL,7
2006,ECU,PS,BKJ,80
2006,ECU,PS,BLM,59
2006,ECU,PS,BUM,68
2006,ECU,PS,CGX,6
2006,ECU,PS,DOX,505
2006,ECU,PS,MLS,27
2006,ECU,PS,MZZ,323
2006,ECU,PS,SFA,1
2006,ECU,PS,SKH,19
2006,ECU,PS,SKJ,138490
2006,ECU,PS,SRX,0
2006,ECU,PS,SSP,0
2006,ECU,PS,SWO,1
2006,ECU,PS,TUN,17
2006,ECU,PS,YFT,26049
2006,EU (ESP),LL,SWO,5149
2006,EU (ESP),PS,BET,5264
2006,EU (ESP),PS,BIL,11
2006,EU (ESP),PS,BLM,7
2006,EU (ESP),PS,BUM,10
2006,EU (ESP),PS,CGX,1
2006,EU (ESP),PS,DOX,34
2006,EU (ESP),PS,MLS,2
2006,EU (ESP),PS,MZZ,28
2006,EU (ESP),PS,SFA,0
2006,EU (ESP),PS,SKH,0
2006,EU (ESP),PS,SKJ,16668
2006,EU (ESP),PS,SRX,0
2006,EU (ESP),PS,SSP,0
2006,EU (ESP),PS,YFT,8409
2006,FRA (PYF),LL,ALB,2273
2006,FRA (PYF),LL,BET,388
2006,FRA (PYF),LL,BUM,207
2006,FRA (PYF),LL,DOX,88
2006,FRA (PYF),LL,MLS,95
2006,FRA (PYF),LL,MZZ,253
2006,FRA (PYF),LL,SFA,1
2006,FRA (PYF),LL,SKH,116
2006,FRA (PYF),LL,SKJ,22
2006,FRA (PYF),LL,SSP,7
2006,FRA (PYF),LL,SWO,64
2006,FRA (PYF),LL,YFT,537
2006,FRA (PYF),UNK,ALB,114
2006,FRA (PYF),UNK,BUM,105
2006,FRA (PYF),UNK,DOX,381
2006,FRA (PYF),UNK,MZZ,100
2006,FRA (PYF),UNK,SKJ,899
2006,FRA (PYF),UNK,YFT,434
2006,GTM,LL,BIL,4
2006,GTM,LL,DOX,11
2006,GTM,LL,SKH,109
2006,GTM,LL,SWO,1
2006,GTM,UNK,DOX,14
2006,GTM,UNK,SKH,38
2006,GTM,UNK,TUN,0
2006,HND,PS,BET,1843
2006,HND,PS,BIL,0
2006,HND,PS,BLM,0
2006,HND,PS,BUM,11
2006,HND,PS,CGX,0
2006,HND,PS,DOX,19
2006,HND,PS,MLS,1
2006,HND,PS,MZZ,16
2006,HND,PS,SKH,1
2006,HND,PS,SKJ,5836
2006,HND,PS,SRX,0
2006,HND,PS,SSP,0
2006,HND,PS,YFT,2944
2006,JPN,LL,ALB,2212
2006,JPN,LL,BET,16235
2006,JPN,LL,BLM,27
2006,JPN,LL,BUM,870
2006,JPN,LL,MLS,733
2006,JPN,LL,PBF,0
2006,JPN,LL,SFA,5
2006,JPN,LL,SKJ,17
2006,JPN,LL,SSP,222
2006,JPN,LL,SWO,1622
2006,JPN,LL,YFT,2968
2006,KOR,LL,ALB,232
2006,KOR,LL,BET,6732
2006,KOR,LL,BLM,35
2006,KOR,LL,BUM,540
2006,KOR,LL,MLS,109
2006,KOR,LL,SFA,0
2006,KOR,LL,SKH,30
2006,KOR,LL,SKJ,0
2006,KOR,LL,SWO,738
2006,KOR,LL,TUN,9
2006,KOR,LL,YFT,928
2006,MEX,GN,BXQ,1
2006,MEX,GN,SWO,76
2006,MEX,LL,BXQ,21
2006,MEX,LL,DOX,13
2006,MEX,LL,MZZ,0
2006,MEX,LL,SKH,14711
2006,MEX,LL,SWO,383
2006,MEX,LL,TUN,3
2006,MEX,LL,YFT,0
2006,MEX,LP,BZX,12
2006,MEX,LP,SKJ,435
2006,MEX,LP,YFT,686
2006,MEX,PS,ALB,109
2006,MEX,PS,BET,6
2006,MEX,PS,BKJ,1897
2006,MEX,PS,BLM,12
2006,MEX,PS,BUM,16
2006,MEX,PS,BZX,3259
2006,MEX,PS,CGX,233
2006,MEX,PS,DOX,58
2006,MEX,PS,MLS,11
2006,MEX,PS,MZZ,9
2006,MEX,PS,PBF,9927
2006,MEX,PS,SFA,11
2006,MEX,PS,SKH,124
2006,MEX,PS,SKJ,16790
2006,MEX,PS,SRX,0
2006,MEX,PS,SSP,0
2006,MEX,PS,SWO,2
2006,MEX,PS,TUN,31
2006,MEX,PS,YFT,69449
2006,MEX,RG,MLS,490
2006,NIC,LL,DOX,140
2006,NIC,LL,MZZ,0
2006,NIC,LL,SFA,0
2006,NIC,LL,SKH,8
2006,NIC,LL,TUN,18
2006,NIC,LL,YFT,3
2006,NIC,PS,BET,2652
2006,NIC,PS,BIL,0
2006,NIC,PS,BKJ,0
2006,NIC,PS,BLM,6
2006,NIC,PS,BUM,5
2006,NIC,PS,CGX,0
2006,NIC,PS,DOX,20
2006,NIC,PS,MLS,1
2006,NIC,PS,MZZ,9
2006,NIC,PS,SFA,2
2006,NIC,PS,SKH,9
2006,NIC,PS,SKJ,8396
2006,NIC,PS,SRX,0
2006,NIC,PS,SWO,0
2006,NIC,PS,TUN,1
2006,NIC,PS,YFT,4236
2006,OTR,LL,BIL,6
2006,OTR,LL,DOX,10
2006,OTR,LL,SFA,3
2006,OTR,LL,SKH,23
2006,OTR,PS,BET,12354
2006,OTR,PS,BIL,0
2006,OTR,PS,BKJ,5
2006,OTR,PS,BLM,10
2006,OTR,PS,BUM,17
2006,OTR,PS,CGX,0
2006,OTR,PS,DOX,125
2006,OTR,PS,MLS,1
2006,OTR,PS,MZZ,27
2006,OTR,PS,SFA,0
2006,OTR,PS,SKH,6
2006,OTR,PS,SKJ,39116
2006,OTR,PS,SRX,0
2006,OTR,PS,SSP,0
2006,OTR,PS,SWO,0
2006,OTR,PS,TUN,0
2006,OTR,PS,YFT,19735
2006,PAN,LL,ALB,110
2006,PAN,LL,BET,37
2006,PAN,LL,DOX,209
2006,PAN,LL,SKH,194
2006,PAN,LL,SKJ,114
2006,PAN,LL,YFT,2164
2006,PAN,PS,BET,14099
2006,PAN,PS,BIL,3
2006,PAN,PS,BKJ,8
2006,PAN,PS,BLM,20
2006,PAN,PS,BUM,24
2006,PAN,PS,CGX,2
2006,PAN,PS,DOX,125
2006,PAN,PS,MLS,6
2006,PAN,PS,MZZ,28
2006,PAN,PS,SFA,10
2006,PAN,PS,SKH,10
2006,PAN,PS,SKJ,44639
2006,PAN,PS,SRX,0
2006,PAN,PS,SSP,1
2006,PAN,PS,SWO,4
2006,PAN,PS,TUN,0
2006,PAN,PS,YFT,22521
2006,PER,UNK,DOX,12212
2006,PER,UNK,SFA,35
2006,PER,UNK,SKJ,73
2006,PER,UNK,SWO,63
2006,PER,UNK,TUN,192
2006,PER,UNK,YFT,595
2006,TWN,LL,ALB,4235
2006,TWN,LL,BET,6412
2006,TWN,LL,BIL,85
2006,TWN,LL,BLM,5
2006,TWN,LL,BUM,732
2006,TWN,LL,MLS,521
2006,TWN,LL,SKH,984
2006,TWN,LL,SKJ,57
2006,TWN,LL,SWO,1138
2006,TWN,LL,YFT,1671
2006,UNK,LTL,ALB,205
2006,USA,GN,ALB,3
2006,USA,GN,BET,4
2006,USA,GN,PBF,0
2006,USA,GN,SKH,134
2006,USA,GN,SKJ,2
2006,USA,GN,SWO,443
2006,USA,GN,TUN,1
2006,USA,GN,YFT,1
2006,USA,HAR,SKH,2
2006,USA,HAR,SWO,70
2006,USA,LL,ALB,14
2006,USA,LL,BET,85
2006,USA,LL,DOX,6
2006,USA,LL,MLS,2
2006,USA,LL,MZZ,20
2006,USA,LL,SKH,6
2006,USA,LL,SKJ,1
2006,USA,LL,SSP,1
2006,USA,LL,SWO,61
2006,USA,LL,YFT,21
2006,USA,LP,ALB,1
2006,USA,LP,DOX,2
2006,USA,LP,SKH,7
2006,USA,LTL,ALB,12524
2006,USA,RG,ALB,296
2006,USA,RG,BET,0
2006,USA,RG,PBF,93
2006,USA,RG,SKJ,12
2006,USA,RG,YFT,349
2006,USA,UNK,SKH,59
2006,USA,UNK,SWO,1
2006,VEN,PS,BET,8317
2006,VEN,PS,BIL,1
2006,VEN,PS,BKJ,9
2006,VEN,PS,BLM,9
2006,VEN,PS,BUM,12
2006,VEN,PS,BZX,248
2006,VEN,PS,CGX,5
2006,VEN,PS,DOX,116
2006,VEN,PS,MLS,4
2006,VEN,PS,MZZ,54
2006,VEN,PS,SFA,6
2006,VEN,PS,SKH,60
2006,VEN,PS,SKJ,26334
2006,VEN,PS,SRX,2
2006,VEN,PS,SSP,0
2006,VEN,PS,TUN,0
2006,VEN,PS,YFT,13286
2006,VUT,LL,ALB,4734
2006,VUT,LL,BET,960
2006,VUT,LL,BLM,10
2006,VUT,LL,BUM,36
2006,VUT,LL,DOX,4
2006,VUT,LL,MLS,56
2006,VUT,LL,MZZ,326
2006,VUT,LL,SFA,0
2006,VUT,LL,SKH,109
2006,VUT,LL,SKJ,0
2006,VUT,LL,SWO,106
2006,VUT,LL,TUN,0
2006,VUT,LL,YFT,164
2007,BLZ,LL,ALB,1
2007,BLZ,LL,BET,93
2007,BLZ,LL,BIL,0
2007,BLZ,LL,BLM,14
2007,BLZ,LL,BUM,134
2007,BLZ,LL,DOX,17
2007,BLZ,LL,MLS,171
2007,BLZ,LL,SFA,8
2007,BLZ,LL,SKH,2970
2007,BLZ,LL,SKJ,11
2007,BLZ,LL,SWO,202
2007,BLZ,LL,YFT,42
2007,CAN,LTL,ALB,6040
2007,CHL,GN,SWO,1978
2007,CHL,HAR,SWO,9
2007,CHL,LHP,SWO,1
2007,CHL,LL,SWO,1874
2007,CHL,LTL,SWO,1
2007,CHL,OTR,SWO,1
2007,CHL,UNK,BET,37
2007,CHL,UNK,BIL,15
2007,CHL,UNK,DOX,347
2007,CHL,UNK,YFT,76
2007,CHN,LL,ALB,76
2007,CHN,LL,BET,2324
2007,CHN,LL,BIL,27
2007,CHN,LL,MZZ,64
2007,CHN,LL,SWO,171
2007,CHN,LL,YFT,224
2007,CRI,LL,BET,15
2007,CRI,LL,BUM,596
2007,CRI,LL,DOX,2337
2007,CRI,LL,MLS,291
2007,CRI,LL,MZZ,0
2007,CRI,LL,SFA,910
2007,CRI,LL,SKH,2422
2007,CRI,LL,SWO,242
2007,CRI,LL,YFT,1204
2007,ECU,LL,BET,8
2007,ECU,LL,BIL,1064
2007,ECU,LL,BKJ,2
2007,ECU,LL,BZX,2
2007,ECU,LL,DOX,3925
2007,ECU,LL,MLS,262
2007,ECU,LL,MZZ,54
2007,ECU,LL,SFA,102
2007,ECU,LL,SKH,1656
2007,ECU,LL,SKJ,131
2007,ECU,LL,SRX,2
2007,ECU,LL,SWO,49
2007,ECU,LL,YFT,288
2007,ECU,PS,BET,40445
2007,ECU,PS,BIL,2
2007,ECU,PS,BKJ,707
2007,ECU,PS,BLM,29
2007,ECU,PS,BUM,62
2007,ECU,PS,BZX,1361
2007,ECU,PS,CGX,6
2007,ECU,PS,DOX,760
2007,ECU,PS,MLS,11
2007,ECU,PS,MZZ,648
2007,ECU,PS,SFA,0
2007,ECU,PS,SKH,22
2007,ECU,PS,SKJ,93553
2007,ECU,PS,SRX,0
2007,ECU,PS,SSP,1
2007,ECU,PS,SWO,1
2007,ECU,PS,TUN,14
2007,ECU,PS,YFT,19749
2007,EU (ESP),LL,SWO,5256
2007,EU (ESP),PS,BET,711
2007,EU (ESP),PS,BIL,1
2007,EU (ESP),PS,BLM,1
2007,EU (ESP),PS,BUM,5
2007,EU (ESP),PS,CGX,0
2007,EU (ESP),PS,DOX,36
2007,EU (ESP),PS,MLS,0
2007,EU (ESP),PS,MZZ,10
2007,EU (ESP),PS,SKH,0
2007,EU (ESP),PS,SKJ,2879
2007,EU (ESP),PS,SRX,0
2007,EU (ESP),PS,YFT,2631
2007,FRA (PYF),LL,ALB,2962
2007,FRA (PYF),LL,BET,361
2007,FRA (PYF),LL,BLM,0
2007,FRA (PYF),LL,BUM,245
2007,FRA (PYF),LL,DOX,82
2007,FRA (PYF),LL,MLS,104
2007,FRA (PYF),LL,MZZ,531
2007,FRA (PYF),LL,SFA,2
2007,FRA (PYF),LL,SKH,14
2007,FRA (PYF),LL,SKJ,22
2007,FRA (PYF),LL,SSP,8
2007,FRA (PYF),LL,SWO,51
2007,FRA (PYF),LL,YFT,408
2007,FRA (PYF),UNK,ALB,87
2007,FRA (PYF),UNK,BUM,106
2007,FRA (PYF),UNK,DOX,272
2007,FRA (PYF),UNK,MLS,6
2007,FRA (PYF),UNK,MZZ,114
2007,FRA (PYF),UNK,SKJ,713
2007,FRA (PYF),UNK,YFT,406
2007,GTM,LL,BIL,3
2007,GTM,LL,DOX,5
2007,GTM,LL,SKH,140
2007,GTM,LL,SWO,0
2007,JPN,LL,ALB,1923
2007,JPN,LL,BET,13977
2007,JPN,LL,BLM,15
2007,JPN,LL,BUM,644
2007,JPN,LL,MLS,519
2007,JPN,LL,PBF,0
2007,JPN,LL,SFA,3
2007,JPN,LL,SKJ,33
2007,JPN,LL,SSP,224
2007,JPN,LL,SWO,1620
2007,JPN,LL,YFT,4582
2007,KOR,LL,ALB,73
2007,KOR,LL,BET,5611
2007,KOR,LL,BLM,3
2007,KOR,LL,BUM,262
2007,KOR,LL,MLS,48
2007,KOR,LL,MZZ,5
2007,KOR,LL,SFA,6
2007,KOR,LL,SKH,198
2007,KOR,LL,SKJ,0
2007,KOR,LL,SWO,290
2007,KOR,LL,YFT,353
2007,MEX,GN,CGX,8
2007,MEX,GN,MZZ,6
2007,MEX,GN,SWO,54
2007,MEX,LL,BIL,32
2007,MEX,LL,BKJ,0
2007,MEX,LL,BZX,0
2007,MEX,LL,CGX,3
2007,MEX,LL,DOX,36
2007,MEX,LL,MZZ,6
2007,MEX,LL,SFA,1
2007,MEX,LL,SKH,16654
2007,MEX,LL,SKJ,0
2007,MEX,LL,SWO,434
2007,MEX,LL,TUN,0
2007,MEX,LL,YFT,8
2007,MEX,LP,BZX,107
2007,MEX,LP,CGX,9
2007,MEX,LP,SKJ,276
2007,MEX,LP,YFT,894
2007,MEX,PS,ALB,40
2007,MEX,PS,BET,0
2007,MEX,PS,BIL,2
2007,MEX,PS,BKJ,1449
2007,MEX,PS,BLM,9
2007,MEX,PS,BUM,14
2007,MEX,PS,BZX,14459
2007,MEX,PS,CGX,126
2007,MEX,PS,DOX,56
2007,MEX,PS,MLS,10
2007,MEX,PS,MZZ,41
2007,MEX,PS,PBF,4147
2007,MEX,PS,SFA,25
2007,MEX,PS,SKH,205
2007,MEX,PS,SKJ,21542
2007,MEX,PS,SRX,1
2007,MEX,PS,SSP,0
2007,MEX,PS,SWO,1
2007,MEX,PS,TUN,345
2007,MEX,PS,YFT,65091
2007,MEX,RG,MLS,1018
2007,NIC,LL,CGX,3
2007,NIC,LL,DOX,131
2007,NIC,LL,MZZ,1
2007,NIC,LL,SKH,16
2007,NIC,LL,TUN,2
2007,NIC,LL,YFT,48
2007,NIC,PS,BET,1058
2007,NIC,PS,BIL,0
2007,NIC,PS,BKJ,0
2007,NIC,PS,BLM,3
2007,NIC,PS,BUM,2
2007,NIC,PS,CGX,0
2007,NIC,PS,DOX,9
2007,NIC,PS,MLS,0
2007,NIC,PS,MZZ,4
2007,NIC,PS,SFA,2
2007,NIC,PS,SKH,0
2007,NIC,PS,SKJ,4286
2007,NIC,PS,SRX,0
2007,NIC,PS,SSP,0
2007,NIC,PS,SWO,0
2007,NIC,PS,TUN,0
2007,NIC,PS,YFT,3917
2007,OTR,LL,ALB,53
2007,OTR,LL,BXQ,3
2007,OTR,LL,DOX,2
2007,OTR,LL,SFA,0
2007,OTR,LL,SKH,25
2007,OTR,LL,SWO,2
2007,OTR,LL,TUN,0
2007,OTR,PS,ALB,77
2007,OTR,PS,BET,8780
2007,OTR,PS,BIL,4
2007,OTR,PS,BKJ,36
2007,OTR,PS,BLM,11
2007,OTR,PS,BUM,17
2007,OTR,PS,BZX,59
2007,OTR,PS,CGX,37
2007,OTR,PS,DOX,122
2007,OTR,PS,MLS,3
2007,OTR,PS,MZZ,61
2007,OTR,PS,PBF,42
2007,OTR,PS,SFA,1
2007,OTR,PS,SKH,2
2007,OTR,PS,SKJ,35571
2007,OTR,PS,SRX,0
2007,OTR,PS,SSP,0
2007,OTR,PS,SWO,0
2007,OTR,PS,TUN,232
2007,OTR,PS,YFT,32507
2007,PAN,LL,DOX,308
2007,PAN,LL,MZZ,1393
2007,PAN,LL,SKH,244
2007,PAN,LL,SWO,131
2007,PAN,LL,TUN,2194
2007,PAN,PS,BET,7029
2007,PAN,PS,BIL,3
2007,PAN,PS,BKJ,92
2007,PAN,PS,BLM,12
2007,PAN,PS,BUM,12
2007,PAN,PS,BZX,23
2007,PAN,PS,CGX,1
2007,PAN,PS,DOX,120
2007,PAN,PS,MLS,2
2007,PAN,PS,MZZ,31
2007,PAN,PS,SFA,8
2007,PAN,PS,SKH,6
2007,PAN,PS,SKJ,28475
2007,PAN,PS,SRX,0
2007,PAN,PS,SSP,0
2007,PAN,PS,SWO,1
2007,PAN,PS,TUN,3
2007,PAN,PS,YFT,26024
2007,PER,PS,DOX,1
2007,PER,PS,MZZ,0
2007,PER,PS,SKH,0
2007,PER,UNK,BKJ,54
2007,PER,UNK,DOX,7208
2007,PER,UNK,SFA,64
2007,PER,UNK,SKJ,351
2007,PER,UNK,SWO,46
2007,PER,UNK,TUN,301
2007,PER,UNK,YFT,865
2007,TWN,LL,ALB,2656
2007,TWN,LL,BET,6057
2007,TWN,LL,BIL,42
2007,TWN,LL,BLM,3
2007,TWN,LL,BUM,461
2007,TWN,LL,MLS,207
2007,TWN,LL,SKH,610
2007,TWN,LL,SKJ,40
2007,TWN,LL,SWO,770
2007,TWN,LL,YFT,745
2007,UNK,LP,ALB,21
2007,UNK,LP,SKH,10
2007,UNK,LTL,ALB,19
2007,USA,GN,ALB,4
2007,USA,GN,BET,4
2007,USA,GN,PBF,2
2007,USA,GN,SKH,205
2007,USA,GN,SKJ,0
2007,USA,GN,SWO,478
2007,USA,GN,YFT,0
2007,USA,HAR,SWO,59
2007,USA,LL,ALB,7
2007,USA,LL,BET,417
2007,USA,LL,BUM,7
2007,USA,LL,DOX,62
2007,USA,LL,MLS,9
2007,USA,LL,MZZ,161
2007,USA,LL,PBF,0
2007,USA,LL,SKH,14
2007,USA,LL,SKJ,1
2007,USA,LL,SSP,7
2007,USA,LL,SWO,307
2007,USA,LL,YFT,11
2007,USA,LTL,ALB,11887
2007,USA,RG,ALB,1224
2007,USA,RG,PBF,12
2007,USA,RG,SKJ,1
2007,USA,RG,YFT,91
2007,USA,UNK,ALB,0
2007,USA,UNK,BET,3
2007,USA,UNK,DOX,0
2007,USA,UNK,PBF,0
2007,USA,UNK,SKH,32
2007,USA,UNK,SWO,12
2007,USA,UNK,YFT,1
2007,VEN,PS,BET,5428
2007,VEN,PS,BIL,2
2007,VEN,PS,BKJ,23
2007,VEN,PS,BLM,11
2007,VEN,PS,BUM,11
2007,VEN,PS,BZX,4
2007,VEN,PS,CGX,4
2007,VEN,PS,DOX,160
2007,VEN,PS,MLS,5
2007,VEN,PS,MZZ,34
2007,VEN,PS,SFA,5
2007,VEN,PS,SKH,102
2007,VEN,PS,SKJ,21990
2007,VEN,PS,SRX,2
2007,VEN,PS,SSP,0
2007,VEN,PS,SWO,1
2007,VEN,PS,TUN,6
2007,VEN,PS,YFT,20097
2007,VUT,LL,ALB,3356
2007,VUT,LL,BET,1013
2007,VUT,LL,BLM,12
2007,VUT,LL,BUM,44
2007,VUT,LL,DOX,2
2007,VUT,LL,MLS,45
2007,VUT,LL,MZZ,267
2007,VUT,LL,SKH,36
2007,VUT,LL,SWO,114
2007,VUT,LL,TUN,1
2007,VUT,LL,YFT,152
2008,BLZ,LL,ALB,2
2008,BLZ,LL,BET,89
2008,BLZ,LL,BLM,74
2008,BLZ,LL,BUM,333
2008,BLZ,LL,DOX,96
2008,BLZ,LL,MLS,89
2008,BLZ,LL,SFA,1
2008,BLZ,LL,SKH,3062
2008,BLZ,LL,SSP,3
2008,BLZ,LL,SWO,226
2008,BLZ,LL,YFT,43
2008,CAN,LTL,ALB,5416
2008,CHL,GN,SWO,2110
2008,CHL,HAR,SWO,12
2008,CHL,LHP,SWO,0
2008,CHL,LL,SWO,672
2008,CHL,LTL,SWO,1
2008,CHL,UNK,BET,28
2008,CHL,UNK,BIL,4
2008,CHL,UNK,BZX,10
2008,CHL,UNK,DOX,250
2008,CHL,UNK,MLS,1
2008,CHL,UNK,TUN,2
2008,CHL,UNK,YFT,74
2008,CHN,LL,ALB,136
2008,CHN,LL,BET,2379
2008,CHN,LL,BUM,58
2008,CHN,LL,MLS,28
2008,CHN,LL,SKH,510
2008,CHN,LL,SSP,9
2008,CHN,LL,SWO,455
2008,CHN,LL,YFT,469
2008,CRI,LL,BET,16
2008,CRI,LL,BIL,24
2008,CRI,LL,BUM,332
2008,CRI,LL,DOX,4083
2008,CRI,LL,MLS,193
2008,CRI,LL,MZZ,11
2008,CRI,LL,SFA,373
2008,CRI,LL,SKH,2480
2008,CRI,LL,SWO,302
2008,CRI,LL,YFT,1248
2008,ECU,LL,BET,372
2008,ECU,LL,BIL,1511
2008,ECU,LL,BZX,6
2008,ECU,LL,DOX,11030
2008,ECU,LL,MLS,280
2008,ECU,LL,MZZ,171
2008,ECU,LL,SFA,141
2008,ECU,LL,SKH,6815
2008,ECU,LL,SKJ,1131
2008,ECU,LL,SRX,2
2008,ECU,LL,SWO,630
2008,ECU,LL,YFT,1750
2008,ECU,PS,BET,41177
2008,ECU,PS,BIL,4
2008,ECU,PS,BKJ,154
2008,ECU,PS,BLM,19
2008,ECU,PS,BUM,64
2008,ECU,PS,BZX,23
2008,ECU,PS,CGX,5
2008,ECU,PS,DOX,452
2008,ECU,PS,MLS,3
2008,ECU,PS,MZZ,421
2008,ECU,PS,SFA,0
2008,ECU,PS,SKH,36
2008,ECU,PS,SKJ,143431
2008,ECU,PS,SRX,0
2008,ECU,PS,SSP,1
2008,ECU,PS,SWO,1
2008,ECU,PS,TUN,89
2008,ECU,PS,YFT,18463
2008,EU (ESP),LL,SWO,6718
2008,EU (ESP),PS,BET,1234
2008,EU (ESP),PS,BIL,0
2008,EU (ESP),PS,BLM,0
2008,EU (ESP),PS,BUM,6
2008,EU (ESP),PS,CGX,0
2008,EU (ESP),PS,DOX,28
2008,EU (ESP),PS,MLS,1
2008,EU (ESP),PS,MZZ,7
2008,EU (ESP),PS,SKH,0
2008,EU (ESP),PS,SKJ,4841
2008,EU (ESP),PS,SRX,0
2008,EU (ESP),PS,YFT,3023
2008,FRA (PYF),LL,ALB,2301
2008,FRA (PYF),LL,BET,367
2008,FRA (PYF),LL,BUM,168
2008,FRA (PYF),LL,DOX,51
2008,FRA (PYF),LL,MLS,106
2008,FRA (PYF),LL,MZZ,267
2008,FRA (PYF),LL,SFA,1
2008,FRA (PYF),LL,SKH,8
2008,FRA (PYF),LL,SKJ,14
2008,FRA (PYF),LL,SSP,10
2008,FRA (PYF),LL,SWO,60
2008,FRA (PYF),LL,YFT,335
2008,FRA (PYF),UNK,ALB,159
2008,FRA (PYF),UNK,BUM,114
2008,FRA (PYF),UNK,DOX,378
2008,FRA (PYF),UNK,MLS,6
2008,FRA (PYF),UNK,MZZ,75
2008,FRA (PYF),UNK,SKJ,859
2008,FRA (PYF),UNK,YFT,316
2008,GTM,LL,BIL,1
2008,GTM,LL,DOX,283
2008,GTM,LL,SKH,267
2008,GTM,LL,SWO,1
2008,GTM,LL,YFT,0
2008,GTM,UNK,SKH,0
2008,JPN,LL,ALB,1058
2008,JPN,LL,BET,14908
2008,JPN,LL,BLM,23
2008,JPN,LL,BUM,509
2008,JPN,LL,MLS,393
2008,JPN,LL,SFA,7
2008,JPN,LL,SKH,1048
2008,JPN,LL,SKJ,26
2008,JPN,LL,SSP,228
2008,JPN,LL,SWO,2152
2008,JPN,LL,YFT,5383
2008,KOR,LL,ALB,23
2008,KOR,LL,BET,4150
2008,KOR,LL,BLM,1
2008,KOR,LL,BUM,53
2008,KOR,LL,MLS,7
2008,KOR,LL,MZZ,2
2008,KOR,LL,SKH,15
2008,KOR,LL,SWO,141
2008,KOR,LL,YFT,83
2008,MEX,GN,BXQ,2
2008,MEX,GN,CGX,16
2008,MEX,GN,DOX,2
2008,MEX,GN,MZZ,5
2008,MEX,GN,SWO,104
2008,MEX,GN,YFT,0
2008,MEX,LL,BIL,14
2008,MEX,LL,CGX,5
2008,MEX,LL,DOX,14
2008,MEX,LL,MZZ,41
2008,MEX,LL,PBF,0
2008,MEX,LL,SKH,15160
2008,MEX,LL,SWO,401
2008,MEX,LL,YFT,5
2008,MEX,LP,BZX,9
2008,MEX,LP,PBF,15
2008,MEX,LP,SKJ,499
2008,MEX,LP,YFT,812
2008,MEX,PS,ALB,10
2008,MEX,PS,BET,327
2008,MEX,PS,BIL,4
2008,MEX,PS,BKJ,3366
2008,MEX,PS,BLM,16
2008,MEX,PS,BUM,17
2008,MEX,PS,BZX,6960
2008,MEX,PS,CGX,47
2008,MEX,PS,DOX,155
2008,MEX,PS,MLS,17
2008,MEX,PS,MZZ,25
2008,MEX,PS,PBF,4392
2008,MEX,PS,SFA,13
2008,MEX,PS,SKH,415
2008,MEX,PS,SKJ,21638
2008,MEX,PS,SRX,0
2008,MEX,PS,SSP,0
2008,MEX,PS,SWO,1
2008,MEX,PS,TUN,40
2008,MEX,PS,YFT,84462
2008,MEX,RG,MLS,1038
2008,NIC,LL,SKH,66
2008,NIC,PS,BET,1785
2008,NIC,PS,BIL,1
2008,NIC,PS,BKJ,3
2008,NIC,PS,BLM,2
2008,NIC,PS,BUM,5
2008,NIC,PS,CGX,0
2008,NIC,PS,DOX,11
2008,NIC,PS,MLS,1
2008,NIC,PS,MZZ,2
2008,NIC,PS,SFA,0
2008,NIC,PS,SKH,1
2008,NIC,PS,SKJ,7005
2008,NIC,PS,SRX,0
2008,NIC,PS,SWO,0
2008,NIC,PS,TUN,0
2008,NIC,PS,YFT,4374
2008,NIC,UNK,BXQ,2
2008,NIC,UNK,CGX,1
2008,NIC,UNK,DOX,296
2008,NIC,UNK,MZZ,0
2008,NIC,UNK,SFA,4
2008,NIC,UNK,SWO,2
2008,NIC,UNK,TUN,7
2008,NIC,UNK,YFT,30
2008,OTR,LL,BET,7
2008,OTR,LL,BXQ,1
2008,OTR,LL,DOX,2
2008,OTR,LL,SFA,0
2008,OTR,LL,SKH,37
2008,OTR,LL,SWO,3
2008,OTR,LL,TUN,0
2008,OTR,LL,YFT,49
2008,OTR,PS,ALB,39
2008,OTR,PS,BET,12266
2008,OTR,PS,BIL,2
2008,OTR,PS,BKJ,2
2008,OTR,PS,BLM,11
2008,OTR,PS,BUM,14
2008,OTR,PS,BZX,816
2008,OTR,PS,CGX,0
2008,OTR,PS,DOX,113
2008,OTR,PS,MLS,2
2008,OTR,PS,MZZ,25
2008,OTR,PS,SFA,1
2008,OTR,PS,SKH,6
2008,OTR,PS,SKJ,48125
2008,OTR,PS,SRX,0
2008,OTR,PS,SSP,0
2008,OTR,PS,SWO,0
2008,OTR,PS,TUN,0
2008,OTR,PS,YFT,30050
2008,PAN,LL,DOX,235
2008,PAN,LL,SKH,52
2008,PAN,LL,TUN,727
2008,PAN,PS,BET,11018
2008,PAN,PS,BIL,3
2008,PAN,PS,BKJ,47
2008,PAN,PS,BLM,17
2008,PAN,PS,BUM,13
2008,PAN,PS,BZX,66
2008,PAN,PS,CGX,12
2008,PAN,PS,DOX,81
2008,PAN,PS,MLS,3
2008,PAN,PS,MZZ,24
2008,PAN,PS,SFA,6
2008,PAN,PS,SKH,13
2008,PAN,PS,SKJ,43230
2008,PAN,PS,SRX,1
2008,PAN,PS,SSP,0
2008,PAN,PS,SWO,3
2008,PAN,PS,TUN,4
2008,PAN,PS,YFT,26993
2008,PER,UNK,BKJ,8
2008,PER,UNK,DOX,4532
2008,PER,UNK,SFA,68
2008,PER,UNK,SKJ,291
2008,PER,UNK,SWO,124
2008,PER,UNK,TUN,874
2008,PER,UNK,YFT,308
2008,TWN,LL,ALB,2089
2008,TWN,LL,BET,1852
2008,TWN,LL,BIL,36
2008,TWN,LL,BUM,194
2008,TWN,LL,MLS,105
2008,TWN,LL,SKH,494
2008,TWN,LL,SKJ,10
2008,TWN,LL,SWO,361
2008,TWN,LL,YFT,247
2008,UNK,LP,ALB,1050
2008,UNK,LP,MZZ,1
2008,UNK,LP,SKH,11
2008,UNK,LP,SWO,1
2008,UNK,LP,TUN,1
2008,UNK,LP,YFT,2
2008,USA,GN,ALB,1
2008,USA,GN,SKH,137
2008,USA,HAR,SKH,1
2008,USA,HAR,SWO,48
2008,USA,LL,ALB,55
2008,USA,LL,BET,1277
2008,USA,LL,BUM,15
2008,USA,LL,DOX,51
2008,USA,LL,MLS,16
2008,USA,LL,MZZ,294
2008,USA,LL,PBF,0
2008,USA,LL,SFA,1
2008,USA,LL,SKH,24
2008,USA,LL,SKJ,4
2008,USA,LL,SSP,16
2008,USA,LL,SWO,679
2008,USA,LL,YFT,33
2008,USA,LTL,ALB,10671
2008,USA,LTL,MZZ,1
2008,USA,RG,ALB,257
2008,USA,RG,PBF,63
2008,USA,RG,SKJ,13
2008,USA,RG,YFT,213
2008,USA,UNK,ALB,1
2008,USA,UNK,BZX,16
2008,USA,UNK,MZZ,4
2008,USA,UNK,SKH,63
2008,USA,UNK,SWO,0
2008,VEN,PS,BET,7221
2008,VEN,PS,BIL,1
2008,VEN,PS,BKJ,52
2008,VEN,PS,BLM,11
2008,VEN,PS,BUM,6
2008,VEN,PS,BZX,9
2008,VEN,PS,CGX,21
2008,VEN,PS,DOX,93
2008,VEN,PS,MLS,5
2008,VEN,PS,MZZ,17
2008,VEN,PS,SFA,8
2008,VEN,PS,SKH,65
2008,VEN,PS,SKJ,28333
2008,VEN,PS,SRX,0
2008,VEN,PS,SSP,0
2008,VEN,PS,SWO,1
2008,VEN,PS,TUN,3
2008,VEN,PS,YFT,17692
2008,VUT,LL,ALB,3554
2008,VUT,LL,BET,790
2008,VUT,LL,BLM,2
2008,VUT,LL,BUM,43
2008,VUT,LL,MLS,74
2008,VUT,LL,MZZ,739
2008,VUT,LL,SKH,102
2008,VUT,LL,SWO,118
2008,VUT,LL,YFT,175
2009,BLZ,LL,BET,315
2009,BLZ,LL,BLM,20
2009,BLZ,LL,BUM,27
2009,BLZ,LL,DOX,3
2009,BLZ,LL,MLS,92
2009,BLZ,LL,SKH,2217
2009,BLZ,LL,SWO,175
2009,BLZ,LL,YFT,11
2009,CAN,LTL,ALB,5693
2009,CHL,GN,SWO,2604
2009,CHL,HAR,SWO,16
2009,CHL,LHP,SWO,0
2009,CHL,LL,SWO,893
2009,CHL,LTL,SWO,3
2009,CHL,OTR,SWO,2
2009,CHL,UNK,BET,15
2009,CHL,UNK,BXQ,11
2009,CHL,UNK,BZX,36
2009,CHL,UNK,YFT,47
2009,CHN,LL,ALB,325
2009,CHN,LL,BET,2481
2009,CHN,LL,BLM,26
2009,CHN,LL,BUM,60
2009,CHN,LL,MLS,92
2009,CHN,LL,MZZ,48
2009,CHN,LL,SKH,483
2009,CHN,LL,SWO,479
2009,CHN,LL,YFT,629
2009,CRI,LL,BET,13
2009,CRI,LL,BIL,12
2009,CRI,LL,BUM,304
2009,CRI,LL,DOX,3840
2009,CRI,LL,MLS,113
2009,CRI,LL,MZZ,8
2009,CRI,LL,SFA,183
2009,CRI,LL,SKH,1405
2009,CRI,LL,SWO,447
2009,CRI,LL,YFT,1003
2009,ECU,LL,BET,723
2009,ECU,LL,BIL,1771
2009,ECU,LL,BKJ,2
2009,ECU,LL,BZX,8
2009,ECU,LL,DOX,12235
2009,ECU,LL,MLS,315
2009,ECU,LL,MZZ,433
2009,ECU,LL,SFA,133
2009,ECU,LL,SKH,7389
2009,ECU,LL,SKJ,1405
2009,ECU,LL,SRX,14
2009,ECU,LL,SSP,2
2009,ECU,LL,SWO,1165
2009,ECU,LL,YFT,2189
2009,ECU,PS,ALB,3
2009,ECU,PS,BET,35646
2009,ECU,PS,BIL,2
2009,ECU,PS,BKJ,309
2009,ECU,PS,BLM,21
2009,ECU,PS,BUM,74
2009,ECU,PS,CGX,3
2009,ECU,PS,DOX,1275
2009,ECU,PS,MLS,8
2009,ECU,PS,MZZ,761
2009,ECU,PS,SFA,0
2009,ECU,PS,SKH,30
2009,ECU,PS,SKJ,132712
2009,ECU,PS,SRX,0
2009,ECU,PS,SSP,0
2009,ECU,PS,SWO,0
2009,ECU,PS,TUN,146
2009,ECU,PS,YFT,18167
2009,EU (ESP),LL,SWO,8011
2009,EU (ESP),PS,BET,2636
2009,EU (ESP),PS,BIL,0
2009,EU (ESP),PS,BKJ,0
2009,EU (ESP),PS,BLM,1
2009,EU (ESP),PS,BUM,20
2009,EU (ESP),PS,CGX,0
2009,EU (ESP),PS,DOX,64
2009,EU (ESP),PS,MLS,2
2009,EU (ESP),PS,MZZ,30
2009,EU (ESP),PS,SKH,0
2009,EU (ESP),PS,SKJ,6021
2009,EU (ESP),PS,SRX,0
2009,EU (ESP),PS,SSP,0
2009,EU (ESP),PS,TUN,0
2009,EU (ESP),PS,YFT,7864
2009,FRA (PYF),LL,ALB,2937
2009,FRA (PYF),LL,BET,484
2009,FRA (PYF),LL,BLM,0
2009,FRA (PYF),LL,BUM,184
2009,FRA (PYF),LL,MLS,86
2009,FRA (PYF),LL,MZZ,411
2009,FRA (PYF),LL,SFA,3
2009,FRA (PYF),LL,SKH,12
2009,FRA (PYF),LL,SKJ,21
2009,FRA (PYF),LL,SSP,13
2009,FRA (PYF),LL,SWO,59
2009,FRA (PYF),LL,YFT,590
2009,FRA (PYF),UNK,ALB,210
2009,FRA (PYF),UNK,BUM,131
2009,FRA (PYF),UNK,DOX,287
2009,FRA (PYF),UNK,MLS,7
2009,FRA (PYF),UNK,MZZ,81
2009,FRA (PYF),UNK,SKJ,1071
2009,FRA (PYF),UNK,YFT,351
2009,GTM,LL,BIL,7
2009,GTM,LL,DOX,578
2009,GTM,LL,SKH,551
2009,GTM,LL,SKJ,1
2009,GTM,LL,SWO,7
2009,GTM,UNK,SKH,1
2009,JPN,LL,ALB,1653
2009,JPN,LL,BET,15490
2009,JPN,LL,BLM,18
2009,JPN,LL,BUM,698
2009,JPN,LL,MLS,369
2009,JPN,LL,SFA,6
2009,JPN,LL,SKH,1365
2009,JPN,LL,SKJ,81
2009,JPN,LL,SSP,417
2009,JPN,LL,SWO,2374
2009,JPN,LL,YFT,4268
2009,KOR,LL,ALB,73
2009,KOR,LL,BET,6758
2009,KOR,LL,BLM,11
2009,KOR,LL,BUM,438
2009,KOR,LL,MLS,33
2009,KOR,LL,MZZ,44
2009,KOR,LL,SFA,1
2009,KOR,LL,SKH,188
2009,KOR,LL,SKJ,4
2009,KOR,LL,SWO,1102
2009,KOR,LL,YFT,780
2009,MEX,GN,BXQ,1
2009,MEX,GN,CGX,15
2009,MEX,GN,DOX,3
2009,MEX,GN,MZZ,7
2009,MEX,GN,SWO,62
2009,MEX,GN,YFT,1
2009,MEX,LL,ALB,0
2009,MEX,LL,BXQ,6
2009,MEX,LL,CGX,10
2009,MEX,LL,DOX,24
2009,MEX,LL,MZZ,63
2009,MEX,LL,PBF,0
2009,MEX,LL,SKH,16576
2009,MEX,LL,SWO,402
2009,MEX,LL,YFT,10
2009,MEX,LP,SKJ,151
2009,MEX,LP,YFT,709
2009,MEX,PS,ALB,17
2009,MEX,PS,BET,1334
2009,MEX,PS,BIL,4
2009,MEX,PS,BKJ,3919
2009,MEX,PS,BLM,11
2009,MEX,PS,BUM,17
2009,MEX,PS,BZX,7911
2009,MEX,PS,CGX,52
2009,MEX,PS,DOX,52
2009,MEX,PS,MLS,6
2009,MEX,PS,MZZ,89
2009,MEX,PS,PBF,3019
2009,MEX,PS,SFA,10
2009,MEX,PS,SKH,181
2009,MEX,PS,SKJ,6847
2009,MEX,PS,SRX,1
2009,MEX,PS,SSP,0
2009,MEX,PS,SWO,1
2009,MEX,PS,TUN,2
2009,MEX,PS,YFT,99785
2009,NIC,LL,SKH,13
2009,NIC,PS,BET,2241
2009,NIC,PS,BIL,1
2009,NIC,PS,BKJ,0
2009,NIC,PS,BLM,4
2009,NIC,PS,BUM,2
2009,NIC,PS,CGX,0
2009,NIC,PS,DOX,18
2009,NIC,PS,MLS,0
2009,NIC,PS,MZZ,6
2009,NIC,PS,SFA,1
2009,NIC,PS,SKH,1
2009,NIC,PS,SKJ,5119
2009,NIC,PS,SRX,0
2009,NIC,PS,TUN,0
2009,NIC,PS,YFT,6686
2009,NIC,UNK,BXQ,0
2009,NIC,UNK,CGX,1
2009,NIC,UNK,DOX,490
2009,NIC,UNK,MZZ,0
2009,NIC,UNK,SFA,1
2009,NIC,UNK,SWO,1
2009,NIC,UNK,TUN,7
2009,NIC,UNK,YFT,27
2009,OTR,PS,BET,14275
2009,OTR,PS,BIL,2
2009,OTR,PS,BKJ,0
2009,OTR,PS,BLM,10
2009,OTR,PS,BUM,14
2009,OTR,PS,BZX,10
2009,OTR,PS,CGX,5
2009,OTR,PS,DOX,234
2009,OTR,PS,MLS,2
2009,OTR,PS,MZZ,63
2009,OTR,PS,SFA,1
2009,OTR,PS,SKH,20
2009,OTR,PS,SKJ,32610
2009,OTR,PS,SRX,0
2009,OTR,PS,SSP,0
2009,OTR,PS,SWO,1
2009,OTR,PS,TUN,9
2009,OTR,PS,YFT,42588
2009,PAN,LL,DOX,396
2009,PAN,LL,MZZ,414
2009,PAN,LL,SKH,262
2009,PAN,LL,TUN,1933
2009,PAN,PS,BET,11807
2009,PAN,PS,BIL,2
2009,PAN,PS,BKJ,26
2009,PAN,PS,BLM,14
2009,PAN,PS,BUM,22
2009,PAN,PS,CGX,2
2009,PAN,PS,DOX,160
2009,PAN,PS,MLS,1
2009,PAN,PS,MZZ,56
2009,PAN,PS,SFA,2
2009,PAN,PS,SKH,7
2009,PAN,PS,SKJ,26973
2009,PAN,PS,SRX,0
2009,PAN,PS,SSP,0
2009,PAN,PS,SWO,1
2009,PAN,PS,TUN,0
2009,PAN,PS,YFT,35228
2009,PER,UNK,DOX,50548
2009,PER,UNK,SFA,7
2009,PER,UNK,SKJ,12
2009,PER,UNK,SWO,25
2009,PER,UNK,TUN,67
2009,PER,UNK,YFT,42
2009,TWN,LL,ALB,2278
2009,TWN,LL,BET,3396
2009,TWN,LL,BLM,11
2009,TWN,LL,BUM,286
2009,TWN,LL,MLS,130
2009,TWN,LL,SKH,351
2009,TWN,LL,SKJ,56
2009,TWN,LL,SWO,626
2009,TWN,LL,YFT,636
2009,UNK,LL,BXQ,2
2009,UNK,LL,DOX,1
2009,UNK,LL,SKH,44
2009,UNK,LL,SWO,1
2009,UNK,LL,TUN,0
2009,USA,GN,ALB,4
2009,USA,GN,BZX,0
2009,USA,GN,CGX,0
2009,USA,GN,MZZ,66
2009,USA,GN,PBF,3
2009,USA,GN,SKH,66
2009,USA,GN,SKJ,0
2009,USA,GN,SWO,253
2009,USA,GN,YFT,1
2009,USA,HAR,SKH,1
2009,USA,HAR,SWO,50
2009,USA,LL,ALB,22
2009,USA,LL,BET,730
2009,USA,LL,BUM,20
2009,USA,LL,DOX,58
2009,USA,LL,MLS,19
2009,USA,LL,MZZ,461
2009,USA,LL,SFA,1
2009,USA,LL,SKH,19
2009,USA,LL,SKJ,16
2009,USA,LL,SSP,14
2009,USA,LL,SWO,569
2009,USA,LL,YFT,84
2009,USA,LTL,ALB,12240
2009,USA,LTL,CGX,0
2009,USA,LTL,PBF,0
2009,USA,LTL,SKH,0
2009,USA,LTL,SKJ,0
2009,USA,OTR,DOX,0
2009,USA,OTR,PBF,2
2009,USA,OTR,SKH,75
2009,USA,OTR,SKJ,1
2009,USA,OTR,SWO,0
2009,USA,OTR,YFT,7
2009,USA,PS,ALB,31
2009,USA,PS,BET,382
2009,USA,PS,BLM,1
2009,USA,PS,BUM,1
2009,USA,PS,BZX,1800
2009,USA,PS,CGX,0
2009,USA,PS,DOX,7
2009,USA,PS,MLS,0
2009,USA,PS,MZZ,1
2009,USA,PS,PBF,410
2009,USA,PS,SKH,0
2009,USA,PS,SKJ,873
2009,USA,PS,SRX,0
2009,USA,PS,YFT,1140
2009,USA,RG,ALB,944
2009,USA,RG,BZX,41
2009,USA,RG,MZZ,224
2009,USA,RG,PBF,156
2009,USA,RG,SKJ,2
2009,USA,RG,YFT,766
2009,VEN,PS,BET,8479
2009,VEN,PS,BIL,1
2009,VEN,PS,BKJ,2
2009,VEN,PS,BLM,13
2009,VEN,PS,BUM,7
2009,VEN,PS,CGX,1
2009,VEN,PS,DOX,113
2009,VEN,PS,MLS,2
2009,VEN,PS,MZZ,28
2009,VEN,PS,SFA,4
2009,VEN,PS,SKH,35
2009,VEN,PS,SKJ,19370
2009,VEN,PS,SRX,2
2009,VEN,PS,SSP,0
2009,VEN,PS,SWO,0
2009,VEN,PS,TUN,6
2009,VEN,PS,YFT,25298
2009,VUT,LL,ALB,4784
2009,VUT,LL,BET,1032
2009,VUT,LL,BLM,8
2009,VUT,LL,BUM,85
2009,VUT,LL,MLS,84
2009,VUT,LL,MZZ,554
2009,VUT,LL,SFA,0
2009,VUT,LL,SKH,109
2009,VUT,LL,SWO,123
2009,VUT,LL,YFT,244
2010,BLZ,LL,BET,34
2010,BLZ,LL,BUM,13
2010,BLZ,LL,DOX,1
2010,BLZ,LL,MLS,131
2010,BLZ,LL,SKH,2021
2010,BLZ,LL,SWO,274
2010,BLZ,LL,YFT,35
2010,CAN,LTL,ALB,6557
2010,CHL,GN,SWO,3280
2010,CHL,HAR,SWO,11
2010,CHL,LHP,SWO,1
2010,CHL,LL,SWO,1071
2010,CHL,LTL,SWO,2
2010,CHL,OTR,SWO,1
2010,CHL,UNK,BET,2
2010,CHL,UNK,SWO,1
2010,CHL,UNK,YFT,30
2010,CHN,LL,ALB,641
2010,CHN,LL,BET,2490
2010,CHN,LL,BLM,32
2010,CHN,LL,BUM,341
2010,CHN,LL,MLS,216
2010,CHN,LL,SKH,218
2010,CHN,LL,SWO,748
2010,CHN,LL,YFT,459
2010,COL,PS,BET,4206
2010,COL,PS,BIL,1
2010,COL,PS,BKJ,11
2010,COL,PS,BLM,7
2010,COL,PS,BUM,8
2010,COL,PS,CGX,1
2010,COL,PS,DOX,46
2010,COL,PS,MLS,1
2010,COL,PS,MZZ,15
2010,COL,PS,SFA,4
2010,COL,PS,SKH,2
2010,COL,PS,SKJ,11400
2010,COL,PS,SRX,0
2010,COL,PS,SSP,0
2010,COL,PS,SWO,0
2010,COL,PS,TUN,1
2010,COL,PS,YFT,20493
2010,CRI,LL,BET,4
2010,CRI,LL,BUM,423
2010,CRI,LL,DOX,1017
2010,CRI,LL,MLS,338
2010,CRI,LL,MZZ,36
2010,CRI,LL,SFA,223
2010,CRI,LL,SKH,4436
2010,CRI,LL,SWO,673
2010,CRI,LL,TUN,663
2010,CRI,LL,YFT,3
2010,ECU,LL,BET,852
2010,ECU,LL,BIL,2492
2010,ECU,LL,BKJ,8
2010,ECU,LL,BZX,2
2010,ECU,LL,DOX,7226
2010,ECU,LL,MLS,424
2010,ECU,LL,MZZ,320
2010,ECU,LL,SFA,337
2010,ECU,LL,SKH,10927
2010,ECU,LL,SKJ,1682
2010,ECU,LL,SRX,121
2010,ECU,LL,SWO,595
2010,ECU,LL,YFT,1937
2010,ECU,PS,BET,34902
2010,ECU,PS,BIL,1
2010,ECU,PS,BKJ,555
2010,ECU,PS,BLM,23
2010,ECU,PS,BUM,94
2010,ECU,PS,BZX,9
2010,ECU,PS,CGX,3
2010,ECU,PS,DOX,922
2010,ECU,PS,MLS,4
2010,ECU,PS,MZZ,684
2010,ECU,PS,SFA,0
2010,ECU,PS,SKH,76
2010,ECU,PS,SKJ,82280
2010,ECU,PS,SRX,0
2010,ECU,PS,SSP,0
2010,ECU,PS,SWO,0
2010,ECU,PS,TUN,117
2010,ECU,PS,YFT,34764
2010,EU (ESP),LL,ALB,20
2010,EU (ESP),LL,BET,171
2010,EU (ESP),LL,BUM,49
2010,EU (ESP),LL,DOX,60
2010,EU (ESP),LL,MLS,134
2010,EU (ESP),LL,MZZ,289
2010,EU (ESP),LL,SFA,67
2010,EU (ESP),LL,SKH,4311
2010,EU (ESP),LL,SKJ,0
2010,EU (ESP),LL,SSP,60
2010,EU (ESP),LL,SWO,9115
2010,EU (ESP),LL,TUN,0
2010,EU (ESP),LL,YFT,24
2010,EU (ESP),PS,BET,579
2010,EU (ESP),PS,BIL,0
2010,EU (ESP),PS,BLM,0
2010,EU (ESP),PS,BUM,5
2010,EU (ESP),PS,CGX,0
2010,EU (ESP),PS,DOX,14
2010,EU (ESP),PS,MLS,0
2010,EU (ESP),PS,MZZ,8
2010,EU (ESP),PS,SKH,0
2010,EU (ESP),PS,SKJ,1569
2010,EU (ESP),PS,SRX,0
2010,EU (ESP),PS,SSP,0
2010,EU (ESP),PS,YFT,2820
2010,FRA (PYF),LL,ALB,2508
2010,FRA (PYF),LL,BET,314
2010,FRA (PYF),LL,BLM,0
2010,FRA (PYF),LL,BUM,187
2010,FRA (PYF),LL,DOX,147
2010,FRA (PYF),LL,MLS,91
2010,FRA (PYF),LL,MZZ,333
2010,FRA (PYF),LL,SFA,5
2010,FRA (PYF),LL,SKH,15
2010,FRA (PYF),LL,SKJ,16
2010,FRA (PYF),LL,SSP,30
2010,FRA (PYF),LL,SWO,58
2010,FRA (PYF),LL,YFT,301
2010,FRA (PYF),UNK,ALB,246
2010,FRA (PYF),UNK,BET,0
2010,FRA (PYF),UNK,BLM,0
2010,FRA (PYF),UNK,BUM,126
2010,FRA (PYF),UNK,DOX,466
2010,FRA (PYF),UNK,MLS,9
2010,FRA (PYF),UNK,MZZ,124
2010,FRA (PYF),UNK,SFA,0
2010,FRA (PYF),UNK,SKH,0
2010,FRA (PYF),UNK,SKJ,971
2010,FRA (PYF),UNK,SSP,0
2010,FRA (PYF),UNK,SWO,0
2010,FRA (PYF),UNK,YFT,407
2010,GTM,LL,BIL,25
2010,GTM,LL,DOX,603
2010,GTM,LL,SKH,602
2010,GTM,LL,SWO,1
2010,GTM,UNK,DOX,0
2010,GTM,UNK,SKH,1
2010,JPN,LL,ALB,1471
2010,JPN,LL,BET,15847
2010,JPN,LL,BLM,26
2010,JPN,LL,BUM,809
2010,JPN,LL,MLS,438
2010,JPN,LL,PBF,0
2010,JPN,LL,SFA,11
2010,JPN,LL,SKH,1441
2010,JPN,LL,SKJ,60
2010,JPN,LL,SSP,398
2010,JPN,LL,SWO,3100
2010,JPN,LL,TUN,0
2010,JPN,LL,YFT,3639
2010,KOR,LL,ALB,492
2010,KOR,LL,BET,9244
2010,KOR,LL,BLM,59
2010,KOR,LL,BUM,494
2010,KOR,LL,MLS,72
2010,KOR,LL,MZZ,340
2010,KOR,LL,PBF,2
2010,KOR,LL,SFA,0
2010,KOR,LL,SKH,728
2010,KOR,LL,SKJ,2
2010,KOR,LL,SWO,1129
2010,KOR,LL,YFT,737
2010,MEX,GN,CGX,23
2010,MEX,GN,DOX,0
2010,MEX,GN,MZZ,1
2010,MEX,GN,SWO,13
2010,MEX,GN,YFT,1
2010,MEX,LL,ALB,0
2010,MEX,LL,BXQ,9
2010,MEX,LL,CGX,2
2010,MEX,LL,DOX,9
2010,MEX,LL,MZZ,36
2010,MEX,LL,PBF,0
2010,MEX,LL,SKH,14312
2010,MEX,LL,SWO,467
2010,MEX,LL,YFT,6
2010,MEX,PS,ALB,25
2010,MEX,PS,BET,11
2010,MEX,PS,BIL,1
2010,MEX,PS,BKJ,2661
2010,MEX,PS,BLM,9
2010,MEX,PS,BUM,11
2010,MEX,PS,BZX,2811
2010,MEX,PS,CGX,73
2010,MEX,PS,DOX,16
2010,MEX,PS,MLS,7
2010,MEX,PS,MZZ,60
2010,MEX,PS,PBF,7746
2010,MEX,PS,SFA,10
2010,MEX,PS,SKH,212
2010,MEX,PS,SKJ,3010
2010,MEX,PS,SRX,0
2010,MEX,PS,SSP,0
2010,MEX,PS,SWO,2
2010,MEX,PS,TUN,6
2010,MEX,PS,YFT,104969
2010,NIC,LL,BXQ,2
2010,NIC,LL,CGX,6
2010,NIC,LL,DOX,181
2010,NIC,LL,MZZ,0
2010,NIC,LL,SFA,11
2010,NIC,LL,SKH,75
2010,NIC,LL,SWO,7
2010,NIC,PS,BET,1934
2010,NIC,PS,BIL,1
2010,NIC,PS,BKJ,70
2010,NIC,PS,BLM,4
2010,NIC,PS,BUM,6
2010,NIC,PS,CGX,0
2010,NIC,PS,DOX,30
2010,NIC,PS,MLS,0
2010,NIC,PS,MZZ,25
2010,NIC,PS,SFA,1
2010,NIC,PS,SKH,0
2010,NIC,PS,SKJ,5242
2010,NIC,PS,SRX,0
2010,NIC,PS,SSP,0
2010,NIC,PS,SWO,0
2010,NIC,PS,TUN,1
2010,NIC,PS,YFT,9422
2010,OTR,LL,ALB,0
2010,OTR,LL,BET,2
2010,OTR,LL,BIL,9
2010,OTR,LL,BXQ,1
2010,OTR,LL,DOX,0
2010,OTR,LL,MZZ,19
2010,OTR,LL,SKH,113
2010,OTR,LL,SWO,301
2010,OTR,LL,TUN,0
2010,OTR,LL,YFT,3
2010,OTR,LP,BZX,4
2010,OTR,LP,SKJ,47
2010,OTR,LP,YFT,460
2010,OTR,PS,BET,4672
2010,OTR,PS,BIL,0
2010,OTR,PS,BKJ,116
2010,OTR,PS,BLM,3
2010,OTR,PS,BUM,18
2010,OTR,PS,CGX,0
2010,OTR,PS,DOX,95
2010,OTR,PS,MLS,0
2010,OTR,PS,MZZ,37
2010,OTR,PS,SFA,0
2010,OTR,PS,SKH,4
2010,OTR,PS,SKJ,12660
2010,OTR,PS,SRX,0
2010,OTR,PS,SSP,0
2010,OTR,PS,SWO,0
2010,OTR,PS,TUN,12
2010,OTR,PS,YFT,22758
2010,PAN,LL,DOX,54
2010,PAN,LL,SKH,57
2010,PAN,LL,TUN,1090
2010,PAN,PS,BET,7089
2010,PAN,PS,BIL,1
2010,PAN,PS,BKJ,3
2010,PAN,PS,BLM,9
2010,PAN,PS,BUM,27
2010,PAN,PS,CGX,0
2010,PAN,PS,DOX,67
2010,PAN,PS,MLS,3
2010,PAN,PS,MZZ,40
2010,PAN,PS,SFA,2
2010,PAN,PS,SKH,9
2010,PAN,PS,SKJ,19213
2010,PAN,PS,SRX,0
2010,PAN,PS,SSP,0
2010,PAN,PS,SWO,0
2010,PAN,PS,TUN,0
2010,PAN,PS,YFT,34538
2010,PER,UNK,BKJ,184
2010,PER,UNK,DOX,47414
2010,PER,UNK,SFA,3
2010,PER,UNK,SKJ,298
2010,PER,UNK,SWO,5
2010,PER,UNK,TUN,36
2010,PER,UNK,YFT,317
2010,TWN,LL,ALB,4214
2010,TWN,LL,BET,5276
2010,TWN,LL,BIL,65
2010,TWN,LL,BUM,478
2010,TWN,LL,MLS,211
2010,TWN,LL,SKH,1159
2010,TWN,LL,SKJ,34
2010,TWN,LL,SWO,1077
2010,TWN,LL,TUN,16
2010,TWN,LL,YFT,872
2010,USA,GN,ALB,5
2010,USA,GN,DOX,0
2010,USA,GN,MZZ,32
2010,USA,GN,PBF,1
2010,USA,GN,SKH,54
2010,USA,GN,SWO,62
2010,USA,HAR,SKH,0
2010,USA,HAR,SWO,37
2010,USA,LL,ALB,49
2010,USA,LL,BET,1356
2010,USA,LL,BIL,0
2010,USA,LL,BLM,0
2010,USA,LL,BUM,44
2010,USA,LL,DOX,185
2010,USA,LL,MLS,28
2010,USA,LL,MZZ,545
2010,USA,LL,PBF,0
2010,USA,LL,SFA,1
2010,USA,LL,SKH,30
2010,USA,LL,SKJ,21
2010,USA,LL,SSP,31
2010,USA,LL,SWO,644
2010,USA,LL,TUN,0
2010,USA,LL,YFT,54
2010,USA,LTL,ALB,11692
2010,USA,LTL,CGX,0
2010,USA,LTL,DOX,0
2010,USA,LTL,MZZ,0
2010,USA,LTL,SKJ,0
2010,USA,OTR,ALB,0
2010,USA,OTR,DOX,0
2010,USA,OTR,PBF,0
2010,USA,OTR,SKH,65
2010,USA,OTR,YFT,0
2010,USA,RG,ALB,862
2010,USA,RG,BZX,70
2010,USA,RG,MZZ,226
2010,USA,RG,PBF,88
2010,USA,RG,SKJ,1
2010,USA,RG,TUN,0
2010,USA,RG,YFT,276
2010,VEN,PS,BET,4360
2010,VEN,PS,BIL,1
2010,VEN,PS,BKJ,9
2010,VEN,PS,BLM,6
2010,VEN,PS,BUM,7
2010,VEN,PS,CGX,3
2010,VEN,PS,DOX,52
2010,VEN,PS,MLS,4
2010,VEN,PS,MZZ,12
2010,VEN,PS,SFA,10
2010,VEN,PS,SKH,29
2010,VEN,PS,SKJ,11818
2010,VEN,PS,SRX,2
2010,VEN,PS,SSP,0
2010,VEN,PS,SWO,1
2010,VEN,PS,TUN,0
2010,VEN,PS,YFT,21244
2010,VUT,LL,ALB,4861
2010,VUT,LL,BET,1496
2010,VUT,LL,BLM,42
2010,VUT,LL,BUM,82
2010,VUT,LL,MLS,45
2010,VUT,LL,MZZ,423
2010,VUT,LL,SKH,83
2010,VUT,LL,SWO,207
2010,VUT,LL,YFT,268
2011,BLZ,LL,BET,6
2011,BLZ,LL,BUM,10
2011,BLZ,LL,DOX,8
2011,BLZ,LL,MLS,142
2011,BLZ,LL,SKH,1704
2011,BLZ,LL,SWO,556
2011,BLZ,LL,YFT,48
2011,CAN,LTL,ALB,5383
2011,CHL,GN,SWO,4028
2011,CHL,HAR,SWO,26
2011,CHL,LL,SWO,895
2011,CHL,UNK,BXQ,3
2011,CHL,UNK,BZX,9
2011,CHL,UNK,YFT,2
2011,CHN,LL,ALB,2726
2011,CHN,LL,BET,5450
2011,CHN,LL,BLM,119
2011,CHN,LL,BUM,334
2011,CHN,LL,MLS,298
2011,CHN,LL,SKH,473
2011,CHN,LL,SWO,926
2011,CHN,LL,YFT,1807
2011,COL,PS,ALB,10
2011,COL,PS,BET,3210
2011,COL,PS,BIL,2
2011,COL,PS,BKJ,0
2011,COL,PS,BLM,5
2011,COL,PS,BUM,9
2011,COL,PS,CGX,1
2011,COL,PS,DOX,91
2011,COL,PS,MLS,1
2011,COL,PS,MZZ,9
2011,COL,PS,SFA,0
2011,COL,PS,SKH,0
2011,COL,PS,SKJ,23269
2011,COL,PS,SRX,0
2011,COL,PS,SSP,0
2011,COL,PS,SWO,0
2011,COL,PS,TUN,0
2011,COL,PS,YFT,18643
2011,CRI,LL,BUM,316
2011,CRI,LL,CGX,1
2011,CRI,LL,DOX,1135
2011,CRI,LL,MLS,218
2011,CRI,LL,MZZ,19
2011,CRI,LL,SFA,258
2011,CRI,LL,SKH,4832
2011,CRI,LL,SWO,929
2011,CRI,LL,TUN,1134
2011,ECU,LL,BET,529
2011,ECU,LL,BIL,2336
2011,ECU,LL,BKJ,6
2011,ECU,LL,BZX,10
2011,ECU,LL,DOX,10210
2011,ECU,LL,MLS,339
2011,ECU,LL,MZZ,195
2011,ECU,LL,SFA,329
2011,ECU,LL,SKH,10811
2011,ECU,LL,SKJ,1253
2011,ECU,LL,SRX,0
2011,ECU,LL,SWO,1072
2011,ECU,LL,YFT,1830
2011,ECU,PS,BET,31282
2011,ECU,PS,BIL,7
2011,ECU,PS,BKJ,186
2011,ECU,PS,BLM,18
2011,ECU,PS,BUM,86
2011,ECU,PS,BZX,3
2011,ECU,PS,CGX,5
2011,ECU,PS,DOX,772
2011,ECU,PS,MLS,4
2011,ECU,PS,MZZ,387
2011,ECU,PS,SFA,0
2011,ECU,PS,SKH,75
2011,ECU,PS,SKJ,149637
2011,ECU,PS,SRX,0
2011,ECU,PS,SSP,0
2011,ECU,PS,SWO,1
2011,ECU,PS,TUN,40
2011,ECU,PS,YFT,32946
2011,EU (ESP),LL,ALB,42
2011,EU (ESP),LL,BET,167
2011,EU (ESP),LL,BLM,0
2011,EU (ESP),LL,BUM,96
2011,EU (ESP),LL,CGX,0
2011,EU (ESP),LL,DOX,130
2011,EU (ESP),LL,MLS,190
2011,EU (ESP),LL,MZZ,344
2011,EU (ESP),LL,SFA,52
2011,EU (ESP),LL,SKH,6672
2011,EU (ESP),LL,SKJ,0
2011,EU (ESP),LL,SSP,53
2011,EU (ESP),LL,SWO,9675
2011,EU (ESP),LL,YFT,24
2011,EU (ESP),PS,BET,4111
2011,EU (ESP),PS,BIL,0
2011,EU (ESP),PS,BKJ,0
2011,EU (ESP),PS,BLM,0
2011,EU (ESP),PS,BUM,7
2011,EU (ESP),PS,CGX,0
2011,EU (ESP),PS,DOX,33
2011,EU (ESP),PS,MZZ,2
2011,EU (ESP),PS,SKH,0
2011,EU (ESP),PS,SKJ,5238
2011,EU (ESP),PS,SRX,0
2011,EU (ESP),PS,SSP,0
2011,EU (ESP),PS,TUN,0
2011,EU (ESP),PS,YFT,1072
2011,FRA (PYF),LL,ALB,2384
2011,FRA (PYF),LL,BET,445
2011,FRA (PYF),LL,BLM,0
2011,FRA (PYF),LL,BUM,149
2011,FRA (PYF),LL,DOX,89
2011,FRA (PYF),LL,MLS,92
2011,FRA (PYF),LL,MZZ,447
2011,FRA (PYF),LL,SFA,4
2011,FRA (PYF),LL,SKH,10
2011,FRA (PYF),LL,SKJ,14
2011,FRA (PYF),LL,SSP,29
2011,FRA (PYF),LL,SWO,65
2011,FRA (PYF),LL,YFT,349
2011,FRA (PYF),UNK,ALB,212
2011,FRA (PYF),UNK,BUM,144
2011,FRA (PYF),UNK,DOX,295
2011,FRA (PYF),UNK,MLS,16
2011,FRA (PYF),UNK,MZZ,318
2011,FRA (PYF),UNK,SFA,3
2011,FRA (PYF),UNK,SKJ,686
2011,FRA (PYF),UNK,YFT,385
2011,GTM,LL,BIL,4
2011,GTM,LL,DOX,140
2011,GTM,LL,SKH,139
2011,GTM,LL,SWO,3
2011,GTM,UNK,SKH,0
2011,JPN,LL,ALB,2852
2011,JPN,LL,BET,13399
2011,JPN,LL,BLM,26
2011,JPN,LL,BUM,457
2011,JPN,LL,MLS,632
2011,JPN,LL,SFA,5
2011,JPN,LL,SKH,1926
2011,JPN,LL,SKJ,58
2011,JPN,LL,SSP,349
2011,JPN,LL,SWO,3702
2011,JPN,LL,YFT,2373
2011,KOR,LL,ALB,442
2011,KOR,LL,BET,6617
2011,KOR,LL,BLM,36
2011,KOR,LL,BUM,303
2011,KOR,LL,MLS,69
2011,KOR,LL,MZZ,225
2011,KOR,LL,SFA,0
2011,KOR,LL,SKH,630
2011,KOR,LL,SKJ,1
2011,KOR,LL,SWO,1089
2011,KOR,LL,YFT,754
2011,MEX,GN,MZZ,0
2011,MEX,GN,SWO,2
2011,MEX,LL,BXQ,10
2011,MEX,LL,CGX,7
2011,MEX,LL,DOX,16
2011,MEX,LL,MZZ,74
2011,MEX,LL,PBF,1
2011,MEX,LL,SKH,16472
2011,MEX,LL,SWO,343
2011,MEX,LL,YFT,6
2011,MEX,PS,BET,133
2011,MEX,PS,BIL,4
2011,MEX,PS,BKJ,2023
2011,MEX,PS,BLM,8
2011,MEX,PS,BUM,15
2011,MEX,PS,BZX,7966
2011,MEX,PS,CGX,55
2011,MEX,PS,DOX,22
2011,MEX,PS,MLS,13
2011,MEX,PS,MZZ,76
2011,MEX,PS,PBF,2730
2011,MEX,PS,SFA,6
2011,MEX,PS,SKH,155
2011,MEX,PS,SKJ,11899
2011,MEX,PS,SRX,0
2011,MEX,PS,SSP,0
2011,MEX,PS,SWO,1
2011,MEX,PS,TUN,43
2011,MEX,PS,YFT,99812
2011,NIC,LL,DOX,338
2011,NIC,LL,MZZ,0
2011,NIC,LL,SFA,8
2011,NIC,LL,SKH,61
2011,NIC,LL,SWO,4
2011,NIC,LL,TUN,20
2011,NIC,PS,BET,2256
2011,NIC,PS,BIL,0
2011,NIC,PS,BLM,1
2011,NIC,PS,BUM,4
2011,NIC,PS,CGX,0
2011,NIC,PS,DOX,26
2011,NIC,PS,MLS,0
2011,NIC,PS,MZZ,4
2011,NIC,PS,SFA,1
2011,NIC,PS,SKH,0
2011,NIC,PS,SKJ,3889
2011,NIC,PS,SRX,0
2011,NIC,PS,SSP,0
2011,NIC,PS,SWO,0
2011,NIC,PS,YFT,7781
2011,OTR,LL,ALB,0
2011,OTR,LL,BET,4
2011,OTR,LL,BIL,23
2011,OTR,LL,DOX,1
2011,OTR,LL,MZZ,4
2011,OTR,LL,SKH,39
2011,OTR,LL,SWO,82
2011,OTR,LL,YFT,5
2011,OTR,LP,BZX,18
2011,OTR,LP,SKJ,24
2011,OTR,LP,YFT,276
2011,OTR,PS,BET,7266
2011,OTR,PS,BIL,0
2011,OTR,PS,BKJ,69
2011,OTR,PS,BLM,1
2011,OTR,PS,BUM,11
2011,OTR,PS,CGX,0
2011,OTR,PS,DOX,69
2011,OTR,PS,MLS,2
2011,OTR,PS,MZZ,3
2011,OTR,PS,PBF,99
2011,OTR,PS,SFA,1
2011,OTR,PS,SKH,13
2011,OTR,PS,SKJ,25240
2011,OTR,PS,SRX,0
2011,OTR,PS,SSP,0
2011,OTR,PS,SWO,0
2011,OTR,PS,TUN,15
2011,OTR,PS,YFT,9278
2011,PAN,LL,DOX,296
2011,PAN,LL,MZZ,22
2011,PAN,LL,SKH,345
2011,PAN,LL,TUN,2019
2011,PAN,PS,BET,7953
2011,PAN,PS,BIL,1
2011,PAN,PS,BLM,15
2011,PAN,PS,BUM,12
2011,PAN,PS,CGX,1
2011,PAN,PS,DOX,162
2011,PAN,PS,MLS,3
2011,PAN,PS,MZZ,14
2011,PAN,PS,SFA,2
2011,PAN,PS,SKH,11
2011,PAN,PS,SKJ,29837
2011,PAN,PS,SRX,0
2011,PAN,PS,SSP,0
2011,PAN,PS,SWO,0
2011,PAN,PS,YFT,18607
2011,PER,UNK,DOX,20640
2011,PER,UNK,SFA,25
2011,PER,UNK,SKJ,165
2011,PER,UNK,SWO,7
2011,PER,UNK,YFT,418
2011,TWN,LL,ALB,4790
2011,TWN,LL,BET,3957
2011,TWN,LL,BIL,5
2011,TWN,LL,BLM,4
2011,TWN,LL,BUM,288
2011,TWN,LL,MLS,568
2011,TWN,LL,SKH,1253
2011,TWN,LL,SKJ,28
2011,TWN,LL,SWO,1065
2011,TWN,LL,TUN,4
2011,TWN,LL,YFT,647
2011,USA,GN,ALB,5
2011,USA,GN,BZX,0
2011,USA,GN,CGX,0
2011,USA,GN,MZZ,28
2011,USA,GN,PBF,18
2011,USA,GN,SKH,64
2011,USA,GN,SKJ,0
2011,USA,GN,SWO,119
2011,USA,HAR,SKH,0
2011,USA,HAR,SWO,24
2011,USA,LL,ALB,98
2011,USA,LL,BET,1050
2011,USA,LL,BIL,0
2011,USA,LL,BLM,0
2011,USA,LL,BUM,38
2011,USA,LL,DOX,76
2011,USA,LL,MLS,31
2011,USA,LL,MZZ,451
2011,USA,LL,SFA,2
2011,USA,LL,SKH,21
2011,USA,LL,SKJ,30
2011,USA,LL,SSP,31
2011,USA,LL,SWO,764
2011,USA,LL,TUN,0
2011,USA,LL,YFT,55
2011,USA,LTL,ALB,10054
2011,USA,LTL,PBF,0
2011,USA,LTL,SKJ,0
2011,USA,OTR,ALB,0
2011,USA,OTR,DOX,0
2011,USA,OTR,PBF,1
2011,USA,OTR,SKH,28
2011,USA,OTR,TUN,0
2011,USA,OTR,YFT,1
2011,USA,RG,ALB,421
2011,USA,RG,BZX,2
2011,USA,RG,MZZ,160
2011,USA,RG,PBF,225
2011,USA,RG,YFT,324
2011,VEN,PS,BET,301
2011,VEN,PS,BIL,1
2011,VEN,PS,BKJ,39
2011,VEN,PS,BLM,10
2011,VEN,PS,BUM,6
2011,VEN,PS,BZX,0
2011,VEN,PS,CGX,9
2011,VEN,PS,DOX,116
2011,VEN,PS,MLS,3
2011,VEN,PS,MZZ,12
2011,VEN,PS,SFA,7
2011,VEN,PS,SKH,23
2011,VEN,PS,SKJ,27026
2011,VEN,PS,SRX,1
2011,VEN,PS,SWO,1
2011,VEN,PS,TUN,10
2011,VEN,PS,YFT,18712
2011,VUT,LL,ALB,2856
2011,VUT,LL,BET,694
2011,VUT,LL,BLM,2
2011,VUT,LL,BUM,34
2011,VUT,LL,MLS,60
2011,VUT,LL,MZZ,190
2011,VUT,LL,SKH,54
2011,VUT,LL,SKJ,1
2011,VUT,LL,SWO,118
2011,VUT,LL,YFT,150
2012,BLZ,LL,BET,12
2012,BLZ,LL,BLM,17
2012,BLZ,LL,BUM,32
2012,BLZ,LL,DOX,12
2012,BLZ,LL,MLS,97
2012,BLZ,LL,MZZ,2
2012,BLZ,LL,SFA,0
2012,BLZ,LL,SKH,1444
2012,BLZ,LL,SWO,914
2012,BLZ,LL,YFT,42
2012,CAN,LTL,ALB,2484
2012,CHL,GN,SWO,5168
2012,CHL,HAR,SWO,34
2012,CHL,LHP,SWO,1
2012,CHL,LL,SWO,1143
2012,CHL,UNK,BZX,62
2012,CHL,UNK,SKJ,7
2012,CHL,UNK,YFT,50
2012,CHN,LL,ALB,7485
2012,CHN,LL,BET,4386
2012,CHN,LL,BLM,375
2012,CHN,LL,BUM,1054
2012,CHN,LL,MLS,761
2012,CHN,LL,MZZ,505
2012,CHN,LL,SKH,929
2012,CHN,LL,SWO,1226
2012,CHN,LL,YFT,2591
2012,COL,PS,BET,1873
2012,COL,PS,BIL,1
2012,COL,PS,BLM,7
2012,COL,PS,BUM,4
2012,COL,PS,CGX,0
2012,COL,PS,DOX,109
2012,COL,PS,MLS,3
2012,COL,PS,MZZ,22
2012,COL,PS,SFA,0
2012,COL,PS,SKH,2
2012,COL,PS,SKJ,15760
2012,COL,PS,SRX,0
2012,COL,PS,SSP,0
2012,COL,PS,SWO,0
2012,COL,PS,YFT,20924
2012,CRI,LL,BET,3
2012,CRI,LL,BUM,629
2012,CRI,LL,DOX,2193
2012,CRI,LL,MLS,316
2012,CRI,LL,MZZ,12
2012,CRI,LL,SFA,272
2012,CRI,LL,SKH,4572
2012,CRI,LL,SKJ,20
2012,CRI,LL,SWO,2205
2012,CRI,LL,TUN,196
2012,CRI,LL,YFT,1482
2012,ECU,LL,BET,472
2012,ECU,LL,BIL,2090
2012,ECU,LL,BKJ,5
2012,ECU,LL,BZX,1
2012,ECU,LL,DOX,14464
2012,ECU,LL,MLS,261
2012,ECU,LL,MZZ,291
2012,ECU,LL,SFA,311
2012,ECU,LL,SKJ,2200
2012,ECU,LL,SSP,0
2012,ECU,LL,SWO,1656
2012,ECU,LL,YFT,2581
2012,ECU,PS,BET,45633
2012,ECU,PS,BIL,3
2012,ECU,PS,BKJ,872
2012,ECU,PS,BLM,33
2012,ECU,PS,BUM,124
2012,ECU,PS,BZX,3837
2012,ECU,PS,CGX,2
2012,ECU,PS,DOX,1322
2012,ECU,PS,MLS,6
2012,ECU,PS,MZZ,774
2012,ECU,PS,SFA,0
2012,ECU,PS,SKH,66
2012,ECU,PS,SKJ,151280
2012,ECU,PS,SRX,1
2012,ECU,PS,SSP,0
2012,ECU,PS,SWO,1
2012,ECU,PS,TUN,38
2012,ECU,PS,YFT,29485
2012,EU (ESP),LL,ALB,20
2012,EU (ESP),LL,BET,109
2012,EU (ESP),LL,BUM,81
2012,EU (ESP),LL,BXQ,0
2012,EU (ESP),LL,DOX,303
2012,EU (ESP),LL,MLS,163
2012,EU (ESP),LL,MZZ,394
2012,EU (ESP),LL,PBF,0
2012,EU (ESP),LL,SFA,88
2012,EU (ESP),LL,SKH,5947
2012,EU (ESP),LL,SKJ,0
2012,EU (ESP),LL,SSP,50
2012,EU (ESP),LL,SWO,8959
2012,EU (ESP),LL,YFT,15
2012,EU (ESP),PS,BET,3866
2012,EU (ESP),PS,BIL,0
2012,EU (ESP),PS,BKJ,10
2012,EU (ESP),PS,BLM,1
2012,EU (ESP),PS,BUM,5
2012,EU (ESP),PS,CGX,0
2012,EU (ESP),PS,DOX,9
2012,EU (ESP),PS,MZZ,1
2012,EU (ESP),PS,SFA,0
2012,EU (ESP),PS,SKH,0
2012,EU (ESP),PS,SKJ,15773
2012,EU (ESP),PS,SRX,0
2012,EU (ESP),PS,SSP,0
2012,EU (ESP),PS,YFT,1065
2012,FRA (PYF),LL,ALB,2552
2012,FRA (PYF),LL,BET,464
2012,FRA (PYF),LL,BLM,0
2012,FRA (PYF),LL,BUM,171
2012,FRA (PYF),LL,DOX,101
2012,FRA (PYF),LL,MLS,83
2012,FRA (PYF),LL,MZZ,439
2012,FRA (PYF),LL,SFA,3
2012,FRA (PYF),LL,SKJ,35
2012,FRA (PYF),LL,SSP,25
2012,FRA (PYF),LL,SWO,82
2012,FRA (PYF),LL,YFT,538
2012,FRA (PYF),UNK,ALB,210
2012,FRA (PYF),UNK,BET,8
2012,FRA (PYF),UNK,BUM,177
2012,FRA (PYF),UNK,DOX,329
2012,FRA (PYF),UNK,MLS,20
2012,FRA (PYF),UNK,MZZ,220
2012,FRA (PYF),UNK,SFA,3
2012,FRA (PYF),UNK,SKJ,1032
2012,FRA (PYF),UNK,YFT,478
2012,GTM,UNK,DOX,15
2012,GTM,UNK,MZZ,7
2012,GTM,UNK,SKH,318
2012,JPN,LL,ALB,2216
2012,JPN,LL,BET,16323
2012,JPN,LL,BLM,19
2012,JPN,LL,BUM,740
2012,JPN,LL,MLS,665
2012,JPN,LL,SFA,5
2012,JPN,LL,SKH,1468
2012,JPN,LL,SKJ,74
2012,JPN,LL,SSP,459
2012,JPN,LL,SWO,3866
2012,JPN,LL,YFT,3600
2012,KOR,LL,ALB,195
2012,KOR,LL,BET,7450
2012,KOR,LL,BLM,15
2012,KOR,LL,BUM,384
2012,KOR,LL,MLS,42
2012,KOR,LL,MZZ,207
2012,KOR,LL,PBF,0
2012,KOR,LL,SFA,0
2012,KOR,LL,SKH,324
2012,KOR,LL,SKJ,10
2012,KOR,LL,SWO,1029
2012,KOR,LL,YFT,631
2012,MEX,GN,MZZ,2
2012,MEX,GN,SWO,3
2012,MEX,LL,BXQ,11
2012,MEX,LL,CGX,1
2012,MEX,LL,DOX,28
2012,MEX,LL,MZZ,63
2012,MEX,LL,PBF,1
2012,MEX,LL,SKH,15443
2012,MEX,LL,SWO,374
2012,MEX,LL,YFT,7
2012,MEX,LP,SKJ,201
2012,MEX,LP,YFT,363
2012,MEX,PS,BET,225
2012,MEX,PS,BIL,4
2012,MEX,PS,BKJ,3614
2012,MEX,PS,BLM,12
2012,MEX,PS,BUM,19
2012,MEX,PS,BZX,4329
2012,MEX,PS,CGX,48
2012,MEX,PS,DOX,84
2012,MEX,PS,MLS,13
2012,MEX,PS,MZZ,37
2012,MEX,PS,PBF,6667
2012,MEX,PS,SFA,9
2012,MEX,PS,SKH,138
2012,MEX,PS,SKJ,18058
2012,MEX,PS,SRX,0
2012,MEX,PS,SSP,0
2012,MEX,PS,SWO,2
2012,MEX,PS,YFT,93323
2012,NIC,PS,BET,1250
2012,NIC,PS,BIL,0
2012,NIC,PS,BLM,1
2012,NIC,PS,BUM,2
2012,NIC,PS,CGX,0
2012,NIC,PS,DOX,16
2012,NIC,PS,MLS,0
2012,NIC,PS,MZZ,9
2012,NIC,PS,SFA,0
2012,NIC,PS,SKH,0
2012,NIC,PS,SKJ,3931
2012,NIC,PS,SRX,0
2012,NIC,PS,SSP,0
2012,NIC,PS,SWO,0
2012,NIC,PS,YFT,7541
2012,NIC,UNK,DOX,531
2012,NIC,UNK,SFA,12
2012,NIC,UNK,SKH,20
2012,NIC,UNK,SWO,17
2012,NIC,UNK,TUN,22
2012,OTR,LL,BET,10
2012,OTR,LL,BIL,1
2012,OTR,LL,BLM,11
2012,OTR,LL,MZZ,7
2012,OTR,LL,SKH,101
2012,OTR,LL,SWO,156
2012,OTR,LL,YFT,5
2012,OTR,PS,BET,5087
2012,OTR,PS,BIL,0
2012,OTR,PS,BKJ,1
2012,OTR,PS,BLM,0
2012,OTR,PS,BUM,4
2012,OTR,PS,CGX,0
2012,OTR,PS,DOX,14
2012,OTR,PS,MLS,2
2012,OTR,PS,MZZ,0
2012,OTR,PS,PBF,38
2012,OTR,PS,SFA,0
2012,OTR,PS,SKH,0
2012,OTR,PS,SKJ,14798
2012,OTR,PS,SRX,1
2012,OTR,PS,SWO,0
2012,OTR,PS,TUN,1
2012,OTR,PS,YFT,6339
2012,PAN,LL,BIL,52
2012,PAN,LL,DOX,78
2012,PAN,LL,MZZ,30
2012,PAN,LL,SFA,3
2012,PAN,LL,SKH,353
2012,PAN,LL,SWO,711
2012,PAN,LL,YFT,519
2012,PAN,PS,BET,7238
2012,PAN,PS,BIL,1
2012,PAN,PS,BLM,9
2012,PAN,PS,BUM,14
2012,PAN,PS,BZX,25
2012,PAN,PS,CGX,0
2012,PAN,PS,DOX,123
2012,PAN,PS,MLS,2
2012,PAN,PS,MZZ,19
2012,PAN,PS,SFA,0
2012,PAN,PS,SKH,3
2012,PAN,PS,SKJ,25786
2012,PAN,PS,SRX,0
2012,PAN,PS,SSP,0
2012,PAN,PS,SWO,1
2012,PAN,PS,YFT,15932
2012,PER,UNK,ALB,0
2012,PER,UNK,BET,19
2012,PER,UNK,BKJ,7
2012,PER,UNK,DOX,25752
2012,PER,UNK,SKJ,69
2012,PER,UNK,SWO,766
2012,PER,UNK,TUN,198
2012,PER,UNK,YFT,251
2012,TWN,LL,ALB,6145
2012,TWN,LL,BET,4999
2012,TWN,LL,BIL,23
2012,TWN,LL,BLM,1
2012,TWN,LL,BUM,577
2012,TWN,LL,MLS,224
2012,TWN,LL,SKH,1168
2012,TWN,LL,SKJ,31
2012,TWN,LL,SWO,1778
2012,TWN,LL,YFT,749
2012,UNK,LP,SKJ,102
2012,UNK,LP,YFT,37
2012,USA,GN,ALB,8
2012,USA,GN,BET,0
2012,USA,GN,MZZ,16
2012,USA,GN,PBF,4
2012,USA,GN,SKH,48
2012,USA,GN,SKJ,1
2012,USA,GN,SWO,118
2012,USA,HAR,SKH,0
2012,USA,HAR,SWO,5
2012,USA,LL,ALB,65
2012,USA,LL,BET,875
2012,USA,LL,BIL,0
2012,USA,LL,BLM,0
2012,USA,LL,BUM,21
2012,USA,LL,DOX,86
2012,USA,LL,MLS,19
2012,USA,LL,MZZ,381
2012,USA,LL,SFA,1
2012,USA,LL,SKH,21
2012,USA,LL,SKJ,7
2012,USA,LL,SSP,17
2012,USA,LL,SWO,495
2012,USA,LL,TUN,0
2012,USA,LL,YFT,39
2012,USA,LTL,ALB,14184
2012,USA,LTL,PBF,0
2012,USA,LTL,SKH,0
2012,USA,LTL,SKJ,0
2012,USA,OTR,ALB,2
2012,USA,OTR,DOX,1
2012,USA,OTR,PBF,0
2012,USA,OTR,SKH,42
2012,USA,OTR,SKJ,0
2012,USA,OTR,SWO,1
2012,USA,OTR,YFT,0
2012,USA,RG,ALB,1212
2012,USA,RG,BZX,2
2012,USA,RG,MZZ,136
2012,USA,RG,PBF,400
2012,USA,RG,TUN,0
2012,USA,RG,YFT,708
2012,VEN,PS,BET,848
2012,VEN,PS,BIL,0
2012,VEN,PS,BKJ,7
2012,VEN,PS,BLM,7
2012,VEN,PS,BUM,5
2012,VEN,PS,CGX,3
2012,VEN,PS,DOX,127
2012,VEN,PS,MLS,2
2012,VEN,PS,MZZ,12
2012,VEN,PS,SFA,3
2012,VEN,PS,SKH,14
2012,VEN,PS,SKJ,20829
2012,VEN,PS,SRX,1
2012,VEN,PS,SWO,1
2012,VEN,PS,TUN,2
2012,VEN,PS,YFT,23408
2012,VUT,LL,ALB,5518
2012,VUT,LL,BET,808
2012,VUT,LL,BLM,4
2012,VUT,LL,BUM,34
2012,VUT,LL,DOX,2
2012,VUT,LL,MLS,71
2012,VUT,LL,MZZ,349
2012,VUT,LL,PBF,0
2012,VUT,LL,SFA,2
2012,VUT,LL,SKH,120
2012,VUT,LL,SKJ,4
2012,VUT,LL,SWO,127
2012,VUT,LL,YFT,154
2013,BLZ,LL,ALB,12
2013,BLZ,LL,BET,148
2013,BLZ,LL,BLM,75
2013,BLZ,LL,BUM,79
2013,BLZ,LL,MLS,35
2013,BLZ,LL,SKH,1403
2013,BLZ,LL,SWO,1279
2013,BLZ,LL,YFT,28
2013,CAN,LTL,ALB,5088
2013,CHL,GN,SWO,4186
2013,CHL,HAR,SWO,17
2013,CHL,LHP,SWO,1
2013,CHL,LL,SWO,652
2013,CHL,OTR,SWO,0
2013,CHL,UNK,BET,1
2013,CHL,UNK,BZX,19
2013,CHL,UNK,YFT,4
2013,CHN,LL,ALB,11055
2013,CHN,LL,BET,5199
2013,CHN,LL,BLM,10
2013,CHN,LL,BUM,1072
2013,CHN,LL,MLS,587
2013,CHN,LL,MZZ,407
2013,CHN,LL,SKH,1043
2013,CHN,LL,SWO,1537
2013,CHN,LL,YFT,1874
2013,COL,PS,BET,1405
2013,COL,PS,BIL,0
2013,COL,PS,BKJ,14
2013,COL,PS,BLM,5
2013,COL,PS,BUM,6
2013,COL,PS,CGX,1
2013,COL,PS,DOX,109
2013,COL,PS,MLS,1
2013,COL,PS,MZZ,24
2013,COL,PS,SFA,0
2013,COL,PS,SKH,0
2013,COL,PS,SKJ,22168
2013,COL,PS,SRX,0
2013,COL,PS,SSP,0
2013,COL,PS,SWO,0
2013,COL,PS,YFT,16476
2013,CRI,LL,BUM,614
2013,CRI,LL,DOX,1390
2013,CRI,LL,MLS,270
2013,CRI,LL,MZZ,39
2013,CRI,LL,SFA,211
2013,CRI,LL,SKH,4278
2013,CRI,LL,SKJ,0
2013,CRI,LL,SWO,830
2013,CRI,LL,YFT,1424
2013,ECU,LL,BET,330
2013,ECU,LL,BIL,2666
2013,ECU,LL,BKJ,10
2013,ECU,LL,BZX,13
2013,ECU,LL,DOX,9297
2013,ECU,LL,MLS,422
2013,ECU,LL,MZZ,161
2013,ECU,LL,SFA,307
2013,ECU,LL,SKJ,1874
2013,ECU,LL,SWO,1401
2013,ECU,LL,YFT,1945
2013,ECU,PS,BET,32444
2013,ECU,PS,BIL,11
2013,ECU,PS,BKJ,633
2013,ECU,PS,BLM,46
2013,ECU,PS,BUM,118
2013,ECU,PS,BZX,806
2013,ECU,PS,CGX,8
2013,ECU,PS,DOX,1113
2013,ECU,PS,MLS,6
2013,ECU,PS,MZZ,1237
2013,ECU,PS,SFA,0
2013,ECU,PS,SKH,75
2013,ECU,PS,SKJ,172002
2013,ECU,PS,SRX,0
2013,ECU,PS,SSP,0
2013,ECU,PS,SWO,1
2013,ECU,PS,TUN,18
2013,ECU,PS,YFT,27655
2013,EU (ESP),LL,ALB,12
2013,EU (ESP),LL,BET,66
2013,EU (ESP),LL,BLM,0
2013,EU (ESP),LL,BUM,29
2013,EU (ESP),LL,DOX,196
2013,EU (ESP),LL,MLS,102
2013,EU (ESP),LL,MZZ,382
2013,EU (ESP),LL,SFA,75
2013,EU (ESP),LL,SKH,6731
2013,EU (ESP),LL,SKJ,0
2013,EU (ESP),LL,SSP,48
2013,EU (ESP),LL,SWO,8467
2013,EU (ESP),LL,YFT,6
2013,EU (ESP),PS,BET,1672
2013,EU (ESP),PS,BLM,3
2013,EU (ESP),PS,BUM,1
2013,EU (ESP),PS,CGX,0
2013,EU (ESP),PS,DOX,8
2013,EU (ESP),PS,MZZ,5
2013,EU (ESP),PS,SKH,2
2013,EU (ESP),PS,SKJ,2900
2013,EU (ESP),PS,SRX,0
2013,EU (ESP),PS,YFT,511
2013,FRA (PYF),LL,ALB,2343
2013,FRA (PYF),LL,BET,527
2013,FRA (PYF),LL,BUM,162
2013,FRA (PYF),LL,DOX,122
2013,FRA (PYF),LL,MLS,71
2013,FRA (PYF),LL,MZZ,529
2013,FRA (PYF),LL,SFA,4
2013,FRA (PYF),LL,SKJ,23
2013,FRA (PYF),LL,SSP,26
2013,FRA (PYF),LL,SWO,85
2013,FRA (PYF),LL,YFT,410
2013,FRA (PYF),UNK,ALB,271
2013,FRA (PYF),UNK,BET,16
2013,FRA (PYF),UNK,BUM,168
2013,FRA (PYF),UNK,DOX,465
2013,FRA (PYF),UNK,MLS,19
2013,FRA (PYF),UNK,MZZ,148
2013,FRA (PYF),UNK,SKJ,769
2013,FRA (PYF),UNK,YFT,426
2013,JPN,LL,ALB,1651
2013,JPN,LL,BET,14258
2013,JPN,LL,BLM,20
2013,JPN,LL,BUM,866
2013,JPN,LL,MLS,548
2013,JPN,LL,PBF,0
2013,JPN,LL,SFA,5
2013,JPN,LL,SKH,1164
2013,JPN,LL,SKJ,70
2013,JPN,LL,SSP,802
2013,JPN,LL,SWO,3637
2013,JPN,LL,YFT,3117
2013,KOR,LL,ALB,493
2013,KOR,LL,BET,8822
2013,KOR,LL,BLM,31
2013,KOR,LL,BUM,854
2013,KOR,LL,MLS,91
2013,KOR,LL,MZZ,330
2013,KOR,LL,PBF,1
2013,KOR,LL,SFA,1
2013,KOR,LL,SKH,276
2013,KOR,LL,SKJ,4
2013,KOR,LL,SWO,1692
2013,KOR,LL,YFT,928
2013,MEX,LL,BXQ,20
2013,MEX,LL,CGX,1
2013,MEX,LL,DOX,20
2013,MEX,LL,MZZ,24
2013,MEX,LL,PBF,1
2013,MEX,LL,SKH,16527
2013,MEX,LL,SWO,384
2013,MEX,LL,YFT,8
2013,MEX,PS,BET,124
2013,MEX,PS,BIL,0
2013,MEX,PS,BKJ,2870
2013,MEX,PS,BLM,12
2013,MEX,PS,BUM,17
2013,MEX,PS,BZX,1260
2013,MEX,PS,CGX,5
2013,MEX,PS,DOX,42
2013,MEX,PS,MLS,12
2013,MEX,PS,MZZ,47
2013,MEX,PS,PBF,3154
2013,MEX,PS,SFA,11
2013,MEX,PS,SKH,133
2013,MEX,PS,SKJ,17350
2013,MEX,PS,SRX,0
2013,MEX,PS,SSP,0
2013,MEX,PS,SWO,1
2013,MEX,PS,TUN,16
2013,MEX,PS,YFT,114706
2013,NIC,PS,BET,2749
2013,NIC,PS,BIL,1
2013,NIC,PS,BLM,3
2013,NIC,PS,BUM,5
2013,NIC,PS,CGX,0
2013,NIC,PS,DOX,53
2013,NIC,PS,MLS,1
2013,NIC,PS,MZZ,22
2013,NIC,PS,SFA,0
2013,NIC,PS,SKH,0
2013,NIC,PS,SKJ,4345
2013,NIC,PS,SRX,0
2013,NIC,PS,SSP,0
2013,NIC,PS,YFT,8261
2013,NIC,UNK,BIL,1
2013,NIC,UNK,CGX,3
2013,NIC,UNK,DOX,956
2013,NIC,UNK,MZZ,1
2013,NIC,UNK,SFA,9
2013,NIC,UNK,SKH,15
2013,NIC,UNK,SWO,10
2013,NIC,UNK,TUN,23
2013,OTR,PS,BET,4012
2013,OTR,PS,BIL,0
2013,OTR,PS,BLM,2
2013,OTR,PS,BUM,5
2013,OTR,PS,BZX,1
2013,OTR,PS,CGX,0
2013,OTR,PS,DOX,10
2013,OTR,PS,MLS,0
2013,OTR,PS,MZZ,4
2013,OTR,PS,SFA,0
2013,OTR,PS,SKH,1
2013,OTR,PS,SKJ,11251
2013,OTR,PS,SRX,0
2013,OTR,PS,SSP,0
2013,OTR,PS,TUN,13
2013,OTR,PS,YFT,7381
2013,OTR,UNK,DOX,1
2013,OTR,UNK,MZZ,6
2013,OTR,UNK,SKH,88
2013,OTR,UNK,TUN,476
2013,PAN,LL,ALB,33
2013,PAN,LL,BIL,28
2013,PAN,LL,DOX,73
2013,PAN,LL,MZZ,22
2013,PAN,LL,SFA,1
2013,PAN,LL,SKH,619
2013,PAN,LL,SKJ,3
2013,PAN,LL,SWO,483
2013,PAN,LL,YFT,325
2013,PAN,PS,BET,6118
2013,PAN,PS,BIL,1
2013,PAN,PS,BKJ,40
2013,PAN,PS,BLM,20
2013,PAN,PS,BUM,9
2013,PAN,PS,CGX,1
2013,PAN,PS,DOX,50
2013,PAN,PS,MLS,1
2013,PAN,PS,MZZ,39
2013,PAN,PS,SFA,1
2013,PAN,PS,SKH,3
2013,PAN,PS,SKJ,31022
2013,PAN,PS,SRX,0
2013,PAN,PS,SWO,0
2013,PAN,PS,YFT,18301
2013,PER,UNK,ALB,0
2013,PER,UNK,BET,82
2013,PER,UNK,BKJ,24
2013,PER,UNK,DOX,21250
2013,PER,UNK,SKJ,268
2013,PER,UNK,SWO,590
2013,PER,UNK,TUN,29
2013,PER,UNK,YFT,368
2013,TWN,LL,ALB,6966
2013,TWN,LL,BET,4162
2013,TWN,LL,BIL,28
2013,TWN,LL,BLM,2
2013,TWN,LL,BUM,429
2013,TWN,LL,MLS,185
2013,TWN,LL,SKH,936
2013,TWN,LL,SKJ,22
2013,TWN,LL,SWO,1677
2013,TWN,LL,TUN,0
2013,TWN,LL,YFT,572
2013,UNK,LP,SKJ,164
2013,UNK,LP,YFT,759
2013,USA,GN,ALB,5
2013,USA,GN,MZZ,19
2013,USA,GN,PBF,7
2013,USA,GN,SKH,65
2013,USA,GN,SKJ,0
2013,USA,GN,SWO,95
2013,USA,HAR,SKH,0
2013,USA,HAR,SWO,6
2013,USA,LL,ALB,19
2013,USA,LL,BET,2054
2013,USA,LL,BIL,0
2013,USA,LL,BLM,0
2013,USA,LL,BUM,59
2013,USA,LL,DOX,129
2013,USA,LL,MLS,70
2013,USA,LL,MZZ,686
2013,USA,LL,PBF,0
2013,USA,LL,SFA,1
2013,USA,LL,SKH,15
2013,USA,LL,SKJ,11
2013,USA,LL,SSP,38
2013,USA,LL,SWO,687
2013,USA,LL,YFT,43
2013,USA,LTL,ALB,12310
2013,USA,LTL,DOX,0
2013,USA,LTL,PBF,0
2013,USA,LTL,SKH,0
2013,USA,LTL,SKJ,0
2013,USA,OTR,ALB,0
2013,USA,OTR,BZX,0
2013,USA,OTR,DOX,0
2013,USA,OTR,MZZ,0
2013,USA,OTR,PBF,3
2013,USA,OTR,SKH,36
2013,USA,OTR,SKJ,1
2013,USA,OTR,SWO,7
2013,USA,OTR,YFT,2
2013,USA,RG,ALB,839
2013,USA,RG,BZX,8
2013,USA,RG,MZZ,99
2013,USA,RG,PBF,809
2013,USA,RG,SKJ,4
2013,USA,RG,YFT,433
2013,VEN,PS,BET,963
2013,VEN,PS,BIL,1
2013,VEN,PS,BKJ,23
2013,VEN,PS,BLM,8
2013,VEN,PS,BUM,11
2013,VEN,PS,CGX,1
2013,VEN,PS,DOX,62
2013,VEN,PS,MLS,2
2013,VEN,PS,MZZ,12
2013,VEN,PS,SFA,4
2013,VEN,PS,SKH,1
2013,VEN,PS,SKJ,17522
2013,VEN,PS,SRX,0
2013,VEN,PS,SSP,0
2013,VEN,PS,SWO,0
2013,VEN,PS,TUN,6
2013,VEN,PS,YFT,24896
2013,VUT,LL,ALB,2813
2013,VUT,LL,BET,515
2013,VUT,LL,BIL,2
2013,VUT,LL,BLM,0
2013,VUT,LL,BUM,40
2013,VUT,LL,DOX,23
2013,VUT,LL,MLS,58
2013,VUT,LL,MZZ,214
2013,VUT,LL,SFA,9
2013,VUT,LL,SKH,101
2013,VUT,LL,SKJ,20
2013,VUT,LL,SSP,0
2013,VUT,LL,SWO,184
2013,VUT,LL,YFT,101
2014,BLZ,LL,ALB,1
2014,BLZ,LL,BET,24
2014,BLZ,LL,BLM,30
2014,BLZ,LL,BUM,62
2014,BLZ,LL,MLS,6
2014,BLZ,LL,SKH,838
2014,BLZ,LL,SWO,393
2014,BLZ,LL,YFT,4
2014,CAN,LTL,ALB,4780
2014,CHL,GN,SWO,5463
2014,CHL,HAR,SWO,12
2014,CHL,LHP,SWO,1
2014,CHL,LL,SWO,331
2014,CHL,OTR,SWO,1
2014,CHL,UNK,BZX,38
2014,CHL,UNK,DOX,237
2014,CHL,UNK,YFT,8
2014,CHN,LL,ALB,16909
2014,CHN,LL,BET,5253
2014,CHN,LL,BLM,45
2014,CHN,LL,BUM,790
2014,CHN,LL,MLS,233
2014,CHN,LL,MZZ,560
2014,CHN,LL,SKH,539
2014,CHN,LL,SWO,1546
2014,CHN,LL,YFT,2120
2014,COL,PS,BET,2479
2014,COL,PS,BIL,2
2014,COL,PS,BKJ,10
2014,COL,PS,BLM,7
2014,COL,PS,BUM,14
2014,COL,PS,CGX,3
2014,COL,PS,DOX,137
2014,COL,PS,MLS,1
2014,COL,PS,MZZ,66
2014,COL,PS,SFA,0
2014,COL,PS,SKH,0
2014,COL,PS,SKJ,22732
2014,COL,PS,SRX,0
2014,COL,PS,SSP,0
2014,COL,PS,SWO,0
2014,COL,PS,YFT,17184
2014,CRI,LL,BET,9
2014,CRI,LL,BKJ,11
2014,CRI,LL,BUM,644
2014,CRI,LL,DOX,2822
2014,CRI,LL,MLS,434
2014,CRI,LL,MZZ,85
2014,CRI,LL,SFA,376
2014,CRI,LL,SKH,3153
2014,CRI,LL,SKJ,4
2014,CRI,LL,SWO,1119
2014,CRI,LL,YFT,1072
2014,ECU,PS,BET,39094
2014,ECU,PS,BIL,3
2014,ECU,PS,BKJ,707
2014,ECU,PS,BLM,24
2014,ECU,PS,BUM,141
2014,ECU,PS,BZX,1855
2014,ECU,PS,CGX,8
2014,ECU,PS,DOX,1281
2014,ECU,PS,MLS,5
2014,ECU,PS,MZZ,1263
2014,ECU,PS,SFA,0
2014,ECU,PS,SKH,60
2014,ECU,PS,SKJ,172239
2014,ECU,PS,SRX,0
2014,ECU,PS,SSP,0
2014,ECU,PS,SWO,0
2014,ECU,PS,TUN,65
2014,ECU,PS,YFT,37545
2014,EU (ESP),LL,ALB,17
2014,EU (ESP),LL,BET,96
2014,EU (ESP),LL,BLM,2
2014,EU (ESP),LL,BUM,70
2014,EU (ESP),LL,DOX,132
2014,EU (ESP),LL,MLS,149
2014,EU (ESP),LL,MZZ,283
2014,EU (ESP),LL,SFA,53
2014,EU (ESP),LL,SKH,4619
2014,EU (ESP),LL,SKJ,0
2014,EU (ESP),LL,SSP,41
2014,EU (ESP),LL,SWO,8035
2014,EU (ESP),LL,YFT,16
2014,EU (ESP),PS,BET,2812
2014,EU (ESP),PS,BIL,0
2014,EU (ESP),PS,BLM,0
2014,EU (ESP),PS,BUM,2
2014,EU (ESP),PS,CGX,0
2014,EU (ESP),PS,DOX,11
2014,EU (ESP),PS,MLS,0
2014,EU (ESP),PS,MZZ,1
2014,EU (ESP),PS,SKH,0
2014,EU (ESP),PS,SKJ,5581
2014,EU (ESP),PS,SRX,0
2014,EU (ESP),PS,SSP,0
2014,EU (ESP),PS,YFT,760
2014,FRA (PYF),LL,ALB,2173
2014,FRA (PYF),LL,BET,526
2014,FRA (PYF),LL,BLM,1
2014,FRA (PYF),LL,BUM,177
2014,FRA (PYF),LL,DOX,138
2014,FRA (PYF),LL,MLS,76
2014,FRA (PYF),LL,MZZ,636
2014,FRA (PYF),LL,SFA,6
2014,FRA (PYF),LL,SKJ,25
2014,FRA (PYF),LL,SSP,25
2014,FRA (PYF),LL,SWO,88
2014,FRA (PYF),LL,YFT,567
2014,FRA (PYF),UNK,ALB,242
2014,FRA (PYF),UNK,BET,15
2014,FRA (PYF),UNK,BUM,186
2014,FRA (PYF),UNK,DOX,570
2014,FRA (PYF),UNK,MLS,2
2014,FRA (PYF),UNK,MZZ,334
2014,FRA (PYF),UNK,SKJ,801
2014,FRA (PYF),UNK,YFT,473
2014,JPN,LL,ALB,903
2014,JPN,LL,BET,13634
2014,JPN,LL,BLM,17
2014,JPN,LL,BUM,779
2014,JPN,LL,MLS,494
2014,JPN,LL,SFA,5
2014,JPN,LL,SKH,1185
2014,JPN,LL,SKJ,64
2014,JPN,LL,SSP,610
2014,JPN,LL,SWO,3797
2014,JPN,LL,TUN,0
2014,JPN,LL,YFT,2633
2014,KOR,LL,ALB,201
2014,KOR,LL,BET,8203
2014,KOR,LL,BIL,1
2014,KOR,LL,BLM,37
2014,KOR,LL,BUM,713
2014,KOR,LL,MLS,112
2014,KOR,LL,SFA,2
2014,KOR,LL,SKH,536
2014,KOR,LL,SKJ,24
2014,KOR,LL,SWO,1237
2014,KOR,LL,TUN,258
2014,KOR,LL,YFT,704
2014,MEX,LL,BXQ,48
2014,MEX,LL,CGX,11
2014,MEX,LL,DOX,19
2014,MEX,LL,MZZ,107
2014,MEX,LL,PBF,1
2014,MEX,LL,SKH,16083
2014,MEX,LL,SKJ,0
2014,MEX,LL,SWO,630
2014,MEX,LL,YFT,4
2014,MEX,PS,BET,40
2014,MEX,PS,BIL,1
2014,MEX,PS,BKJ,3428
2014,MEX,PS,BLM,14
2014,MEX,PS,BUM,20
2014,MEX,PS,BZX,964
2014,MEX,PS,CGX,8
2014,MEX,PS,DOX,27
2014,MEX,PS,MLS,11
2014,MEX,PS,MZZ,27
2014,MEX,PS,PBF,4862
2014,MEX,PS,SFA,12
2014,MEX,PS,SKH,177
2014,MEX,PS,SKJ,8783
2014,MEX,PS,SRX,0
2014,MEX,PS,SSP,0
2014,MEX,PS,SWO,2
2014,MEX,PS,TUN,48
2014,MEX,PS,YFT,120980
2014,NIC,PS,BET,3068
2014,NIC,PS,BIL,0
2014,NIC,PS,BKJ,1
2014,NIC,PS,BLM,9
2014,NIC,PS,BUM,11
2014,NIC,PS,CGX,0
2014,NIC,PS,DOX,48
2014,NIC,PS,MLS,1
2014,NIC,PS,MZZ,39
2014,NIC,PS,SFA,0
2014,NIC,PS,SKH,0
2014,NIC,PS,SKJ,6300
2014,NIC,PS,SRX,0
2014,NIC,PS,SSP,0
2014,NIC,PS,SWO,0
2014,NIC,PS,YFT,8100
2014,NIC,UNK,BIL,1
2014,NIC,UNK,CGX,35
2014,NIC,UNK,DOX,1219
2014,NIC,UNK,MZZ,0
2014,NIC,UNK,SFA,8
2014,NIC,UNK,SKH,25
2014,NIC,UNK,SWO,23
2014,NIC,UNK,TUN,32
2014,OTR,OTR,SKJ,66
2014,OTR,OTR,YFT,194
2014,OTR,PS,BET,3472
2014,OTR,PS,BIL,0
2014,OTR,PS,BLM,1
2014,OTR,PS,BUM,1
2014,OTR,PS,CGX,0
2014,OTR,PS,DOX,36
2014,OTR,PS,MLS,0
2014,OTR,PS,MZZ,1
2014,OTR,PS,SFA,0
2014,OTR,PS,SKH,0
2014,OTR,PS,SKJ,9771
2014,OTR,PS,SRX,0
2014,OTR,PS,SWO,1
2014,OTR,PS,YFT,6017
2014,OTR,UNK,BIL,2
2014,OTR,UNK,SKH,269
2014,OTR,UNK,SWO,20
2014,OTR,UNK,TUN,243
2014,PAN,LL,ALB,408
2014,PAN,LL,BET,114
2014,PAN,LL,BIL,87
2014,PAN,LL,DOX,44
2014,PAN,LL,MZZ,11
2014,PAN,LL,SFA,12
2014,PAN,LL,SKH,677
2014,PAN,LL,SKJ,5
2014,PAN,LL,SWO,767
2014,PAN,LL,YFT,249
2014,PAN,PS,BET,8168
2014,PAN,PS,BIL,2
2014,PAN,PS,BKJ,5
2014,PAN,PS,BLM,11
2014,PAN,PS,BUM,13
2014,PAN,PS,BZX,2
2014,PAN,PS,CGX,0
2014,PAN,PS,DOX,138
2014,PAN,PS,MLS,2
2014,PAN,PS,MZZ,45
2014,PAN,PS,SFA,0
2014,PAN,PS,SKH,4
2014,PAN,PS,SKJ,21776
2014,PAN,PS,SRX,0
2014,PAN,PS,SSP,0
2014,PAN,PS,SWO,0
2014,PAN,PS,YFT,19349
2014,PER,UNK,ALB,0
2014,PER,UNK,BET,154
2014,PER,UNK,BKJ,81
2014,PER,UNK,DOX,18886
2014,PER,UNK,SKJ,311
2014,PER,UNK,SWO,343
2014,PER,UNK,TUN,116
2014,PER,UNK,YFT,988
2014,TWN,LL,ALB,5001
2014,TWN,LL,BET,4511
2014,TWN,LL,BIL,84
2014,TWN,LL,BLM,14
2014,TWN,LL,BUM,682
2014,TWN,LL,MLS,222
2014,TWN,LL,SKH,952
2014,TWN,LL,SKJ,27
2014,TWN,LL,SWO,2146
2014,TWN,LL,YFT,896
2014,UNK,LL,SKH,0
2014,UNK,LL,SWO,2
2014,USA,GN,ALB,0
2014,USA,GN,BET,0
2014,USA,GN,BZX,0
2014,USA,GN,DOX,0
2014,USA,GN,MZZ,10
2014,USA,GN,PBF,5
2014,USA,GN,SKH,40
2014,USA,GN,SKJ,0
2014,USA,GN,SWO,127
2014,USA,HAR,SKH,0
2014,USA,HAR,SWO,6
2014,USA,LL,ALB,23
2014,USA,LL,BET,2072
2014,USA,LL,BUM,76
2014,USA,LL,DOX,138
2014,USA,LL,MLS,68
2014,USA,LL,MZZ,858
2014,USA,LL,PBF,0
2014,USA,LL,SFA,3
2014,USA,LL,SKH,17
2014,USA,LL,SKJ,11
2014,USA,LL,SSP,44
2014,USA,LL,SWO,785
2014,USA,LL,YFT,61
2014,USA,LTL,ALB,13398
2014,USA,LTL,CGX,0
2014,USA,LTL,PBF,0
2014,USA,LTL,YFT,0
2014,USA,OTR,BZX,0
2014,USA,OTR,CGX,0
2014,USA,OTR,DOX,2
2014,USA,OTR,MZZ,4
2014,USA,OTR,PBF,2
2014,USA,OTR,SKH,23
2014,USA,OTR,SKJ,0
2014,USA,OTR,SWO,4
2014,USA,OTR,TUN,0
2014,USA,OTR,YFT,8
2014,USA,PS,BET,129
2014,USA,PS,PBF,401
2014,USA,PS,SKJ,521
2014,USA,PS,YFT,1105
2014,USA,RG,ALB,1042
2014,USA,RG,BZX,116
2014,USA,RG,DOX,0
2014,USA,RG,MZZ,0
2014,USA,RG,PBF,420
2014,USA,RG,SKH,1
2014,USA,RG,SKJ,53
2014,USA,RG,YFT,1881
2014,VEN,PS,BET,1183
2014,VEN,PS,BIL,1
2014,VEN,PS,BKJ,2
2014,VEN,PS,BLM,5
2014,VEN,PS,BUM,6
2014,VEN,PS,CGX,1
2014,VEN,PS,DOX,83
2014,VEN,PS,MLS,3
2014,VEN,PS,MZZ,15
2014,VEN,PS,SFA,3
2014,VEN,PS,SKH,4
2014,VEN,PS,SKJ,13767
2014,VEN,PS,SRX,2
2014,VEN,PS,SWO,0
2014,VEN,PS,YFT,23025
2014,VUT,LL,ALB,3595
2014,VUT,LL,BET,913
2014,VUT,LL,BIL,0
2014,VUT,LL,BLM,3
2014,VUT,LL,BUM,75
2014,VUT,LL,DOX,48
2014,VUT,LL,MLS,135
2014,VUT,LL,MZZ,231
2014,VUT,LL,SFA,23
2014,VUT,LL,SKH,479
2014,VUT,LL,SKJ,35
2014,VUT,LL,SSP,1
2014,VUT,LL,SWO,786
2014,VUT,LL,TUN,10
2014,VUT,LL,YFT,323
2015,BLZ,LL,BLM,7
2015,BLZ,LL,BUM,13
2015,BLZ,LL,SKH,518
2015,BLZ,LL,SWO,221
2015,BLZ,LL,YFT,5
2015,CAN,LTL,ALB,4391
2015,CAN,LTL,BZX,0
2015,CAN,LTL,CGX,0
2015,CAN,LTL,PBF,0
2015,CAN,LTL,YFT,0
2015,CHL,GN,SWO,5786
2015,CHL,HAR,SWO,11
2015,CHL,LHP,SWO,3
2015,CHL,LL,SWO,218
2015,CHL,OTR,SWO,14
2015,CHN,LL,ALB,14516
2015,CHN,LL,BET,8401
2015,CHN,LL,BLM,20
2015,CHN,LL,BUM,865
2015,CHN,LL,MLS,157
2015,CHN,LL,MZZ,596
2015,CHN,LL,SKH,759
2015,CHN,LL,SWO,1964
2015,CHN,LL,YFT,2642
2015,COL,PS,BET,2470
2015,COL,PS,BIL,1
2015,COL,PS,BKJ,20
2015,COL,PS,BLM,3
2015,COL,PS,BUM,11
2015,COL,PS,CGX,0
2015,COL,PS,DOX,53
2015,COL,PS,MLS,2
2015,COL,PS,MZZ,15
2015,COL,PS,SFA,0
2015,COL,PS,SKH,0
2015,COL,PS,SKJ,16431
2015,COL,PS,SRX,0
2015,COL,PS,SWO,0
2015,COL,PS,YFT,17270
2015,COL,UNK,ALB,4
2015,COL,UNK,BKJ,75
2015,COL,UNK,SKJ,7
2015,COL,UNK,TUN,2
2015,COL,UNK,YFT,214
2015,CRI,LL,BET,8
2015,CRI,LL,BIL,470
2015,CRI,LL,BKJ,1
2015,CRI,LL,BUM,1
2015,CRI,LL,DOX,980
2015,CRI,LL,MZZ,20
2015,CRI,LL,SFA,1287
2015,CRI,LL,SKH,3906
2015,CRI,LL,SKJ,1
2015,CRI,LL,SRX,1
2015,CRI,LL,SWO,1366
2015,CRI,LL,YFT,1415
2015,CRI,UNK,MLS,470
2015,ECU,LL,ALB,219
2015,ECU,LL,BET,159
2015,ECU,LL,BUM,51
2015,ECU,LL,DOX,16
2015,ECU,LL,MLS,24
2015,ECU,LL,MZZ,136
2015,ECU,LL,SFA,3
2015,ECU,LL,SKJ,0
2015,ECU,LL,SSP,4
2015,ECU,LL,SWO,1083
2015,ECU,LL,YFT,102
2015,ECU,PS,ALB,0
2015,ECU,PS,BET,44063
2015,ECU,PS,BIL,4
2015,ECU,PS,BKJ,1013
2015,ECU,PS,BLM,46
2015,ECU,PS,BUM,212
2015,ECU,PS,BZX,37
2015,ECU,PS,CGX,7
2015,ECU,PS,DOX,783
2015,ECU,PS,MLS,5
2015,ECU,PS,MZZ,610
2015,ECU,PS,SFA,0
2015,ECU,PS,SKH,56
2015,ECU,PS,SKJ,208765
2015,ECU,PS,SRX,0
2015,ECU,PS,SSP,1
2015,ECU,PS,SWO,2
2015,ECU,PS,TUN,47
2015,ECU,PS,YFT,50153
2015,EU (ESP),LL,ALB,18
2015,EU (ESP),LL,BET,162
2015,EU (ESP),LL,BLM,0
2015,EU (ESP),LL,BUM,107
2015,EU (ESP),LL,DOX,22
2015,EU (ESP),LL,MLS,167
2015,EU (ESP),LL,MZZ,205
2015,EU (ESP),LL,SFA,83
2015,EU (ESP),LL,SKH,5732
2015,EU (ESP),LL,SSP,56
2015,EU (ESP),LL,SWO,9990
2015,EU (ESP),LL,YFT,31
2015,FRA (PYF),LL,ALB,2856
2015,FRA (PYF),LL,BET,692
2015,FRA (PYF),LL,BLM,20
2015,FRA (PYF),LL,BUM,203
2015,FRA (PYF),LL,DOX,59
2015,FRA (PYF),LL,MLS,77
2015,FRA (PYF),LL,MZZ,781
2015,FRA (PYF),LL,SFA,0
2015,FRA (PYF),LL,SKJ,32
2015,FRA (PYF),LL,SSP,4
2015,FRA (PYF),LL,SWO,86
2015,FRA (PYF),LL,YFT,929
2015,FRA (PYF),UNK,ALB,217
2015,FRA (PYF),UNK,BET,20
2015,FRA (PYF),UNK,BUM,182
2015,FRA (PYF),UNK,DOX,316
2015,FRA (PYF),UNK,MLS,4
2015,FRA (PYF),UNK,MZZ,222
2015,FRA (PYF),UNK,SKJ,656
2015,FRA (PYF),UNK,YFT,704
2015,GTM,PS,MZZ,0
2015,GTM,PS,SKH,0
2015,GTM,PS,SRX,0
2015,JPN,LL,ALB,757
2015,JPN,LL,BET,13079
2015,JPN,LL,BLM,22
2015,JPN,LL,BUM,781
2015,JPN,LL,MLS,329
2015,JPN,LL,PBF,0
2015,JPN,LL,SFA,5
2015,JPN,LL,SKH,986
2015,JPN,LL,SKJ,33
2015,JPN,LL,SSP,366
2015,JPN,LL,SWO,4022
2015,JPN,LL,YFT,2177
2015,KOR,LL,ALB,251
2015,KOR,LL,BET,8635
2015,KOR,LL,BLM,132
2015,KOR,LL,BUM,724
2015,KOR,LL,MLS,89
2015,KOR,LL,MZZ,289
2015,KOR,LL,SFA,2
2015,KOR,LL,SKH,245
2015,KOR,LL,SKJ,36
2015,KOR,LL,SWO,1466
2015,KOR,LL,YFT,957
2015,MEX,LL,BET,0
2015,MEX,LL,BXQ,33
2015,MEX,LL,BZX,1
2015,MEX,LL,CGX,11
2015,MEX,LL,DOX,10
2015,MEX,LL,MZZ,123
2015,MEX,LL,PBF,7
2015,MEX,LL,SKH,25385
2015,MEX,LL,SWO,320
2015,MEX,LL,YFT,20
2015,MEX,PS,BET,156
2015,MEX,PS,BIL,4
2015,MEX,PS,BKJ,2714
2015,MEX,PS,BLM,39
2015,MEX,PS,BUM,29
2015,MEX,PS,BZX,626
2015,MEX,PS,CGX,17
2015,MEX,PS,DOX,57
2015,MEX,PS,MLS,13
2015,MEX,PS,MZZ,16
2015,MEX,PS,PBF,3082
2015,MEX,PS,SFA,11
2015,MEX,PS,SKH,240
2015,MEX,PS,SKJ,23515
2015,MEX,PS,SRX,0
2015,MEX,PS,SSP,0
2015,MEX,PS,SWO,1
2015,MEX,PS,TUN,23
2015,MEX,PS,YFT,106171
2015,NIC,PS,BET,774
2015,NIC,PS,BIL,0
2015,NIC,PS,BKJ,1
2015,NIC,PS,BLM,2
2015,NIC,PS,BUM,2
2015,NIC,PS,CGX,0
2015,NIC,PS,DOX,6
2015,NIC,PS,MLS,0
2015,NIC,PS,MZZ,1
2015,NIC,PS,SFA,1
2015,NIC,PS,SKH,0
2015,NIC,PS,SKJ,1261
2015,NIC,PS,SRX,0
2015,NIC,PS,SSP,0
2015,NIC,PS,SWO,0
2015,NIC,PS,TUN,9
2015,NIC,PS,YFT,6876
2015,NIC,UNK,BIL,1
2015,NIC,UNK,BZX,0
2015,NIC,UNK,CGX,217
2015,NIC,UNK,DOX,375
2015,NIC,UNK,MZZ,2
2015,NIC,UNK,SFA,22
2015,NIC,UNK,SKH,33
2015,NIC,UNK,SWO,19
2015,NIC,UNK,TUN,32
2015,OTR,OTR,SKJ,30
2015,OTR,OTR,YFT,74
2015,OTR,PS,BET,2853
2015,OTR,PS,BIL,0
2015,OTR,PS,BKJ,0
2015,OTR,PS,BLM,8
2015,OTR,PS,BUM,6
2015,OTR,PS,CGX,0
2015,OTR,PS,DOX,4
2015,OTR,PS,MLS,1
2015,OTR,PS,MZZ,4
2015,OTR,PS,SFA,0
2015,OTR,PS,SKH,1
2015,OTR,PS,SKJ,20665
2015,OTR,PS,SRX,0
2015,OTR,PS,SWO,0
2015,OTR,PS,YFT,4276
2015,OTR,UNK,BIL,3
2015,OTR,UNK,DOX,2
2015,OTR,UNK,SKH,410
2015,OTR,UNK,SWO,16
2015,PAN,LL,ALB,553
2015,PAN,LL,BET,364
2015,PAN,LL,BIL,89
2015,PAN,LL,DOX,6
2015,PAN,LL,MZZ,9
2015,PAN,LL,SFA,20
2015,PAN,LL,SKH,608
2015,PAN,LL,SKJ,8
2015,PAN,LL,SWO,986
2015,PAN,LL,YFT,419
2015,PAN,PS,BET,10113
2015,PAN,PS,BIL,7
2015,PAN,PS,BLM,13
2015,PAN,PS,BUM,22
2015,PAN,PS,CGX,0
2015,PAN,PS,DOX,94
2015,PAN,PS,MLS,3
2015,PAN,PS,MZZ,38
2015,PAN,PS,SFA,0
2015,PAN,PS,SKH,0
2015,PAN,PS,SKJ,31427
2015,PAN,PS,SRX,3
2015,PAN,PS,SSP,0
2015,PAN,PS,SWO,0
2015,PAN,PS,TUN,3
2015,PAN,PS,YFT,26558
2015,PER,PS,BET,0
2015,PER,PS,BIL,0
2015,PER,PS,BLM,0
2015,PER,PS,BUM,0
2015,PER,PS,BZX,9
2015,PER,PS,CGX,0
2015,PER,PS,DOX,6
2015,PER,PS,MLS,0
2015,PER,PS,MZZ,0
2015,PER,PS,SKH,0
2015,PER,PS,SKJ,5225
2015,PER,PS,SRX,0
2015,PER,PS,TUN,5
2015,PER,PS,YFT,783
2015,PER,UNK,BET,1
2015,PER,UNK,BKJ,36
2015,PER,UNK,DOX,16666
2015,PER,UNK,SKJ,443
2015,PER,UNK,SWO,190
2015,PER,UNK,TUN,1198
2015,PER,UNK,YFT,789
2015,SLV,PS,MZZ,0
2015,SLV,PS,SKH,0
2015,TWN,LL,ALB,4781
2015,TWN,LL,BET,5181
2015,TWN,LL,BIL,61
2015,TWN,LL,BLM,16
2015,TWN,LL,BUM,1060
2015,TWN,LL,MLS,210
2015,TWN,LL,SKH,980
2015,TWN,LL,SKJ,25
2015,TWN,LL,SWO,2366
2015,TWN,LL,YFT,1287
2015,UNK,LL,BET,7
2015,UNK,LL,BLM,1
2015,UNK,LL,DOX,0
2015,UNK,LL,MLS,1
2015,UNK,LL,MZZ,2
2015,UNK,LL,SKH,142
2015,UNK,LL,SSP,8
2015,UNK,LL,SWO,509
2015,UNK,LL,YFT,1
2015,USA,GN,ALB,1
2015,USA,GN,BZX,0
2015,USA,GN,MZZ,11
2015,USA,GN,PBF,4
2015,USA,GN,SKH,41
2015,USA,GN,SKJ,0
2015,USA,GN,SWO,101
2015,USA,GN,TUN,0
2015,USA,HAR,SKH,0
2015,USA,HAR,SWO,5
2015,USA,LL,ALB,9
2015,USA,LL,BET,2948
2015,USA,LL,BIL,1
2015,USA,LL,BUM,131
2015,USA,LL,DOX,110
2015,USA,LL,MLS,78
2015,USA,LL,MZZ,1119
2015,USA,LL,PBF,0
2015,USA,LL,SFA,2
2015,USA,LL,SKH,19
2015,USA,LL,SKJ,24
2015,USA,LL,SSP,59
2015,USA,LL,SWO,825
2015,USA,LL,YFT,106
2015,USA,LTL,ALB,11595
2015,USA,LTL,CGX,0
2015,USA,LTL,SKH,0
2015,USA,LTL,SKJ,0
2015,USA,OTR,ALB,2
2015,USA,OTR,BZX,0
2015,USA,OTR,CGX,10
2015,USA,OTR,DOX,2
2015,USA,OTR,MLS,0
2015,USA,OTR,MZZ,1
2015,USA,OTR,PBF,7
2015,USA,OTR,SKH,32
2015,USA,OTR,SKJ,1
2015,USA,OTR,SWO,12
2015,USA,OTR,TUN,0
2015,USA,OTR,YFT,16
2015,USA,PS,BET,2384
2015,USA,PS,BIL,0
2015,USA,PS,BLM,4
2015,USA,PS,BUM,20
2015,USA,PS,BZX,117
2015,USA,PS,CGX,1
2015,USA,PS,DOX,21
2015,USA,PS,MLS,0
2015,USA,PS,MZZ,6
2015,USA,PS,PBF,86
2015,USA,PS,SFA,0
2015,USA,PS,SKH,1
2015,USA,PS,SKJ,16826
2015,USA,PS,SRX,0
2015,USA,PS,SSP,0
2015,USA,PS,YFT,3212
2015,USA,RG,ALB,932
2015,USA,RG,DOX,0
2015,USA,RG,PBF,400
2015,USA,RG,SKH,1
2015,USA,RG,SKJ,119
2015,USA,RG,YFT,1785
2015,VEN,PS,BET,100
2015,VEN,PS,BIL,2
2015,VEN,PS,BKJ,15
2015,VEN,PS,BLM,3
2015,VEN,PS,BUM,3
2015,VEN,PS,CGX,2
2015,VEN,PS,DOX,21
2015,VEN,PS,MLS,2
2015,VEN,PS,MZZ,3
2015,VEN,PS,SFA,5
2015,VEN,PS,SKH,1
2015,VEN,PS,SKJ,4792
2015,VEN,PS,SRX,1
2015,VEN,PS,SWO,1
2015,VEN,PS,TUN,3
2015,VEN,PS,YFT,30428
2015,VUT,LL,ALB,4978
2015,VUT,LL,BET,2073
2015,VUT,LL,BLM,20
2015,VUT,LL,BUM,235
2015,VUT,LL,MLS,136
2015,VUT,LL,PBF,0
2015,VUT,LL,SKH,538
2015,VUT,LL,SKJ,29
2015,VUT,LL,SWO,600
2015,VUT,LL,YFT,530
2016,BLZ,LL,BET,0
2016,BLZ,LL,BLM,1
2016,BLZ,LL,BUM,20
2016,BLZ,LL,SKH,464
2016,BLZ,LL,SWO,110
2016,BLZ,LL,YFT,0
2016,CAN,LTL,ALB,2842
2016,CAN,LTL,CGX,0
2016,CAN,LTL,SKH,0
2016,CHL,GN,SWO,6972
2016,CHL,HAR,SWO,24
2016,CHL,LHP,SWO,1
2016,CHL,LL,SWO,478
2016,CHL,OTR,SWO,16
2016,CHN,LL,ALB,16306
2016,CHN,LL,BET,7052
2016,CHN,LL,BLM,8
2016,CHN,LL,BUM,720
2016,CHN,LL,MLS,182
2016,CHN,LL,SKH,530
2016,CHN,LL,SWO,1456
2016,CHN,LL,YFT,2398
2016,COL,PS,BET,2743
2016,COL,PS,BIL,5
2016,COL,PS,BKJ,56
2016,COL,PS,BLM,3
2016,COL,PS,BUM,10
2016,COL,PS,CGX,1
2016,COL,PS,DOX,40
2016,COL,PS,MLS,1
2016,COL,PS,MZZ,13
2016,COL,PS,SFA,0
2016,COL,PS,SKH,0
2016,COL,PS,SKJ,20655
2016,COL,PS,SRX,0
2016,COL,PS,SSP,0
2016,COL,PS,YFT,19280
2016,COL,UNK,ALB,1
2016,COL,UNK,BET,3
2016,COL,UNK,BKJ,56
2016,COL,UNK,SKH,54
2016,COL,UNK,SKJ,21
2016,COL,UNK,SRX,21
2016,COL,UNK,TUN,0
2016,COL,UNK,YFT,139
2016,CRI,LL,ALB,0
2016,CRI,LL,BET,3
2016,CRI,LL,BIL,378
2016,CRI,LL,BUM,3
2016,CRI,LL,CGX,2
2016,CRI,LL,DOX,267
2016,CRI,LL,MLS,453
2016,CRI,LL,MZZ,179
2016,CRI,LL,SFA,274
2016,CRI,LL,SKH,3353
2016,CRI,LL,SKJ,0
2016,CRI,LL,SWO,1330
2016,CRI,LL,TUN,0
2016,CRI,LL,YFT,1010
2016,ECU,LL,ALB,191
2016,ECU,LL,BET,483
2016,ECU,LL,BUM,98
2016,ECU,LL,DOX,3
2016,ECU,LL,MLS,21
2016,ECU,LL,MZZ,396
2016,ECU,LL,SFA,3
2016,ECU,LL,SKH,735
2016,ECU,LL,SKJ,7
2016,ECU,LL,SSP,2
2016,ECU,LL,SWO,1462
2016,ECU,LL,YFT,212
2016,ECU,PS,BET,33139
2016,ECU,PS,BIL,38
2016,ECU,PS,BKJ,2509
2016,ECU,PS,BLM,23
2016,ECU,PS,BUM,177
2016,ECU,PS,BZX,2629
2016,ECU,PS,CGX,5
2016,ECU,PS,DOX,627
2016,ECU,PS,MLS,4
2016,ECU,PS,MZZ,834
2016,ECU,PS,SFA,0
2016,ECU,PS,SKH,33
2016,ECU,PS,SKJ,190622
2016,ECU,PS,SRX,4
2016,ECU,PS,SSP,0
2016,ECU,PS,SWO,2
2016,ECU,PS,TUN,111
2016,ECU,PS,YFT,59280
2016,EU (ESP),LL,ALB,22
2016,EU (ESP),LL,BET,196
2016,EU (ESP),LL,BUM,96
2016,EU (ESP),LL,DOX,55
2016,EU (ESP),LL,MLS,153
2016,EU (ESP),LL,MZZ,303
2016,EU (ESP),LL,SFA,79
2016,EU (ESP),LL,SKH,6992
2016,EU (ESP),LL,SKJ,0
2016,EU (ESP),LL,SSP,39
2016,EU (ESP),LL,SWO,10602
2016,EU (ESP),LL,YFT,36
2016,FRA (PYF),LL,ALB,2619
2016,FRA (PYF),LL,BET,477
2016,FRA (PYF),LL,BLM,13
2016,FRA (PYF),LL,BUM,177
2016,FRA (PYF),LL,DOX,47
2016,FRA (PYF),LL,MLS,57
2016,FRA (PYF),LL,MZZ,366
2016,FRA (PYF),LL,SFA,0
2016,FRA (PYF),LL,SKJ,32
2016,FRA (PYF),LL,SSP,1
2016,FRA (PYF),LL,SWO,78
2016,FRA (PYF),LL,YFT,825
2016,FRA (PYF),UNK,ALB,288
2016,FRA (PYF),UNK,BET,20
2016,FRA (PYF),UNK,BUM,175
2016,FRA (PYF),UNK,DOX,264
2016,FRA (PYF),UNK,MLS,4
2016,FRA (PYF),UNK,MZZ,142
2016,FRA (PYF),UNK,SKJ,507
2016,FRA (PYF),UNK,YFT,608
2016,GTM,LL,ALB,1
2016,GTM,LL,BIL,7
2016,GTM,LL,DOX,0
2016,GTM,LL,SKH,585
2016,GTM,LL,SWO,20
2016,GTM,LL,YFT,6
2016,JPN,LL,ALB,909
2016,JPN,LL,BET,10467
2016,JPN,LL,BLM,27
2016,JPN,LL,BUM,882
2016,JPN,LL,MLS,307
2016,JPN,LL,SFA,4
2016,JPN,LL,SKH,883
2016,JPN,LL,SKJ,27
2016,JPN,LL,SSP,315
2016,JPN,LL,SWO,3689
2016,JPN,LL,YFT,1839
2016,KOR,LL,ALB,579
2016,KOR,LL,BET,7692
2016,KOR,LL,BLM,24
2016,KOR,LL,BUM,694
2016,KOR,LL,MLS,104
2016,KOR,LL,MZZ,438
2016,KOR,LL,SFA,5
2016,KOR,LL,SKH,77
2016,KOR,LL,SKJ,62
2016,KOR,LL,SWO,1376
2016,KOR,LL,YFT,1124
2016,MEX,LL,BXQ,9
2016,MEX,LL,CGX,10
2016,MEX,LL,DOX,1
2016,MEX,LL,MZZ,48
2016,MEX,LL,PBF,0
2016,MEX,LL,SKH,21867
2016,MEX,LL,SWO,114
2016,MEX,LL,YFT,29
2016,MEX,PS,BET,255
2016,MEX,PS,BIL,21
2016,MEX,PS,BKJ,3813
2016,MEX,PS,BLM,20
2016,MEX,PS,BUM,16
2016,MEX,PS,BZX,641
2016,MEX,PS,CGX,17
2016,MEX,PS,DOX,55
2016,MEX,PS,MLS,8
2016,MEX,PS,MZZ,27
2016,MEX,PS,PBF,2709
2016,MEX,PS,SFA,37
2016,MEX,PS,SKH,179
2016,MEX,PS,SKJ,13264
2016,MEX,PS,SRX,3
2016,MEX,PS,SSP,0
2016,MEX,PS,SWO,1
2016,MEX,PS,YFT,93928
2016,NIC,PS,BET,667
2016,NIC,PS,BIL,2
2016,NIC,PS,BLM,2
2016,NIC,PS,BUM,1
2016,NIC,PS,CGX,0
2016,NIC,PS,DOX,9
2016,NIC,PS,MLS,0
2016,NIC,PS,MZZ,1
2016,NIC,PS,SFA,1
2016,NIC,PS,SKH,0
2016,NIC,PS,SKJ,1969
2016,NIC,PS,SRX,0
2016,NIC,PS,SSP,0
2016,NIC,PS,SWO,0
2016,NIC,PS,YFT,11047
2016,NIC,UNK,BIL,1
2016,NIC,UNK,CGX,141
2016,NIC,UNK,DOX,13
2016,NIC,UNK,MZZ,0
2016,NIC,UNK,SFA,19
2016,NIC,UNK,SKH,44
2016,NIC,UNK,SWO,29
2016,NIC,UNK,TUN,24
2016,OTR,PS,BET,8029
2016,OTR,PS,BIL,5
2016,OTR,PS,BKJ,1
2016,OTR,PS,BLM,1
2016,OTR,PS,BUM,13
2016,OTR,PS,CGX,0
2016,OTR,PS,DOX,15
2016,OTR,PS,MLS,0
2016,OTR,PS,MZZ,6
2016,OTR,PS,SFA,0
2016,OTR,PS,SKH,0
2016,OTR,PS,SKJ,22691
2016,OTR,PS,SRX,0
2016,OTR,PS,YFT,5297
2016,PAN,LL,ALB,767
2016,PAN,LL,BET,313
2016,PAN,LL,BXQ,190
2016,PAN,LL,DOX,8
2016,PAN,LL,MZZ,344
2016,PAN,LL,SFA,89
2016,PAN,LL,SKH,954
2016,PAN,LL,SKJ,13
2016,PAN,LL,SWO,845
2016,PAN,LL,YFT,688
2016,PAN,PS,BET,8440
2016,PAN,PS,BIL,16
2016,PAN,PS,BKJ,60
2016,PAN,PS,BLM,4
2016,PAN,PS,BUM,8
2016,PAN,PS,BZX,30
2016,PAN,PS,CGX,0
2016,PAN,PS,DOX,70
2016,PAN,PS,MLS,2
2016,PAN,PS,MZZ,37
2016,PAN,PS,SFA,0
2016,PAN,PS,SKH,0
2016,PAN,PS,SKJ,32845
2016,PAN,PS,SRX,0
2016,PAN,PS,SWO,0
2016,PAN,PS,TUN,1
2016,PAN,PS,YFT,23249
2016,PER,PS,BET,312
2016,PER,PS,BLM,0
2016,PER,PS,BUM,1
2016,PER,PS,BZX,245
2016,PER,PS,CGX,0
2016,PER,PS,DOX,3
2016,PER,PS,MLS,0
2016,PER,PS,MZZ,0
2016,PER,PS,SKH,0
2016,PER,PS,SKJ,6454
2016,PER,PS,SRX,0
2016,PER,PS,SWO,0
2016,PER,PS,TUN,1
2016,PER,PS,YFT,1647
2016,PER,UNK,ALB,1
2016,PER,UNK,BET,1
2016,PER,UNK,BKJ,122
2016,PER,UNK,DOX,12724
2016,PER,UNK,SKJ,209
2016,PER,UNK,SWO,219
2016,PER,UNK,TUN,269
2016,PER,UNK,YFT,1498
2016,TWN,LL,ALB,4168
2016,TWN,LL,BET,6006
2016,TWN,LL,BIL,49
2016,TWN,LL,BLM,3
2016,TWN,LL,BUM,952
2016,TWN,LL,MLS,187
2016,TWN,LL,SKH,1412
2016,TWN,LL,SKJ,36
2016,TWN,LL,SWO,2080
2016,TWN,LL,YFT,1222
2016,USA,GN,ALB,1
2016,USA,GN,BZX,1
2016,USA,GN,CGX,0
2016,USA,GN,MZZ,14
2016,USA,GN,PBF,9
2016,USA,GN,SKH,45
2016,USA,GN,SKJ,0
2016,USA,GN,SWO,183
2016,USA,GN,TUN,0
2016,USA,GN,YFT,0
2016,USA,HAR,SKH,0
2016,USA,HAR,SWO,25
2016,USA,LL,ALB,6
2016,USA,LL,BET,2090
2016,USA,LL,BIL,0
2016,USA,LL,BLM,0
2016,USA,LL,BUM,78
2016,USA,LL,DOX,65
2016,USA,LL,MLS,63
2016,USA,LL,MZZ,781
2016,USA,LL,SFA,2
2016,USA,LL,SKH,24
2016,USA,LL,SKJ,28
2016,USA,LL,SSP,60
2016,USA,LL,SWO,453
2016,USA,LL,YFT,248
2016,USA,LTL,ALB,10758
2016,USA,LTL,PBF,0
2016,USA,LTL,SKH,0
2016,USA,OTR,ALB,0
2016,USA,OTR,BET,1
2016,USA,OTR,CGX,1
2016,USA,OTR,DOX,0
2016,USA,OTR,MZZ,0
2016,USA,OTR,PBF,347
2016,USA,OTR,SKH,24
2016,USA,OTR,SKJ,2564
2016,USA,OTR,SWO,43
2016,USA,OTR,TUN,0
2016,USA,OTR,YFT,897
2016,USA,PS,ALB,2
2016,USA,PS,BET,2801
2016,USA,PS,BIL,10
2016,USA,PS,BKJ,116
2016,USA,PS,BLM,5
2016,USA,PS,BUM,16
2016,USA,PS,BZX,261
2016,USA,PS,CGX,1
2016,USA,PS,DOX,27
2016,USA,PS,MLS,1
2016,USA,PS,MZZ,12
2016,USA,PS,PBF,316
2016,USA,PS,SFA,0
2016,USA,PS,SKH,1
2016,USA,PS,SKJ,40007
2016,USA,PS,SRX,0
2016,USA,PS,SWO,0
2016,USA,PS,TUN,7
2016,USA,PS,YFT,4578
2016,USA,RG,ALB,675
2016,USA,RG,PBF,372
2016,USA,RG,SKH,2
2016,VEN,PS,BET,345
2016,VEN,PS,BIL,14
2016,VEN,PS,BKJ,51
2016,VEN,PS,BLM,3
2016,VEN,PS,BUM,7
2016,VEN,PS,CGX,3
2016,VEN,PS,DOX,46
2016,VEN,PS,MLS,2
2016,VEN,PS,MZZ,25
2016,VEN,PS,SFA,11
2016,VEN,PS,SKH,5
2016,VEN,PS,SKJ,9055
2016,VEN,PS,SRX,1
2016,VEN,PS,SSP,0
2016,VEN,PS,SWO,0
2016,VEN,PS,TUN,9
2016,VEN,PS,YFT,23812
2016,VUT,LL,ALB,1209
2016,VUT,LL,BET,877
2016,VUT,LL,BLM,3
2016,VUT,LL,BUM,57
2016,VUT,LL,MLS,35
2016,VUT,LL,SKJ,8
2016,VUT,LL,SWO,278
2016,VUT,LL,YFT,166
2017,BLZ,LL,BLM,6
2017,BLZ,LL,BUM,8
2017,BLZ,LL,SKH,368
2017,BLZ,LL,SWO,101
2017,BLZ,LL,YFT,0
2017,CAN,LTL,ALB,1755
2017,CAN,LTL,CGX,0
2017,CAN,LTL,PBF,0
2017,CHL,GN,ALB,21
2017,CHL,GN,BET,15
2017,CHL,GN,BXQ,15
2017,CHL,GN,DOX,45
2017,CHL,GN,MLS,3
2017,CHL,GN,MZZ,24
2017,CHL,GN,SKH,414
2017,CHL,GN,SKJ,0
2017,CHL,GN,SWO,7639
2017,CHL,GN,YFT,47
2017,CHL,HAR,BXQ,1
2017,CHL,HAR,MLS,0
2017,CHL,HAR,SKH,1
2017,CHL,HAR,SWO,18
2017,CHL,HAR,YFT,0
2017,CHL,LHP,ALB,0
2017,CHL,LHP,BET,0
2017,CHL,LHP,DOX,29
2017,CHL,LHP,SKH,0
2017,CHL,LHP,SKJ,3
2017,CHL,LHP,SWO,4
2017,CHL,LHP,YFT,19
2017,CHL,LL,ALB,0
2017,CHL,LL,BET,1
2017,CHL,LL,BXQ,0
2017,CHL,LL,DOX,55
2017,CHL,LL,MLS,0
2017,CHL,LL,MZZ,0
2017,CHL,LL,SKH,324
2017,CHL,LL,SKJ,0
2017,CHL,LL,SWO,260
2017,CHL,LL,YFT,0
2017,CHL,LTL,ALB,2
2017,CHL,LTL,DOX,4
2017,CHL,LTL,MZZ,1
2017,CHL,LTL,SKH,3
2017,CHL,LTL,YFT,1
2017,CHL,OTR,DOX,41
2017,CHL,OTR,SKJ,0
2017,CHL,OTR,SWO,0
2017,CHL,TX,DOX,0
2017,CHL,TX,SKH,0
2017,CHN,LL,ALB,17341
2017,CHN,LL,BET,7093
2017,CHN,LL,BLM,122
2017,CHN,LL,BUM,1008
2017,CHN,LL,MLS,365
2017,CHN,LL,SKH,2411
2017,CHN,LL,SWO,1970
2017,CHN,LL,YFT,2907
2017,COL,PS,BET,3656
2017,COL,PS,BIL,9
2017,COL,PS,BKJ,48
2017,COL,PS,BLM,1
2017,COL,PS,BUM,9
2017,COL,PS,CGX,2
2017,COL,PS,DOX,96
2017,COL,PS,MLS,0
2017,COL,PS,MZZ,24
2017,COL,PS,SFA,0
2017,COL,PS,SKH,1
2017,COL,PS,SKJ,19284
2017,COL,PS,SRX,1
2017,COL,PS,SSP,0
2017,COL,PS,SWO,0
2017,COL,PS,YFT,15106
2017,COL,UNK,ALB,16
2017,COL,UNK,BET,4
2017,COL,UNK,BKJ,36
2017,COL,UNK,BZX,130
2017,COL,UNK,SKH,63
2017,COL,UNK,SKJ,30
2017,COL,UNK,SRX,68
2017,COL,UNK,TUN,5
2017,COL,UNK,YFT,143
2017,CRI,LL,BET,16
2017,CRI,LL,BUM,421
2017,CRI,LL,DOX,1622
2017,CRI,LL,MLS,500
2017,CRI,LL,MZZ,61
2017,CRI,LL,SFA,300
2017,CRI,LL,SKH,3202
2017,CRI,LL,SWO,1250
2017,CRI,LL,YFT,837
2017,ECU,LL,ALB,261
2017,ECU,LL,BET,184
2017,ECU,LL,BUM,71
2017,ECU,LL,DOX,259
2017,ECU,LL,MLS,16
2017,ECU,LL,MZZ,62
2017,ECU,LL,SFA,1
2017,ECU,LL,SKJ,15
2017,ECU,LL,SWO,854
2017,ECU,LL,YFT,163
2017,ECU,OTR,BKJ,1
2017,ECU,OTR,SKJ,22
2017,ECU,OTR,YFT,53
2017,ECU,PS,BET,38299
2017,ECU,PS,BIL,59
2017,ECU,PS,BKJ,2065
2017,ECU,PS,BLM,14
2017,ECU,PS,BUM,104
2017,ECU,PS,BZX,1187
2017,ECU,PS,CGX,4
2017,ECU,PS,DOX,794
2017,ECU,PS,MLS,1
2017,ECU,PS,MZZ,207
2017,ECU,PS,SFA,0
2017,ECU,PS,SKH,37
2017,ECU,PS,SKJ,190139
2017,ECU,PS,SRX,0
2017,ECU,PS,SSP,0
2017,ECU,PS,SWO,0
2017,ECU,PS,TUN,75
2017,ECU,PS,YFT,55705
2017,EU (ESP),LL,ALB,17
2017,EU (ESP),LL,BET,131
2017,EU (ESP),LL,BIL,0
2017,EU (ESP),LL,BLM,1
2017,EU (ESP),LL,BUM,107
2017,EU (ESP),LL,DOX,49
2017,EU (ESP),LL,MLS,160
2017,EU (ESP),LL,MZZ,274
2017,EU (ESP),LL,SFA,81
2017,EU (ESP),LL,SKH,6339
2017,EU (ESP),LL,SKJ,0
2017,EU (ESP),LL,SSP,41
2017,EU (ESP),LL,SWO,8903
2017,EU (ESP),LL,YFT,18
2017,FRA (PYF),LL,ALB,1459
2017,FRA (PYF),LL,BET,700
2017,FRA (PYF),LL,BLM,16
2017,FRA (PYF),LL,BUM,124
2017,FRA (PYF),LL,DOX,41
2017,FRA (PYF),LL,MLS,44
2017,FRA (PYF),LL,MZZ,283
2017,FRA (PYF),LL,SFA,0
2017,FRA (PYF),LL,SKJ,14
2017,FRA (PYF),LL,SSP,6
2017,FRA (PYF),LL,SWO,105
2017,FRA (PYF),LL,YFT,1252
2017,FRA (PYF),UNK,ALB,164
2017,FRA (PYF),UNK,BET,9
2017,FRA (PYF),UNK,BUM,191
2017,FRA (PYF),UNK,DOX,243
2017,FRA (PYF),UNK,MLS,4
2017,FRA (PYF),UNK,MZZ,105
2017,FRA (PYF),UNK,SKJ,650
2017,FRA (PYF),UNK,YFT,639
2017,JPN,LL,ALB,1081
2017,JPN,LL,BET,8055
2017,JPN,LL,BLM,25
2017,JPN,LL,BUM,465
2017,JPN,LL,MLS,251
2017,JPN,LL,SFA,6
2017,JPN,LL,SKH,858
2017,JPN,LL,SKJ,18
2017,JPN,LL,SSP,127
2017,JPN,LL,SWO,2931
2017,JPN,LL,YFT,1463
2017,KOR,LL,ALB,560
2017,KOR,LL,BET,8749
2017,KOR,LL,BIL,72
2017,KOR,LL,BLM,14
2017,KOR,LL,BUM,614
2017,KOR,LL,MLS,73
2017,KOR,LL,MZZ,353
2017,KOR,LL,SFA,5
2017,KOR,LL,SKH,102
2017,KOR,LL,SKJ,40
2017,KOR,LL,SWO,1290
2017,KOR,LL,TUN,1
2017,KOR,LL,YFT,1176
2017,MEX,LL,BXQ,9
2017,MEX,LL,DOX,1
2017,MEX,LL,MZZ,30
2017,MEX,LL,PBF,2
2017,MEX,LL,SFA,0
2017,MEX,LL,SKH,26639
2017,MEX,LL,SWO,61
2017,MEX,LL,YFT,10
2017,MEX,PS,BET,358
2017,MEX,PS,BIL,39
2017,MEX,PS,BKJ,2822
2017,MEX,PS,BLM,11
2017,MEX,PS,BUM,9
2017,MEX,PS,BZX,1740
2017,MEX,PS,CGX,24
2017,MEX,PS,DOX,94
2017,MEX,PS,MLS,6
2017,MEX,PS,MZZ,13
2017,MEX,PS,PBF,3643
2017,MEX,PS,SFA,18
2017,MEX,PS,SKH,0
2017,MEX,PS,SKJ,21238
2017,MEX,PS,SRX,0
2017,MEX,PS,SSP,0
2017,MEX,PS,SWO,1
2017,MEX,PS,TUN,157
2017,MEX,PS,YFT,80870
2017,NIC,PS,BET,1610
2017,NIC,PS,BIL,9
2017,NIC,PS,BLM,3
2017,NIC,PS,BUM,4
2017,NIC,PS,CGX,0
2017,NIC,PS,DOX,11
2017,NIC,PS,MLS,0
2017,NIC,PS,MZZ,5
2017,NIC,PS,SFA,0
2017,NIC,PS,SKH,0
2017,NIC,PS,SKJ,6959
2017,NIC,PS,SRX,0
2017,NIC,PS,SSP,0
2017,NIC,PS,SWO,0
2017,NIC,PS,YFT,9347
2017,NIC,UNK,CGX,103
2017,NIC,UNK,DOX,1004
2017,NIC,UNK,SFA,15
2017,NIC,UNK,SKH,23
2017,NIC,UNK,SWO,8
2017,NIC,UNK,TUN,27
2017,OTR,LL,ALB,0
2017,OTR,LL,BET,15
2017,OTR,LL,BIL,0
2017,OTR,LL,BLM,10
2017,OTR,LL,BUM,3
2017,OTR,LL,DOX,11
2017,OTR,LL,MLS,7
2017,OTR,LL,MZZ,13
2017,OTR,LL,SKH,414
2017,OTR,LL,SWO,540
2017,OTR,LL,YFT,8
2017,OTR,PS,BET,5040
2017,OTR,PS,BIL,5
2017,OTR,PS,BKJ,1
2017,OTR,PS,BLM,0
2017,OTR,PS,BUM,2
2017,OTR,PS,CGX,0
2017,OTR,PS,DOX,15
2017,OTR,PS,MZZ,3
2017,OTR,PS,SKH,1
2017,OTR,PS,SKJ,11186
2017,OTR,PS,SRX,0
2017,OTR,PS,TUN,2
2017,OTR,PS,YFT,3374
2017,PAN,LL,ALB,509
2017,PAN,LL,BET,357
2017,PAN,LL,BXQ,111
2017,PAN,LL,MZZ,27
2017,PAN,LL,SFA,128
2017,PAN,LL,SKH,486
2017,PAN,LL,SKJ,7
2017,PAN,LL,SWO,512
2017,PAN,LL,YFT,612
2017,PAN,PS,BET,10544
2017,PAN,PS,BIL,23
2017,PAN,PS,BKJ,140
2017,PAN,PS,BLM,4
2017,PAN,PS,BUM,7
2017,PAN,PS,CGX,0
2017,PAN,PS,DOX,94
2017,PAN,PS,MLS,0
2017,PAN,PS,MZZ,19
2017,PAN,PS,SFA,0
2017,PAN,PS,SKH,0
2017,PAN,PS,SKJ,37419
2017,PAN,PS,SRX,0
2017,PAN,PS,SSP,0
2017,PAN,PS,SWO,0
2017,PAN,PS,YFT,19921
2017,PER,PS,BET,0
2017,PER,PS,BIL,0
2017,PER,PS,BUM,0
2017,PER,PS,BZX,496
2017,PER,PS,CGX,0
2017,PER,PS,DOX,9
2017,PER,PS,MZZ,0
2017,PER,PS,SKH,0
2017,PER,PS,SKJ,6257
2017,PER,PS,SRX,0
2017,PER,PS,YFT,3349
2017,PER,UNK,ALB,1
2017,PER,UNK,BET,8
2017,PER,UNK,BKJ,17
2017,PER,UNK,DOX,14631
2017,PER,UNK,SKJ,215
2017,PER,UNK,SWO,152
2017,PER,UNK,TUN,334
2017,PER,UNK,YFT,1854
2017,TWN,LL,ALB,4308
2017,TWN,LL,BET,6186
2017,TWN,LL,BIL,66
2017,TWN,LL,BLM,13
2017,TWN,LL,BUM,889
2017,TWN,LL,MLS,167
2017,TWN,LL,MZZ,1120
2017,TWN,LL,SKH,1353
2017,TWN,LL,SKJ,54
2017,TWN,LL,SWO,2530
2017,TWN,LL,YFT,1263
2017,USA,GN,ALB,0
2017,USA,GN,BET,0
2017,USA,GN,BZX,0
2017,USA,GN,CGX,0
2017,USA,GN,MZZ,19
2017,USA,GN,PBF,1
2017,USA,GN,SKH,60
2017,USA,GN,SKJ,0
2017,USA,GN,SWO,179
2017,USA,GN,YFT,1
2017,USA,HAR,SKH,0
2017,USA,HAR,SWO,28
2017,USA,LL,ALB,5
2017,USA,LL,BET,2700
2017,USA,LL,BIL,0
2017,USA,LL,BLM,0
2017,USA,LL,BUM,115
2017,USA,LL,DOX,89
2017,USA,LL,MLS,76
2017,USA,LL,MZZ,962
2017,USA,LL,PBF,0
2017,USA,LL,SFA,4
2017,USA,LL,SKH,36
2017,USA,LL,SKJ,30
2017,USA,LL,SSP,71
2017,USA,LL,SWO,651
2017,USA,LL,YFT,532
2017,USA,LTL,ALB,7096
2017,USA,LTL,PBF,0
2017,USA,LTL,SKH,0
2017,USA,LTL,SKJ,0
2017,USA,LTL,YFT,0
2017,USA,OTR,ALB,14
2017,USA,OTR,BZX,0
2017,USA,OTR,CGX,0
2017,USA,OTR,DOX,1
2017,USA,OTR,MZZ,0
2017,USA,OTR,PBF,18
2017,USA,OTR,SKH,32
2017,USA,OTR,SKJ,0
2017,USA,OTR,SWO,45
2017,USA,OTR,TUN,0
2017,USA,OTR,YFT,4
2017,USA,PS,BET,6210
2017,USA,PS,BIL,13
2017,USA,PS,BLM,0
2017,USA,PS,BUM,12
2017,USA,PS,BZX,15
2017,USA,PS,CGX,1
2017,USA,PS,DOX,123
2017,USA,PS,MLS,1
2017,USA,PS,MZZ,19
2017,USA,PS,PBF,466
2017,USA,PS,SKH,1
2017,USA,PS,SKJ,24989
2017,USA,PS,SRX,1
2017,USA,PS,SWO,0
2017,USA,PS,YFT,6500
2017,USA,RG,ALB,372
2017,USA,RG,PBF,463
2017,USA,RG,SKH,1
2017,VEN,PS,BET,1256
2017,VEN,PS,BIL,7
2017,VEN,PS,BKJ,3
2017,VEN,PS,BLM,5
2017,VEN,PS,BUM,4
2017,VEN,PS,CGX,2
2017,VEN,PS,DOX,68
2017,VEN,PS,MLS,2
2017,VEN,PS,MZZ,13
2017,VEN,PS,SFA,4
2017,VEN,PS,SKH,0
2017,VEN,PS,SKJ,7288
2017,VEN,PS,SRX,0
2017,VEN,PS,SWO,0
2017,VEN,PS,YFT,16809
2017,VUT,LL,ALB,1051
2017,VUT,LL,BET,1463
2017,VUT,LL,BLM,4
2017,VUT,LL,BUM,78
2017,VUT,LL,MLS,92
2017,VUT,LL,PBF,1
2017,VUT,LL,SKJ,8
2017,VUT,LL,SWO,493
2017,VUT,LL,YFT,406
2018,CAN,LTL,ALB,2717
2018,CHL,GN,ALB,9
2018,CHL,GN,BET,3
2018,CHL,GN,BXQ,6
2018,CHL,GN,DOX,32
2018,CHL,GN,MLS,1
2018,CHL,GN,MZZ,14
2018,CHL,GN,SKH,553
2018,CHL,GN,SWO,6570
2018,CHL,GN,YFT,9
2018,CHL,HAR,BXQ,0
2018,CHL,HAR,SKH,0
2018,CHL,HAR,SWO,7
2018,CHL,LHP,ALB,0
2018,CHL,LHP,DOX,17
2018,CHL,LHP,MZZ,0
2018,CHL,LHP,SKH,11
2018,CHL,LHP,SKJ,1
2018,CHL,LHP,SWO,2
2018,CHL,LHP,YFT,19
2018,CHL,LL,ALB,0
2018,CHL,LL,DOX,42
2018,CHL,LL,MZZ,0
2018,CHL,LL,SKH,414
2018,CHL,LL,SWO,174
2018,CHL,LL,YFT,0
2018,CHL,LTL,ALB,0
2018,CHL,LTL,BET,0
2018,CHL,LTL,DOX,4
2018,CHL,LTL,SKH,20
2018,CHL,LTL,SWO,0
2018,CHL,LTL,YFT,0
2018,CHL,TX,DOX,0
2018,CHL,TX,SKH,0
2018,CHN,LL,ALB,15578
2018,CHN,LL,BET,6060
2018,CHN,LL,BLM,235
2018,CHN,LL,BUM,1511
2018,CHN,LL,MLS,630
2018,CHN,LL,SKH,2966
2018,CHN,LL,SWO,2674
2018,CHN,LL,YFT,5386
2018,COL,PS,BET,1449
2018,COL,PS,BIL,5
2018,COL,PS,BKJ,9
2018,COL,PS,BLM,4
2018,COL,PS,BUM,9
2018,COL,PS,BZX,11
2018,COL,PS,CGX,1
2018,COL,PS,DOX,70
2018,COL,PS,MLS,0
2018,COL,PS,MZZ,16
2018,COL,PS,SFA,0
2018,COL,PS,SKH,0
2018,COL,PS,SKJ,15365
2018,COL,PS,SRX,0
2018,COL,PS,TUN,4
2018,COL,PS,YFT,21855
2018,COL,UNK,ALB,149
2018,COL,UNK,BET,2
2018,COL,UNK,BKJ,70
2018,COL,UNK,BZX,44
2018,COL,UNK,SKH,30
2018,COL,UNK,SKJ,27
2018,COL,UNK,SRX,20
2018,COL,UNK,TUN,4
2018,COL,UNK,YFT,292
2018,CRI,LL,BET,14
2018,CRI,LL,BUM,577
2018,CRI,LL,DOX,3345
2018,CRI,LL,MLS,386
2018,CRI,LL,MZZ,18
2018,CRI,LL,SFA,320
2018,CRI,LL,SKH,2661
2018,CRI,LL,SKJ,1039
2018,CRI,LL,SWO,1356
2018,CRI,LL,YFT,1190
2018,ECU,LL,ALB,93
2018,ECU,LL,BET,82
2018,ECU,LL,BUM,73
2018,ECU,LL,DOX,385
2018,ECU,LL,MLS,19
2018,ECU,LL,MZZ,97
2018,ECU,LL,SFA,0
2018,ECU,LL,SKJ,0
2018,ECU,LL,SWO,1532
2018,ECU,LL,YFT,111
2018,ECU,OTR,BET,4
2018,ECU,OTR,BKJ,2
2018,ECU,OTR,DOX,13
2018,ECU,OTR,SKJ,16
2018,ECU,OTR,YFT,76
2018,ECU,PS,BET,40427
2018,ECU,PS,BIL,43
2018,ECU,PS,BKJ,506
2018,ECU,PS,BLM,6
2018,ECU,PS,BUM,110
2018,ECU,PS,BZX,201
2018,ECU,PS,CGX,10
2018,ECU,PS,DOX,755
2018,ECU,PS,MLS,2
2018,ECU,PS,MZZ,137
2018,ECU,PS,SFA,0
2018,ECU,PS,SKH,1
2018,ECU,PS,SKJ,177456
2018,ECU,PS,SRX,0
2018,ECU,PS,SSP,0
2018,ECU,PS,SWO,0
2018,ECU,PS,TUN,24
2018,ECU,PS,YFT,57164
2018,EU (ESP),LL,ALB,7
2018,EU (ESP),LL,BET,104
2018,EU (ESP),LL,BLM,0
2018,EU (ESP),LL,BUM,103
2018,EU (ESP),LL,DOX,60
2018,EU (ESP),LL,MLS,148
2018,EU (ESP),LL,MZZ,246
2018,EU (ESP),LL,SFA,95
2018,EU (ESP),LL,SKH,5515
2018,EU (ESP),LL,SKJ,0
2018,EU (ESP),LL,SSP,37
2018,EU (ESP),LL,SWO,11405
2018,EU (ESP),LL,YFT,18
2018,FRA (PYF),LL,ALB,2293
2018,FRA (PYF),LL,BET,897
2018,FRA (PYF),LL,BLM,12
2018,FRA (PYF),LL,BUM,186
2018,FRA (PYF),LL,DOX,29
2018,FRA (PYF),LL,MLS,54
2018,FRA (PYF),LL,MZZ,309
2018,FRA (PYF),LL,SFA,1
2018,FRA (PYF),LL,SKJ,9
2018,FRA (PYF),LL,SSP,6
2018,FRA (PYF),LL,SWO,171
2018,FRA (PYF),LL,YFT,1101
2018,FRA (PYF),UNK,ALB,165
2018,FRA (PYF),UNK,BET,15
2018,FRA (PYF),UNK,BUM,174
2018,FRA (PYF),UNK,DOX,183
2018,FRA (PYF),UNK,MLS,4
2018,FRA (PYF),UNK,MZZ,99
2018,FRA (PYF),UNK,SKJ,325
2018,FRA (PYF),UNK,YFT,721
2018,JPN,LL,ALB,1131
2018,JPN,LL,BET,6125
2018,JPN,LL,BLM,17
2018,JPN,LL,BUM,296
2018,JPN,LL,MLS,234
2018,JPN,LL,SFA,4
2018,JPN,LL,SKH,830
2018,JPN,LL,SKJ,18
2018,JPN,LL,SSP,160
2018,JPN,LL,SWO,2080
2018,JPN,LL,YFT,1412
2018,KOR,LL,ALB,576
2018,KOR,LL,BET,6675
2018,KOR,LL,BIL,39
2018,KOR,LL,BLM,20
2018,KOR,LL,BUM,457
2018,KOR,LL,MLS,60
2018,KOR,LL,MZZ,164
2018,KOR,LL,SFA,3
2018,KOR,LL,SKH,80
2018,KOR,LL,SKJ,34
2018,KOR,LL,SWO,837
2018,KOR,LL,TUN,3
2018,KOR,LL,YFT,1189
2018,MEX,LL,SKH,22668
2018,MEX,PS,BET,766
2018,MEX,PS,BIL,33
2018,MEX,PS,BKJ,2482
2018,MEX,PS,BLM,9
2018,MEX,PS,BUM,14
2018,MEX,PS,BZX,94
2018,MEX,PS,CGX,14
2018,MEX,PS,DOX,101
2018,MEX,PS,MLS,6
2018,MEX,PS,MZZ,14
2018,MEX,PS,PBF,2840
2018,MEX,PS,SFA,12
2018,MEX,PS,SKH,1
2018,MEX,PS,SKJ,17014
2018,MEX,PS,SRX,0
2018,MEX,PS,SSP,0
2018,MEX,PS,SWO,1
2018,MEX,PS,TUN,42
2018,MEX,PS,YFT,101651
2018,NIC,PS,ALB,8
2018,NIC,PS,BET,1519
2018,NIC,PS,BIL,9
2018,NIC,PS,BLM,0
2018,NIC,PS,BUM,3
2018,NIC,PS,CGX,1
2018,NIC,PS,DOX,24
2018,NIC,PS,MLS,0
2018,NIC,PS,MZZ,5
2018,NIC,PS,SFA,0
2018,NIC,PS,SKH,0
2018,NIC,PS,SKJ,7759
2018,NIC,PS,SRX,0
2018,NIC,PS,SWO,0
2018,NIC,PS,YFT,7552
2018,NIC,UNK,BIL,5
2018,NIC,UNK,CGX,56
2018,NIC,UNK,DOX,1399
2018,NIC,UNK,SFA,13
2018,NIC,UNK,SKH,27
2018,NIC,UNK,SRX,132
2018,NIC,UNK,SWO,28
2018,NIC,UNK,TUN,34
2018,NIC,UNK,YFT,4
2018,OTR,LL,ALB,3
2018,OTR,LL,BET,41
2018,OTR,LL,BIL,1
2018,OTR,LL,BLM,5
2018,OTR,LL,BUM,0
2018,OTR,LL,BXQ,1
2018,OTR,LL,DOX,13
2018,OTR,LL,MLS,23
2018,OTR,LL,MZZ,6
2018,OTR,LL,SKH,451
2018,OTR,LL,SWO,827
2018,OTR,LL,YFT,10
2018,OTR,OTR,BET,0
2018,OTR,OTR,BXQ,1
2018,OTR,OTR,DOX,44
2018,OTR,OTR,MZZ,1
2018,OTR,OTR,SFA,4
2018,OTR,OTR,SKH,0
2018,OTR,OTR,SWO,14
2018,OTR,OTR,YFT,12
2018,OTR,PS,BET,3993
2018,OTR,PS,BIL,5
2018,OTR,PS,BLM,0
2018,OTR,PS,BUM,5
2018,OTR,PS,CGX,0
2018,OTR,PS,DOX,19
2018,OTR,PS,MLS,0
2018,OTR,PS,MZZ,2
2018,OTR,PS,SKH,0
2018,OTR,PS,SKJ,12055
2018,OTR,PS,SRX,0
2018,OTR,PS,TUN,5
2018,OTR,PS,YFT,3341
2018,PAN,LL,ALB,1542
2018,PAN,LL,BET,415
2018,PAN,LL,BXQ,115
2018,PAN,LL,MZZ,78
2018,PAN,LL,SFA,41
2018,PAN,LL,SKH,693
2018,PAN,LL,SKJ,53
2018,PAN,LL,SWO,252
2018,PAN,LL,YFT,231
2018,PAN,PS,BET,11753
2018,PAN,PS,BIL,18
2018,PAN,PS,BKJ,7
2018,PAN,PS,BLM,1
2018,PAN,PS,BUM,12
2018,PAN,PS,CGX,3
2018,PAN,PS,DOX,79
2018,PAN,PS,MLS,0
2018,PAN,PS,MZZ,18
2018,PAN,PS,SFA,0
2018,PAN,PS,SKH,0
2018,PAN,PS,SKJ,36504
2018,PAN,PS,SRX,0
2018,PAN,PS,TUN,1
2018,PAN,PS,YFT,22625
2018,PER,PS,BET,104
2018,PER,PS,BZX,1936
2018,PER,PS,CGX,0
2018,PER,PS,DOX,1
2018,PER,PS,MZZ,0
2018,PER,PS,SKH,0
2018,PER,PS,SKJ,4119
2018,PER,PS,SRX,0
2018,PER,PS,SWO,0
2018,PER,PS,YFT,1458
2018,PER,UNK,BKJ,48
2018,PER,UNK,DOX,15111
2018,PER,UNK,SKJ,69
2018,PER,UNK,SWO,193
2018,PER,UNK,TUN,175
2018,PER,UNK,YFT,379
2018,TWN,LL,ALB,3613
2018,TWN,LL,BET,5125
2018,TWN,LL,BIL,48
2018,TWN,LL,BLM,2
2018,TWN,LL,BUM,709
2018,TWN,LL,MLS,128
2018,TWN,LL,SKH,1097
2018,TWN,LL,SKJ,35
2018,TWN,LL,SWO,2387
2018,TWN,LL,YFT,1212
2018,USA,GN,MZZ,16
2018,USA,GN,PBF,18
2018,USA,GN,SKH,38
2018,USA,GN,SKJ,1
2018,USA,GN,SWO,148
2018,USA,GN,YFT,0
2018,USA,HAR,SKH,0
2018,USA,HAR,SWO,10
2018,USA,LL,ALB,16
2018,USA,LL,BET,2407
2018,USA,LL,BIL,0
2018,USA,LL,BLM,0
2018,USA,LL,BUM,98
2018,USA,LL,DOX,57
2018,USA,LL,MLS,89
2018,USA,LL,MZZ,1157
2018,USA,LL,PBF,0
2018,USA,LL,SFA,3
2018,USA,LL,SKH,19
2018,USA,LL,SKJ,30
2018,USA,LL,SSP,32
2018,USA,LL,SWO,422
2018,USA,LL,YFT,422
2018,USA,LTL,ALB,7716
2018,USA,LTL,PBF,0
2018,USA,LTL,SKH,0
2018,USA,LTL,SKJ,0
2018,USA,OTR,BZX,0
2018,USA,OTR,CGX,0
2018,USA,OTR,DOX,1
2018,USA,OTR,MZZ,0
2018,USA,OTR,PBF,35
2018,USA,OTR,SKH,28
2018,USA,OTR,SKJ,6
2018,USA,OTR,SWO,67
2018,USA,OTR,YFT,5
2018,USA,PS,BET,3354
2018,USA,PS,BIL,5
2018,USA,PS,BKJ,5
2018,USA,PS,BLM,0
2018,USA,PS,BUM,8
2018,USA,PS,BZX,167
2018,USA,PS,CGX,2
2018,USA,PS,DOX,25
2018,USA,PS,MLS,0
2018,USA,PS,MZZ,7
2018,USA,PS,PBF,12
2018,USA,PS,SKH,0
2018,USA,PS,SKJ,11869
2018,USA,PS,SRX,0
2018,USA,PS,YFT,3808
2018,USA,RG,ALB,381
2018,USA,RG,PBF,535
2018,USA,RG,SKH,1
2018,VEN,PS,BET,1157
2018,VEN,PS,BIL,5
2018,VEN,PS,BLM,4
2018,VEN,PS,BUM,8
2018,VEN,PS,CGX,3
2018,VEN,PS,DOX,77
2018,VEN,PS,MLS,1
2018,VEN,PS,MZZ,16
2018,VEN,PS,SFA,1
2018,VEN,PS,SKH,0
2018,VEN,PS,SKJ,6679
2018,VEN,PS,SRX,0
2018,VEN,PS,SWO,0
2018,VEN,PS,TUN,1
2018,VEN,PS,YFT,19527
2018,VUT,LL,ALB,907
2018,VUT,LL,BET,1841
2018,VUT,LL,BLM,6
2018,VUT,LL,BUM,84
2018,VUT,LL,MLS,48
2018,VUT,LL,PBF,0
2018,VUT,LL,SKJ,3
2018,VUT,LL,SWO,453
2018,VUT,LL,YFT,293
2019,CAN,LTL,ALB,2402
2019,CHL,GN,ALB,11
2019,CHL,GN,BET,2
2019,CHL,GN,BXQ,10
2019,CHL,GN,DOX,9
2019,CHL,GN,MLS,7
2019,CHL,GN,MZZ,28
2019,CHL,GN,SKH,413
2019,CHL,GN,SKJ,0
2019,CHL,GN,SWO,8788
2019,CHL,GN,YFT,18
2019,CHL,HAR,ALB,0
2019,CHL,HAR,SKH,0
2019,CHL,HAR,SWO,12
2019,CHL,HAR,YFT,0
2019,CHL,LHP,BET,0
2019,CHL,LHP,DOX,4
2019,CHL,LHP,MZZ,0
2019,CHL,LHP,SKH,0
2019,CHL,LHP,SKJ,1
2019,CHL,LHP,SWO,3
2019,CHL,LHP,YFT,16
2019,CHL,LL,DOX,109
2019,CHL,LL,MZZ,1
2019,CHL,LL,SKH,170
2019,CHL,LL,SKJ,0
2019,CHL,LL,SWO,2
2019,CHL,LL,YFT,0
2019,CHL,LTL,ALB,1
2019,CHL,LTL,BXQ,1
2019,CHL,LTL,DOX,0
2019,CHL,LTL,SKH,10
2019,CHL,LTL,SKJ,0
2019,CHL,LTL,SWO,1
2019,CHL,LTL,YFT,1
2019,CHL,OTR,DOX,13
2019,CHL,TX,DOX,0
2019,CHL,TX,MZZ,0
2019,CHL,TX,SKH,0
2019,CHN,LL,ALB,9908
2019,CHN,LL,BET,5372
2019,CHN,LL,BLM,123
2019,CHN,LL,BUM,832
2019,CHN,LL,MLS,334
2019,CHN,LL,SKH,1454
2019,CHN,LL,SWO,1476
2019,CHN,LL,YFT,3372
2019,COL,PS,BET,4171
2019,COL,PS,BIL,8
2019,COL,PS,BKJ,12
2019,COL,PS,BLM,3
2019,COL,PS,BUM,13
2019,COL,PS,CGX,1
2019,COL,PS,DOX,70
2019,COL,PS,MLS,1
2019,COL,PS,MZZ,15
2019,COL,PS,SFA,0
2019,COL,PS,SKH,1
2019,COL,PS,SKJ,23395
2019,COL,PS,SRX,0
2019,COL,PS,SSP,0
2019,COL,PS,SWO,0
2019,COL,PS,TUN,1
2019,COL,PS,YFT,17177
2019,COL,UNK,ALB,149
2019,COL,UNK,BET,4
2019,COL,UNK,BKJ,70
2019,COL,UNK,BZX,44
2019,COL,UNK,SKH,40
2019,COL,UNK,SKJ,35
2019,COL,UNK,SRX,21
2019,COL,UNK,TUN,5
2019,COL,UNK,YFT,287
2019,CRI,LL,BET,23
2019,CRI,LL,BLM,1
2019,CRI,LL,BUM,3
2019,CRI,LL,DOX,1340
2019,CRI,LL,MLS,495
2019,CRI,LL,MZZ,35
2019,CRI,LL,SFA,355
2019,CRI,LL,SKH,3041
2019,CRI,LL,SSP,513
2019,CRI,LL,SWO,1041
2019,CRI,LL,YFT,1490
2019,ECU,LL,ALB,42
2019,ECU,LL,BET,152
2019,ECU,LL,BUM,98
2019,ECU,LL,DOX,314
2019,ECU,LL,MLS,38
2019,ECU,LL,MZZ,84
2019,ECU,LL,SFA,2
2019,ECU,LL,SKJ,9
2019,ECU,LL,SWO,1793
2019,ECU,LL,YFT,158
2019,ECU,OTR,BKJ,1
2019,ECU,OTR,SKJ,64
2019,ECU,OTR,YFT,32
2019,ECU,PS,BET,38757
2019,ECU,PS,BIL,27
2019,ECU,PS,BKJ,789
2019,ECU,PS,BLM,20
2019,ECU,PS,BUM,134
2019,ECU,PS,BZX,928
2019,ECU,PS,CGX,6
2019,ECU,PS,DOX,614
2019,ECU,PS,MLS,5
2019,ECU,PS,MZZ,126
2019,ECU,PS,SFA,0
2019,ECU,PS,SKH,0
2019,ECU,PS,SKJ,211827
2019,ECU,PS,SRX,0
2019,ECU,PS,SSP,0
2019,ECU,PS,SWO,1
2019,ECU,PS,TUN,52
2019,ECU,PS,YFT,46102
2019,EU (ESP),LL,ALB,16
2019,EU (ESP),LL,BET,148
2019,EU (ESP),LL,BLM,2
2019,EU (ESP),LL,BUM,143
2019,EU (ESP),LL,DOX,94
2019,EU (ESP),LL,MLS,234
2019,EU (ESP),LL,MZZ,213
2019,EU (ESP),LL,SFA,181
2019,EU (ESP),LL,SKH,8164
2019,EU (ESP),LL,SKJ,0
2019,EU (ESP),LL,SSP,61
2019,EU (ESP),LL,SWO,10539
2019,EU (ESP),LL,YFT,26
2019,FRA (PYF),LL,ALB,2383
2019,FRA (PYF),LL,BET,800
2019,FRA (PYF),LL,BLM,8
2019,FRA (PYF),LL,BUM,201
2019,FRA (PYF),LL,DOX,37
2019,FRA (PYF),LL,MLS,54
2019,FRA (PYF),LL,MZZ,237
2019,FRA (PYF),LL,PBF,0
2019,FRA (PYF),LL,SFA,0
2019,FRA (PYF),LL,SKJ,10
2019,FRA (PYF),LL,SSP,6
2019,FRA (PYF),LL,SWO,134
2019,FRA (PYF),LL,YFT,1015
2019,FRA (PYF),UNK,ALB,201
2019,FRA (PYF),UNK,BET,11
2019,FRA (PYF),UNK,BUM,186
2019,FRA (PYF),UNK,DOX,166
2019,FRA (PYF),UNK,MLS,4
2019,FRA (PYF),UNK,MZZ,94
2019,FRA (PYF),UNK,SKJ,311
2019,FRA (PYF),UNK,YFT,605
2019,JPN,LL,ALB,1002
2019,JPN,LL,BET,5656
2019,JPN,LL,BLM,18
2019,JPN,LL,BUM,208
2019,JPN,LL,MLS,224
2019,JPN,LL,SFA,1
2019,JPN,LL,SKH,414
2019,JPN,LL,SKJ,33
2019,JPN,LL,SSP,141
2019,JPN,LL,SWO,1251
2019,JPN,LL,YFT,1652
2019,KOR,LL,ALB,575
2019,KOR,LL,BET,6137
2019,KOR,LL,BIL,45
2019,KOR,LL,BLM,6
2019,KOR,LL,BUM,377
2019,KOR,LL,MLS,51
2019,KOR,LL,MZZ,202
2019,KOR,LL,SFA,3
2019,KOR,LL,SKH,47
2019,KOR,LL,SKJ,119
2019,KOR,LL,SWO,701
2019,KOR,LL,TUN,4
2019,KOR,LL,YFT,1725
2019,MEX,PS,BET,962
2019,MEX,PS,BIL,33
2019,MEX,PS,BKJ,4351
2019,MEX,PS,BLM,14
2019,MEX,PS,BUM,21
2019,MEX,PS,BZX,6291
2019,MEX,PS,CGX,10
2019,MEX,PS,DOX,103
2019,MEX,PS,MLS,8
2019,MEX,PS,MZZ,9
2019,MEX,PS,PBF,2249
2019,MEX,PS,SFA,13
2019,MEX,PS,SKH,0
2019,MEX,PS,SKJ,19656
2019,MEX,PS,SRX,0
2019,MEX,PS,SSP,0
2019,MEX,PS,SWO,1
2019,MEX,PS,TUN,21
2019,MEX,PS,YFT,105426
2019,NIC,PS,BET,2630
2019,NIC,PS,BIL,7
2019,NIC,PS,BKJ,17
2019,NIC,PS,BLM,2
2019,NIC,PS,BUM,1
2019,NIC,PS,CGX,0
2019,NIC,PS,DOX,22
2019,NIC,PS,MLS,0
2019,NIC,PS,MZZ,6
2019,NIC,PS,SFA,0
2019,NIC,PS,SKH,0
2019,NIC,PS,SKJ,8089
2019,NIC,PS,SRX,0
2019,NIC,PS,SWO,0
2019,NIC,PS,YFT,7114
2019,OTR,LL,ALB,0
2019,OTR,LL,BET,15
2019,OTR,LL,BIL,23
2019,OTR,LL,BLM,1
2019,OTR,LL,BUM,1
2019,OTR,LL,BXQ,0
2019,OTR,LL,DOX,22
2019,OTR,LL,MLS,41
2019,OTR,LL,MZZ,14
2019,OTR,LL,SFA,5
2019,OTR,LL,SKH,926
2019,OTR,LL,SWO,840
2019,OTR,LL,YFT,15
2019,OTR,PS,BET,7536
2019,OTR,PS,BIL,7
2019,OTR,PS,BLM,0
2019,OTR,PS,BUM,8
2019,OTR,PS,CGX,1
2019,OTR,PS,DOX,30
2019,OTR,PS,MZZ,8
2019,OTR,PS,SFA,0
2019,OTR,PS,SKH,1
2019,OTR,PS,SKJ,16407
2019,OTR,PS,SRX,0
2019,OTR,PS,SSP,0
2019,OTR,PS,YFT,3813
2019,PAN,LL,ALB,680
2019,PAN,LL,BET,325
2019,PAN,LL,BXQ,249
2019,PAN,LL,MZZ,35
2019,PAN,LL,SFA,214
2019,PAN,LL,SKH,694
2019,PAN,LL,SKJ,13
2019,PAN,LL,SWO,1315
2019,PAN,LL,YFT,314
2019,PAN,PS,BET,10868
2019,PAN,PS,BIL,20
2019,PAN,PS,BKJ,9
2019,PAN,PS,BLM,2
2019,PAN,PS,BUM,10
2019,PAN,PS,CGX,0
2019,PAN,PS,DOX,46
2019,PAN,PS,MLS,1
2019,PAN,PS,MZZ,15
2019,PAN,PS,SFA,0
2019,PAN,PS,SKH,0
2019,PAN,PS,SKJ,33662
2019,PAN,PS,SRX,0
2019,PAN,PS,SWO,1
2019,PAN,PS,TUN,1
2019,PAN,PS,YFT,17826
2019,PER,PS,BET,0
2019,PER,PS,BIL,1
2019,PER,PS,BLM,0
2019,PER,PS,BZX,36
2019,PER,PS,DOX,11
2019,PER,PS,MLS,0
2019,PER,PS,MZZ,0
2019,PER,PS,SKH,0
2019,PER,PS,SKJ,8944
2019,PER,PS,SRX,0
2019,PER,PS,SWO,0
2019,PER,PS,TUN,3
2019,PER,PS,YFT,1782
2019,PER,UNK,BKJ,61
2019,PER,UNK,BXQ,39
2019,PER,UNK,BZX,37731
2019,PER,UNK,DOX,14003
2019,PER,UNK,SKH,5318
2019,PER,UNK,SKJ,61
2019,PER,UNK,SWO,194
2019,PER,UNK,TUN,60
2019,PER,UNK,YFT,450
2019,SLV,UNK,BXQ,1
2019,SLV,UNK,DOX,45
2019,SLV,UNK,MZZ,18
2019,SLV,UNK,SFA,5
2019,SLV,UNK,SKH,32
2019,SLV,UNK,SWO,0
2019,SLV,UNK,TUN,1
2019,SLV,UNK,YFT,20
2019,TWN,LL,ALB,4702
2019,TWN,LL,BET,5868
2019,TWN,LL,BIL,99
2019,TWN,LL,BLM,2
2019,TWN,LL,BUM,508
2019,TWN,LL,MLS,131
2019,TWN,LL,SKH,1227
2019,TWN,LL,SKJ,43
2019,TWN,LL,SWO,1703
2019,TWN,LL,YFT,1556
2019,USA,GN,MZZ,6
2019,USA,GN,PBF,10
2019,USA,GN,SKH,36
2019,USA,GN,SWO,52
2019,USA,HAR,SWO,11
2019,USA,LL,ALB,4
2019,USA,LL,BET,1718
2019,USA,LL,BIL,1
2019,USA,LL,BUM,71
2019,USA,LL,DOX,55
2019,USA,LL,MLS,87
2019,USA,LL,MZZ,815
2019,USA,LL,PBF,0
2019,USA,LL,SFA,3
2019,USA,LL,SKH,12
2019,USA,LL,SKJ,35
2019,USA,LL,SSP,27
2019,USA,LL,SWO,179
2019,USA,LL,YFT,254
2019,USA,LTL,ALB,7744
2019,USA,LTL,DOX,0
2019,USA,LTL,PBF,0
2019,USA,OTR,ALB,4
2019,USA,OTR,BET,1
2019,USA,OTR,MZZ,0
2019,USA,OTR,PBF,37
2019,USA,OTR,SKH,68
2019,USA,OTR,SKJ,0
2019,USA,OTR,SWO,187
2019,USA,OTR,YFT,6
2019,USA,PS,BET,3304
2019,USA,PS,BIL,7
2019,USA,PS,BKJ,1
2019,USA,PS,BLM,1
2019,USA,PS,BUM,8
2019,USA,PS,CGX,1
2019,USA,PS,DOX,34
2019,USA,PS,MZZ,4
2019,USA,PS,PBF,226
2019,USA,PS,SFA,0
2019,USA,PS,SKH,1
2019,USA,PS,SKJ,19706
2019,USA,PS,SRX,0
2019,USA,PS,SSP,0
2019,USA,PS,YFT,6515
2019,USA,RG,ALB,1364
2019,USA,RG,DOX,0
2019,USA,RG,MZZ,0
2019,USA,RG,PBF,483
2019,USA,RG,SKH,1
2019,VEN,PS,BET,996
2019,VEN,PS,BIL,11
2019,VEN,PS,BKJ,20
2019,VEN,PS,BLM,3
2019,VEN,PS,BUM,8
2019,VEN,PS,CGX,1
2019,VEN,PS,DOX,39
2019,VEN,PS,MLS,0
2019,VEN,PS,MZZ,6
2019,VEN,PS,SFA,4
2019,VEN,PS,SKH,0
2019,VEN,PS,SKJ,5719
2019,VEN,PS,SRX,0
2019,VEN,PS,SSP,0
2019,VEN,PS,SWO,0
2019,VEN,PS,TUN,5
2019,VEN,PS,YFT,22558
2019,VUT,LL,ALB,1500
2019,VUT,LL,BET,1571
2019,VUT,LL,BLM,0
2019,VUT,LL,BUM,59
2019,VUT,LL,DOX,1
2019,VUT,LL,MLS,44
2019,VUT,LL,MZZ,154
2019,VUT,LL,SFA,92
2019,VUT,LL,SKH,183
2019,VUT,LL,SKJ,1
2019,VUT,LL,SSP,2
2019,VUT,LL,SWO,900
2019,VUT,LL,YFT,344
2020,CAN,LTL,ALB,2375
2020,CHL,GN,ALB,8
2020,CHL,GN,BET,1
2020,CHL,GN,BXQ,6
2020,CHL,GN,DOX,10
2020,CHL,GN,MLS,5
2020,CHL,GN,MZZ,11
2020,CHL,GN,SKH,303
2020,CHL,GN,SWO,5483
2020,CHL,GN,YFT,13
2020,CHL,HAR,ALB,0
2020,CHL,HAR,SWO,35
2020,CHL,LHP,DOX,4
2020,CHL,LHP,MZZ,1
2020,CHL,LHP,SKH,0
2020,CHL,LHP,SKJ,0
2020,CHL,LHP,SWO,1
2020,CHL,LHP,YFT,18
2020,CHL,LL,BXQ,0
2020,CHL,LL,DOX,97
2020,CHL,LL,MLS,0
2020,CHL,LL,MZZ,1
2020,CHL,LL,SKH,128
2020,CHL,LL,SWO,1
2020,CHL,LL,YFT,0
2020,CHL,LTL,ALB,0
2020,CHL,LTL,DOX,0
2020,CHL,LTL,MZZ,0
2020,CHL,LTL,SKH,11
2020,CHL,LTL,YFT,0
2020,CHL,OTR,DOX,10
2020,CHL,TX,DOX,0
2020,CHL,TX,MZZ,3
2020,CHL,TX,SKH,0
2020,CHN,LL,ALB,8180
2020,CHN,LL,BET,4048
2020,CHN,LL,BLM,471
2020,CHN,LL,BUM,1442
2020,CHN,LL,MLS,361
2020,CHN,LL,SKH,1305
2020,CHN,LL,SWO,1480
2020,CHN,LL,YFT,3392
2020,COL,PS,BET,4548
2020,COL,PS,BIL,7
2020,COL,PS,BKJ,11
2020,COL,PS,BLM,3
2020,COL,PS,BUM,4
2020,COL,PS,CGX,1
2020,COL,PS,DOX,45
2020,COL,PS,MLS,1
2020,COL,PS,MZZ,11
2020,COL,PS,SFA,0
2020,COL,PS,SKH,0
2020,COL,PS,SKJ,15569
2020,COL,PS,SRX,0
2020,COL,PS,SSP,0
2020,COL,PS,TUN,7
2020,COL,PS,YFT,16641
2020,COL,UNK,ALB,58
2020,COL,UNK,BET,32
2020,COL,UNK,BKJ,359
2020,COL,UNK,BZX,506
2020,COL,UNK,SKH,78
2020,COL,UNK,SKJ,83
2020,COL,UNK,SRX,158
2020,COL,UNK,TUN,0
2020,COL,UNK,YFT,61
2020,CRI,LL,ALB,1
2020,CRI,LL,BET,35
2020,CRI,LL,BLM,1
2020,CRI,LL,BUM,3
2020,CRI,LL,CGX,0
2020,CRI,LL,DOX,647
2020,CRI,LL,MLS,401
2020,CRI,LL,MZZ,227
2020,CRI,LL,SFA,285
2020,CRI,LL,SKH,3460
2020,CRI,LL,SSP,492
2020,CRI,LL,SWO,762
2020,CRI,LL,YFT,1719
2020,ECU,LL,ALB,62
2020,ECU,LL,BET,213
2020,ECU,LL,BIL,245
2020,ECU,LL,BXQ,2
2020,ECU,LL,DOX,1612
2020,ECU,LL,MZZ,142
2020,ECU,LL,SRX,9
2020,ECU,LL,SWO,3144
2020,ECU,LL,TUN,2
2020,ECU,LL,YFT,216
2020,ECU,OTR,BKJ,0
2020,ECU,OTR,SKJ,28
2020,ECU,OTR,YFT,27
2020,ECU,PS,BET,47957
2020,ECU,PS,BIL,24
2020,ECU,PS,BKJ,2214
2020,ECU,PS,BLM,22
2020,ECU,PS,BUM,89
2020,ECU,PS,CGX,5
2020,ECU,PS,DOX,449
2020,ECU,PS,MLS,3
2020,ECU,PS,MZZ,77
2020,ECU,PS,SFA,0
2020,ECU,PS,SKH,0
2020,ECU,PS,SKJ,189750
2020,ECU,PS,SRX,0
2020,ECU,PS,SSP,0
2020,ECU,PS,SWO,1
2020,ECU,PS,TUN,151
2020,ECU,PS,YFT,39897
2020,EU (ESP),LL,ALB,0
2020,EU (ESP),LL,BET,81
2020,EU (ESP),LL,BLM,73
2020,EU (ESP),LL,BUM,9
2020,EU (ESP),LL,DOX,61
2020,EU (ESP),LL,MLS,386
2020,EU (ESP),LL,MZZ,215
2020,EU (ESP),LL,SFA,87
2020,EU (ESP),LL,SKH,7839
2020,EU (ESP),LL,SSP,3
2020,EU (ESP),LL,SWO,9981
2020,EU (ESP),LL,YFT,48
2020,FRA (PYF),LL,ALB,2298
2020,FRA (PYF),LL,BET,745
2020,FRA (PYF),LL,BLM,14
2020,FRA (PYF),LL,BUM,201
2020,FRA (PYF),LL,DOX,46
2020,FRA (PYF),LL,MLS,76
2020,FRA (PYF),LL,MZZ,281
2020,FRA (PYF),LL,SFA,0
2020,FRA (PYF),LL,SKJ,10
2020,FRA (PYF),LL,SSP,4
2020,FRA (PYF),LL,SWO,134
2020,FRA (PYF),LL,YFT,853
2020,FRA (PYF),UNK,ALB,119
2020,FRA (PYF),UNK,BET,11
2020,FRA (PYF),UNK,BUM,194
2020,FRA (PYF),UNK,DOX,164
2020,FRA (PYF),UNK,MLS,4
2020,FRA (PYF),UNK,MZZ,71
2020,FRA (PYF),UNK,SKJ,278
2020,FRA (PYF),UNK,YFT,646
2020,JPN,LL,ALB,842
2020,JPN,LL,BET,5139
2020,JPN,LL,BLM,9
2020,JPN,LL,BUM,166
2020,JPN,LL,MLS,200
2020,JPN,LL,SFA,1
2020,JPN,LL,SKH,956
2020,JPN,LL,SKJ,32
2020,JPN,LL,SSP,97
2020,JPN,LL,SWO,1463
2020,JPN,LL,YFT,1338
2020,KOR,LL,ALB,582
2020,KOR,LL,BET,7633
2020,KOR,LL,BIL,50
2020,KOR,LL,BLM,5
2020,KOR,LL,BUM,317
2020,KOR,LL,MLS,81
2020,KOR,LL,MZZ,409
2020,KOR,LL,SFA,3
2020,KOR,LL,SKH,12
2020,KOR,LL,SKJ,102
2020,KOR,LL,SWO,905
2020,KOR,LL,TUN,1
2020,KOR,LL,YFT,2110
2020,MEX,LL,SKH,27386
2020,MEX,PS,BET,726
2020,MEX,PS,BIL,24
2020,MEX,PS,BKJ,2298
2020,MEX,PS,BLM,12
2020,MEX,PS,BUM,10
2020,MEX,PS,BZX,3169
2020,MEX,PS,CGX,6
2020,MEX,PS,DOX,35
2020,MEX,PS,MLS,6
2020,MEX,PS,MZZ,5
2020,MEX,PS,PBF,3266
2020,MEX,PS,SFA,12
2020,MEX,PS,SKH,0
2020,MEX,PS,SKJ,7322
2020,MEX,PS,SRX,0
2020,MEX,PS,SSP,0
2020,MEX,PS,SWO,1
2020,MEX,PS,TUN,33
2020,MEX,PS,YFT,102137
2020,NIC,PS,BET,1885
2020,NIC,PS,BIL,1
2020,NIC,PS,BKJ,2
2020,NIC,PS,BLM,0
2020,NIC,PS,BUM,2
2020,NIC,PS,CGX,0
2020,NIC,PS,DOX,9
2020,NIC,PS,MLS,0
2020,NIC,PS,MZZ,2
2020,NIC,PS,SFA,0
2020,NIC,PS,SKH,0
2020,NIC,PS,SKJ,9049
2020,NIC,PS,SRX,0
2020,NIC,PS,TUN,1
2020,NIC,PS,YFT,5423
2020,OTR,LL,ALB,0
2020,OTR,LL,BET,5
2020,OTR,LL,BIL,3
2020,OTR,LL,BLM,34
2020,OTR,LL,BUM,0
2020,OTR,LL,DOX,12
2020,OTR,LL,MLS,31
2020,OTR,LL,MZZ,34
2020,OTR,LL,SFA,6
2020,OTR,LL,SKH,1183
2020,OTR,LL,SWO,1228
2020,OTR,LL,TUN,0
2020,OTR,LL,YFT,14
2020,OTR,PS,BET,8330
2020,OTR,PS,BIL,4
2020,OTR,PS,BLM,4
2020,OTR,PS,BUM,4
2020,OTR,PS,CGX,0
2020,OTR,PS,DOX,18
2020,OTR,PS,MZZ,5
2020,OTR,PS,SKH,1
2020,OTR,PS,SKJ,13898
2020,OTR,PS,SRX,0
2020,OTR,PS,TUN,13
2020,OTR,PS,YFT,3300
2020,PAN,LL,ALB,841
2020,PAN,LL,BET,164
2020,PAN,LL,BXQ,133
2020,PAN,LL,MZZ,18
2020,PAN,LL,SFA,57
2020,PAN,LL,SKH,356
2020,PAN,LL,SKJ,39
2020,PAN,LL,SWO,393
2020,PAN,LL,YFT,94
2020,PAN,PS,BET,10519
2020,PAN,PS,BIL,6
2020,PAN,PS,BKJ,26
2020,PAN,PS,BLM,2
2020,PAN,PS,BUM,7
2020,PAN,PS,CGX,1
2020,PAN,PS,DOX,39
2020,PAN,PS,MLS,1
2020,PAN,PS,MZZ,9
2020,PAN,PS,SFA,0
2020,PAN,PS,SKH,0
2020,PAN,PS,SKJ,39058
2020,PAN,PS,SRX,0
2020,PAN,PS,SSP,0
2020,PAN,PS,SWO,0
2020,PAN,PS,TUN,5
2020,PAN,PS,YFT,22586
2020,PER,PS,BET,65
2020,PER,PS,BUM,0
2020,PER,PS,DOX,9
2020,PER,PS,MZZ,0
2020,PER,PS,SKH,0
2020,PER,PS,SKJ,2618
2020,PER,PS,SRX,0
2020,PER,PS,YFT,561
2020,PER,UNK,BKJ,3
2020,PER,UNK,BXQ,25
2020,PER,UNK,BZX,40940
2020,PER,UNK,DOX,11522
2020,PER,UNK,SKH,3394
2020,PER,UNK,SKJ,176
2020,PER,UNK,SWO,83
2020,PER,UNK,TUN,44
2020,PER,UNK,YFT,345
2020,SLV,OTR,BXQ,1
2020,SLV,OTR,DOX,17
2020,SLV,OTR,MZZ,3
2020,SLV,OTR,SFA,3
2020,SLV,OTR,SKH,22
2020,SLV,OTR,SWO,0
2020,SLV,OTR,YFT,6
2020,TWN,LL,ALB,5126
2020,TWN,LL,BET,5414
2020,TWN,LL,BIL,130
2020,TWN,LL,BLM,4
2020,TWN,LL,BUM,543
2020,TWN,LL,MLS,192
2020,TWN,LL,SKH,1587
2020,TWN,LL,SKJ,52
2020,TWN,LL,SWO,1938
2020,TWN,LL,YFT,1184
2020,USA,GN,MZZ,3
2020,USA,GN,PBF,28
2020,USA,GN,SKH,34
2020,USA,GN,SWO,35
2020,USA,HAR,SWO,6
2020,USA,LL,ALB,90
2020,USA,LL,BET,1405
2020,USA,LL,BIL,0
2020,USA,LL,BUM,47
2020,USA,LL,DOX,32
2020,USA,LL,MLS,48
2020,USA,LL,MZZ,629
2020,USA,LL,PBF,1
2020,USA,LL,SFA,1
2020,USA,LL,SKH,15
2020,USA,LL,SKJ,28
2020,USA,LL,SSP,11
2020,USA,LL,SWO,237
2020,USA,LL,YFT,373
2020,USA,LTL,ALB,7509
2020,USA,LTL,CGX,0
2020,USA,LTL,PBF,0
2020,USA,OTR,ALB,8
2020,USA,OTR,DOX,0
2020,USA,OTR,PBF,88
2020,USA,OTR,SKH,35
2020,USA,OTR,SWO,126
2020,USA,OTR,YFT,6
2020,USA,PS,BET,4066
2020,USA,PS,BIL,2
2020,USA,PS,BKJ,14
2020,USA,PS,BLM,0
2020,USA,PS,BUM,8
2020,USA,PS,CGX,0
2020,USA,PS,DOX,25
2020,USA,PS,MZZ,7
2020,USA,PS,PBF,117
2020,USA,PS,SKH,0
2020,USA,PS,SKJ,14119
2020,USA,PS,SRX,0
2020,USA,PS,SSP,0
2020,USA,PS,TUN,1
2020,USA,PS,YFT,3728
2020,USA,RG,ALB,260
2020,USA,RG,DOX,0
2020,USA,RG,MZZ,0
2020,USA,RG,PBF,742
2020,USA,RG,SKH,0
2020,VEN,PS,BET,688
2020,VEN,PS,BIL,8
2020,VEN,PS,BKJ,8
2020,VEN,PS,BLM,1
2020,VEN,PS,BUM,7
2020,VEN,PS,CGX,1
2020,VEN,PS,DOX,18
2020,VEN,PS,MLS,0
2020,VEN,PS,MZZ,4
2020,VEN,PS,SFA,6
2020,VEN,PS,SKH,0
2020,VEN,PS,SKJ,4578
2020,VEN,PS,SRX,0
2020,VEN,PS,SSP,0
2020,VEN,PS,SWO,0
2020,VEN,PS,YFT,24476
2020,VUT,LL,ALB,1961
2020,VUT,LL,BET,1077
2020,VUT,LL,BLM,1
2020,VUT,LL,BUM,59
2020,VUT,LL,DOX,1
2020,VUT,LL,MLS,66
2020,VUT,LL,MZZ,70
2020,VUT,LL,SFA,52
2020,VUT,LL,SKH,69
2020,VUT,LL,SKJ,5
2020,VUT,LL,SSP,4
2020,VUT,LL,SWO,822
2020,VUT,LL,YFT,242
2021,CAN,LTL,ALB,2419
2021,CHL,GN,ALB,19
2021,CHL,GN,BET,3
2021,CHL,GN,BXQ,8
2021,CHL,GN,DOX,3
2021,CHL,GN,MLS,2
2021,CHL,GN,MZZ,10
2021,CHL,GN,SKH,308
2021,CHL,GN,SWO,4766
2021,CHL,GN,YFT,9
2021,CHL,HAR,SKH,0
2021,CHL,HAR,SWO,10
2021,CHL,LHP,BET,1
2021,CHL,LHP,DOX,7
2021,CHL,LHP,MZZ,0
2021,CHL,LHP,SKH,2
2021,CHL,LHP,SKJ,0
2021,CHL,LHP,SWO,2
2021,CHL,LHP,YFT,50
2021,CHL,LL,ALB,0
2021,CHL,LL,DOX,29
2021,CHL,LL,MLS,0
2021,CHL,LL,MZZ,1
2021,CHL,LL,SKH,108
2021,CHL,LL,SWO,0
2021,CHL,LL,YFT,0
2021,CHL,LTL,ALB,2
2021,CHL,LTL,BET,1
2021,CHL,LTL,BXQ,1
2021,CHL,LTL,DOX,0
2021,CHL,LTL,MZZ,0
2021,CHL,LTL,SKH,2
2021,CHL,LTL,YFT,0
2021,CHL,OTR,DOX,6
2021,CHL,TX,MZZ,2
2021,CHL,TX,SKH,0
2021,CHN,LL,ALB,21519
2021,CHN,LL,BET,3481
2021,CHN,LL,BLM,59
2021,CHN,LL,BUM,726
2021,CHN,LL,MLS,233
2021,CHN,LL,MZZ,854
2021,CHN,LL,SFA,492
2021,CHN,LL,SKH,633
2021,CHN,LL,SWO,742
2021,CHN,LL,YFT,2299
2021,COL,PS,BET,3742
2021,COL,PS,BIL,10
2021,COL,PS,BKJ,22
2021,COL,PS,BLM,3
2021,COL,PS,BUM,4
2021,COL,PS,CGX,2
2021,COL,PS,DOX,105
2021,COL,PS,MLS,1
2021,COL,PS,MZZ,12
2021,COL,PS,SKH,0
2021,COL,PS,SKJ,26107
2021,COL,PS,SRX,0
2021,COL,PS,YFT,14613
2021,COL,UNK,BET,4
2021,COL,UNK,BKJ,0
2021,COL,UNK,SKJ,25
2021,COL,UNK,YFT,15
2021,ECU,LL,ALB,25
2021,ECU,LL,BET,87
2021,ECU,LL,BIL,4
2021,ECU,LL,BUM,48
2021,ECU,LL,BXQ,1
2021,ECU,LL,DOX,456
2021,ECU,LL,MLS,49
2021,ECU,LL,MZZ,87
2021,ECU,LL,SFA,5
2021,ECU,LL,SKJ,0
2021,ECU,LL,SWO,2246
2021,ECU,LL,YFT,93
2021,ECU,OTR,BET,1
2021,ECU,OTR,BKJ,3
2021,ECU,OTR,SKJ,9
2021,ECU,OTR,YFT,23
2021,ECU,PS,BET,31084
2021,ECU,PS,BIL,19
2021,ECU,PS,BKJ,1612
2021,ECU,PS,BLM,21
2021,ECU,PS,BUM,71
2021,ECU,PS,BZX,42
2021,ECU,PS,CGX,19
2021,ECU,PS,DOX,1197
2021,ECU,PS,MLS,3
2021,ECU,PS,MZZ,80
2021,ECU,PS,SFA,0
2021,ECU,PS,SKH,0
2021,ECU,PS,SKJ,193168
2021,ECU,PS,SRX,0
2021,ECU,PS,SSP,0
2021,ECU,PS,SWO,1
2021,ECU,PS,TUN,673
2021,ECU,PS,YFT,50420
2021,EU (ESP),LL,ALB,1
2021,EU (ESP),LL,BET,66
2021,EU (ESP),LL,BLM,189
2021,EU (ESP),LL,BUM,33
2021,EU (ESP),LL,DOX,124
2021,EU (ESP),LL,MLS,387
2021,EU (ESP),LL,MZZ,180
2021,EU (ESP),LL,SFA,45
2021,EU (ESP),LL,SKH,7604
2021,EU (ESP),LL,SSP,6
2021,EU (ESP),LL,SWO,9971
2021,EU (ESP),LL,YFT,38
2021,FRA (PYF),LL,ALB,2242
2021,FRA (PYF),LL,BET,906
2021,FRA (PYF),LL,BLM,16
2021,FRA (PYF),LL,BUM,142
2021,FRA (PYF),LL,DOX,27
2021,FRA (PYF),LL,MLS,104
2021,FRA (PYF),LL,MZZ,232
2021,FRA (PYF),LL,PBF,0
2021,FRA (PYF),LL,SFA,0
2021,FRA (PYF),LL,SKJ,11
2021,FRA (PYF),LL,SSP,4
2021,FRA (PYF),LL,SWO,149
2021,FRA (PYF),LL,YFT,1933
2021,JPN,LL,ALB,903
2021,JPN,LL,BET,4224
2021,JPN,LL,BLM,11
2021,JPN,LL,BUM,120
2021,JPN,LL,MLS,162
2021,JPN,LL,SFA,2
2021,JPN,LL,SKH,538
2021,JPN,LL,SKJ,21
2021,JPN,LL,SSP,65
2021,JPN,LL,SWO,1187
2021,JPN,LL,TUN,1
2021,JPN,LL,YFT,1027
2021,KOR,LL,ALB,949
2021,KOR,LL,BET,7028
2021,KOR,LL,BIL,29
2021,KOR,LL,BLM,2
2021,KOR,LL,BUM,211
2021,KOR,LL,MLS,93
2021,KOR,LL,MZZ,263
2021,KOR,LL,SFA,2
2021,KOR,LL,SKH,3
2021,KOR,LL,SKJ,81
2021,KOR,LL,SWO,730
2021,KOR,LL,YFT,1641
2021,MEX,PS,BET,1107
2021,MEX,PS,BIL,14
2021,MEX,PS,BKJ,3030
2021,MEX,PS,BLM,5
2021,MEX,PS,BUM,7
2021,MEX,PS,BZX,6812
2021,MEX,PS,CGX,9
2021,MEX,PS,DOX,94
2021,MEX,PS,MLS,5
2021,MEX,PS,MZZ,8
2021,MEX,PS,PBF,3026
2021,MEX,PS,SFA,4
2021,MEX,PS,SKH,0
2021,MEX,PS,SKJ,7944
2021,MEX,PS,SRX,0
2021,MEX,PS,SSP,0
2021,MEX,PS,SWO,1
2021,MEX,PS,TUN,63
2021,MEX,PS,YFT,107945
2021,NIC,PS,BET,1700
2021,NIC,PS,BIL,1
2021,NIC,PS,BLM,0
2021,NIC,PS,BUM,3
2021,NIC,PS,CGX,0
2021,NIC,PS,DOX,33
2021,NIC,PS,MZZ,3
2021,NIC,PS,SFA,0
2021,NIC,PS,SKH,0
2021,NIC,PS,SKJ,7574
2021,NIC,PS,SRX,0
2021,NIC,PS,YFT,7429
2021,OTR,LL,BET,9
2021,OTR,LL,BLM,90
2021,OTR,LL,DOX,20
2021,OTR,LL,MLS,8
2021,OTR,LL,MZZ,38
2021,OTR,LL,SFA,7
2021,OTR,LL,SKH,962
2021,OTR,LL,SWO,1206
2021,OTR,LL,TUN,0
2021,OTR,LL,YFT,8
2021,OTR,PS,BET,8711
2021,OTR,PS,BIL,5
2021,OTR,PS,BKJ,1
2021,OTR,PS,BLM,0
2021,OTR,PS,BUM,8
2021,OTR,PS,BZX,20
2021,OTR,PS,CGX,0
2021,OTR,PS,DOX,49
2021,OTR,PS,MZZ,3
2021,OTR,PS,SKH,0
2021,OTR,PS,SKJ,15934
2021,OTR,PS,SRX,0
2021,OTR,PS,TUN,12
2021,OTR,PS,YFT,5025
2021,PAN,LL,ALB,97
2021,PAN,LL,BET,41
2021,PAN,LL,BKJ,109
2021,PAN,LL,BLM,1
2021,PAN,LL,DOX,734
2021,PAN,LL,MZZ,78
2021,PAN,LL,SFA,13
2021,PAN,LL,SKH,93
2021,PAN,LL,SKJ,1
2021,PAN,LL,SRX,0
2021,PAN,LL,SWO,278
2021,PAN,LL,YFT,1037
2021,PAN,PS,BET,6473
2021,PAN,PS,BIL,4
2021,PAN,PS,BKJ,20
2021,PAN,PS,BLM,3
2021,PAN,PS,BUM,10
2021,PAN,PS,CGX,1
2021,PAN,PS,DOX,125
2021,PAN,PS,MLS,2
2021,PAN,PS,MZZ,13
2021,PAN,PS,SFA,0
2021,PAN,PS,SKH,0
2021,PAN,PS,SKJ,44375
2021,PAN,PS,SRX,0
2021,PAN,PS,SWO,0
2021,PAN,PS,TUN,486
2021,PAN,PS,YFT,30095
2021,PER,UNK,BKJ,126
2021,PER,UNK,BXQ,14
2021,PER,UNK,BZX,46153
2021,PER,UNK,DOX,15867
2021,PER,UNK,SKH,5142
2021,PER,UNK,SKJ,8
2021,PER,UNK,SWO,192
2021,PER,UNK,TUN,172
2021,PER,UNK,YFT,607
2021,TWN,LL,ALB,3532
2021,TWN,LL,BET,3526
2021,TWN,LL,BIL,43
2021,TWN,LL,BLM,2
2021,TWN,LL,BUM,273
2021,TWN,LL,MLS,147
2021,TWN,LL,SKH,702
2021,TWN,LL,SKJ,79
2021,TWN,LL,SWO,1328
2021,TWN,LL,YFT,895
2021,USA,GN,MZZ,1
2021,USA,GN,PBF,55
2021,USA,GN,SKH,8
2021,USA,GN,SWO,14
2021,USA,HAR,SWO,7
2021,USA,LL,ALB,91
2021,USA,LL,BET,1388
2021,USA,LL,BIL,0
2021,USA,LL,BUM,19
2021,USA,LL,DOX,38
2021,USA,LL,MLS,21
2021,USA,LL,MZZ,349
2021,USA,LL,PBF,0
2021,USA,LL,SFA,2
2021,USA,LL,SKH,5
2021,USA,LL,SKJ,7
2021,USA,LL,SSP,13
2021,USA,LL,SWO,117
2021,USA,LL,TUN,0
2021,USA,LL,YFT,206
2021,USA,LTL,ALB,4210
2021,USA,LTL,PBF,0
2021,USA,LTL,SKJ,2
2021,USA,OTR,ALB,64
2021,USA,OTR,CGX,0
2021,USA,OTR,DOX,0
2021,USA,OTR,PBF,119
2021,USA,OTR,SKH,32
2021,USA,OTR,SWO,56
2021,USA,OTR,YFT,0
2021,USA,PS,BET,5078
2021,USA,PS,BIL,9
2021,USA,PS,BKJ,1
2021,USA,PS,BLM,1
2021,USA,PS,BUM,10
2021,USA,PS,BZX,25
2021,USA,PS,CGX,1
2021,USA,PS,DOX,97
2021,USA,PS,MLS,0
2021,USA,PS,MZZ,5
2021,USA,PS,PBF,43
2021,USA,PS,SKH,0
2021,USA,PS,SKJ,24116
2021,USA,PS,SRX,0
2021,USA,PS,SWO,0
2021,USA,PS,YFT,4596
2021,USA,RG,ALB,248
2021,USA,RG,DOX,0
2021,USA,RG,PBF,1293
2021,USA,RG,SKH,0
2021,VEN,PS,BET,275
2021,VEN,PS,BIL,9
2021,VEN,PS,BKJ,13
2021,VEN,PS,BLM,5
2021,VEN,PS,BUM,4
2021,VEN,PS,CGX,0
2021,VEN,PS,DOX,51
2021,VEN,PS,MLS,1
2021,VEN,PS,MZZ,5
2021,VEN,PS,SFA,6
2021,VEN,PS,SKH,0
2021,VEN,PS,SKJ,7306
2021,VEN,PS,SRX,0
2021,VEN,PS,SSP,0
2021,VEN,PS,SWO,0
2021,VEN,PS,TUN,19
2021,VEN,PS,YFT,33293
2021,VUT,LL,ALB,2081
2021,VUT,LL,BET,947
2021,VUT,LL,BLM,2
2021,VUT,LL,BUM,50
2021,VUT,LL,DOX,4
2021,VUT,LL,MLS,135
2021,VUT,LL,MZZ,95
2021,VUT,LL,SFA,33
2021,VUT,LL,SKH,103
2021,VUT,LL,SKJ,25
2021,VUT,LL,SSP,28
2021,VUT,LL,SWO,906
2021,VUT,LL,YFT,215
2022,CAN,LTL,ALB,3639
2022,CHL,GN,ALB,12
2022,CHL,GN,BET,4
2022,CHL,GN,BXQ,1
2022,CHL,GN,DOX,20
2022,CHL,GN,MLS,2
2022,CHL,GN,MZZ,15
2022,CHL,GN,SKH,213
2022,CHL,GN,SWO,4932
2022,CHL,GN,YFT,12
2022,CHL,HAR,BET,0
2022,CHL,HAR,SKH,0
2022,CHL,HAR,SWO,14
2022,CHL,LHP,ALB,1
2022,CHL,LHP,BET,0
2022,CHL,LHP,DOX,5
2022,CHL,LHP,SKH,0
2022,CHL,LHP,SKJ,0
2022,CHL,LHP,SWO,1
2022,CHL,LHP,YFT,15
2022,CHL,LTL,ALB,13
2022,CHL,LTL,BXQ,2
2022,CHL,LTL,DOX,6
2022,CHL,LTL,MZZ,0
2022,CHL,LTL,SKH,10
2022,CHL,LTL,SWO,1
2022,CHL,LTL,YFT,0
2022,CHL,OTR,DOX,6
2022,CHL,OTR,SKJ,0
2022,CHL,TX,MZZ,3
2022,CHL,TX,SKH,0
2022,CHN,LL,ALB,22339
2022,CHN,LL,BET,2923
2022,CHN,LL,BLM,27
2022,CHN,LL,BUM,494
2022,CHN,LL,MLS,243
2022,CHN,LL,MZZ,1680
2022,CHN,LL,SFA,364
2022,CHN,LL,SWO,743
2022,CHN,LL,YFT,1388
2022,COL,PS,BET,2137
2022,COL,PS,BIL,7
2022,COL,PS,BKJ,51
2022,COL,PS,BLM,2
2022,COL,PS,BUM,10
2022,COL,PS,CGX,3
2022,COL,PS,DOX,117
2022,COL,PS,MLS,1
2022,COL,PS,MZZ,23
2022,COL,PS,SFA,0
2022,COL,PS,SKH,0
2022,COL,PS,SKJ,20493
2022,COL,PS,SRX,0
2022,COL,PS,SSP,0
2022,COL,PS,TUN,31
2022,COL,PS,YFT,15710
2022,COL,UNK,BET,2
2022,COL,UNK,BKJ,0
2022,COL,UNK,SKJ,20
2022,COL,UNK,TUN,0
2022,COL,UNK,YFT,16
2022,ECU,LL,ALB,16
2022,ECU,LL,BET,144
2022,ECU,LL,BUM,40
2022,ECU,LL,DOX,523
2022,ECU,LL,MLS,38
2022,ECU,LL,MZZ,33
2022,ECU,LL,SFA,1
2022,ECU,LL,SWO,2578
2022,ECU,LL,YFT,101
2022,ECU,OTR,BET,1
2022,ECU,OTR,BKJ,9
2022,ECU,OTR,DOX,1
2022,ECU,OTR,SKJ,65
2022,ECU,OTR,YFT,53
2022,ECU,PS,ALB,2
2022,ECU,PS,BET,24252
2022,ECU,PS,BIL,21
2022,ECU,PS,BKJ,1961
2022,ECU,PS,BLM,17
2022,ECU,PS,BUM,92
2022,ECU,PS,BZX,55
2022,ECU,PS,CGX,13
2022,ECU,PS,DOX,962
2022,ECU,PS,MLS,5
2022,ECU,PS,MZZ,92
2022,ECU,PS,SFA,0
2022,ECU,PS,SKH,0
2022,ECU,PS,SKJ,170116
2022,ECU,PS,SRX,0
2022,ECU,PS,SSP,0
2022,ECU,PS,SWO,1
2022,ECU,PS,TUN,2083
2022,ECU,PS,YFT,59897
2022,EU (ESP),LL,ALB,0
2022,EU (ESP),LL,BET,94
2022,EU (ESP),LL,BLM,110
2022,EU (ESP),LL,BUM,19
2022,EU (ESP),LL,DOX,69
2022,EU (ESP),LL,MLS,296
2022,EU (ESP),LL,MZZ,132
2022,EU (ESP),LL,SFA,107
2022,EU (ESP),LL,SKH,9077
2022,EU (ESP),LL,SSP,3
2022,EU (ESP),LL,SWO,10567
2022,EU (ESP),LL,YFT,60
2022,FRA (PYF),LL,ALB,3302
2022,FRA (PYF),LL,BET,1127
2022,FRA (PYF),LL,BLM,7
2022,FRA (PYF),LL,BUM,136
2022,FRA (PYF),LL,DOX,34
2022,FRA (PYF),LL,MLS,50
2022,FRA (PYF),LL,MZZ,182
2022,FRA (PYF),LL,PBF,2
2022,FRA (PYF),LL,SFA,0
2022,FRA (PYF),LL,SKJ,14
2022,FRA (PYF),LL,SSP,6
2022,FRA (PYF),LL,SWO,116
2022,FRA (PYF),LL,YFT,1096
2022,JPN,LL,ALB,1129
2022,JPN,LL,BET,3652
2022,JPN,LL,BLM,10
2022,JPN,LL,BUM,100
2022,JPN,LL,MLS,94
2022,JPN,LL,SFA,1
2022,JPN,LL,SKH,417
2022,JPN,LL,SKJ,18
2022,JPN,LL,SSP,128
2022,JPN,LL,SWO,993
2022,JPN,LL,YFT,905
2022,KOR,LL,ALB,889
2022,KOR,LL,BET,6629
2022,KOR,LL,BIL,11
2022,KOR,LL,BLM,3
2022,KOR,LL,BUM,152
2022,KOR,LL,DOX,0
2022,KOR,LL,MLS,59
2022,KOR,LL,MZZ,219
2022,KOR,LL,SFA,4
2022,KOR,LL,SKH,2
2022,KOR,LL,SKJ,94
2022,KOR,LL,SSP,18
2022,KOR,LL,SWO,835
2022,KOR,LL,YFT,1597
2022,MEX,PS,BET,580
2022,MEX,PS,BIL,13
2022,MEX,PS,BKJ,4263
2022,MEX,PS,BLM,9
2022,MEX,PS,BUM,12
2022,MEX,PS,BZX,3187
2022,MEX,PS,CGX,14
2022,MEX,PS,DOX,174
2022,MEX,PS,MLS,7
2022,MEX,PS,MZZ,26
2022,MEX,PS,PBF,3194
2022,MEX,PS,SFA,3
2022,MEX,PS,SKH,0
2022,MEX,PS,SKJ,11601
2022,MEX,PS,SRX,0
2022,MEX,PS,SSP,0
2022,MEX,PS,SWO,1
2022,MEX,PS,TUN,21
2022,MEX,PS,YFT,119381
2022,NIC,PS,BET,2056
2022,NIC,PS,BIL,0
2022,NIC,PS,BKJ,32
2022,NIC,PS,BLM,1
2022,NIC,PS,BUM,10
2022,NIC,PS,CGX,0
2022,NIC,PS,DOX,40
2022,NIC,PS,MZZ,4
2022,NIC,PS,SFA,0
2022,NIC,PS,SKH,0
2022,NIC,PS,SKJ,7759
2022,NIC,PS,SRX,0
2022,NIC,PS,TUN,31
2022,NIC,PS,YFT,8918
2022,OTR,LL,ALB,1
2022,OTR,LL,BET,10
2022,OTR,LL,BIL,0
2022,OTR,LL,BLM,46
2022,OTR,LL,BUM,3
2022,OTR,LL,DOX,68
2022,OTR,LL,MLS,15
2022,OTR,LL,MZZ,20
2022,OTR,LL,SFA,9
2022,OTR,LL,SKH,1102
2022,OTR,LL,SKJ,0
2022,OTR,LL,SSP,0
2022,OTR,LL,SWO,1128
2022,OTR,LL,TUN,0
2022,OTR,LL,YFT,15
2022,OTR,PS,ALB,0
2022,OTR,PS,BET,5871
2022,OTR,PS,BIL,4
2022,OTR,PS,BLM,2
2022,OTR,PS,BUM,11
2022,OTR,PS,CGX,0
2022,OTR,PS,DOX,107
2022,OTR,PS,MZZ,3
2022,OTR,PS,SFA,0
2022,OTR,PS,SKH,1
2022,OTR,PS,SKJ,14854
2022,OTR,PS,SRX,0
2022,OTR,PS,SSP,0
2022,OTR,PS,TUN,47
2022,OTR,PS,YFT,6209
2022,PAN,LL,ALB,74
2022,PAN,LL,BET,92
2022,PAN,LL,BLM,4
2022,PAN,LL,BUM,7
2022,PAN,LL,DOX,8
2022,PAN,LL,MLS,88
2022,PAN,LL,MZZ,115
2022,PAN,LL,SFA,53
2022,PAN,LL,SKH,536
2022,PAN,LL,SKJ,1
2022,PAN,LL,SWO,976
2022,PAN,LL,YFT,44
2022,PAN,PS,ALB,74
2022,PAN,PS,BET,7374
2022,PAN,PS,BIL,9
2022,PAN,PS,BKJ,130
2022,PAN,PS,BLM,6
2022,PAN,PS,BUM,15
2022,PAN,PS,CGX,1
2022,PAN,PS,DOX,142
2022,PAN,PS,MLS,1
2022,PAN,PS,MZZ,15
2022,PAN,PS,SFA,1
2022,PAN,PS,SKH,0
2022,PAN,PS,SKJ,47962
2022,PAN,PS,SRX,0
2022,PAN,PS,SWO,1
2022,PAN,PS,TUN,107
2022,PAN,PS,YFT,39151
2022,TWN,LL,ALB,3491
2022,TWN,LL,BET,5129
2022,TWN,LL,BIL,89
2022,TWN,LL,BLM,4
2022,TWN,LL,BUM,239
2022,TWN,LL,MLS,125
2022,TWN,LL,SKH,956
2022,TWN,LL,SKJ,54
2022,TWN,LL,SWO,2163
2022,TWN,LL,YFT,1202
2022,USA,GN,PBF,20
2022,USA,GN,SKH,32
2022,USA,GN,SWO,29
2022,USA,HAR,SWO,32
2022,USA,LL,ALB,72
2022,USA,LL,BET,1051
2022,USA,LL,BUM,43
2022,USA,LL,DOX,35
2022,USA,LL,MLS,28
2022,USA,LL,MZZ,223
2022,USA,LL,PBF,0
2022,USA,LL,SFA,1
2022,USA,LL,SKH,2
2022,USA,LL,SKJ,8
2022,USA,LL,SSP,11
2022,USA,LL,SWO,167
2022,USA,LL,YFT,271
2022,USA,LTL,ALB,8441
2022,USA,LTL,DOX,0
2022,USA,LTL,PBF,0
2022,USA,LTL,YFT,0
2022,USA,OTR,ALB,65
2022,USA,OTR,BET,79
2022,USA,OTR,DOX,11
2022,USA,OTR,PBF,150
2022,USA,OTR,SKH,19
2022,USA,OTR,SWO,28
2022,USA,OTR,YFT,50
2022,USA,PS,BET,3866
2022,USA,PS,BIL,4
2022,USA,PS,BKJ,3
2022,USA,PS,BLM,0
2022,USA,PS,BUM,9
2022,USA,PS,CGX,0
2022,USA,PS,DOX,66
2022,USA,PS,MLS,0
2022,USA,PS,MZZ,4
2022,USA,PS,PBF,198
2022,USA,PS,SKH,1
2022,USA,PS,SKJ,17593
2022,USA,PS,SRX,0
2022,USA,PS,TUN,51
2022,USA,PS,YFT,4399
2022,USA,RG,ALB,587
2022,USA,RG,DOX,0
2022,USA,RG,MZZ,0
2022,USA,RG,PBF,1579
2022,USA,RG,SKH,1
2022,VEN,PS,BET,838
2022,VEN,PS,BIL,5
2022,VEN,PS,BKJ,13
2022,VEN,PS,BLM,4
2022,VEN,PS,BUM,7
2022,VEN,PS,CGX,1
2022,VEN,PS,DOX,34
2022,VEN,PS,MLS,1
2022,VEN,PS,MZZ,9
2022,VEN,PS,SFA,4
2022,VEN,PS,SKH,0
2022,VEN,PS,SKJ,6412
2022,VEN,PS,SRX,0
2022,VEN,PS,SSP,0
2022,VEN,PS,SWO,0
2022,VEN,PS,TUN,8
2022,VEN,PS,YFT,37995
2022,VUT,LL,ALB,495
2022,VUT,LL,BET,256
2022,VUT,LL,BLM,1
2022,VUT,LL,BUM,17
2022,VUT,LL,DOX,1
2022,VUT,LL,MLS,25
2022,VUT,LL,MZZ,21
2022,VUT,LL,SFA,8
2022,VUT,LL,SKH,58
2022,VUT,LL,SKJ,11
2022,VUT,LL,SSP,8
2022,VUT,LL,SWO,423
2022,VUT,LL,YFT,80
2023,CAN,LTL,ALB,1143
2023,CHL,GN,ALB,10
2023,CHL,GN,BET,15
2023,CHL,GN,BXQ,2
2023,CHL,GN,DOX,29
2023,CHL,GN,MLS,2
2023,CHL,GN,MZZ,16
2023,CHL,GN,SKH,246
2023,CHL,GN,SKJ,0
2023,CHL,GN,SWO,6968
2023,CHL,GN,YFT,15
2023,CHL,LHP,DOX,4
2023,CHL,LHP,MZZ,0
2023,CHL,LHP,SKJ,3
2023,CHL,LHP,SWO,1
2023,CHL,LHP,YFT,32
2023,CHL,LTL,ALB,3
2023,CHL,LTL,DOX,2
2023,CHL,LTL,MZZ,1
2023,CHL,LTL,SKH,10
2023,CHL,LTL,SKJ,1
2023,CHL,LTL,SWO,1
2023,CHL,LTL,YFT,2
2023,CHL,OTR,ALB,2
2023,CHL,OTR,DOX,0
2023,CHL,OTR,SKJ,16
2023,CHL,TX,MZZ,10
2023,CHN,LL,ALB,20672
2023,CHN,LL,BET,2382
2023,CHN,LL,BLM,18
2023,CHN,LL,BUM,306
2023,CHN,LL,MLS,300
2023,CHN,LL,MZZ,2176
2023,CHN,LL,SFA,252
2023,CHN,LL,SWO,518
2023,CHN,LL,YFT,1474
2023,COL,PS,BET,1719
2023,COL,PS,BIL,6
2023,COL,PS,BKJ,9
2023,COL,PS,BLM,3
2023,COL,PS,BUM,3
2023,COL,PS,CGX,1
2023,COL,PS,DOX,70
2023,COL,PS,MLS,1
2023,COL,PS,MZZ,14
2023,COL,PS,SKH,0
2023,COL,PS,SKJ,21892
2023,COL,PS,SRX,0
2023,COL,PS,SSP,0
2023,COL,PS,TUN,51
2023,COL,PS,YFT,21193
2023,COL,UNK,BET,2
2023,COL,UNK,BKJ,0
2023,COL,UNK,MZZ,0
2023,COL,UNK,SKJ,22
2023,COL,UNK,YFT,21
2023,ECU,LL,BET,42
2023,ECU,LL,BUM,39
2023,ECU,LL,DOX,261
2023,ECU,LL,MLS,37
2023,ECU,LL,MZZ,17
2023,ECU,LL,SFA,1
2023,ECU,LL,SWO,3233
2023,ECU,LL,YFT,42
2023,ECU,OTR,BKJ,13
2023,ECU,OTR,BZX,0
2023,ECU,OTR,DOX,0
2023,ECU,OTR,SKJ,8
2023,ECU,OTR,YFT,68
2023,ECU,PS,BET,23050
2023,ECU,PS,BIL,22
2023,ECU,PS,BKJ,1530
2023,ECU,PS,BLM,24
2023,ECU,PS,BUM,122
2023,ECU,PS,BZX,3
2023,ECU,PS,CGX,9
2023,ECU,PS,DOX,649
2023,ECU,PS,MLS,7
2023,ECU,PS,MZZ,206
2023,ECU,PS,SFA,0
2023,ECU,PS,SKH,0
2023,ECU,PS,SKJ,231547
2023,ECU,PS,SRX,0
2023,ECU,PS,SSP,0
2023,ECU,PS,SWO,1
2023,ECU,PS,TUN,1764
2023,ECU,PS,YFT,53802
2023,EU (ESP),LL,ALB,0
2023,EU (ESP),LL,BET,71
2023,EU (ESP),LL,BLM,150
2023,EU (ESP),LL,BUM,24
2023,EU (ESP),LL,DOX,30
2023,EU (ESP),LL,MLS,373
2023,EU (ESP),LL,MZZ,156
2023,EU (ESP),LL,SFA,135
2023,EU (ESP),LL,SKH,9208
2023,EU (ESP),LL,SSP,5
2023,EU (ESP),LL,SWO,12123
2023,EU (ESP),LL,YFT,34
2023,JPN,LL,ALB,302
2023,JPN,LL,BET,2648
2023,JPN,LL,BLM,5
2023,JPN,LL,BUM,105
2023,JPN,LL,MLS,76
2023,JPN,LL,SFA,1
2023,JPN,LL,SKH,234
2023,JPN,LL,SKJ,18
2023,JPN,LL,SSP,62
2023,JPN,LL,SWO,972
2023,JPN,LL,YFT,578
2023,KOR,LL,ALB,542
2023,KOR,LL,BET,11428
2023,KOR,LL,BIL,8
2023,KOR,LL,BLM,1
2023,KOR,LL,BUM,336
2023,KOR,LL,DOX,0
2023,KOR,LL,MLS,154
2023,KOR,LL,MZZ,224
2023,KOR,LL,SFA,5
2023,KOR,LL,SKJ,97
2023,KOR,LL,SSP,8
2023,KOR,LL,SWO,928
2023,KOR,LL,YFT,2347
2023,MEX,PS,BET,327
2023,MEX,PS,BIL,18
2023,MEX,PS,BKJ,3859
2023,MEX,PS,BLM,12
2023,MEX,PS,BUM,10
2023,MEX,PS,BZX,754
2023,MEX,PS,CGX,5
2023,MEX,PS,DOX,37
2023,MEX,PS,MLS,7
2023,MEX,PS,MZZ,5
2023,MEX,PS,PBF,3399
2023,MEX,PS,SFA,3
2023,MEX,PS,SKH,0
2023,MEX,PS,SKJ,11846
2023,MEX,PS,SRX,0
2023,MEX,PS,SSP,0
2023,MEX,PS,SWO,1
2023,MEX,PS,TUN,3
2023,MEX,PS,YFT,143107
2023,NIC,PS,BET,1637
2023,NIC,PS,BIL,2
2023,NIC,PS,BKJ,1
2023,NIC,PS,BLM,1
2023,NIC,PS,BUM,2
2023,NIC,PS,CGX,0
2023,NIC,PS,DOX,20
2023,NIC,PS,MZZ,3
2023,NIC,PS,SFA,0
2023,NIC,PS,SKH,0
2023,NIC,PS,SKJ,8872
2023,NIC,PS,SRX,0
2023,NIC,PS,SSP,0
2023,NIC,PS,TUN,6
2023,NIC,PS,YFT,10123
2023,OTR,HAR,ALB,3
2023,OTR,HAR,MLS,0
2023,OTR,HAR,SWO,47
2023,OTR,LL,ALB,3485
2023,OTR,LL,BET,943
2023,OTR,LL,BLM,78
2023,OTR,LL,BUM,153
2023,OTR,LL,DOX,74
2023,OTR,LL,MLS,111
2023,OTR,LL,MZZ,252
2023,OTR,LL,PBF,1
2023,OTR,LL,SFA,9
2023,OTR,LL,SKH,909
2023,OTR,LL,SKJ,9
2023,OTR,LL,SSP,5
2023,OTR,LL,SWO,1506
2023,OTR,LL,YFT,1014
2023,OTR,PS,ALB,0
2023,OTR,PS,BET,6921
2023,OTR,PS,BIL,5
2023,OTR,PS,BKJ,1
2023,OTR,PS,BLM,1
2023,OTR,PS,BUM,11
2023,OTR,PS,CGX,2
2023,OTR,PS,DOX,31
2023,OTR,PS,MLS,0
2023,OTR,PS,MZZ,10
2023,OTR,PS,SFA,0
2023,OTR,PS,SKH,0
2023,OTR,PS,SKJ,28276
2023,OTR,PS,SRX,0
2023,OTR,PS,SWO,0
2023,OTR,PS,TUN,9
2023,OTR,PS,YFT,6127
2023,PAN,LL,ALB,3
2023,PAN,LL,BET,58
2023,PAN,LL,BKJ,1
2023,PAN,LL,BLM,1
2023,PAN,LL,BUM,4
2023,PAN,LL,DOX,14
2023,PAN,LL,MLS,42
2023,PAN,LL,MZZ,48
2023,PAN,LL,SFA,51
2023,PAN,LL,SKH,221
2023,PAN,LL,SKJ,0
2023,PAN,LL,SWO,393
2023,PAN,LL,YFT,80
2023,PAN,PS,BET,5497
2023,PAN,PS,BIL,8
2023,PAN,PS,BKJ,38
2023,PAN,PS,BLM,5
2023,PAN,PS,BUM,22
2023,PAN,PS,CGX,2
2023,PAN,PS,DOX,111
2023,PAN,PS,MLS,1
2023,PAN,PS,MZZ,34
2023,PAN,PS,SFA,0
2023,PAN,PS,SKH,0
2023,PAN,PS,SKJ,53849
2023,PAN,PS,SRX,0
2023,PAN,PS,SSP,0
2023,PAN,PS,SWO,1
2023,PAN,PS,TUN,86
2023,PAN,PS,YFT,35113
2023,PER,UNK,ALB,0
2023,PER,UNK,BKJ,12
2023,PER,UNK,BXQ,13
2023,PER,UNK,BZX,64830
2023,PER,UNK,DOX,22849
2023,PER,UNK,SKH,5477
2023,PER,UNK,SKJ,80
2023,PER,UNK,SWO,268
2023,PER,UNK,TUN,424
2023,PER,UNK,YFT,396
2023,TWN,LL,ALB,4306
2023,TWN,LL,BET,5056
2023,TWN,LL,BIL,42
2023,TWN,LL,BLM,3
2023,TWN,LL,BUM,377
2023,TWN,LL,MLS,244
2023,TWN,LL,SKH,1070
2023,TWN,LL,SKJ,81
2023,TWN,LL,SWO,1656
2023,TWN,LL,YFT,1217
2023,USA,GN,MZZ,1
2023,USA,GN,PBF,16
2023,USA,GN,SKH,21
2023,USA,GN,SWO,37
2023,USA,LL,ALB,242
2023,USA,LL,BET,1274
2023,USA,LL,BIL,0
2023,USA,LL,BUM,24
2023,USA,LL,DOX,42
2023,USA,LL,MLS,14
2023,USA,LL,MZZ,244
2023,USA,LL,PBF,1
2023,USA,LL,SFA,2
2023,USA,LL,SKH,1
2023,USA,LL,SKJ,5
2023,USA,LL,SSP,22
2023,USA,LL,SWO,94
2023,USA,LL,YFT,257
2023,USA,LTL,ALB,3161
2023,USA,LTL,CGX,0
2023,USA,LTL,DOX,0
2023,USA,LTL,PBF,0
2023,USA,LTL,SKJ,0
2023,USA,OTR,ALB,10
2023,USA,OTR,BET,157
2023,USA,OTR,DOX,5
2023,USA,OTR,PBF,165
2023,USA,OTR,SKH,25
2023,USA,OTR,SWO,32
2023,USA,OTR,YFT,88
2023,USA,PS,ALB,0
2023,USA,PS,BET,3050
2023,USA,PS,BIL,2
2023,USA,PS,BKJ,5
2023,USA,PS,BLM,1
2023,USA,PS,BUM,16
2023,USA,PS,BZX,1
2023,USA,PS,CGX,0
2023,USA,PS,DOX,74
2023,USA,PS,MZZ,7
2023,USA,PS,PBF,3
2023,USA,PS,SKH,0
2023,USA,PS,SKJ,29287
2023,USA,PS,SRX,0
2023,USA,PS,TUN,6
2023,USA,PS,YFT,4700
2023,USA,RG,ALB,567
2023,USA,RG,DOX,0
2023,USA,RG,PBF,1887
2023,USA,RG,SKH,0
2023,VEN,PS,BET,20
2023,VEN,PS,BIL,2
2023,VEN,PS,BKJ,8
2023,VEN,PS,BLM,1
2023,VEN,PS,BUM,4
2023,VEN,PS,BZX,1
2023,VEN,PS,CGX,1
2023,VEN,PS,DOX,10
2023,VEN,PS,MZZ,2
2023,VEN,PS,SFA,5
2023,VEN,PS,SKH,0
2023,VEN,PS,SKJ,2896
2023,VEN,PS,SRX,0
2023,VEN,PS,SWO,0
2023,VEN,PS,TUN,2
2023,VEN,PS,YFT,24017
2023,VUT,LL,ALB,238
2023,VUT,LL,BET,700
2023,VUT,LL,BLM,3
2023,VUT,LL,BUM,47
2023,VUT,LL,DOX,1
2023,VUT,LL,MLS,41
2023,VUT,LL,MZZ,77
2023,VUT,LL,SFA,1
2023,VUT,LL,SKH,76
2023,VUT,LL,SKJ,2
2023,VUT,LL,SSP,5
2023,VUT,LL,SWO,447
2023,VUT,LL,YFT,143
