Year,Flag,Lat,Lon,BSH,CCL,FAL,MAK,OCS,RSK,SKH,SMA,SPN,THR
1979,KOR,-22.5,-127.5,0,0,0,0,0,0,0,0,0,0
1979,KOR,-22.5,-122.5,0,0,0,0,0,0,0,0,0,0
1979,KOR,-17.5,-132.5,0,0,0,0,0,0,0,0,0,0
1979,KOR,-17.5,-127.5,0,0,0,0,0,0,0,0,0,0
1979,KOR,-17.5,-122.5,0,0,0,0,0,0,0,0,0,0
1979,KOR,-12.5,-147.5,0,0,0,0,0,0,0,0,0,0
1979,KOR,-12.5,-142.5,0,0,0,0,0,0,0,0,0,0
1979,KOR,-12.5,-137.5,0,0,0,0,0,0,0,0,0,0
1979,KOR,-12.5,-132.5,0,0,0,0,0,0,0,0,0,0
1979,KOR,-12.5,-127.5,0,0,0,0,0,0,0,0,0,0
1979,KOR,-7.5,-142.5,0,0,0,0,0,0,0,0,0,0
1979,KOR,-7.5,-137.5,0,0,0,0,0,0,0,0,0,0
1979,KOR,-2.5,-147.5,0,0,0,0,0,0,0,0,0,0
1979,KOR,-2.5,-142.5,0,0,0,0,0,0,0,0,0,0
1979,KOR,-2.5,-122.5,0,0,0,0,0,0,0,0,0,0
1979,TWN,-17.5,-122.5,0,0,0,0,0,0,0.14,0,0,0
1979,TWN,-17.5,-117.5,0,0,0,0,0,0,1.34,0,0,0
1979,TWN,-17.5,-112.5,0,0,0,0,0,0,0.71,0,0,0
1979,KOR,-17.5,-122.5,0,0,0,0,0,0,0,0,0,0
1979,KOR,-12.5,-147.5,0,0,0,0,0,0,0,0,0,0
1979,KOR,-12.5,-142.5,0,0,0,0,0,0,0,0,0,0
1979,KOR,-12.5,-137.5,0,0,0,0,0,0,0,0,0,0
1979,KOR,-7.5,-147.5,0,0,0,0,0,0,0,0,0,0
1979,KOR,-7.5,-137.5,0,0,0,0,0,0,0,0,0,0
1979,KOR,-2.5,-142.5,0,0,0,0,0,0,0,0,0,0
1979,TWN,-17.5,-127.5,0,0,0,0,0,0,0.81,0,0,0
1979,TWN,-17.5,-122.5,0,0,0,0,0,0,0.3,0,0,0
1979,TWN,-12.5,-142.5,0,0,0,0,0,0,0.12,0,0,0
1979,KOR,-42.5,-147.5,0,0,0,0,0,0,0,0,0,0
1979,KOR,-37.5,-142.5,0,0,0,0,0,0,0,0,0,0
1979,KOR,-7.5,-147.5,0,0,0,0,0,0,0,0,0,0
1979,KOR,-7.5,-142.5,0,0,0,0,0,0,0,0,0,0
1979,KOR,2.5,-147.5,0,0,0,0,0,0,0,0,0,0
1979,KOR,-37.5,-147.5,0,0,0,0,0,0,0,0,0,0
1979,KOR,-37.5,-142.5,0,0,0,0,0,0,0,0,0,0
1979,KOR,-37.5,-137.5,0,0,0,0,0,0,0,0,0,0
1979,KOR,-37.5,-132.5,0,0,0,0,0,0,0,0,0,0
1979,KOR,-32.5,-142.5,0,0,0,0,0,0,0,0,0,0
1979,KOR,-32.5,-137.5,0,0,0,0,0,0,0,0,0,0
1979,KOR,-27.5,-147.5,0,0,0,0,0,0,0,0,0,0
1979,KOR,-17.5,-127.5,0,0,0,0,0,0,0,0,0,0
1979,KOR,-7.5,-147.5,0,0,0,0,0,0,0,0,0,0
1979,KOR,-37.5,-147.5,0,0,0,0,0,0,0,0,0,0
1979,KOR,-32.5,-147.5,0,0,0,0,0,0,0,0,0,0
1979,KOR,-32.5,-142.5,0,0,0,0,0,0,0,0,0,0
1979,KOR,-32.5,-137.5,0,0,0,0,0,0,0,0,0,0
1979,KOR,-32.5,-132.5,0,0,0,0,0,0,0,0,0,0
1979,KOR,-27.5,-147.5,0,0,0,0,0,0,0,0,0,0
1979,KOR,-27.5,-137.5,0,0,0,0,0,0,0,0,0,0
1979,KOR,-27.5,-132.5,0,0,0,0,0,0,0,0,0,0
1979,KOR,-7.5,-147.5,0,0,0,0,0,0,0,0,0,0
1979,KOR,2.5,-147.5,0,0,0,0,0,0,0,0,0,0
1979,KOR,12.5,-87.5,0,0,0,0,0,0,0,0,0,0
1979,KOR,-32.5,-147.5,0,0,0,0,0,0,0,0,0,0
1979,KOR,-32.5,-142.5,0,0,0,0,0,0,0,0,0,0
1979,KOR,-32.5,-137.5,0,0,0,0,0,0,0,0,0,0
1979,KOR,-27.5,-147.5,0,0,0,0,0,0,0,0,0,0
1979,KOR,-27.5,-142.5,0,0,0,0,0,0,0,0,0,0
1979,KOR,-27.5,-137.5,0,0,0,0,0,0,0,0,0,0
1979,KOR,-27.5,-132.5,0,0,0,0,0,0,0,0,0,0
1979,KOR,-27.5,-127.5,0,0,0,0,0,0,0,0,0,0
1979,KOR,-12.5,-147.5,0,0,0,0,0,0,0,0,0,0
1979,KOR,-2.5,-92.5,0,0,0,0,0,0,0,0,0,0
1979,KOR,-2.5,-82.5,0,0,0,0,0,0,0,0,0,0
1979,KOR,2.5,-127.5,0,0,0,0,0,0,0,0,0,0
1979,KOR,2.5,-122.5,0,0,0,0,0,0,0,0,0,0
1979,KOR,2.5,-112.5,0,0,0,0,0,0,0,0,0,0
1979,KOR,2.5,-102.5,0,0,0,0,0,0,0,0,0,0
1979,KOR,2.5,-97.5,0,0,0,0,0,0,0,0,0,0
1979,KOR,-32.5,-132.5,0,0,0,0,0,0,0,0,0,0
1979,KOR,-27.5,-147.5,0,0,0,0,0,0,0,0,0,0
1979,KOR,-27.5,-142.5,0,0,0,0,0,0,0,0,0,0
1979,KOR,-27.5,-137.5,0,0,0,0,0,0,0,0,0,0
1979,KOR,-27.5,-132.5,0,0,0,0,0,0,0,0,0,0
1979,KOR,-27.5,-127.5,0,0,0,0,0,0,0,0,0,0
1979,KOR,-22.5,-147.5,0,0,0,0,0,0,0,0,0,0
1979,KOR,-12.5,-147.5,0,0,0,0,0,0,0,0,0,0
1979,KOR,-7.5,-147.5,0,0,0,0,0,0,0,0,0,0
1979,KOR,-27.5,-147.5,0,0,0,0,0,0,0,0,0,0
1979,KOR,-27.5,-142.5,0,0,0,0,0,0,0,0,0,0
1979,KOR,-27.5,-137.5,0,0,0,0,0,0,0,0,0,0
1979,KOR,-27.5,-132.5,0,0,0,0,0,0,0,0,0,0
1979,KOR,-12.5,-147.5,0,0,0,0,0,0,0,0,0,0
1979,KOR,-7.5,-147.5,0,0,0,0,0,0,0,0,0,0
1979,TWN,-27.5,-147.5,0,0,0,0,0,0,0.11,0,0,0
1979,TWN,-27.5,-142.5,0,0,0,0,0,0,0.23,0,0,0
1979,TWN,-27.5,-137.5,0,0,0,0,0,0,0.34,0,0,0
1979,KOR,-27.5,-137.5,0,0,0,0,0,0,0,0,0,0
1979,KOR,-27.5,-132.5,0,0,0,0,0,0,0,0,0,0
1979,KOR,-12.5,-137.5,0,0,0,0,0,0,0,0,0,0
1979,KOR,-12.5,-132.5,0,0,0,0,0,0,0,0,0,0
1979,KOR,-12.5,-112.5,0,0,0,0,0,0,0,0,0,0
1979,KOR,-7.5,-147.5,0,0,0,0,0,0,0,0,0,0
1979,KOR,12.5,-87.5,0,0,0,0,0,0,0,0,0,0
1979,TWN,-27.5,-142.5,0,0,0,0,0,0,0.46,0,0,0
1979,TWN,-27.5,-137.5,0,0,0,0,0,0,0.34,0,0,0
1979,TWN,-22.5,-132.5,0,0,0,0,0,0,0.11,0,0,0
1979,TWN,-22.5,-127.5,0,0,0,0,0,0,0.23,0,0,0
1979,KOR,-12.5,-147.5,0,0,0,0,0,0,0,0,0,0
1979,KOR,-12.5,-142.5,0,0,0,0,0,0,0,0,0,0
1979,KOR,-7.5,-147.5,0,0,0,0,0,0,0,0,0,0
1979,KOR,-7.5,-142.5,0,0,0,0,0,0,0,0,0,0
1979,KOR,12.5,-92.5,0,0,0,0,0,0,0,0,0,0
1979,KOR,12.5,-87.5,0,0,0,0,0,0,0,0,0,0
1979,TWN,-22.5,-127.5,0,0,0,0,0,0,0.46,0,0,0
1979,TWN,-17.5,-127.5,0,0,0,0,0,0,0.11,0,0,0
1979,TWN,-17.5,-122.5,0,0,0,0,0,0,0.58,0,0,0
1979,KOR,-22.5,-127.5,0,0,0,0,0,0,0,0,0,0
1979,KOR,-22.5,-122.5,0,0,0,0,0,0,0,0,0,0
1979,KOR,-17.5,-132.5,0,0,0,0,0,0,0,0,0,0
1979,KOR,-17.5,-127.5,0,0,0,0,0,0,0,0,0,0
1979,KOR,-12.5,-137.5,0,0,0,0,0,0,0,0,0,0
1979,KOR,-12.5,-132.5,0,0,0,0,0,0,0,0,0,0
1979,KOR,-7.5,-147.5,0,0,0,0,0,0,0,0,0,0
1979,KOR,-2.5,-147.5,0,0,0,0,0,0,0,0,0,0
1979,KOR,2.5,-147.5,0,0,0,0,0,0,0,0,0,0
1979,TWN,-22.5,-112.5,0,0,0,0,0,0,5.09,0,0,0
1979,TWN,-17.5,-122.5,0,0,0,0,0,0,0.93,0,0,0
1979,TWN,-17.5,-117.5,0,0,0,0,0,0,1.04,0,0,0
1979,TWN,-17.5,-112.5,0,0,0,0,0,0,1.59,0,0,0
1979,KOR,-22.5,-127.5,0,0,0,0,0,0,0,0,0,0
1979,KOR,-22.5,-122.5,0,0,0,0,0,0,0,0,0,0
1979,KOR,-22.5,-117.5,0,0,0,0,0,0,0,0,0,0
1979,KOR,-17.5,-127.5,0,0,0,0,0,0,0,0,0,0
1979,KOR,-17.5,-122.5,0,0,0,0,0,0,0,0,0,0
1979,KOR,-17.5,-117.5,0,0,0,0,0,0,0,0,0,0
1979,KOR,-17.5,-112.5,0,0,0,0,0,0,0,0,0,0
1979,KOR,7.5,-82.5,0,0,0,0,0,0,0,0,0,0
1979,KOR,7.5,-77.5,0,0,0,0,0,0,0,0,0,0
1979,TWN,-22.5,-112.5,0,0,0,0,0,0,1.61,0,0,0
1979,TWN,-17.5,-117.5,0,0,0,0,0,0,0.11,0,0,0
1980,KOR,-22.5,-127.5,0,0,0,0,0,0,0,0,0,0
1980,KOR,-22.5,-122.5,0,0,0,0,0,0,0,0,0,0
1980,KOR,-22.5,-117.5,0,0,0,0,0,0,0,0,0,0
1980,KOR,-17.5,-132.5,0,0,0,0,0,0,0,0,0,0
1980,KOR,-17.5,-127.5,0,0,0,0,0,0,0,0,0,0
1980,KOR,-17.5,-122.5,0,0,0,0,0,0,0,0,0,0
1980,KOR,-17.5,-117.5,0,0,0,0,0,0,0,0,0,0
1980,KOR,-17.5,-112.5,0,0,0,0,0,0,0,0,0,0
1980,KOR,-12.5,-132.5,0,0,0,0,0,0,0,0,0,0
1980,KOR,-2.5,-87.5,0,0,0,0,0,0,0,0,0,0
1980,KOR,-2.5,-82.5,0,0,0,0,0,0,0,0,0,0
1980,KOR,2.5,-87.5,0,0,0,0,0,0,0,0,0,0
1980,KOR,12.5,-92.5,0,0,0,0,0,0,0,0,0,0
1980,KOR,-12.5,-142.5,0,0,0,0,0,0,0,0,0,0
1980,KOR,-12.5,-132.5,0,0,0,0,0,0,0,0,0,0
1980,KOR,-12.5,-127.5,0,0,0,0,0,0,0,0,0,0
1980,KOR,-7.5,-147.5,0,0,0,0,0,0,0,0,0,0
1980,KOR,-2.5,-97.5,0,0,0,0,0,0,0,0,0,0
1980,KOR,-2.5,-87.5,0,0,0,0,0,0,0,0,0,0
1980,KOR,-2.5,-82.5,0,0,0,0,0,0,0,0,0,0
1980,KOR,2.5,-87.5,0,0,0,0,0,0,0,0,0,0
1980,KOR,12.5,-92.5,0,0,0,0,0,0,0,0,0,0
1980,KOR,27.5,-147.5,0,0,0,0,0,0,0,0,0,0
1980,KOR,27.5,-137.5,0,0,0,0,0,0,0,0,0,0
1980,KOR,-12.5,-147.5,0,0,0,0,0,0,0,0,0,0
1980,KOR,-7.5,-147.5,0,0,0,0,0,0,0,0,0,0
1980,KOR,-2.5,-147.5,0,0,0,0,0,0,0,0,0,0
1980,KOR,2.5,-147.5,0,0,0,0,0,0,0,0,0,0
1980,KOR,17.5,-142.5,0,0,0,0,0,0,0,0,0,0
1980,KOR,17.5,-137.5,0,0,0,0,0,0,0,0,0,0
1980,KOR,22.5,-137.5,0,0,0,0,0,0,0,0,0,0
1980,KOR,27.5,-137.5,0,0,0,0,0,0,0,0,0,0
1980,KOR,-37.5,-147.5,0,0,0,0,0,0,0,0,0,0
1980,KOR,-37.5,-142.5,0,0,0,0,0,0,0,0,0,0
1980,KOR,-37.5,-137.5,0,0,0,0,0,0,0,0,0,0
1980,KOR,-32.5,-147.5,0,0,0,0,0,0,0,0,0,0
1980,KOR,-7.5,-147.5,0,0,0,0,0,0,0,0,0,0
1980,KOR,-7.5,-142.5,0,0,0,0,0,0,0,0,0,0
1980,KOR,-2.5,-147.5,0,0,0,0,0,0,0,0,0,0
1980,KOR,2.5,-147.5,0,0,0,0,0,0,0,0,0,0
1980,KOR,2.5,-142.5,0,0,0,0,0,0,0,0,0,0
1980,KOR,7.5,-137.5,0,0,0,0,0,0,0,0,0,0
1980,KOR,12.5,-92.5,0,0,0,0,0,0,0,0,0,0
1980,KOR,17.5,-137.5,0,0,0,0,0,0,0,0,0,0
1980,KOR,22.5,-147.5,0,0,0,0,0,0,0,0,0,0
1980,KOR,-37.5,-147.5,0,0,0,0,0,0,0,0,0,0
1980,KOR,-37.5,-142.5,0,0,0,0,0,0,0,0,0,0
1980,KOR,-37.5,-137.5,0,0,0,0,0,0,0,0,0,0
1980,KOR,-37.5,-132.5,0,0,0,0,0,0,0,0,0,0
1980,KOR,-32.5,-137.5,0,0,0,0,0,0,0,0,0,0
1980,KOR,-32.5,-132.5,0,0,0,0,0,0,0,0,0,0
1980,KOR,-27.5,-147.5,0,0,0,0,0,0,0,0,0,0
1980,KOR,-27.5,-137.5,0,0,0,0,0,0,0,0,0,0
1980,KOR,-27.5,-132.5,0,0,0,0,0,0,0,0,0,0
1980,KOR,-7.5,-147.5,0,0,0,0,0,0,0,0,0,0
1980,KOR,-2.5,-147.5,0,0,0,0,0,0,0,0,0,0
1980,KOR,32.5,-137.5,0,0,0,0,0,0,0,0,0,0
1980,KOR,-32.5,-147.5,0,0,0,0,0,0,0,0,0,0
1980,KOR,-27.5,-147.5,0,0,0,0,0,0,0,0,0,0
1980,KOR,-27.5,-142.5,0,0,0,0,0,0,0,0,0,0
1980,KOR,-27.5,-137.5,0,0,0,0,0,0,0,0,0,0
1980,KOR,-27.5,-132.5,0,0,0,0,0,0,0,0,0,0
1980,KOR,-12.5,-147.5,0,0,0,0,0,0,0,0,0,0
1980,KOR,-7.5,-147.5,0,0,0,0,0,0,0,0,0,0
1980,TWN,-32.5,-147.5,0,0,0,0,0,0,0.62,0,0,0
1980,TWN,-32.5,-142.5,0,0,0,0,0,0,0.15,0,0,0
1980,KOR,-32.5,-147.5,0,0,0,0,0,0,0,0,0,0
1980,KOR,-27.5,-147.5,0,0,0,0,0,0,0,0,0,0
1980,KOR,-27.5,-137.5,0,0,0,0,0,0,0,0,0,0
1980,KOR,-27.5,-132.5,0,0,0,0,0,0,0,0,0,0
1980,KOR,-12.5,-147.5,0,0,0,0,0,0,0,0,0,0
1980,KOR,-12.5,-142.5,0,0,0,0,0,0,0,0,0,0
1980,KOR,-7.5,-147.5,0,0,0,0,0,0,0,0,0,0
1980,TWN,-27.5,-147.5,0,0,0,0,0,0,0.6,0,0,0
1980,TWN,-27.5,-142.5,0,0,0,0,0,0,0.4,0,0,0
1980,KOR,-37.5,-132.5,0,0,0,0,0,0,0,0,0,0
1980,KOR,-32.5,-142.5,0,0,0,0,0,0,0,0,0,0
1980,KOR,-27.5,-137.5,0,0,0,0,0,0,0,0,0,0
1980,KOR,-27.5,-132.5,0,0,0,0,0,0,0,0,0,0
1980,KOR,17.5,-112.5,0,0,0,0,0,0,0,0,0,0
1980,KOR,22.5,-112.5,0,0,0,0,0,0,0,0,0,0
1980,KOR,22.5,-107.5,0,0,0,0,0,0,0,0,0,0
1980,TWN,-27.5,-142.5,0,0,0,0,0,0,2.42,0,0,0
1980,TWN,-27.5,-137.5,0,0,0,0,0,0,0.42,0,0,0
1980,KOR,-17.5,-132.5,0,0,0,0,0,0,0,0,0,0
1980,KOR,-12.5,-147.5,0,0,0,0,0,0,0,0,0,0
1980,KOR,-12.5,-132.5,0,0,0,0,0,0,0,0,0,0
1980,KOR,-7.5,-147.5,0,0,0,0,0,0,0,0,0,0
1980,KOR,12.5,-92.5,0,0,0,0,0,0,0,0,0,0
1980,KOR,17.5,-112.5,0,0,0,0,0,0,0,0,0,0
1980,KOR,22.5,-112.5,0,0,0,0,0,0,0,0,0,0
1980,KOR,22.5,-107.5,0,0,0,0,0,0,0,0,0,0
1980,TWN,-27.5,-142.5,0,0,0,0,0,0,1.19,0,0,0
1980,KOR,-22.5,-132.5,0,0,0,0,0,0,0,0,0,0
1980,KOR,-22.5,-127.5,0,0,0,0,0,0,0,0,0,0
1980,KOR,-22.5,-122.5,0,0,0,0,0,0,0,0,0,0
1980,KOR,-17.5,-132.5,0,0,0,0,0,0,0,0,0,0
1980,KOR,-17.5,-127.5,0,0,0,0,0,0,0,0,0,0
1980,KOR,-17.5,-122.5,0,0,0,0,0,0,0,0,0,0
1980,KOR,-17.5,-117.5,0,0,0,0,0,0,0,0,0,0
1980,KOR,-12.5,-147.5,0,0,0,0,0,0,0,0,0,0
1980,KOR,-12.5,-137.5,0,0,0,0,0,0,0,0,0,0
1980,KOR,-12.5,-132.5,0,0,0,0,0,0,0,0,0,0
1980,KOR,-12.5,-127.5,0,0,0,0,0,0,0,0,0,0
1980,KOR,-7.5,-147.5,0,0,0,0,0,0,0,0,0,0
1980,KOR,22.5,-112.5,0,0,0,0,0,0,0,0,0,0
1980,KOR,22.5,-107.5,0,0,0,0,0,0,0,0,0,0
1980,KOR,-27.5,-127.5,0,0,0,0,0,0,0,0,0,0
1980,KOR,-22.5,-147.5,0,0,0,0,0,0,0,0,0,0
1980,KOR,-22.5,-132.5,0,0,0,0,0,0,0,0,0,0
1980,KOR,-22.5,-127.5,0,0,0,0,0,0,0,0,0,0
1980,KOR,-22.5,-122.5,0,0,0,0,0,0,0,0,0,0
1980,KOR,-22.5,-117.5,0,0,0,0,0,0,0,0,0,0
1980,KOR,-17.5,-132.5,0,0,0,0,0,0,0,0,0,0
1980,KOR,-17.5,-127.5,0,0,0,0,0,0,0,0,0,0
1980,KOR,-17.5,-122.5,0,0,0,0,0,0,0,0,0,0
1980,KOR,-17.5,-117.5,0,0,0,0,0,0,0,0,0,0
1980,KOR,-12.5,-132.5,0,0,0,0,0,0,0,0,0,0
1980,KOR,-12.5,-127.5,0,0,0,0,0,0,0,0,0,0
1980,KOR,-7.5,-147.5,0,0,0,0,0,0,0,0,0,0
1980,KOR,-2.5,-147.5,0,0,0,0,0,0,0,0,0,0
1980,KOR,-2.5,-142.5,0,0,0,0,0,0,0,0,0,0
1980,KOR,2.5,-147.5,0,0,0,0,0,0,0,0,0,0
1980,KOR,2.5,-142.5,0,0,0,0,0,0,0,0,0,0
1980,KOR,22.5,-112.5,0,0,0,0,0,0,0,0,0,0
1980,KOR,22.5,-107.5,0,0,0,0,0,0,0,0,0,0
1980,MEX,12.5,-92.5,0,0,0,0,0,0,0,0,0,0
1980,MEX,17.5,-97.5,0,0,0,0,0,0,0,0,0,0
1980,KOR,-22.5,-137.5,0,0,0,0,0,0,0,0,0,0
1980,KOR,-22.5,-132.5,0,0,0,0,0,0,0,0,0,0
1980,KOR,-22.5,-127.5,0,0,0,0,0,0,0,0,0,0
1980,KOR,-22.5,-122.5,0,0,0,0,0,0,0,0,0,0
1980,KOR,-22.5,-117.5,0,0,0,0,0,0,0,0,0,0
1980,KOR,-22.5,-112.5,0,0,0,0,0,0,0,0,0,0
1980,KOR,-17.5,-132.5,0,0,0,0,0,0,0,0,0,0
1980,KOR,-17.5,-127.5,0,0,0,0,0,0,0,0,0,0
1980,KOR,-17.5,-122.5,0,0,0,0,0,0,0,0,0,0
1980,KOR,-17.5,-117.5,0,0,0,0,0,0,0,0,0,0
1980,KOR,-17.5,-112.5,0,0,0,0,0,0,0,0,0,0
1980,KOR,-12.5,-147.5,0,0,0,0,0,0,0,0,0,0
1980,KOR,-12.5,-132.5,0,0,0,0,0,0,0,0,0,0
1980,KOR,-12.5,-127.5,0,0,0,0,0,0,0,0,0,0
1980,KOR,-12.5,-122.5,0,0,0,0,0,0,0,0,0,0
1980,KOR,-7.5,-147.5,0,0,0,0,0,0,0,0,0,0
1980,KOR,-7.5,-142.5,0,0,0,0,0,0,0,0,0,0
1980,KOR,-7.5,-132.5,0,0,0,0,0,0,0,0,0,0
1980,KOR,-7.5,-107.5,0,0,0,0,0,0,0,0,0,0
1980,KOR,-2.5,-147.5,0,0,0,0,0,0,0,0,0,0
1980,KOR,-2.5,-142.5,0,0,0,0,0,0,0,0,0,0
1980,KOR,-2.5,-127.5,0,0,0,0,0,0,0,0,0,0
1980,KOR,-2.5,-107.5,0,0,0,0,0,0,0,0,0,0
1980,KOR,2.5,-147.5,0,0,0,0,0,0,0,0,0,0
1980,KOR,2.5,-137.5,0,0,0,0,0,0,0,0,0,0
1980,KOR,2.5,-102.5,0,0,0,0,0,0,0,0,0,0
1980,KOR,2.5,-97.5,0,0,0,0,0,0,0,0,0,0
1980,KOR,22.5,-112.5,0,0,0,0,0,0,0,0,0,0
1980,KOR,22.5,-107.5,0,0,0,0,0,0,0,0,0,0
1980,KOR,32.5,-147.5,0,0,0,0,0,0,0,0,0,0
1980,KOR,32.5,-137.5,0,0,0,0,0,0,0,0,0,0
1980,MEX,17.5,-97.5,0,0,0,0,0,0,0,0,0,0
1980,TWN,-22.5,-122.5,0,0,0,0,0,0,1.04,0,0,0
1981,KOR,-22.5,-147.5,0,0,0,0,0,0,0,0,0,0
1981,KOR,-22.5,-142.5,0,0,0,0,0,0,0,0,0,0
1981,KOR,-22.5,-137.5,0,0,0,0,0,0,0,0,0,0
1981,KOR,-22.5,-132.5,0,0,0,0,0,0,0,0,0,0
1981,KOR,-22.5,-127.5,0,0,0,0,0,0,0,0,0,0
1981,KOR,-22.5,-122.5,0,0,0,0,0,0,0,0,0,0
1981,KOR,-22.5,-117.5,0,0,0,0,0,0,0,0,0,0
1981,KOR,-17.5,-147.5,0,0,0,0,0,0,0,0,0,0
1981,KOR,-17.5,-142.5,0,0,0,0,0,0,0,0,0,0
1981,KOR,-17.5,-137.5,0,0,0,0,0,0,0,0,0,0
1981,KOR,-17.5,-132.5,0,0,0,0,0,0,0,0,0,0
1981,KOR,-17.5,-127.5,0,0,0,0,0,0,0,0,0,0
1981,KOR,-17.5,-122.5,0,0,0,0,0,0,0,0,0,0
1981,KOR,-17.5,-117.5,0,0,0,0,0,0,0,0,0,0
1981,KOR,-17.5,-112.5,0,0,0,0,0,0,0,0,0,0
1981,KOR,-12.5,-142.5,0,0,0,0,0,0,0,0,0,0
1981,KOR,-12.5,-137.5,0,0,0,0,0,0,0,0,0,0
1981,KOR,-12.5,-132.5,0,0,0,0,0,0,0,0,0,0
1981,KOR,-12.5,-127.5,0,0,0,0,0,0,0,0,0,0
1981,KOR,-12.5,-122.5,0,0,0,0,0,0,0,0,0,0
1981,KOR,-7.5,-147.5,0,0,0,0,0,0,0,0,0,0
1981,KOR,-7.5,-142.5,0,0,0,0,0,0,0,0,0,0
1981,KOR,-7.5,-137.5,0,0,0,0,0,0,0,0,0,0
1981,KOR,-7.5,-132.5,0,0,0,0,0,0,0,0,0,0
1981,KOR,-7.5,-127.5,0,0,0,0,0,0,0,0,0,0
1981,KOR,-7.5,-112.5,0,0,0,0,0,0,0,0,0,0
1981,KOR,-2.5,-137.5,0,0,0,0,0,0,0,0,0,0
1981,KOR,-2.5,-132.5,0,0,0,0,0,0,0,0,0,0
1981,KOR,-2.5,-107.5,0,0,0,0,0,0,0,0,0,0
1981,KOR,2.5,-137.5,0,0,0,0,0,0,0,0,0,0
1981,KOR,2.5,-132.5,0,0,0,0,0,0,0,0,0,0
1981,KOR,7.5,-137.5,0,0,0,0,0,0,0,0,0,0
1981,KOR,22.5,-107.5,0,0,0,0,0,0,0,0,0,0
1981,KOR,27.5,-137.5,0,0,0,0,0,0,0,0,0,0
1981,KOR,32.5,-147.5,0,0,0,0,0,0,0,0,0,0
1981,KOR,32.5,-142.5,0,0,0,0,0,0,0,0,0,0
1981,KOR,32.5,-137.5,0,0,0,0,0,0,0,0,0,0
1981,KOR,32.5,-132.5,0,0,0,0,0,0,0,0,0,0
1981,TWN,-22.5,-122.5,0,0,0,0,0,0,0.89,0,0,0
1981,TWN,-22.5,-117.5,0,0,0,0,0,0,0.07,0,0,0
1981,TWN,-17.5,-127.5,0,0,0,0,0,0,0.98,0,0,0
1981,TWN,-17.5,-122.5,0,0,0,0,0,0,3.13,0,0,0
1981,TWN,-17.5,-117.5,0,0,0,0,0,0,1.07,0,0,0
1981,KOR,-22.5,-142.5,0,0,0,0,0,0,0,0,0,0
1981,KOR,-22.5,-137.5,0,0,0,0,0,0,0,0,0,0
1981,KOR,-17.5,-147.5,0,0,0,0,0,0,0,0,0,0
1981,KOR,-17.5,-137.5,0,0,0,0,0,0,0,0,0,0
1981,KOR,-12.5,-142.5,0,0,0,0,0,0,0,0,0,0
1981,KOR,-12.5,-137.5,0,0,0,0,0,0,0,0,0,0
1981,KOR,-7.5,-147.5,0,0,0,0,0,0,0,0,0,0
1981,KOR,-7.5,-142.5,0,0,0,0,0,0,0,0,0,0
1981,KOR,-7.5,-112.5,0,0,0,0,0,0,0,0,0,0
1981,KOR,-2.5,-147.5,0,0,0,0,0,0,0,0,0,0
1981,KOR,-2.5,-107.5,0,0,0,0,0,0,0,0,0,0
1981,KOR,2.5,-147.5,0,0,0,0,0,0,0,0,0,0
1981,KOR,17.5,-147.5,0,0,0,0,0,0,0,0,0,0
1981,KOR,17.5,-142.5,0,0,0,0,0,0,0,0,0,0
1981,KOR,22.5,-142.5,0,0,0,0,0,0,0,0,0,0
1981,KOR,22.5,-107.5,0,0,0,0,0,0,0,0,0,0
1981,KOR,27.5,-147.5,0,0,0,0,0,0,0,0,0,0
1981,KOR,27.5,-142.5,0,0,0,0,0,0,0,0,0,0
1981,KOR,27.5,-137.5,0,0,0,0,0,0,0,0,0,0
1981,KOR,27.5,-132.5,0,0,0,0,0,0,0,0,0,0
1981,KOR,32.5,-142.5,0,0,0,0,0,0,0,0,0,0
1981,KOR,32.5,-137.5,0,0,0,0,0,0,0,0,0,0
1981,KOR,32.5,-132.5,0,0,0,0,0,0,0,0,0,0
1981,MEX,17.5,-97.5,0,0,0,0,0,0,0,0,0,0
1981,TWN,-17.5,-132.5,0,0,0,0,0,0,0.16,0,0,0
1981,TWN,-17.5,-127.5,0,0,0,0,0,0,0.89,0,0,0
1981,TWN,-12.5,-142.5,0,0,0,0,0,0,0.49,0,0,0
1981,TWN,-12.5,-127.5,0,0,0,0,0,0,0.25,0,0,0
1981,TWN,-7.5,-147.5,0,0,0,0,0,0,2.83,0,0,0
1981,KOR,-42.5,-142.5,0,0,0,0,0,0,0,0,0,0
1981,KOR,-37.5,-147.5,0,0,0,0,0,0,0,0,0,0
1981,KOR,-37.5,-142.5,0,0,0,0,0,0,0,0,0,0
1981,KOR,-37.5,-137.5,0,0,0,0,0,0,0,0,0,0
1981,KOR,-32.5,-147.5,0,0,0,0,0,0,0,0,0,0
1981,KOR,-32.5,-137.5,0,0,0,0,0,0,0,0,0,0
1981,KOR,-27.5,-147.5,0,0,0,0,0,0,0,0,0,0
1981,KOR,-17.5,-147.5,0,0,0,0,0,0,0,0,0,0
1981,KOR,-7.5,-147.5,0,0,0,0,0,0,0,0,0,0
1981,KOR,-2.5,-147.5,0,0,0,0,0,0,0,0,0,0
1981,KOR,-2.5,-142.5,0,0,0,0,0,0,0,0,0,0
1981,KOR,-2.5,-137.5,0,0,0,0,0,0,0,0,0,0
1981,KOR,-2.5,-132.5,0,0,0,0,0,0,0,0,0,0
1981,KOR,2.5,-147.5,0,0,0,0,0,0,0,0,0,0
1981,KOR,2.5,-142.5,0,0,0,0,0,0,0,0,0,0
1981,KOR,2.5,-137.5,0,0,0,0,0,0,0,0,0,0
1981,KOR,2.5,-132.5,0,0,0,0,0,0,0,0,0,0
1981,KOR,7.5,-142.5,0,0,0,0,0,0,0,0,0,0
1981,KOR,7.5,-137.5,0,0,0,0,0,0,0,0,0,0
1981,KOR,7.5,-132.5,0,0,0,0,0,0,0,0,0,0
1981,KOR,17.5,-142.5,0,0,0,0,0,0,0,0,0,0
1981,KOR,22.5,-142.5,0,0,0,0,0,0,0,0,0,0
1981,KOR,22.5,-137.5,0,0,0,0,0,0,0,0,0,0
1981,KOR,22.5,-112.5,0,0,0,0,0,0,0,0,0,0
1981,KOR,22.5,-107.5,0,0,0,0,0,0,0,0,0,0
1981,KOR,27.5,-142.5,0,0,0,0,0,0,0,0,0,0
1981,MEX,17.5,-102.5,0,0,0,0,0,0,0,0,0,0
1981,MEX,17.5,-97.5,0,0,0,0,0,0,0,0,0,0
1981,TWN,-37.5,-147.5,0,0,0,0,0,0,34.55,0,0,0
1981,KOR,-42.5,-147.5,0,0,0,0,0,0,0,0,0,0
1981,KOR,-42.5,-142.5,0,0,0,0,0,0,0,0,0,0
1981,KOR,-37.5,-147.5,0,0,0,0,0,0,0,0,0,0
1981,KOR,-32.5,-147.5,0,0,0,0,0,0,0,0,0,0
1981,KOR,-32.5,-142.5,0,0,0,0,0,0,0,0,0,0
1981,KOR,-2.5,-147.5,0,0,0,0,0,0,0,0,0,0
1981,KOR,-2.5,-142.5,0,0,0,0,0,0,0,0,0,0
1981,KOR,-2.5,-102.5,0,0,0,0,0,0,0,0,0,0
1981,KOR,2.5,-147.5,0,0,0,0,0,0,0,0,0,0
1981,KOR,17.5,-107.5,0,0,0,0,0,0,0,0,0,0
1981,KOR,22.5,-107.5,0,0,0,0,0,0,0,0,0,0
1981,TWN,-37.5,-147.5,0,0,0,0,0,0,11.99,0,0,0
1981,KOR,-37.5,-147.5,0,0,0,0,0,0,0,0,0,0
1981,KOR,-37.5,-142.5,0,0,0,0,0,0,0,0,0,0
1981,KOR,-37.5,-137.5,0,0,0,0,0,0,0,0,0,0
1981,KOR,-32.5,-147.5,0,0,0,0,0,0,0,0,0,0
1981,KOR,-32.5,-142.5,0,0,0,0,0,0,0,0,0,0
1981,KOR,-32.5,-137.5,0,0,0,0,0,0,0,0,0,0
1981,KOR,-32.5,-132.5,0,0,0,0,0,0,0,0,0,0
1981,KOR,-27.5,-147.5,0,0,0,0,0,0,0,0,0,0
1981,KOR,-27.5,-142.5,0,0,0,0,0,0,0,0,0,0
1981,KOR,-27.5,-137.5,0,0,0,0,0,0,0,0,0,0
1981,KOR,-27.5,-132.5,0,0,0,0,0,0,0,0,0,0
1981,KOR,-12.5,-132.5,0,0,0,0,0,0,0,0,0,0
1981,KOR,-7.5,-142.5,0,0,0,0,0,0,0,0,0,0
1981,KOR,-7.5,-137.5,0,0,0,0,0,0,0,0,0,0
1981,KOR,-7.5,-127.5,0,0,0,0,0,0,0,0,0,0
1981,KOR,-2.5,-147.5,0,0,0,0,0,0,0,0,0,0
1981,KOR,-2.5,-142.5,0,0,0,0,0,0,0,0,0,0
1981,KOR,2.5,-147.5,0,0,0,0,0,0,0,0,0,0
1981,KOR,12.5,-92.5,0,0,0,0,0,0,0,0,0,0
1981,KOR,17.5,-107.5,0,0,0,0,0,0,0,0,0,0
1981,KOR,17.5,-97.5,0,0,0,0,0,0,0,0,0,0
1981,KOR,17.5,-92.5,0,0,0,0,0,0,0,0,0,0
1981,KOR,22.5,-112.5,0,0,0,0,0,0,0,0,0,0
1981,KOR,22.5,-107.5,0,0,0,0,0,0,0,0,0,0
1981,TWN,-37.5,-147.5,0,0,0,0,0,0,4.4,0,0,0
1981,TWN,-32.5,-147.5,0,0,0,0,0,0,0.67,0,0,0
1981,KOR,-32.5,-147.5,0,0,0,0,0,0,0,0,0,0
1981,KOR,-32.5,-142.5,0,0,0,0,0,0,0,0,0,0
1981,KOR,-32.5,-137.5,0,0,0,0,0,0,0,0,0,0
1981,KOR,-27.5,-147.5,0,0,0,0,0,0,0,0,0,0
1981,KOR,-27.5,-142.5,0,0,0,0,0,0,0,0,0,0
1981,KOR,-27.5,-137.5,0,0,0,0,0,0,0,0,0,0
1981,KOR,-27.5,-132.5,0,0,0,0,0,0,0,0,0,0
1981,KOR,-22.5,-147.5,0,0,0,0,0,0,0,0,0,0
1981,KOR,-22.5,-142.5,0,0,0,0,0,0,0,0,0,0
1981,KOR,-7.5,-147.5,0,0,0,0,0,0,0,0,0,0
1981,KOR,-7.5,-142.5,0,0,0,0,0,0,0,0,0,0
1981,KOR,-2.5,-147.5,0,0,0,0,0,0,0,0,0,0
1981,KOR,-2.5,-142.5,0,0,0,0,0,0,0,0,0,0
1981,KOR,12.5,-92.5,0,0,0,0,0,0,0,0,0,0
1981,KOR,17.5,-97.5,0,0,0,0,0,0,0,0,0,0
1981,KOR,17.5,-92.5,0,0,0,0,0,0,0,0,0,0
1981,KOR,22.5,-107.5,0,0,0,0,0,0,0,0,0,0
1981,TWN,-37.5,-147.5,0,0,0,0,0,0,12.39,0,0,0
1981,TWN,-32.5,-147.5,0,0,0,0,0,0,0.44,0,0,0
1981,KOR,-27.5,-147.5,0,0,0,0,0,0,0,0,0,0
1981,KOR,-27.5,-142.5,0,0,0,0,0,0,0,0,0,0
1981,KOR,-27.5,-137.5,0,0,0,0,0,0,0,0,0,0
1981,KOR,-27.5,-132.5,0,0,0,0,0,0,0,0,0,0
1981,KOR,-27.5,-127.5,0,0,0,0,0,0,0,0,0,0
1981,KOR,-22.5,-147.5,0,0,0,0,0,0,0,0,0,0
1981,KOR,-22.5,-142.5,0,0,0,0,0,0,0,0,0,0
1981,KOR,-22.5,-132.5,0,0,0,0,0,0,0,0,0,0
1981,KOR,-17.5,-142.5,0,0,0,0,0,0,0,0,0,0
1981,KOR,-17.5,-137.5,0,0,0,0,0,0,0,0,0,0
1981,KOR,-12.5,-147.5,0,0,0,0,0,0,0,0,0,0
1981,KOR,-12.5,-142.5,0,0,0,0,0,0,0,0,0,0
1981,KOR,-12.5,-137.5,0,0,0,0,0,0,0,0,0,0
1981,KOR,-7.5,-147.5,0,0,0,0,0,0,0,0,0,0
1981,KOR,-7.5,-142.5,0,0,0,0,0,0,0,0,0,0
1981,KOR,-7.5,-137.5,0,0,0,0,0,0,0,0,0,0
1981,KOR,-7.5,-107.5,0,0,0,0,0,0,0,0,0,0
1981,KOR,-2.5,-137.5,0,0,0,0,0,0,0,0,0,0
1981,KOR,2.5,-97.5,0,0,0,0,0,0,0,0,0,0
1981,KOR,7.5,-142.5,0,0,0,0,0,0,0,0,0,0
1981,KOR,7.5,-137.5,0,0,0,0,0,0,0,0,0,0
1981,KOR,12.5,-92.5,0,0,0,0,0,0,0,0,0,0
1981,KOR,17.5,-107.5,0,0,0,0,0,0,0,0,0,0
1981,KOR,17.5,-97.5,0,0,0,0,0,0,0,0,0,0
1981,KOR,17.5,-92.5,0,0,0,0,0,0,0,0,0,0
1981,KOR,22.5,-112.5,0,0,0,0,0,0,0,0,0,0
1981,KOR,22.5,-107.5,0,0,0,0,0,0,0,0,0,0
1981,TWN,-37.5,-147.5,0,0,0,0,0,0,15.46,0,0,0
1981,TWN,-32.5,-147.5,0,0,0,0,0,0,15.32,0,0,0
1981,KOR,-27.5,-137.5,0,0,0,0,0,0,0,0,0,0
1981,KOR,-27.5,-132.5,0,0,0,0,0,0,0,0,0,0
1981,KOR,-27.5,-127.5,0,0,0,0,0,0,0,0,0,0
1981,KOR,-22.5,-147.5,0,0,0,0,0,0,0,0,0,0
1981,KOR,-22.5,-142.5,0,0,0,0,0,0,0,0,0,0
1981,KOR,-22.5,-137.5,0,0,0,0,0,0,0,0,0,0
1981,KOR,-22.5,-132.5,0,0,0,0,0,0,0,0,0,0
1981,KOR,-17.5,-147.5,0,0,0,0,0,0,0,0,0,0
1981,KOR,-17.5,-142.5,0,0,0,0,0,0,0,0,0,0
1981,KOR,-17.5,-137.5,0,0,0,0,0,0,0,0,0,0
1981,KOR,-17.5,-132.5,0,0,0,0,0,0,0,0,0,0
1981,KOR,-17.5,-127.5,0,0,0,0,0,0,0,0,0,0
1981,KOR,-17.5,-122.5,0,0,0,0,0,0,0,0,0,0
1981,KOR,-12.5,-142.5,0,0,0,0,0,0,0,0,0,0
1981,KOR,-12.5,-132.5,0,0,0,0,0,0,0,0,0,0
1981,KOR,-12.5,-127.5,0,0,0,0,0,0,0,0,0,0
1981,KOR,-7.5,-147.5,0,0,0,0,0,0,0,0,0,0
1981,KOR,-7.5,-142.5,0,0,0,0,0,0,0,0,0,0
1981,KOR,-7.5,-132.5,0,0,0,0,0,0,0,0,0,0
1981,KOR,-2.5,-142.5,0,0,0,0,0,0,0,0,0,0
1981,KOR,2.5,-147.5,0,0,0,0,0,0,0,0,0,0
1981,KOR,2.5,-142.5,0,0,0,0,0,0,0,0,0,0
1981,KOR,2.5,-117.5,0,0,0,0,0,0,0,0,0,0
1981,KOR,2.5,-97.5,0,0,0,0,0,0,0,0,0,0
1981,KOR,7.5,-117.5,0,0,0,0,0,0,0,0,0,0
1981,KOR,7.5,-112.5,0,0,0,0,0,0,0,0,0,0
1981,KOR,7.5,-102.5,0,0,0,0,0,0,0,0,0,0
1981,KOR,7.5,-97.5,0,0,0,0,0,0,0,0,0,0
1981,KOR,12.5,-92.5,0,0,0,0,0,0,0,0,0,0
1981,KOR,17.5,-112.5,0,0,0,0,0,0,0,0,0,0
1981,KOR,17.5,-107.5,0,0,0,0,0,0,0,0,0,0
1981,KOR,17.5,-102.5,0,0,0,0,0,0,0,0,0,0
1981,KOR,17.5,-92.5,0,0,0,0,0,0,0,0,0,0
1981,KOR,22.5,-112.5,0,0,0,0,0,0,0,0,0,0
1981,KOR,22.5,-107.5,0,0,0,0,0,0,0,0,0,0
1981,TWN,-32.5,-147.5,0,0,0,0,0,0,9.08,0,0,0
1981,KOR,-27.5,-137.5,0,0,0,0,0,0,0,0,0,0
1981,KOR,-27.5,-132.5,0,0,0,0,0,0,0,0,0,0
1981,KOR,-27.5,-127.5,0,0,0,0,0,0,0,0,0,0
1981,KOR,-27.5,-122.5,0,0,0,0,0,0,0,0,0,0
1981,KOR,-22.5,-147.5,0,0,0,0,0,0,0,0,0,0
1981,KOR,-22.5,-142.5,0,0,0,0,0,0,0,0,0,0
1981,KOR,-22.5,-137.5,0,0,0,0,0,0,0,0,0,0
1981,KOR,-22.5,-132.5,0,0,0,0,0,0,0,0,0,0
1981,KOR,-22.5,-117.5,0,0,0,0,0,0,0,0,0,0
1981,KOR,-17.5,-147.5,0,0,0,0,0,0,0,0,0,0
1981,KOR,-17.5,-137.5,0,0,0,0,0,0,0,0,0,0
1981,KOR,-17.5,-132.5,0,0,0,0,0,0,0,0,0,0
1981,KOR,-17.5,-127.5,0,0,0,0,0,0,0,0,0,0
1981,KOR,-17.5,-122.5,0,0,0,0,0,0,0,0,0,0
1981,KOR,-12.5,-147.5,0,0,0,0,0,0,0,0,0,0
1981,KOR,-12.5,-142.5,0,0,0,0,0,0,0,0,0,0
1981,KOR,-12.5,-137.5,0,0,0,0,0,0,0,0,0,0
1981,KOR,-12.5,-132.5,0,0,0,0,0,0,0,0,0,0
1981,KOR,-12.5,-127.5,0,0,0,0,0,0,0,0,0,0
1981,KOR,-12.5,-122.5,0,0,0,0,0,0,0,0,0,0
1981,KOR,-12.5,-107.5,0,0,0,0,0,0,0,0,0,0
1981,KOR,-12.5,-102.5,0,0,0,0,0,0,0,0,0,0
1981,KOR,-12.5,-97.5,0,0,0,0,0,0,0,0,0,0
1981,KOR,-7.5,-147.5,0,0,0,0,0,0,0,0,0,0
1981,KOR,-7.5,-142.5,0,0,0,0,0,0,0,0,0,0
1981,KOR,-7.5,-107.5,0,0,0,0,0,0,0,0,0,0
1981,KOR,-7.5,-102.5,0,0,0,0,0,0,0,0,0,0
1981,KOR,-2.5,-97.5,0,0,0,0,0,0,0,0,0,0
1981,KOR,2.5,-107.5,0,0,0,0,0,0,0,0,0,0
1981,KOR,2.5,-102.5,0,0,0,0,0,0,0,0,0,0
1981,KOR,2.5,-97.5,0,0,0,0,0,0,0,0,0,0
1981,KOR,7.5,-137.5,0,0,0,0,0,0,0,0,0,0
1981,KOR,12.5,-107.5,0,0,0,0,0,0,0,0,0,0
1981,KOR,17.5,-112.5,0,0,0,0,0,0,0,0,0,0
1981,KOR,22.5,-112.5,0,0,0,0,0,0,0,0,0,0
1981,KOR,22.5,-107.5,0,0,0,0,0,0,0,0,0,0
1981,KOR,-32.5,-137.5,0,0,0,0,0,0,0,0,0,0
1981,KOR,-27.5,-137.5,0,0,0,0,0,0,0,0,0,0
1981,KOR,-27.5,-132.5,0,0,0,0,0,0,0,0,0,0
1981,KOR,-27.5,-127.5,0,0,0,0,0,0,0,0,0,0
1981,KOR,-27.5,-122.5,0,0,0,0,0,0,0,0,0,0
1981,KOR,-22.5,-137.5,0,0,0,0,0,0,0,0,0,0
1981,KOR,-22.5,-132.5,0,0,0,0,0,0,0,0,0,0
1981,KOR,-22.5,-127.5,0,0,0,0,0,0,0,0,0,0
1981,KOR,-22.5,-122.5,0,0,0,0,0,0,0,0,0,0
1981,KOR,-22.5,-117.5,0,0,0,0,0,0,0,0,0,0
1981,KOR,-17.5,-142.5,0,0,0,0,0,0,0,0,0,0
1981,KOR,-17.5,-137.5,0,0,0,0,0,0,0,0,0,0
1981,KOR,-17.5,-132.5,0,0,0,0,0,0,0,0,0,0
1981,KOR,-17.5,-127.5,0,0,0,0,0,0,0,0,0,0
1981,KOR,-17.5,-122.5,0,0,0,0,0,0,0,0,0,0
1981,KOR,-17.5,-117.5,0,0,0,0,0,0,0,0,0,0
1981,KOR,-17.5,-102.5,0,0,0,0,0,0,0,0,0,0
1981,KOR,-12.5,-147.5,0,0,0,0,0,0,0,0,0,0
1981,KOR,-12.5,-142.5,0,0,0,0,0,0,0,0,0,0
1981,KOR,-12.5,-137.5,0,0,0,0,0,0,0,0,0,0
1981,KOR,-12.5,-132.5,0,0,0,0,0,0,0,0,0,0
1981,KOR,-12.5,-127.5,0,0,0,0,0,0,0,0,0,0
1981,KOR,-12.5,-122.5,0,0,0,0,0,0,0,0,0,0
1981,KOR,-7.5,-147.5,0,0,0,0,0,0,0,0,0,0
1981,KOR,-7.5,-142.5,0,0,0,0,0,0,0,0,0,0
1981,KOR,-7.5,-137.5,0,0,0,0,0,0,0,0,0,0
1981,KOR,-7.5,-132.5,0,0,0,0,0,0,0,0,0,0
1981,KOR,-2.5,-147.5,0,0,0,0,0,0,0,0,0,0
1981,KOR,-2.5,-112.5,0,0,0,0,0,0,0,0,0,0
1981,KOR,-2.5,-107.5,0,0,0,0,0,0,0,0,0,0
1981,KOR,-2.5,-97.5,0,0,0,0,0,0,0,0,0,0
1981,KOR,2.5,-97.5,0,0,0,0,0,0,0,0,0,0
1981,KOR,7.5,-97.5,0,0,0,0,0,0,0,0,0,0
1981,KOR,22.5,-112.5,0,0,0,0,0,0,0,0,0,0
1981,KOR,22.5,-107.5,0,0,0,0,0,0,0,0,0,0
1981,TWN,-22.5,-122.5,0,0,0,0,0,0,0.28,0,0,0
1981,KOR,-22.5,-137.5,0,0,0,0,0,0,0,0,0,0
1981,KOR,-22.5,-132.5,0,0,0,0,0,0,0,0,0,0
1981,KOR,-22.5,-127.5,0,0,0,0,0,0,0,0,0,0
1981,KOR,-22.5,-122.5,0,0,0,0,0,0,0,0,0,0
1981,KOR,-22.5,-117.5,0,0,0,0,0,0,0,0,0,0
1981,KOR,-17.5,-147.5,0,0,0,0,0,0,0,0,0,0
1981,KOR,-17.5,-142.5,0,0,0,0,0,0,0,0,0,0
1981,KOR,-17.5,-137.5,0,0,0,0,0,0,0,0,0,0
1981,KOR,-17.5,-132.5,0,0,0,0,0,0,0,0,0,0
1981,KOR,-17.5,-127.5,0,0,0,0,0,0,0,0,0,0
1981,KOR,-17.5,-122.5,0,0,0,0,0,0,0,0,0,0
1981,KOR,-17.5,-117.5,0,0,0,0,0,0,0,0,0,0
1981,KOR,-12.5,-147.5,0,0,0,0,0,0,0,0,0,0
1981,KOR,-12.5,-142.5,0,0,0,0,0,0,0,0,0,0
1981,KOR,-12.5,-137.5,0,0,0,0,0,0,0,0,0,0
1981,KOR,-12.5,-132.5,0,0,0,0,0,0,0,0,0,0
1981,KOR,-7.5,-147.5,0,0,0,0,0,0,0,0,0,0
1981,KOR,-7.5,-142.5,0,0,0,0,0,0,0,0,0,0
1981,KOR,-7.5,-137.5,0,0,0,0,0,0,0,0,0,0
1981,KOR,2.5,-102.5,0,0,0,0,0,0,0,0,0,0
1981,KOR,2.5,-97.5,0,0,0,0,0,0,0,0,0,0
1981,KOR,2.5,-92.5,0,0,0,0,0,0,0,0,0,0
1981,KOR,7.5,-97.5,0,0,0,0,0,0,0,0,0,0
1981,KOR,7.5,-92.5,0,0,0,0,0,0,0,0,0,0
1981,KOR,17.5,-107.5,0,0,0,0,0,0,0,0,0,0
1981,KOR,22.5,-112.5,0,0,0,0,0,0,0,0,0,0
1981,KOR,22.5,-107.5,0,0,0,0,0,0,0,0,0,0
1981,KOR,32.5,-147.5,0,0,0,0,0,0,0,0,0,0
1981,KOR,37.5,-147.5,0,0,0,0,0,0,0,0,0,0
1981,TWN,-22.5,-122.5,0,0,0,0,0,0,0.11,0,0,0
1981,TWN,-17.5,-122.5,0,0,0,0,0,0,0.84,0,0,0
1981,TWN,-17.5,-117.5,0,0,0,0,0,0,0.07,0,0,0
1981,TWN,-17.5,-112.5,0,0,0,0,0,0,1.64,0,0,0
1981,KOR,-27.5,-132.5,0,0,0,0,0,0,0,0,0,0
1981,KOR,-22.5,-147.5,0,0,0,0,0,0,0,0,0,0
1981,KOR,-22.5,-142.5,0,0,0,0,0,0,0,0,0,0
1981,KOR,-22.5,-137.5,0,0,0,0,0,0,0,0,0,0
1981,KOR,-22.5,-132.5,0,0,0,0,0,0,0,0,0,0
1981,KOR,-22.5,-127.5,0,0,0,0,0,0,0,0,0,0
1981,KOR,-22.5,-122.5,0,0,0,0,0,0,0,0,0,0
1981,KOR,-17.5,-147.5,0,0,0,0,0,0,0,0,0,0
1981,KOR,-17.5,-142.5,0,0,0,0,0,0,0,0,0,0
1981,KOR,-17.5,-137.5,0,0,0,0,0,0,0,0,0,0
1981,KOR,-17.5,-132.5,0,0,0,0,0,0,0,0,0,0
1981,KOR,-17.5,-127.5,0,0,0,0,0,0,0,0,0,0
1981,KOR,-17.5,-122.5,0,0,0,0,0,0,0,0,0,0
1981,KOR,-17.5,-117.5,0,0,0,0,0,0,0,0,0,0
1981,KOR,-12.5,-147.5,0,0,0,0,0,0,0,0,0,0
1981,KOR,-12.5,-142.5,0,0,0,0,0,0,0,0,0,0
1981,KOR,-12.5,-122.5,0,0,0,0,0,0,0,0,0,0
1981,KOR,-7.5,-147.5,0,0,0,0,0,0,0,0,0,0
1981,KOR,-7.5,-142.5,0,0,0,0,0,0,0,0,0,0
1981,KOR,-7.5,-127.5,0,0,0,0,0,0,0,0,0,0
1981,KOR,-2.5,-97.5,0,0,0,0,0,0,0,0,0,0
1981,KOR,-2.5,-82.5,0,0,0,0,0,0,0,0,0,0
1981,KOR,2.5,-102.5,0,0,0,0,0,0,0,0,0,0
1981,KOR,2.5,-97.5,0,0,0,0,0,0,0,0,0,0
1981,KOR,2.5,-87.5,0,0,0,0,0,0,0,0,0,0
1981,KOR,7.5,-97.5,0,0,0,0,0,0,0,0,0,0
1981,KOR,17.5,-112.5,0,0,0,0,0,0,0,0,0,0
1981,KOR,22.5,-112.5,0,0,0,0,0,0,0,0,0,0
1981,KOR,22.5,-107.5,0,0,0,0,0,0,0,0,0,0
1981,KOR,32.5,-147.5,0,0,0,0,0,0,0,0,0,0
1981,KOR,32.5,-142.5,0,0,0,0,0,0,0,0,0,0
1981,KOR,32.5,-137.5,0,0,0,0,0,0,0,0,0,0
1981,TWN,-17.5,-117.5,0,0,0,0,0,0,1.42,0,0,0
1982,KOR,-32.5,-137.5,0,0,0,0,0,0,0,0,0,0
1982,KOR,-32.5,-132.5,0,0,0,0,0,0,0,0,0,0
1982,KOR,-27.5,-147.5,0,0,0,0,0,0,0,0,0,0
1982,KOR,-22.5,-147.5,0,0,0,0,0,0,0,0,0,0
1982,KOR,-22.5,-142.5,0,0,0,0,0,0,0,0,0,0
1982,KOR,-22.5,-137.5,0,0,0,0,0,0,0,0,0,0
1982,KOR,-22.5,-127.5,0,0,0,0,0,0,0,0,0,0
1982,KOR,-17.5,-147.5,0,0,0,0,0,0,0,0,0,0
1982,KOR,-17.5,-142.5,0,0,0,0,0,0,0,0,0,0
1982,KOR,-17.5,-137.5,0,0,0,0,0,0,0,0,0,0
1982,KOR,-17.5,-132.5,0,0,0,0,0,0,0,0,0,0
1982,KOR,-17.5,-127.5,0,0,0,0,0,0,0,0,0,0
1982,KOR,-12.5,-147.5,0,0,0,0,0,0,0,0,0,0
1982,KOR,-12.5,-142.5,0,0,0,0,0,0,0,0,0,0
1982,KOR,-12.5,-127.5,0,0,0,0,0,0,0,0,0,0
1982,KOR,-12.5,-122.5,0,0,0,0,0,0,0,0,0,0
1982,KOR,-7.5,-142.5,0,0,0,0,0,0,0,0,0,0
1982,KOR,-7.5,-137.5,0,0,0,0,0,0,0,0,0,0
1982,KOR,-7.5,-132.5,0,0,0,0,0,0,0,0,0,0
1982,KOR,-7.5,-127.5,0,0,0,0,0,0,0,0,0,0
1982,KOR,-2.5,-142.5,0,0,0,0,0,0,0,0,0,0
1982,KOR,-2.5,-97.5,0,0,0,0,0,0,0,0,0,0
1982,KOR,-2.5,-92.5,0,0,0,0,0,0,0,0,0,0
1982,KOR,-2.5,-87.5,0,0,0,0,0,0,0,0,0,0
1982,KOR,-2.5,-82.5,0,0,0,0,0,0,0,0,0,0
1982,KOR,2.5,-132.5,0,0,0,0,0,0,0,0,0,0
1982,KOR,2.5,-122.5,0,0,0,0,0,0,0,0,0,0
1982,KOR,2.5,-112.5,0,0,0,0,0,0,0,0,0,0
1982,KOR,2.5,-107.5,0,0,0,0,0,0,0,0,0,0
1982,KOR,2.5,-102.5,0,0,0,0,0,0,0,0,0,0
1982,KOR,2.5,-97.5,0,0,0,0,0,0,0,0,0,0
1982,KOR,2.5,-92.5,0,0,0,0,0,0,0,0,0,0
1982,KOR,7.5,-97.5,0,0,0,0,0,0,0,0,0,0
1982,KOR,17.5,-112.5,0,0,0,0,0,0,0,0,0,0
1982,KOR,22.5,-147.5,0,0,0,0,0,0,0,0,0,0
1982,KOR,22.5,-142.5,0,0,0,0,0,0,0,0,0,0
1982,KOR,22.5,-112.5,0,0,0,0,0,0,0,0,0,0
1982,KOR,22.5,-107.5,0,0,0,0,0,0,0,0,0,0
1982,KOR,27.5,-147.5,0,0,0,0,0,0,0,0,0,0
1982,KOR,27.5,-142.5,0,0,0,0,0,0,0,0,0,0
1982,KOR,27.5,-137.5,0,0,0,0,0,0,0,0,0,0
1982,KOR,27.5,-127.5,0,0,0,0,0,0,0,0,0,0
1982,KOR,32.5,-147.5,0,0,0,0,0,0,0,0,0,0
1982,KOR,32.5,-142.5,0,0,0,0,0,0,0,0,0,0
1982,KOR,32.5,-137.5,0,0,0,0,0,0,0,0,0,0
1982,KOR,32.5,-132.5,0,0,0,0,0,0,0,0,0,0
1982,TWN,-17.5,-132.5,0,0,0,0,0,0,0.27,0,0,0
1982,TWN,-17.5,-127.5,0,0,0,0,0,0,2.53,0,0,0
1982,TWN,-17.5,-122.5,0,0,0,0,0,0,1.01,0,0,0
1982,TWN,-12.5,-137.5,0,0,0,0,0,0,0.22,0,0,0
1982,TWN,-12.5,-132.5,0,0,0,0,0,0,0.52,0,0,0
1982,KOR,-27.5,-142.5,0,0,0,0,0,0,0,0,0,0
1982,KOR,-27.5,-127.5,0,0,0,0,0,0,0,0,0,0
1982,KOR,-22.5,-147.5,0,0,0,0,0,0,0,0,0,0
1982,KOR,-22.5,-137.5,0,0,0,0,0,0,0,0,0,0
1982,KOR,-22.5,-132.5,0,0,0,0,0,0,0,0,0,0
1982,KOR,-22.5,-127.5,0,0,0,0,0,0,0,0,0,0
1982,KOR,-22.5,-112.5,0,0,0,0,0,0,0,0,0,0
1982,KOR,-17.5,-147.5,0,0,0,0,0,0,0,0,0,0
1982,KOR,-17.5,-142.5,0,0,0,0,0,0,0,0,0,0
1982,KOR,-17.5,-132.5,0,0,0,0,0,0,0,0,0,0
1982,KOR,-7.5,-107.5,0,0,0,0,0,0,0,0,0,0
1982,KOR,-2.5,-97.5,0,0,0,0,0,0,0,0,0,0
1982,KOR,-2.5,-92.5,0,0,0,0,0,0,0,0,0,0
1982,KOR,-2.5,-87.5,0,0,0,0,0,0,0,0,0,0
1982,KOR,-2.5,-82.5,0,0,0,0,0,0,0,0,0,0
1982,KOR,2.5,-147.5,0,0,0,0,0,0,0,0,0,0
1982,KOR,2.5,-107.5,0,0,0,0,0,0,0,0,0,0
1982,KOR,2.5,-102.5,0,0,0,0,0,0,0,0,0,0
1982,KOR,2.5,-97.5,0,0,0,0,0,0,0,0,0,0
1982,KOR,7.5,-147.5,0,0,0,0,0,0,0,0,0,0
1982,KOR,7.5,-142.5,0,0,0,0,0,0,0,0,0,0
1982,KOR,7.5,-102.5,0,0,0,0,0,0,0,0,0,0
1982,KOR,17.5,-112.5,0,0,0,0,0,0,0,0,0,0
1982,KOR,17.5,-107.5,0,0,0,0,0,0,0,0,0,0
1982,KOR,22.5,-112.5,0,0,0,0,0,0,0,0,0,0
1982,KOR,22.5,-107.5,0,0,0,0,0,0,0,0,0,0
1982,KOR,27.5,-142.5,0,0,0,0,0,0,0,0,0,0
1982,KOR,27.5,-137.5,0,0,0,0,0,0,0,0,0,0
1982,KOR,27.5,-132.5,0,0,0,0,0,0,0,0,0,0
1982,KOR,27.5,-127.5,0,0,0,0,0,0,0,0,0,0
1982,KOR,32.5,-147.5,0,0,0,0,0,0,0,0,0,0
1982,KOR,32.5,-137.5,0,0,0,0,0,0,0,0,0,0
1982,KOR,32.5,-132.5,0,0,0,0,0,0,0,0,0,0
1982,TWN,-12.5,-132.5,0,0,0,0,0,0,0.12,0,0,0
1982,KOR,-42.5,-137.5,0,0,0,0,0,0,0,0,0,0
1982,KOR,-42.5,-132.5,0,0,0,0,0,0,0,0,0,0
1982,KOR,-37.5,-147.5,0,0,0,0,0,0,0,0,0,0
1982,KOR,-37.5,-142.5,0,0,0,0,0,0,0,0,0,0
1982,KOR,-37.5,-137.5,0,0,0,0,0,0,0,0,0,0
1982,KOR,-37.5,-132.5,0,0,0,0,0,0,0,0,0,0
1982,KOR,-37.5,-127.5,0,0,0,0,0,0,0,0,0,0
1982,KOR,-32.5,-147.5,0,0,0,0,0,0,0,0,0,0
1982,KOR,-32.5,-142.5,0,0,0,0,0,0,0,0,0,0
1982,KOR,-32.5,-127.5,0,0,0,0,0,0,0,0,0,0
1982,KOR,-22.5,-147.5,0,0,0,0,0,0,0,0,0,0
1982,KOR,-7.5,-107.5,0,0,0,0,0,0,0,0,0,0
1982,KOR,-2.5,-147.5,0,0,0,0,0,0,0,0,0,0
1982,KOR,-2.5,-97.5,0,0,0,0,0,0,0,0,0,0
1982,KOR,-2.5,-87.5,0,0,0,0,0,0,0,0,0,0
1982,KOR,-2.5,-82.5,0,0,0,0,0,0,0,0,0,0
1982,KOR,2.5,-147.5,0,0,0,0,0,0,0,0,0,0
1982,KOR,2.5,-137.5,0,0,0,0,0,0,0,0,0,0
1982,KOR,2.5,-132.5,0,0,0,0,0,0,0,0,0,0
1982,KOR,2.5,-97.5,0,0,0,0,0,0,0,0,0,0
1982,KOR,2.5,-92.5,0,0,0,0,0,0,0,0,0,0
1982,KOR,2.5,-87.5,0,0,0,0,0,0,0,0,0,0
1982,KOR,7.5,-147.5,0,0,0,0,0,0,0,0,0,0
1982,KOR,7.5,-107.5,0,0,0,0,0,0,0,0,0,0
1982,KOR,12.5,-92.5,0,0,0,0,0,0,0,0,0,0
1982,KOR,17.5,-107.5,0,0,0,0,0,0,0,0,0,0
1982,KOR,17.5,-92.5,0,0,0,0,0,0,0,0,0,0
1982,KOR,22.5,-147.5,0,0,0,0,0,0,0,0,0,0
1982,KOR,22.5,-142.5,0,0,0,0,0,0,0,0,0,0
1982,KOR,22.5,-137.5,0,0,0,0,0,0,0,0,0,0
1982,KOR,22.5,-112.5,0,0,0,0,0,0,0,0,0,0
1982,KOR,27.5,-142.5,0,0,0,0,0,0,0,0,0,0
1982,KOR,27.5,-137.5,0,0,0,0,0,0,0,0,0,0
1982,KOR,27.5,-132.5,0,0,0,0,0,0,0,0,0,0
1982,KOR,32.5,-147.5,0,0,0,0,0,0,0,0,0,0
1982,KOR,32.5,-142.5,0,0,0,0,0,0,0,0,0,0
1982,KOR,32.5,-137.5,0,0,0,0,0,0,0,0,0,0
1982,KOR,32.5,-132.5,0,0,0,0,0,0,0,0,0,0
1982,TWN,-37.5,-147.5,0,0,0,0,0,0,16.08,0,0,0
1982,TWN,-37.5,-142.5,0,0,0,0,0,0,38.56,0,0,0
1982,KOR,-37.5,-147.5,0,0,0,0,0,0,0,0,0,0
1982,KOR,-37.5,-142.5,0,0,0,0,0,0,0,0,0,0
1982,KOR,-37.5,-137.5,0,0,0,0,0,0,0,0,0,0
1982,KOR,-37.5,-132.5,0,0,0,0,0,0,0,0,0,0
1982,KOR,-37.5,-127.5,0,0,0,0,0,0,0,0,0,0
1982,KOR,-32.5,-132.5,0,0,0,0,0,0,0,0,0,0
1982,KOR,-22.5,-147.5,0,0,0,0,0,0,0,0,0,0
1982,KOR,-2.5,-97.5,0,0,0,0,0,0,0,0,0,0
1982,KOR,-2.5,-92.5,0,0,0,0,0,0,0,0,0,0
1982,KOR,-2.5,-87.5,0,0,0,0,0,0,0,0,0,0
1982,KOR,2.5,-147.5,0,0,0,0,0,0,0,0,0,0
1982,KOR,2.5,-102.5,0,0,0,0,0,0,0,0,0,0
1982,KOR,2.5,-97.5,0,0,0,0,0,0,0,0,0,0
1982,KOR,2.5,-92.5,0,0,0,0,0,0,0,0,0,0
1982,KOR,2.5,-87.5,0,0,0,0,0,0,0,0,0,0
1982,KOR,7.5,-147.5,0,0,0,0,0,0,0,0,0,0
1982,KOR,12.5,-92.5,0,0,0,0,0,0,0,0,0,0
1982,KOR,17.5,-92.5,0,0,0,0,0,0,0,0,0,0
1982,KOR,27.5,-132.5,0,0,0,0,0,0,0,0,0,0
1982,TWN,-37.5,-147.5,0,0,0,0,0,0,15.1,0,0,0
1982,TWN,-37.5,-142.5,0,0,0,0,0,0,28.45,0,0,0
1982,KOR,-37.5,-142.5,0,0,0,0,0,0,0,0,0,0
1982,KOR,-37.5,-137.5,0,0,0,0,0,0,0,0,0,0
1982,KOR,-37.5,-132.5,0,0,0,0,0,0,0,0,0,0
1982,KOR,-37.5,-127.5,0,0,0,0,0,0,0,0,0,0
1982,KOR,-32.5,-147.5,0,0,0,0,0,0,0,0,0,0
1982,KOR,-32.5,-142.5,0,0,0,0,0,0,0,0,0,0
1982,KOR,-32.5,-137.5,0,0,0,0,0,0,0,0,0,0
1982,KOR,-32.5,-132.5,0,0,0,0,0,0,0,0,0,0
1982,KOR,-27.5,-147.5,0,0,0,0,0,0,0,0,0,0
1982,KOR,-27.5,-142.5,0,0,0,0,0,0,0,0,0,0
1982,KOR,-27.5,-137.5,0,0,0,0,0,0,0,0,0,0
1982,KOR,-27.5,-132.5,0,0,0,0,0,0,0,0,0,0
1982,KOR,-27.5,-127.5,0,0,0,0,0,0,0,0,0,0
1982,KOR,-12.5,-147.5,0,0,0,0,0,0,0,0,0,0
1982,KOR,-2.5,-147.5,0,0,0,0,0,0,0,0,0,0
1982,KOR,-2.5,-97.5,0,0,0,0,0,0,0,0,0,0
1982,KOR,-2.5,-92.5,0,0,0,0,0,0,0,0,0,0
1982,KOR,-2.5,-87.5,0,0,0,0,0,0,0,0,0,0
1982,KOR,-2.5,-82.5,0,0,0,0,0,0,0,0,0,0
1982,KOR,2.5,-147.5,0,0,0,0,0,0,0,0,0,0
1982,KOR,2.5,-137.5,0,0,0,0,0,0,0,0,0,0
1982,KOR,2.5,-97.5,0,0,0,0,0,0,0,0,0,0
1982,KOR,2.5,-92.5,0,0,0,0,0,0,0,0,0,0
1982,KOR,2.5,-87.5,0,0,0,0,0,0,0,0,0,0
1982,KOR,12.5,-92.5,0,0,0,0,0,0,0,0,0,0
1982,KOR,17.5,-92.5,0,0,0,0,0,0,0,0,0,0
1982,TWN,-37.5,-147.5,0,0,0,0,0,0,11.33,0,0,0
1982,TWN,-37.5,-142.5,0,0,0,0,0,0,24.56,0,0,0
1982,KOR,-37.5,-132.5,0,0,0,0,0,0,0,0,0,0
1982,KOR,-32.5,-137.5,0,0,0,0,0,0,0,0,0,0
1982,KOR,-32.5,-132.5,0,0,0,0,0,0,0,0,0,0
1982,KOR,-32.5,-127.5,0,0,0,0,0,0,0,0,0,0
1982,KOR,-27.5,-147.5,0,0,0,0,0,0,0,0,0,0
1982,KOR,-27.5,-142.5,0,0,0,0,0,0,0,0,0,0
1982,KOR,-27.5,-137.5,0,0,0,0,0,0,0,0,0,0
1982,KOR,-27.5,-132.5,0,0,0,0,0,0,0,0,0,0
1982,KOR,-27.5,-127.5,0,0,0,0,0,0,0,0,0,0
1982,KOR,-22.5,-147.5,0,0,0,0,0,0,0,0,0,0
1982,KOR,-22.5,-142.5,0,0,0,0,0,0,0,0,0,0
1982,KOR,-22.5,-137.5,0,0,0,0,0,0,0,0,0,0
1982,KOR,-22.5,-122.5,0,0,0,0,0,0,0,0,0,0
1982,KOR,-17.5,-147.5,0,0,0,0,0,0,0,0,0,0
1982,KOR,-12.5,-147.5,0,0,0,0,0,0,0,0,0,0
1982,KOR,-12.5,-142.5,0,0,0,0,0,0,0,0,0,0
1982,KOR,-12.5,-137.5,0,0,0,0,0,0,0,0,0,0
1982,KOR,-7.5,-142.5,0,0,0,0,0,0,0,0,0,0
1982,KOR,-7.5,-137.5,0,0,0,0,0,0,0,0,0,0
1982,KOR,-2.5,-147.5,0,0,0,0,0,0,0,0,0,0
1982,KOR,-2.5,-87.5,0,0,0,0,0,0,0,0,0,0
1982,KOR,-2.5,-82.5,0,0,0,0,0,0,0,0,0,0
1982,KOR,2.5,-147.5,0,0,0,0,0,0,0,0,0,0
1982,KOR,2.5,-97.5,0,0,0,0,0,0,0,0,0,0
1982,KOR,2.5,-92.5,0,0,0,0,0,0,0,0,0,0
1982,KOR,2.5,-87.5,0,0,0,0,0,0,0,0,0,0
1982,KOR,12.5,-97.5,0,0,0,0,0,0,0,0,0,0
1982,KOR,12.5,-92.5,0,0,0,0,0,0,0,0,0,0
1982,KOR,17.5,-92.5,0,0,0,0,0,0,0,0,0,0
1982,TWN,-37.5,-147.5,0,0,0,0,0,0,11.48,0,0,0
1982,TWN,-37.5,-142.5,0,0,0,0,0,0,1.58,0,0,0
1982,TWN,-32.5,-147.5,0,0,0,0,0,0,5.11,0,0,0
1982,TWN,-32.5,-142.5,0,0,0,0,0,0,0.1,0,0,0
1982,TWN,-27.5,-142.5,0,0,0,0,0,0,0.43,0,0,0
1982,KOR,-27.5,-137.5,0,0,0,0,0,0,0,0,0,0
1982,KOR,-22.5,-142.5,0,0,0,0,0,0,0,0,0,0
1982,KOR,-17.5,-147.5,0,0,0,0,0,0,0,0,0,0
1982,KOR,-17.5,-142.5,0,0,0,0,0,0,0,0,0,0
1982,KOR,-17.5,-132.5,0,0,0,0,0,0,0,0,0,0
1982,KOR,-12.5,-147.5,0,0,0,0,0,0,0,0,0,0
1982,KOR,-12.5,-142.5,0,0,0,0,0,0,0,0,0,0
1982,KOR,-12.5,-137.5,0,0,0,0,0,0,0,0,0,0
1982,KOR,-12.5,-132.5,0,0,0,0,0,0,0,0,0,0
1982,KOR,-12.5,-87.5,0,0,0,0,0,0,0,0,0,0
1982,KOR,-7.5,-142.5,0,0,0,0,0,0,0,0,0,0
1982,KOR,-7.5,-137.5,0,0,0,0,0,0,0,0,0,0
1982,KOR,-2.5,-137.5,0,0,0,0,0,0,0,0,0,0
1982,KOR,-2.5,-102.5,0,0,0,0,0,0,0,0,0,0
1982,KOR,-2.5,-92.5,0,0,0,0,0,0,0,0,0,0
1982,KOR,-2.5,-82.5,0,0,0,0,0,0,0,0,0,0
1982,KOR,2.5,-97.5,0,0,0,0,0,0,0,0,0,0
1982,KOR,2.5,-92.5,0,0,0,0,0,0,0,0,0,0
1982,KOR,2.5,-87.5,0,0,0,0,0,0,0,0,0,0
1982,KOR,2.5,-82.5,0,0,0,0,0,0,0,0,0,0
1982,KOR,7.5,-97.5,0,0,0,0,0,0,0,0,0,0
1982,KOR,12.5,-97.5,0,0,0,0,0,0,0,0,0,0
1982,TWN,-37.5,-147.5,0,0,0,0,0,0,2.93,0,0,0
1982,TWN,-32.5,-147.5,0,0,0,0,0,0,0.89,0,0,0
1982,TWN,-27.5,-147.5,0,0,0,0,0,0,2.8,0,0,0
1982,KOR,-17.5,-147.5,0,0,0,0,0,0,0,0,0,0
1982,KOR,-12.5,-147.5,0,0,0,0,0,0,0,0,0,0
1982,KOR,-12.5,-142.5,0,0,0,0,0,0,0,0,0,0
1982,KOR,-12.5,-137.5,0,0,0,0,0,0,0,0,0,0
1982,KOR,-12.5,-132.5,0,0,0,0,0,0,0,0,0,0
1982,KOR,-7.5,-142.5,0,0,0,0,0,0,0,0,0,0
1982,KOR,-7.5,-137.5,0,0,0,0,0,0,0,0,0,0
1982,KOR,-2.5,-92.5,0,0,0,0,0,0,0,0,0,0
1982,KOR,-2.5,-87.5,0,0,0,0,0,0,0,0,0,0
1982,KOR,-2.5,-82.5,0,0,0,0,0,0,0,0,0,0
1982,KOR,2.5,-97.5,0,0,0,0,0,0,0,0,0,0
1982,KOR,2.5,-87.5,0,0,0,0,0,0,0,0,0,0
1982,KOR,2.5,-82.5,0,0,0,0,0,0,0,0,0,0
1982,KOR,12.5,-97.5,0,0,0,0,0,0,0,0,0,0
1982,TWN,-27.5,-147.5,0,0,0,0,0,0,0.33,0,0,0
1982,TWN,-27.5,-142.5,0,0,0,0,0,0,10.56,0,0,0
1982,TWN,-27.5,-137.5,0,0,0,0,0,0,0.89,0,0,0
1982,TWN,-22.5,-142.5,0,0,0,0,0,0,0.12,0,0,0
1982,KOR,-22.5,-137.5,0,0,0,0,0,0,0,0,0,0
1982,KOR,-17.5,-142.5,0,0,0,0,0,0,0,0,0,0
1982,KOR,-17.5,-137.5,0,0,0,0,0,0,0,0,0,0
1982,KOR,-17.5,-132.5,0,0,0,0,0,0,0,0,0,0
1982,KOR,-12.5,-147.5,0,0,0,0,0,0,0,0,0,0
1982,KOR,-12.5,-142.5,0,0,0,0,0,0,0,0,0,0
1982,KOR,-12.5,-137.5,0,0,0,0,0,0,0,0,0,0
1982,KOR,-12.5,-132.5,0,0,0,0,0,0,0,0,0,0
1982,KOR,-7.5,-147.5,0,0,0,0,0,0,0,0,0,0
1982,KOR,-7.5,-142.5,0,0,0,0,0,0,0,0,0,0
1982,KOR,-7.5,-137.5,0,0,0,0,0,0,0,0,0,0
1982,KOR,-7.5,-132.5,0,0,0,0,0,0,0,0,0,0
1982,KOR,-2.5,-147.5,0,0,0,0,0,0,0,0,0,0
1982,KOR,-2.5,-92.5,0,0,0,0,0,0,0,0,0,0
1982,KOR,-2.5,-87.5,0,0,0,0,0,0,0,0,0,0
1982,KOR,-2.5,-82.5,0,0,0,0,0,0,0,0,0,0
1982,KOR,2.5,-97.5,0,0,0,0,0,0,0,0,0,0
1982,KOR,2.5,-92.5,0,0,0,0,0,0,0,0,0,0
1982,KOR,2.5,-87.5,0,0,0,0,0,0,0,0,0,0
1982,TWN,-27.5,-142.5,0,0,0,0,0,0,4.8,0,0,0
1982,TWN,-27.5,-137.5,0,0,0,0,0,0,0.87,0,0,0
1982,TWN,-22.5,-142.5,0,0,0,0,0,0,0.06,0,0,0
1982,TWN,-22.5,-137.5,0,0,0,0,0,0,0.43,0,0,0
1982,TWN,-17.5,-132.5,0,0,0,0,0,0,1.12,0,0,0
1982,KOR,-22.5,-122.5,0,0,0,0,0,0,0,0,0,0
1982,KOR,-17.5,-132.5,0,0,0,0,0,0,0,0,0,0
1982,KOR,-17.5,-127.5,0,0,0,0,0,0,0,0,0,0
1982,KOR,-12.5,-147.5,0,0,0,0,0,0,0,0,0,0
1982,KOR,-12.5,-137.5,0,0,0,0,0,0,0,0,0,0
1982,KOR,-12.5,-132.5,0,0,0,0,0,0,0,0,0,0
1982,KOR,-7.5,-147.5,0,0,0,0,0,0,0,0,0,0
1982,KOR,-7.5,-142.5,0,0,0,0,0,0,0,0,0,0
1982,KOR,-7.5,-137.5,0,0,0,0,0,0,0,0,0,0
1982,KOR,-2.5,-92.5,0,0,0,0,0,0,0,0,0,0
1982,KOR,-2.5,-82.5,0,0,0,0,0,0,0,0,0,0
1982,KOR,2.5,-82.5,0,0,0,0,0,0,0,0,0,0
1982,TWN,-17.5,-132.5,0,0,0,0,0,0,2.62,0,0,0
1982,TWN,-17.5,-127.5,0,0,0,0,0,0,2.39,0,0,0
1982,TWN,-17.5,-122.5,0,0,0,0,0,0,0.41,0,0,0
1982,TWN,-12.5,-142.5,0,0,0,0,0,0,0.08,0,0,0
1982,TWN,-12.5,-137.5,0,0,0,0,0,0,0.08,0,0,0
1982,KOR,-17.5,-137.5,0,0,0,0,0,0,0,0,0,0
1982,KOR,-12.5,-147.5,0,0,0,0,0,0,0,0,0,0
1982,KOR,-12.5,-142.5,0,0,0,0,0,0,0,0,0,0
1982,KOR,-12.5,-137.5,0,0,0,0,0,0,0,0,0,0
1982,KOR,-12.5,-132.5,0,0,0,0,0,0,0,0,0,0
1982,KOR,-7.5,-147.5,0,0,0,0,0,0,0,0,0,0
1982,KOR,-7.5,-142.5,0,0,0,0,0,0,0,0,0,0
1982,KOR,-7.5,-132.5,0,0,0,0,0,0,0,0,0,0
1982,KOR,-2.5,-147.5,0,0,0,0,0,0,0,0,0,0
1982,KOR,-2.5,-97.5,0,0,0,0,0,0,0,0,0,0
1982,KOR,-2.5,-82.5,0,0,0,0,0,0,0,0,0,0
1982,KOR,2.5,-147.5,0,0,0,0,0,0,0,0,0,0
1982,KOR,2.5,-142.5,0,0,0,0,0,0,0,0,0,0
1982,KOR,2.5,-97.5,0,0,0,0,0,0,0,0,0,0
1982,KOR,2.5,-87.5,0,0,0,0,0,0,0,0,0,0
1982,KOR,2.5,-82.5,0,0,0,0,0,0,0,0,0,0
1982,KOR,12.5,-92.5,0,0,0,0,0,0,0,0,0,0
1982,KOR,22.5,-112.5,0,0,0,0,0,0,0,0,0,0
1982,KOR,32.5,-147.5,0,0,0,0,0,0,0,0,0,0
1982,KOR,32.5,-142.5,0,0,0,0,0,0,0,0,0,0
1982,KOR,37.5,-147.5,0,0,0,0,0,0,0,0,0,0
1982,KOR,37.5,-142.5,0,0,0,0,0,0,0,0,0,0
1982,MEX,12.5,-92.5,0,0,0,0,0,0,0,0,0,0
1982,MEX,17.5,-107.5,0,0,0,0,0,0,0,0,0,0
1982,MEX,17.5,-102.5,0,0,0,0,0,0,0,0,0,0
1982,MEX,17.5,-97.5,0,0,0,0,0,0,0,0,0,0
1982,MEX,17.5,-92.5,0,0,0,0,0,0,0,0,0,0
1982,MEX,22.5,-107.5,0,0,0,0,0,0,0,0,0,0
1982,TWN,-17.5,-132.5,0,0,0,0,0,0,2.39,0,0,0
1982,TWN,-17.5,-127.5,0,0,0,0,0,0,3.1,0,0,0
1982,TWN,-17.5,-122.5,0,0,0,0,0,0,6.9,0,0,0
1982,TWN,-17.5,-117.5,0,0,0,0,0,0,1.49,0,0,0
1982,TWN,-17.5,-112.5,0,0,0,0,0,0,0.77,0,0,0
1982,KOR,-22.5,-127.5,0,0,0,0,0,0,0,0,0,0
1982,KOR,-22.5,-122.5,0,0,0,0,0,0,0,0,0,0
1982,KOR,-17.5,-137.5,0,0,0,0,0,0,0,0,0,0
1982,KOR,-17.5,-132.5,0,0,0,0,0,0,0,0,0,0
1982,KOR,-17.5,-127.5,0,0,0,0,0,0,0,0,0,0
1982,KOR,-17.5,-122.5,0,0,0,0,0,0,0,0,0,0
1982,KOR,-12.5,-137.5,0,0,0,0,0,0,0,0,0,0
1982,KOR,-12.5,-132.5,0,0,0,0,0,0,0,0,0,0
1982,KOR,-7.5,-142.5,0,0,0,0,0,0,0,0,0,0
1982,KOR,-7.5,-137.5,0,0,0,0,0,0,0,0,0,0
1982,KOR,-2.5,-147.5,0,0,0,0,0,0,0,0,0,0
1982,KOR,-2.5,-102.5,0,0,0,0,0,0,0,0,0,0
1982,KOR,-2.5,-97.5,0,0,0,0,0,0,0,0,0,0
1982,KOR,2.5,-147.5,0,0,0,0,0,0,0,0,0,0
1982,KOR,2.5,-142.5,0,0,0,0,0,0,0,0,0,0
1982,KOR,2.5,-87.5,0,0,0,0,0,0,0,0,0,0
1982,KOR,17.5,-112.5,0,0,0,0,0,0,0,0,0,0
1982,KOR,17.5,-107.5,0,0,0,0,0,0,0,0,0,0
1982,KOR,22.5,-112.5,0,0,0,0,0,0,0,0,0,0
1982,KOR,22.5,-107.5,0,0,0,0,0,0,0,0,0,0
1982,KOR,32.5,-147.5,0,0,0,0,0,0,0,0,0,0
1982,KOR,32.5,-142.5,0,0,0,0,0,0,0,0,0,0
1982,KOR,32.5,-137.5,0,0,0,0,0,0,0,0,0,0
1982,KOR,37.5,-147.5,0,0,0,0,0,0,0,0,0,0
1982,MEX,12.5,-92.5,0,0,0,0,0,0,0,0,0,0
1982,MEX,17.5,-97.5,0,0,0,0,0,0,0,0,0,0
1982,MEX,17.5,-92.5,0,0,0,0,0,0,0,0,0,0
1982,TWN,-17.5,-132.5,0,0,0,0,0,0,1.95,0,0,0
1982,TWN,-17.5,-127.5,0,0,0,0,0,0,4.78,0,0,0
1982,TWN,-17.5,-122.5,0,0,0,0,0,0,3.66,0,0,0
1982,TWN,-17.5,-117.5,0,0,0,0,0,0,0.45,0,0,0
1982,TWN,-17.5,-112.5,0,0,0,0,0,0,0.45,0,0,0
1983,KOR,-17.5,-137.5,0,0,0,0,0,0,0,0,0,0
1983,KOR,-12.5,-142.5,0,0,0,0,0,0,0,0,0,0
1983,KOR,-12.5,-137.5,0,0,0,0,0,0,0,0,0,0
1983,KOR,-7.5,-137.5,0,0,0,0,0,0,0,0,0,0
1983,KOR,-2.5,-97.5,0,0,0,0,0,0,0,0,0,0
1983,KOR,-2.5,-92.5,0,0,0,0,0,0,0,0,0,0
1983,KOR,-2.5,-87.5,0,0,0,0,0,0,0,0,0,0
1983,KOR,-2.5,-82.5,0,0,0,0,0,0,0,0,0,0
1983,KOR,2.5,-147.5,0,0,0,0,0,0,0,0,0,0
1983,KOR,2.5,-92.5,0,0,0,0,0,0,0,0,0,0
1983,KOR,2.5,-87.5,0,0,0,0,0,0,0,0,0,0
1983,KOR,7.5,-147.5,0,0,0,0,0,0,0,0,0,0
1983,KOR,7.5,-92.5,0,0,0,0,0,0,0,0,0,0
1983,KOR,12.5,-97.5,0,0,0,0,0,0,0,0,0,0
1983,KOR,12.5,-92.5,0,0,0,0,0,0,0,0,0,0
1983,KOR,27.5,-147.5,0,0,0,0,0,0,0,0,0,0
1983,KOR,27.5,-142.5,0,0,0,0,0,0,0,0,0,0
1983,KOR,32.5,-147.5,0,0,0,0,0,0,0,0,0,0
1983,KOR,32.5,-142.5,0,0,0,0,0,0,0,0,0,0
1983,MEX,7.5,-92.5,0,0,0,0,0,0,0,0,0,0.38
1983,MEX,12.5,-97.5,0,0,0,0,0,0,2.24,0,0,16.88
1983,MEX,12.5,-92.5,0,0,0,0,0,0,0,0,0,2.7
1983,MEX,17.5,-112.5,0,0,0,0,0,0,1.17,0,0,2.15
1983,MEX,22.5,-112.5,0,0,0,0,0,0,2.58,0,0,3.23
1983,MEX,22.5,-107.5,0,0,0,0,0,0,0.08,0,0,0.28
1983,TWN,-17.5,-132.5,0,0,0,0,0,0,9.79,0,0,0
1983,TWN,-17.5,-127.5,0,0,0,0,0,0,0.19,0,0,0
1983,TWN,-12.5,-147.5,0,0,0,0,0,0,0.51,0,0,0
1983,TWN,-12.5,-122.5,0,0,0,0,0,0,0.08,0,0,0
1983,TWN,-7.5,-147.5,0,0,0,0,0,0,1.39,0,0,0
1983,KOR,-12.5,-142.5,0,0,0,0,0,0,0,0,0,0
1983,KOR,-7.5,-147.5,0,0,0,0,0,0,0,0,0,0
1983,KOR,-7.5,-142.5,0,0,0,0,0,0,0,0,0,0
1983,KOR,-7.5,-137.5,0,0,0,0,0,0,0,0,0,0
1983,KOR,-7.5,-132.5,0,0,0,0,0,0,0,0,0,0
1983,KOR,-2.5,-147.5,0,0,0,0,0,0,0,0,0,0
1983,KOR,-2.5,-142.5,0,0,0,0,0,0,0,0,0,0
1983,KOR,-2.5,-137.5,0,0,0,0,0,0,0,0,0,0
1983,KOR,-2.5,-87.5,0,0,0,0,0,0,0,0,0,0
1983,KOR,-2.5,-82.5,0,0,0,0,0,0,0,0,0,0
1983,KOR,2.5,-147.5,0,0,0,0,0,0,0,0,0,0
1983,KOR,2.5,-92.5,0,0,0,0,0,0,0,0,0,0
1983,KOR,2.5,-87.5,0,0,0,0,0,0,0,0,0,0
1983,KOR,2.5,-82.5,0,0,0,0,0,0,0,0,0,0
1983,KOR,7.5,-147.5,0,0,0,0,0,0,0,0,0,0
1983,KOR,27.5,-147.5,0,0,0,0,0,0,0,0,0,0
1983,KOR,27.5,-142.5,0,0,0,0,0,0,0,0,0,0
1983,MEX,7.5,-102.5,0,0,0,0,0,0,0,0,0,0.51
1983,MEX,12.5,-102.5,0,0,0,0,0,0,0,0,0,2.05
1983,MEX,12.5,-97.5,0,0,0,0,0,0,1.71,0,0,27.05
1983,MEX,12.5,-92.5,0,0,0,0,0,0,0.11,0,0,0.28
1983,MEX,17.5,-112.5,0,0,0,0,0,0,1.47,0,0,1.98
1983,MEX,17.5,-97.5,0,0,0,0,0,0,0,0,0,0.26
1983,TWN,-17.5,-137.5,0,0,0,0,0,0,0.34,0,0,0
1983,TWN,-17.5,-132.5,0,0,0,0,0,0,0.99,0,0,0
1983,KOR,-37.5,-147.5,0,0,0,0,0,0,0,0,0,0
1983,KOR,-37.5,-142.5,0,0,0,0,0,0,0,0,0,0
1983,KOR,-37.5,-137.5,0,0,0,0,0,0,0,0,0,0
1983,KOR,-12.5,-147.5,0,0,0,0,0,0,0,0,0,0
1983,KOR,-12.5,-142.5,0,0,0,0,0,0,0,0,0,0
1983,KOR,-12.5,-137.5,0,0,0,0,0,0,0,0,0,0
1983,KOR,-7.5,-147.5,0,0,0,0,0,0,0,0,0,0
1983,KOR,-7.5,-142.5,0,0,0,0,0,0,0,0,0,0
1983,KOR,-7.5,-137.5,0,0,0,0,0,0,0,0,0,0
1983,KOR,-2.5,-147.5,0,0,0,0,0,0,0,0,0,0
1983,KOR,-2.5,-132.5,0,0,0,0,0,0,0,0,0,0
1983,KOR,-2.5,-127.5,0,0,0,0,0,0,0,0,0,0
1983,KOR,-2.5,-87.5,0,0,0,0,0,0,0,0,0,0
1983,KOR,-2.5,-82.5,0,0,0,0,0,0,0,0,0,0
1983,KOR,2.5,-137.5,0,0,0,0,0,0,0,0,0,0
1983,KOR,2.5,-87.5,0,0,0,0,0,0,0,0,0,0
1983,KOR,2.5,-82.5,0,0,0,0,0,0,0,0,0,0
1983,KOR,7.5,-147.5,0,0,0,0,0,0,0,0,0,0
1983,KOR,22.5,-147.5,0,0,0,0,0,0,0,0,0,0
1983,MEX,7.5,-97.5,0,0,0,0,0,0,0,0,0,0.61
1983,MEX,12.5,-97.5,0,0,0,0,0,0,3.84,0,0,11.29
1983,MEX,12.5,-92.5,0,0,0,0,0,0,0.22,0,0,2.32
1983,KOR,-37.5,-147.5,0,0,0,0,0,0,0,0,0,0
1983,KOR,-37.5,-142.5,0,0,0,0,0,0,0,0,0,0
1983,KOR,-37.5,-137.5,0,0,0,0,0,0,0,0,0,0
1983,KOR,-37.5,-132.5,0,0,0,0,0,0,0,0,0,0
1983,KOR,-2.5,-147.5,0,0,0,0,0,0,0,0,0,0
1983,KOR,-2.5,-127.5,0,0,0,0,0,0,0,0,0,0
1983,KOR,-2.5,-112.5,0,0,0,0,0,0,0,0,0,0
1983,KOR,-2.5,-92.5,0,0,0,0,0,0,0,0,0,0
1983,KOR,-2.5,-87.5,0,0,0,0,0,0,0,0,0,0
1983,KOR,-2.5,-82.5,0,0,0,0,0,0,0,0,0,0
1983,KOR,2.5,-122.5,0,0,0,0,0,0,0,0,0,0
1983,KOR,2.5,-112.5,0,0,0,0,0,0,0,0,0,0
1983,KOR,2.5,-107.5,0,0,0,0,0,0,0,0,0,0
1983,KOR,2.5,-102.5,0,0,0,0,0,0,0,0,0,0
1983,KOR,2.5,-97.5,0,0,0,0,0,0,0,0,0,0
1983,KOR,2.5,-92.5,0,0,0,0,0,0,0,0,0,0
1983,KOR,2.5,-87.5,0,0,0,0,0,0,0,0,0,0
1983,KOR,2.5,-82.5,0,0,0,0,0,0,0,0,0,0
1983,KOR,12.5,-102.5,0,0,0,0,0,0,0,0,0,0
1983,KOR,17.5,-112.5,0,0,0,0,0,0,0,0,0,0
1983,KOR,17.5,-107.5,0,0,0,0,0,0,0,0,0,0
1983,KOR,22.5,-107.5,0,0,0,0,0,0,0,0,0,0
1983,KOR,32.5,-132.5,0,0,0,0,0,0,0,0,0,0
1983,TWN,-37.5,-147.5,0,0,0,0,0,0,25.26,0,0,0
1983,TWN,-37.5,-142.5,0,0,0,0,0,0,9.45,0,0,0
1983,KOR,-37.5,-147.5,0,0,0,0,0,0,0,0,0,0
1983,KOR,-37.5,-142.5,0,0,0,0,0,0,0,0,0,0
1983,KOR,-37.5,-137.5,0,0,0,0,0,0,0,0,0,0
1983,KOR,-37.5,-132.5,0,0,0,0,0,0,0,0,0,0
1983,KOR,-37.5,-127.5,0,0,0,0,0,0,0,0,0,0
1983,KOR,-32.5,-147.5,0,0,0,0,0,0,0,0,0,0
1983,KOR,-32.5,-142.5,0,0,0,0,0,0,0,0,0,0
1983,KOR,-32.5,-137.5,0,0,0,0,0,0,0,0,0,0
1983,KOR,-27.5,-142.5,0,0,0,0,0,0,0,0,0,0
1983,KOR,-27.5,-137.5,0,0,0,0,0,0,0,0,0,0
1983,KOR,-27.5,-132.5,0,0,0,0,0,0,0,0,0,0
1983,KOR,-12.5,-97.5,0,0,0,0,0,0,0,0,0,0
1983,KOR,-7.5,-97.5,0,0,0,0,0,0,0,0,0,0
1983,KOR,-7.5,-92.5,0,0,0,0,0,0,0,0,0,0
1983,KOR,-2.5,-97.5,0,0,0,0,0,0,0,0,0,0
1983,KOR,-2.5,-92.5,0,0,0,0,0,0,0,0,0,0
1983,KOR,-2.5,-87.5,0,0,0,0,0,0,0,0,0,0
1983,KOR,-2.5,-82.5,0,0,0,0,0,0,0,0,0,0
1983,KOR,2.5,-87.5,0,0,0,0,0,0,0,0,0,0
1983,KOR,2.5,-82.5,0,0,0,0,0,0,0,0,0,0
1983,KOR,12.5,-102.5,0,0,0,0,0,0,0,0,0,0
1983,KOR,12.5,-97.5,0,0,0,0,0,0,0,0,0,0
1983,KOR,12.5,-92.5,0,0,0,0,0,0,0,0,0,0
1983,KOR,17.5,-112.5,0,0,0,0,0,0,0,0,0,0
1983,KOR,22.5,-112.5,0,0,0,0,0,0,0,0,0,0
1983,KOR,22.5,-107.5,0,0,0,0,0,0,0,0,0,0
1983,MEX,12.5,-97.5,0,0,0,0,0,0,0,0,0,3.86
1983,MEX,17.5,-112.5,0,0,0,0,0,0,0,0,0,0.21
1983,MEX,22.5,-112.5,0,0,0,0,0,0,0,0,0,0.68
1983,MEX,22.5,-107.5,0,0,0,0,0,0,0,0,0,0.22
1983,TWN,-37.5,-147.5,0,0,0,0,0,0,1.5,0,0,0
1983,TWN,-37.5,-142.5,0,0,0,0,0,0,13.67,0,0,0
1983,KOR,-32.5,-147.5,0,0,0,0,0,0,0,0,0,0
1983,KOR,-32.5,-142.5,0,0,0,0,0,0,0,0,0,0
1983,KOR,-32.5,-137.5,0,0,0,0,0,0,0,0,0,0
1983,KOR,-27.5,-147.5,0,0,0,0,0,0,0,0,0,0
1983,KOR,-27.5,-142.5,0,0,0,0,0,0,0,0,0,0
1983,KOR,-27.5,-137.5,0,0,0,0,0,0,0,0,0,0
1983,KOR,-27.5,-132.5,0,0,0,0,0,0,0,0,0,0
1983,KOR,-22.5,-142.5,0,0,0,0,0,0,0,0,0,0
1983,KOR,-22.5,-137.5,0,0,0,0,0,0,0,0,0,0
1983,KOR,-22.5,-132.5,0,0,0,0,0,0,0,0,0,0
1983,KOR,-17.5,-147.5,0,0,0,0,0,0,0,0,0,0
1983,KOR,-17.5,-142.5,0,0,0,0,0,0,0,0,0,0
1983,KOR,-17.5,-137.5,0,0,0,0,0,0,0,0,0,0
1983,KOR,-17.5,-132.5,0,0,0,0,0,0,0,0,0,0
1983,KOR,-17.5,-127.5,0,0,0,0,0,0,0,0,0,0
1983,KOR,-12.5,-147.5,0,0,0,0,0,0,0,0,0,0
1983,KOR,-12.5,-102.5,0,0,0,0,0,0,0,0,0,0
1983,KOR,-12.5,-97.5,0,0,0,0,0,0,0,0,0,0
1983,KOR,-2.5,-147.5,0,0,0,0,0,0,0,0,0,0
1983,KOR,-2.5,-102.5,0,0,0,0,0,0,0,0,0,0
1983,KOR,-2.5,-97.5,0,0,0,0,0,0,0,0,0,0
1983,KOR,-2.5,-92.5,0,0,0,0,0,0,0,0,0,0
1983,KOR,-2.5,-87.5,0,0,0,0,0,0,0,0,0,0
1983,KOR,-2.5,-82.5,0,0,0,0,0,0,0,0,0,0
1983,KOR,2.5,-92.5,0,0,0,0,0,0,0,0,0,0
1983,KOR,2.5,-87.5,0,0,0,0,0,0,0,0,0,0
1983,KOR,2.5,-82.5,0,0,0,0,0,0,0,0,0,0
1983,KOR,12.5,-97.5,0,0,0,0,0,0,0,0,0,0
1983,KOR,17.5,-117.5,0,0,0,0,0,0,0,0,0,0
1983,KOR,17.5,-112.5,0,0,0,0,0,0,0,0,0,0
1983,KOR,17.5,-107.5,0,0,0,0,0,0,0,0,0,0
1983,KOR,22.5,-117.5,0,0,0,0,0,0,0,0,0,0
1983,KOR,22.5,-112.5,0,0,0,0,0,0,0,0,0,0
1983,KOR,22.5,-107.5,0,0,0,0,0,0,0,0,0,0
1983,MEX,17.5,-112.5,0,0,0,0,0,0,0,0,0,1.34
1983,MEX,17.5,-107.5,0,0,0,0,0,0,0,0,0,0.21
1983,MEX,22.5,-112.5,0,0,0,0,0,0,0,0,0,1.51
1983,MEX,22.5,-107.5,0,0,0,0,0,0,0,0,0,0.65
1983,TWN,-37.5,-147.5,0,0,0,0,0,0,1.36,0,0,0
1983,TWN,-32.5,-147.5,0,0,0,0,0,0,16.4,0,0,0
1983,TWN,-27.5,-147.5,0,0,0,0,0,0,1.19,0,0,0
1983,KOR,-27.5,-147.5,0,0,0,0,0,0,0,0,0,0
1983,KOR,-27.5,-142.5,0,0,0,0,0,0,0,0,0,0
1983,KOR,-27.5,-137.5,0,0,0,0,0,0,0,0,0,0
1983,KOR,-22.5,-142.5,0,0,0,0,0,0,0,0,0,0
1983,KOR,-17.5,-142.5,0,0,0,0,0,0,0,0,0,0
1983,KOR,-17.5,-132.5,0,0,0,0,0,0,0,0,0,0
1983,KOR,-17.5,-127.5,0,0,0,0,0,0,0,0,0,0
1983,KOR,-12.5,-147.5,0,0,0,0,0,0,0,0,0,0
1983,KOR,-12.5,-137.5,0,0,0,0,0,0,0,0,0,0
1983,KOR,-12.5,-132.5,0,0,0,0,0,0,0,0,0,0
1983,KOR,-12.5,-92.5,0,0,0,0,0,0,0,0,0,0
1983,KOR,-7.5,-147.5,0,0,0,0,0,0,0,0,0,0
1983,KOR,-2.5,-92.5,0,0,0,0,0,0,0,0,0,0
1983,KOR,-2.5,-82.5,0,0,0,0,0,0,0,0,0,0
1983,KOR,2.5,-87.5,0,0,0,0,0,0,0,0,0,0
1983,KOR,12.5,-92.5,0,0,0,0,0,0,0,0,0,0
1983,KOR,17.5,-117.5,0,0,0,0,0,0,0,0,0,0
1983,KOR,17.5,-112.5,0,0,0,0,0,0,0,0,0,0
1983,KOR,17.5,-107.5,0,0,0,0,0,0,0,0,0,0
1983,KOR,22.5,-112.5,0,0,0,0,0,0,0,0,0,0
1983,KOR,22.5,-107.5,0,0,0,0,0,0,0,0,0,0
1983,MEX,17.5,-107.5,0,0,0,0,0,0,0,0,0,0.08
1983,MEX,22.5,-112.5,0,0,0,0,0,0,0,0,0,0.76
1983,MEX,22.5,-107.5,0,0,0,0,0,0,0,0,0,0.18
1983,TWN,-27.5,-147.5,0,0,0,0,0,0,2.9,0,0,0
1983,KOR,-27.5,-147.5,0,0,0,0,0,0,0,0,0,0
1983,KOR,-27.5,-137.5,0,0,0,0,0,0,0,0,0,0
1983,KOR,-27.5,-132.5,0,0,0,0,0,0,0,0,0,0
1983,KOR,-22.5,-147.5,0,0,0,0,0,0,0,0,0,0
1983,KOR,-22.5,-137.5,0,0,0,0,0,0,0,0,0,0
1983,KOR,-12.5,-147.5,0,0,0,0,0,0,0,0,0,0
1983,KOR,-12.5,-142.5,0,0,0,0,0,0,0,0,0,0
1983,KOR,-12.5,-137.5,0,0,0,0,0,0,0,0,0,0
1983,KOR,-12.5,-132.5,0,0,0,0,0,0,0,0,0,0
1983,KOR,-7.5,-147.5,0,0,0,0,0,0,0,0,0,0
1983,KOR,-2.5,-92.5,0,0,0,0,0,0,0,0,0,0
1983,KOR,-2.5,-82.5,0,0,0,0,0,0,0,0,0,0
1983,KOR,2.5,-97.5,0,0,0,0,0,0,0,0,0,0
1983,KOR,2.5,-92.5,0,0,0,0,0,0,0,0,0,0
1983,KOR,2.5,-87.5,0,0,0,0,0,0,0,0,0,0
1983,KOR,2.5,-82.5,0,0,0,0,0,0,0,0,0,0
1983,KOR,12.5,-97.5,0,0,0,0,0,0,0,0,0,0
1983,KOR,12.5,-92.5,0,0,0,0,0,0,0,0,0,0
1983,KOR,17.5,-117.5,0,0,0,0,0,0,0,0,0,0
1983,KOR,17.5,-112.5,0,0,0,0,0,0,0,0,0,0
1983,KOR,22.5,-117.5,0,0,0,0,0,0,0,0,0,0
1983,KOR,22.5,-112.5,0,0,0,0,0,0,0,0,0,0
1983,KOR,22.5,-107.5,0,0,0,0,0,0,0,0,0,0
1983,KOR,-12.5,-147.5,0,0,0,0,0,0,0,0,0,0
1983,KOR,-12.5,-142.5,0,0,0,0,0,0,0,0,0,0
1983,KOR,-12.5,-137.5,0,0,0,0,0,0,0,0,0,0
1983,KOR,-12.5,-132.5,0,0,0,0,0,0,0,0,0,0
1983,KOR,-12.5,-97.5,0,0,0,0,0,0,0,0,0,0
1983,KOR,-7.5,-147.5,0,0,0,0,0,0,0,0,0,0
1983,KOR,-7.5,-142.5,0,0,0,0,0,0,0,0,0,0
1983,KOR,-7.5,-137.5,0,0,0,0,0,0,0,0,0,0
1983,KOR,-7.5,-132.5,0,0,0,0,0,0,0,0,0,0
1983,KOR,-7.5,-97.5,0,0,0,0,0,0,0,0,0,0
1983,KOR,-2.5,-97.5,0,0,0,0,0,0,0,0,0,0
1983,KOR,-2.5,-92.5,0,0,0,0,0,0,0,0,0,0
1983,KOR,-2.5,-87.5,0,0,0,0,0,0,0,0,0,0
1983,KOR,-2.5,-82.5,0,0,0,0,0,0,0,0,0,0
1983,KOR,2.5,-92.5,0,0,0,0,0,0,0,0,0,0
1983,KOR,2.5,-87.5,0,0,0,0,0,0,0,0,0,0
1983,KOR,12.5,-97.5,0,0,0,0,0,0,0,0,0,0
1983,KOR,12.5,-92.5,0,0,0,0,0,0,0,0,0,0
1983,KOR,17.5,-97.5,0,0,0,0,0,0,0,0,0,0
1983,KOR,17.5,-92.5,0,0,0,0,0,0,0,0,0,0
1983,KOR,22.5,-117.5,0,0,0,0,0,0,0,0,0,0
1983,KOR,22.5,-112.5,0,0,0,0,0,0,0,0,0,0
1983,KOR,22.5,-107.5,0,0,0,0,0,0,0,0,0,0
1983,KOR,-12.5,-147.5,0,0,0,0,0,0,0,0,0,0
1983,KOR,-12.5,-142.5,0,0,0,0,0,0,0,0,0,0
1983,KOR,-12.5,-137.5,0,0,0,0,0,0,0,0,0,0
1983,KOR,-7.5,-147.5,0,0,0,0,0,0,0,0,0,0
1983,KOR,-7.5,-142.5,0,0,0,0,0,0,0,0,0,0
1983,KOR,-7.5,-137.5,0,0,0,0,0,0,0,0,0,0
1983,KOR,-2.5,-87.5,0,0,0,0,0,0,0,0,0,0
1983,KOR,2.5,-97.5,0,0,0,0,0,0,0,0,0,0
1983,KOR,2.5,-87.5,0,0,0,0,0,0,0,0,0,0
1983,KOR,2.5,-82.5,0,0,0,0,0,0,0,0,0,0
1983,KOR,12.5,-97.5,0,0,0,0,0,0,0,0,0,0
1983,KOR,12.5,-92.5,0,0,0,0,0,0,0,0,0,0
1983,KOR,17.5,-112.5,0,0,0,0,0,0,0,0,0,0
1983,KOR,17.5,-92.5,0,0,0,0,0,0,0,0,0,0
1983,KOR,22.5,-112.5,0,0,0,0,0,0,0,0,0,0
1983,KOR,37.5,-147.5,0,0,0,0,0,0,0,0,0,0
1983,KOR,-17.5,-137.5,0,0,0,0,0,0,0,0,0,0
1983,KOR,-12.5,-147.5,0,0,0,0,0,0,0,0,0,0
1983,KOR,-12.5,-142.5,0,0,0,0,0,0,0,0,0,0
1983,KOR,-7.5,-147.5,0,0,0,0,0,0,0,0,0,0
1983,KOR,-7.5,-142.5,0,0,0,0,0,0,0,0,0,0
1983,KOR,-7.5,-137.5,0,0,0,0,0,0,0,0,0,0
1983,KOR,-2.5,-87.5,0,0,0,0,0,0,0,0,0,0
1983,KOR,-2.5,-82.5,0,0,0,0,0,0,0,0,0,0
1983,KOR,2.5,-82.5,0,0,0,0,0,0,0,0,0,0
1983,KOR,12.5,-97.5,0,0,0,0,0,0,0,0,0,0
1983,KOR,12.5,-92.5,0,0,0,0,0,0,0,0,0,0
1983,KOR,17.5,-112.5,0,0,0,0,0,0,0,0,0,0
1983,KOR,22.5,-117.5,0,0,0,0,0,0,0,0,0,0
1983,KOR,22.5,-112.5,0,0,0,0,0,0,0,0,0,0
1983,KOR,32.5,-147.5,0,0,0,0,0,0,0,0,0,0
1983,KOR,-12.5,-147.5,0,0,0,0,0,0,0,0,0,0
1983,KOR,-12.5,-142.5,0,0,0,0,0,0,0,0,0,0
1983,KOR,-12.5,-127.5,0,0,0,0,0,0,0,0,0,0
1983,KOR,-12.5,-122.5,0,0,0,0,0,0,0,0,0,0
1983,KOR,-12.5,-102.5,0,0,0,0,0,0,0,0,0,0
1983,KOR,-7.5,-147.5,0,0,0,0,0,0,0,0,0,0
1983,KOR,-7.5,-137.5,0,0,0,0,0,0,0,0,0,0
1983,KOR,-2.5,-92.5,0,0,0,0,0,0,0,0,0,0
1983,KOR,-2.5,-87.5,0,0,0,0,0,0,0,0,0,0
1983,KOR,2.5,-92.5,0,0,0,0,0,0,0,0,0,0
1983,KOR,2.5,-87.5,0,0,0,0,0,0,0,0,0,0
1983,KOR,12.5,-102.5,0,0,0,0,0,0,0,0,0,0
1983,KOR,12.5,-97.5,0,0,0,0,0,0,0,0,0,0
1983,KOR,12.5,-92.5,0,0,0,0,0,0,0,0,0,0
1983,KOR,17.5,-102.5,0,0,0,0,0,0,0,0,0,0
1983,KOR,17.5,-97.5,0,0,0,0,0,0,0,0,0,0
1983,KOR,32.5,-147.5,0,0,0,0,0,0,0,0,0,0
1983,KOR,32.5,-142.5,0,0,0,0,0,0,0,0,0,0
1984,KOR,-22.5,-147.5,0,0,0,0,0,0,0,0,0,0
1984,KOR,-22.5,-132.5,0,0,0,0,0,0,0,0,0,0
1984,KOR,-17.5,-147.5,0,0,0,0,0,0,0,0,0,0
1984,KOR,-17.5,-142.5,0,0,0,0,0,0,0,0,0,0
1984,KOR,-12.5,-147.5,0,0,0,0,0,0,0,0,0,0
1984,KOR,-12.5,-142.5,0,0,0,0,0,0,0,0,0,0
1984,KOR,-12.5,-137.5,0,0,0,0,0,0,0,0,0,0
1984,KOR,-12.5,-107.5,0,0,0,0,0,0,0,0,0,0
1984,KOR,-12.5,-102.5,0,0,0,0,0,0,0,0,0,0
1984,KOR,-7.5,-142.5,0,0,0,0,0,0,0,0,0,0
1984,KOR,-7.5,-137.5,0,0,0,0,0,0,0,0,0,0
1984,KOR,-2.5,-87.5,0,0,0,0,0,0,0,0,0,0
1984,KOR,-2.5,-82.5,0,0,0,0,0,0,0,0,0,0
1984,KOR,2.5,-147.5,0,0,0,0,0,0,0,0,0,0
1984,KOR,2.5,-142.5,0,0,0,0,0,0,0,0,0,0
1984,KOR,2.5,-82.5,0,0,0,0,0,0,0,0,0,0
1984,KOR,2.5,-77.5,0,0,0,0,0,0,0,0,0,0
1984,KOR,7.5,-147.5,0,0,0,0,0,0,0,0,0,0
1984,KOR,7.5,-142.5,0,0,0,0,0,0,0,0,0,0
1984,KOR,7.5,-102.5,0,0,0,0,0,0,0,0,0,0
1984,KOR,7.5,-97.5,0,0,0,0,0,0,0,0,0,0
1984,KOR,7.5,-77.5,0,0,0,0,0,0,0,0,0,0
1984,KOR,12.5,-97.5,0,0,0,0,0,0,0,0,0,0
1984,KOR,17.5,-107.5,0,0,0,0,0,0,0,0,0,0
1984,KOR,17.5,-102.5,0,0,0,0,0,0,0,0,0,0
1984,KOR,17.5,-97.5,0,0,0,0,0,0,0,0,0,0
1984,KOR,22.5,-112.5,0,0,0,0,0,0,0,0,0,0
1984,KOR,22.5,-107.5,0,0,0,0,0,0,0,0,0,0
1984,KOR,32.5,-142.5,0,0,0,0,0,0,0,0,0,0
1984,KOR,32.5,-137.5,0,0,0,0,0,0,0,0,0,0
1984,KOR,-42.5,-147.5,0,0,0,0,0,0,0,0,0,0
1984,KOR,-42.5,-137.5,0,0,0,0,0,0,0,0,0,0
1984,KOR,-37.5,-147.5,0,0,0,0,0,0,0,0,0,0
1984,KOR,-37.5,-142.5,0,0,0,0,0,0,0,0,0,0
1984,KOR,-37.5,-137.5,0,0,0,0,0,0,0,0,0,0
1984,KOR,-27.5,-147.5,0,0,0,0,0,0,0,0,0,0
1984,KOR,-22.5,-142.5,0,0,0,0,0,0,0,0,0,0
1984,KOR,-17.5,-142.5,0,0,0,0,0,0,0,0,0,0
1984,KOR,-12.5,-137.5,0,0,0,0,0,0,0,0,0,0
1984,KOR,-12.5,-107.5,0,0,0,0,0,0,0,0,0,0
1984,KOR,-12.5,-102.5,0,0,0,0,0,0,0,0,0,0
1984,KOR,-7.5,-142.5,0,0,0,0,0,0,0,0,0,0
1984,KOR,-7.5,-137.5,0,0,0,0,0,0,0,0,0,0
1984,KOR,-7.5,-97.5,0,0,0,0,0,0,0,0,0,0
1984,KOR,-2.5,-97.5,0,0,0,0,0,0,0,0,0,0
1984,KOR,2.5,-147.5,0,0,0,0,0,0,0,0,0,0
1984,KOR,2.5,-92.5,0,0,0,0,0,0,0,0,0,0
1984,KOR,2.5,-82.5,0,0,0,0,0,0,0,0,0,0
1984,KOR,2.5,-77.5,0,0,0,0,0,0,0,0,0,0
1984,KOR,7.5,-82.5,0,0,0,0,0,0,0,0,0,0
1984,KOR,7.5,-77.5,0,0,0,0,0,0,0,0,0,0
1984,KOR,12.5,-102.5,0,0,0,0,0,0,0,0,0,0
1984,KOR,12.5,-97.5,0,0,0,0,0,0,0,0,0,0
1984,KOR,12.5,-92.5,0,0,0,0,0,0,0,0,0,0
1984,KOR,17.5,-107.5,0,0,0,0,0,0,0,0,0,0
1984,KOR,17.5,-102.5,0,0,0,0,0,0,0,0,0,0
1984,KOR,17.5,-97.5,0,0,0,0,0,0,0,0,0,0
1984,KOR,-42.5,-137.5,0,0,0,0,0,0,0,0,0,0
1984,KOR,-42.5,-132.5,0,0,0,0,0,0,0,0,0,0
1984,KOR,-37.5,-147.5,0,0,0,0,0,0,0,0,0,0
1984,KOR,-37.5,-142.5,0,0,0,0,0,0,0,0,0,0
1984,KOR,-7.5,-147.5,0,0,0,0,0,0,0,0,0,0
1984,KOR,-7.5,-142.5,0,0,0,0,0,0,0,0,0,0
1984,KOR,-2.5,-142.5,0,0,0,0,0,0,0,0,0,0
1984,KOR,-2.5,-97.5,0,0,0,0,0,0,0,0,0,0
1984,KOR,-2.5,-92.5,0,0,0,0,0,0,0,0,0,0
1984,KOR,-2.5,-87.5,0,0,0,0,0,0,0,0,0,0
1984,KOR,-2.5,-82.5,0,0,0,0,0,0,0,0,0,0
1984,KOR,2.5,-97.5,0,0,0,0,0,0,0,0,0,0
1984,KOR,2.5,-92.5,0,0,0,0,0,0,0,0,0,0
1984,KOR,2.5,-87.5,0,0,0,0,0,0,0,0,0,0
1984,KOR,2.5,-82.5,0,0,0,0,0,0,0,0,0,0
1984,KOR,7.5,-82.5,0,0,0,0,0,0,0,0,0,0
1984,KOR,17.5,-102.5,0,0,0,0,0,0,0,0,0,0
1984,KOR,-37.5,-147.5,0,0,0,0,0,0,0,0,0,0
1984,KOR,-37.5,-142.5,0,0,0,0,0,0,0,0,0,0
1984,KOR,-37.5,-137.5,0,0,0,0,0,0,0,0,0,0
1984,KOR,-37.5,-132.5,0,0,0,0,0,0,0,0,0,0
1984,KOR,-32.5,-137.5,0,0,0,0,0,0,0,0,0,0
1984,KOR,-7.5,-147.5,0,0,0,0,0,0,0,0,0,0
1984,KOR,-7.5,-142.5,0,0,0,0,0,0,0,0,0,0
1984,KOR,-2.5,-147.5,0,0,0,0,0,0,0,0,0,0
1984,KOR,2.5,-147.5,0,0,0,0,0,0,0,0,0,0
1984,KOR,17.5,-102.5,0,0,0,0,0,0,0,0,0,0
1984,KOR,37.5,-147.5,0,0,0,0,0,0,0,0,0,0
1984,KOR,37.5,-142.5,0,0,0,0,0,0,0,0,0,0
1984,KOR,37.5,-132.5,0,0,0,0,0,0,0,0,0,0
1984,KOR,-37.5,-147.5,0,0,0,0,0,0,0,0,0,0
1984,KOR,-37.5,-142.5,0,0,0,0,0,0,0,0,0,0
1984,KOR,-37.5,-137.5,0,0,0,0,0,0,0,0,0,0
1984,KOR,-37.5,-132.5,0,0,0,0,0,0,0,0,0,0
1984,KOR,-32.5,-147.5,0,0,0,0,0,0,0,0,0,0
1984,KOR,-32.5,-142.5,0,0,0,0,0,0,0,0,0,0
1984,KOR,-32.5,-137.5,0,0,0,0,0,0,0,0,0,0
1984,KOR,-32.5,-132.5,0,0,0,0,0,0,0,0,0,0
1984,KOR,-27.5,-147.5,0,0,0,0,0,0,0,0,0,0
1984,KOR,-27.5,-142.5,0,0,0,0,0,0,0,0,0,0
1984,KOR,-12.5,-147.5,0,0,0,0,0,0,0,0,0,0
1984,KOR,-12.5,-142.5,0,0,0,0,0,0,0,0,0,0
1984,KOR,-7.5,-147.5,0,0,0,0,0,0,0,0,0,0
1984,KOR,-7.5,-142.5,0,0,0,0,0,0,0,0,0,0
1984,KOR,-7.5,-137.5,0,0,0,0,0,0,0,0,0,0
1984,KOR,-2.5,-147.5,0,0,0,0,0,0,0,0,0,0
1984,KOR,-2.5,-142.5,0,0,0,0,0,0,0,0,0,0
1984,KOR,2.5,-147.5,0,0,0,0,0,0,0,0,0,0
1984,KOR,12.5,-97.5,0,0,0,0,0,0,0,0,0,0
1984,KOR,12.5,-92.5,0,0,0,0,0,0,0,0,0,0
1984,KOR,17.5,-102.5,0,0,0,0,0,0,0,0,0,0
1984,KOR,17.5,-97.5,0,0,0,0,0,0,0,0,0,0
1984,KOR,-32.5,-142.5,0,0,0,0,0,0,0,0,0,0
1984,KOR,-32.5,-137.5,0,0,0,0,0,0,0,0,0,0
1984,KOR,-27.5,-142.5,0,0,0,0,0,0,0,0,0,0
1984,KOR,-27.5,-137.5,0,0,0,0,0,0,0,0,0,0
1984,KOR,-22.5,-137.5,0,0,0,0,0,0,0,0,0,0
1984,KOR,-12.5,-147.5,0,0,0,0,0,0,0,0,0,0
1984,KOR,-12.5,-142.5,0,0,0,0,0,0,0,0,0,0
1984,KOR,-7.5,-147.5,0,0,0,0,0,0,0,0,0,0
1984,KOR,-7.5,-142.5,0,0,0,0,0,0,0,0,0,0
1984,KOR,-7.5,-137.5,0,0,0,0,0,0,0,0,0,0
1984,KOR,12.5,-97.5,0,0,0,0,0,0,0,0,0,0
1984,KOR,12.5,-92.5,0,0,0,0,0,0,0,0,0,0
1984,KOR,17.5,-102.5,0,0,0,0,0,0,0,0,0,0
1984,KOR,17.5,-97.5,0,0,0,0,0,0,0,0,0,0
1984,KOR,-22.5,-137.5,0,0,0,0,0,0,0,0,0,0
1984,KOR,-12.5,-147.5,0,0,0,0,0,0,0,0,0,0
1984,KOR,-12.5,-142.5,0,0,0,0,0,0,0,0,0,0
1984,KOR,-7.5,-147.5,0,0,0,0,0,0,0,0,0,0
1984,KOR,-7.5,-142.5,0,0,0,0,0,0,0,0,0,0
1984,KOR,-2.5,-147.5,0,0,0,0,0,0,0,0,0,0
1984,KOR,7.5,-92.5,0,0,0,0,0,0,0,0,0,0
1984,KOR,12.5,-97.5,0,0,0,0,0,0,0,0,0,0
1984,KOR,12.5,-92.5,0,0,0,0,0,0,0,0,0,0
1984,KOR,22.5,-112.5,0,0,0,0,0,0,0,0,0,0
1984,KOR,22.5,-107.5,0,0,0,0,0,0,0,0,0,0
1984,KOR,-12.5,-147.5,0,0,0,0,0,0,0,0,0,0
1984,KOR,-12.5,-142.5,0,0,0,0,0,0,0,0,0,0
1984,KOR,-12.5,-137.5,0,0,0,0,0,0,0,0,0,0
1984,KOR,-7.5,-147.5,0,0,0,0,0,0,0,0,0,0
1984,KOR,-7.5,-142.5,0,0,0,0,0,0,0,0,0,0
1984,KOR,-7.5,-137.5,0,0,0,0,0,0,0,0,0,0
1984,KOR,-2.5,-147.5,0,0,0,0,0,0,0,0,0,0
1984,KOR,-2.5,-142.5,0,0,0,0,0,0,0,0,0,0
1984,KOR,-12.5,-147.5,0,0,0,0,0,0,0,0,0,0
1984,KOR,-12.5,-142.5,0,0,0,0,0,0,0,0,0,0
1984,KOR,-7.5,-147.5,0,0,0,0,0,0,0,0,0,0
1984,KOR,-7.5,-142.5,0,0,0,0,0,0,0,0,0,0
1984,KOR,-7.5,-137.5,0,0,0,0,0,0,0,0,0,0
1984,KOR,-7.5,-127.5,0,0,0,0,0,0,0,0,0,0
1984,KOR,-2.5,-147.5,0,0,0,0,0,0,0,0,0,0
1984,TWN,-27.5,-147.5,0,0,0,0,0,0,0.13,0,0,0
1984,TWN,-27.5,-142.5,0,0,0,0,0,0,0.34,0,0,0
1984,TWN,-27.5,-137.5,0,0,0,0,0,0,0.34,0,0,0
1984,TWN,-27.5,-132.5,0,0,0,0,0,0,0.34,0,0,0
1984,KOR,-22.5,-137.5,0,0,0,0,0,0,0,0,0,0
1984,KOR,-22.5,-132.5,0,0,0,0,0,0,0,0,0,0
1984,KOR,-22.5,-127.5,0,0,0,0,0,0,0,0,0,0
1984,KOR,-17.5,-147.5,0,0,0,0,0,0,0,0,0,0
1984,KOR,-17.5,-142.5,0,0,0,0,0,0,0,0,0,0
1984,KOR,-17.5,-137.5,0,0,0,0,0,0,0,0,0,0
1984,KOR,-17.5,-132.5,0,0,0,0,0,0,0,0,0,0
1984,KOR,-17.5,-127.5,0,0,0,0,0,0,0,0,0,0
1984,KOR,-17.5,-122.5,0,0,0,0,0,0,0,0,0,0
1984,KOR,-12.5,-147.5,0,0,0,0,0,0,0,0,0,0
1984,KOR,-12.5,-142.5,0,0,0,0,0,0,0,0,0,0
1984,KOR,-12.5,-137.5,0,0,0,0,0,0,0,0,0,0
1984,KOR,-12.5,-122.5,0,0,0,0,0,0,0,0,0,0
1984,KOR,-12.5,-117.5,0,0,0,0,0,0,0,0,0,0
1984,KOR,-7.5,-147.5,0,0,0,0,0,0,0,0,0,0
1984,KOR,-7.5,-142.5,0,0,0,0,0,0,0,0,0,0
1984,KOR,-7.5,-137.5,0,0,0,0,0,0,0,0,0,0
1984,KOR,-7.5,-127.5,0,0,0,0,0,0,0,0,0,0
1984,KOR,-7.5,-117.5,0,0,0,0,0,0,0,0,0,0
1984,KOR,-2.5,-147.5,0,0,0,0,0,0,0,0,0,0
1984,KOR,-2.5,-142.5,0,0,0,0,0,0,0,0,0,0
1984,KOR,2.5,-147.5,0,0,0,0,0,0,0,0,0,0
1984,TWN,-17.5,-137.5,0,0,0,0,0,0,0.13,0,0,0
1984,TWN,-17.5,-132.5,0,0,0,0,0,0,0.44,0,0,0
1984,TWN,-12.5,-142.5,0,0,0,0,0,0,0.23,0,0,0
1984,TWN,-12.5,-137.5,0,0,0,0,0,0,0.34,0,0,0
1984,KOR,-22.5,-132.5,0,0,0,0,0,0,0,0,0,0
1984,KOR,-22.5,-127.5,0,0,0,0,0,0,0,0,0,0
1984,KOR,-22.5,-122.5,0,0,0,0,0,0,0,0,0,0
1984,KOR,-22.5,-117.5,0,0,0,0,0,0,0,0,0,0
1984,KOR,-17.5,-147.5,0,0,0,0,0,0,0,0,0,0
1984,KOR,-17.5,-142.5,0,0,0,0,0,0,0,0,0,0
1984,KOR,-17.5,-127.5,0,0,0,0,0,0,0,0,0,0
1984,KOR,-17.5,-122.5,0,0,0,0,0,0,0,0,0,0
1984,KOR,-12.5,-147.5,0,0,0,0,0,0,0,0,0,0
1984,KOR,-12.5,-132.5,0,0,0,0,0,0,0,0,0,0
1984,KOR,-7.5,-147.5,0,0,0,0,0,0,0,0,0,0
1984,KOR,-7.5,-137.5,0,0,0,0,0,0,0,0,0,0
1984,KOR,-7.5,-127.5,0,0,0,0,0,0,0,0,0,0
1984,KOR,-7.5,-122.5,0,0,0,0,0,0,0,0,0,0
1984,KOR,-7.5,-117.5,0,0,0,0,0,0,0,0,0,0
1984,KOR,-2.5,-147.5,0,0,0,0,0,0,0,0,0,0
1984,KOR,32.5,-147.5,0,0,0,0,0,0,0,0,0,0
1984,KOR,37.5,-147.5,0,0,0,0,0,0,0,0,0,0
1984,TWN,-17.5,-132.5,0,0,0,0,0,0,1.46,0,0,0
1984,TWN,-17.5,-122.5,0,0,0,0,0,0,0.4,0,0,0
1984,KOR,-32.5,-147.5,0,0,0,0,0,0,0,0,0,0
1984,KOR,-22.5,-137.5,0,0,0,0,0,0,0,0,0,0
1984,KOR,-22.5,-132.5,0,0,0,0,0,0,0,0,0,0
1984,KOR,-22.5,-127.5,0,0,0,0,0,0,0,0,0,0
1984,KOR,-22.5,-122.5,0,0,0,0,0,0,0,0,0,0
1984,KOR,-22.5,-117.5,0,0,0,0,0,0,0,0,0,0
1984,KOR,-22.5,-112.5,0,0,0,0,0,0,0,0,0,0
1984,KOR,-17.5,-147.5,0,0,0,0,0,0,0,0,0,0
1984,KOR,-17.5,-142.5,0,0,0,0,0,0,0,0,0,0
1984,KOR,-17.5,-127.5,0,0,0,0,0,0,0,0,0,0
1984,KOR,-17.5,-122.5,0,0,0,0,0,0,0,0,0,0
1984,KOR,-17.5,-117.5,0,0,0,0,0,0,0,0,0,0
1984,KOR,-17.5,-112.5,0,0,0,0,0,0,0,0,0,0
1984,KOR,-12.5,-147.5,0,0,0,0,0,0,0,0,0,0
1984,KOR,-12.5,-137.5,0,0,0,0,0,0,0,0,0,0
1984,KOR,-12.5,-102.5,0,0,0,0,0,0,0,0,0,0
1984,KOR,-7.5,-147.5,0,0,0,0,0,0,0,0,0,0
1984,KOR,-7.5,-142.5,0,0,0,0,0,0,0,0,0,0
1984,KOR,-7.5,-137.5,0,0,0,0,0,0,0,0,0,0
1984,KOR,-2.5,-137.5,0,0,0,0,0,0,0,0,0,0
1984,KOR,7.5,-147.5,0,0,0,0,0,0,0,0,0,0
1984,KOR,32.5,-147.5,0,0,0,0,0,0,0,0,0,0
1984,KOR,32.5,-142.5,0,0,0,0,0,0,0,0,0,0
1984,KOR,37.5,-147.5,0,0,0,0,0,0,0,0,0,0
1984,TWN,-17.5,-132.5,0,0,0,0,0,0,0.4,0,0,0
1984,TWN,-17.5,-122.5,0,0,0,0,0,0,0.68,0,0,0
1984,TWN,-12.5,-137.5,0,0,0,0,0,0,0.44,0,0,0
1985,KOR,-22.5,-137.5,0,0,0,0,0,0,0,0,0,0
1985,KOR,-22.5,-132.5,0,0,0,0,0,0,0,0,0,0
1985,KOR,-22.5,-127.5,0,0,0,0,0,0,0,0,0,0
1985,KOR,-22.5,-122.5,0,0,0,0,0,0,0,0,0,0
1985,KOR,-17.5,-147.5,0,0,0,0,0,0,0,0,0,0
1985,KOR,-17.5,-137.5,0,0,0,0,0,0,0,0,0,0
1985,KOR,-17.5,-132.5,0,0,0,0,0,0,0,0,0,0
1985,KOR,-17.5,-122.5,0,0,0,0,0,0,0,0,0,0
1985,KOR,-12.5,-147.5,0,0,0,0,0,0,0,0,0,0
1985,KOR,-12.5,-142.5,0,0,0,0,0,0,0,0,0,0
1985,KOR,-12.5,-137.5,0,0,0,0,0,0,0,0,0,0
1985,KOR,-7.5,-147.5,0,0,0,0,0,0,0,0,0,0
1985,KOR,-7.5,-142.5,0,0,0,0,0,0,0,0,0,0
1985,KOR,-7.5,-137.5,0,0,0,0,0,0,0,0,0,0
1985,KOR,-2.5,-147.5,0,0,0,0,0,0,0,0,0,0
1985,KOR,-2.5,-142.5,0,0,0,0,0,0,0,0,0,0
1985,KOR,-2.5,-137.5,0,0,0,0,0,0,0,0,0,0
1985,KOR,22.5,-147.5,0,0,0,0,0,0,0,0,0,0
1985,KOR,27.5,-147.5,0,0,0,0,0,0,0,0,0,0
1985,KOR,27.5,-142.5,0,0,0,0,0,0,0,0,0,0
1985,KOR,32.5,-147.5,0,0,0,0,0,0,0,0,0,0
1985,KOR,32.5,-142.5,0,0,0,0,0,0,0,0,0,0
1985,KOR,37.5,-147.5,0,0,0,0,0,0,0,0,0,0
1985,TWN,-12.5,-142.5,0,0,0,0,0,0,1.61,0,0,0
1985,KOR,-42.5,-132.5,0,0,0,0,0,0,0,0,0,0
1985,KOR,-37.5,-137.5,0,0,0,0,0,0,0,0,0,0
1985,KOR,-37.5,-132.5,0,0,0,0,0,0,0,0,0,0
1985,KOR,-32.5,-127.5,0,0,0,0,0,0,0,0,0,0
1985,KOR,-27.5,-132.5,0,0,0,0,0,0,0,0,0,0
1985,KOR,-17.5,-132.5,0,0,0,0,0,0,0,0,0,0
1985,KOR,-12.5,-147.5,0,0,0,0,0,0,0,0,0,0
1985,KOR,-12.5,-142.5,0,0,0,0,0,0,0,0,0,0
1985,KOR,-12.5,-137.5,0,0,0,0,0,0,0,0,0,0
1985,KOR,-7.5,-147.5,0,0,0,0,0,0,0,0,0,0
1985,KOR,-7.5,-142.5,0,0,0,0,0,0,0,0,0,0
1985,KOR,-7.5,-137.5,0,0,0,0,0,0,0,0,0,0
1985,KOR,-2.5,-147.5,0,0,0,0,0,0,0,0,0,0
1985,KOR,-2.5,-142.5,0,0,0,0,0,0,0,0,0,0
1985,KOR,2.5,-147.5,0,0,0,0,0,0,0,0,0,0
1985,KOR,2.5,-142.5,0,0,0,0,0,0,0,0,0,0
1985,KOR,7.5,-147.5,0,0,0,0,0,0,0,0,0,0
1985,KOR,-42.5,-137.5,0,0,0,0,0,0,0,0,0,0
1985,KOR,-42.5,-132.5,0,0,0,0,0,0,0,0,0,0
1985,KOR,-37.5,-147.5,0,0,0,0,0,0,0,0,0,0
1985,KOR,-37.5,-142.5,0,0,0,0,0,0,0,0,0,0
1985,KOR,-37.5,-137.5,0,0,0,0,0,0,0,0,0,0
1985,KOR,-37.5,-132.5,0,0,0,0,0,0,0,0,0,0
1985,KOR,-12.5,-142.5,0,0,0,0,0,0,0,0,0,0
1985,KOR,-7.5,-147.5,0,0,0,0,0,0,0,0,0,0
1985,KOR,-7.5,-142.5,0,0,0,0,0,0,0,0,0,0
1985,KOR,-7.5,-137.5,0,0,0,0,0,0,0,0,0,0
1985,KOR,-2.5,-147.5,0,0,0,0,0,0,0,0,0,0
1985,KOR,2.5,-147.5,0,0,0,0,0,0,0,0,0,0
1985,KOR,7.5,-147.5,0,0,0,0,0,0,0,0,0,0
1985,TWN,-37.5,-147.5,0,0,0,0,0,0,0.12,0,0,0
1985,KOR,-42.5,-142.5,0,0,0,0,0,0,0,0,0,0
1985,KOR,-42.5,-137.5,0,0,0,0,0,0,0,0,0,0
1985,KOR,-42.5,-132.5,0,0,0,0,0,0,0,0,0,0
1985,KOR,-37.5,-147.5,0,0,0,0,0,0,0,0,0,0
1985,KOR,-37.5,-142.5,0,0,0,0,0,0,0,0,0,0
1985,KOR,-37.5,-137.5,0,0,0,0,0,0,0,0,0,0
1985,KOR,-37.5,-132.5,0,0,0,0,0,0,0,0,0,0
1985,KOR,-32.5,-132.5,0,0,0,0,0,0,0,0,0,0
1985,KOR,-7.5,-147.5,0,0,0,0,0,0,0,0,0,0
1985,KOR,-7.5,-142.5,0,0,0,0,0,0,0,0,0,0
1985,KOR,-7.5,-137.5,0,0,0,0,0,0,0,0,0,0
1985,KOR,-2.5,-147.5,0,0,0,0,0,0,0,0,0,0
1985,KOR,-2.5,-142.5,0,0,0,0,0,0,0,0,0,0
1985,KOR,2.5,-147.5,0,0,0,0,0,0,0,0,0,0
1985,TWN,-37.5,-147.5,0,0,0,0,0,0,1.12,0,0,0
1985,TWN,-37.5,-142.5,0,0,0,0,0,0,0.72,0,0,0
1985,KOR,-37.5,-147.5,0,0,0,0,0,0,0,0,0,0
1985,KOR,-37.5,-142.5,0,0,0,0,0,0,0,0,0,0
1985,KOR,-37.5,-137.5,0,0,0,0,0,0,0,0,0,0
1985,KOR,-37.5,-132.5,0,0,0,0,0,0,0,0,0,0
1985,KOR,-32.5,-147.5,0,0,0,0,0,0,0,0,0,0
1985,KOR,-32.5,-142.5,0,0,0,0,0,0,0,0,0,0
1985,KOR,-32.5,-137.5,0,0,0,0,0,0,0,0,0,0
1985,KOR,-32.5,-132.5,0,0,0,0,0,0,0,0,0,0
1985,KOR,-27.5,-147.5,0,0,0,0,0,0,0,0,0,0
1985,KOR,-27.5,-137.5,0,0,0,0,0,0,0,0,0,0
1985,KOR,-22.5,-147.5,0,0,0,0,0,0,0,0,0,0
1985,KOR,-17.5,-147.5,0,0,0,0,0,0,0,0,0,0
1985,KOR,-12.5,-147.5,0,0,0,0,0,0,0,0,0,0
1985,KOR,-12.5,-137.5,0,0,0,0,0,0,0,0,0,0
1985,KOR,-7.5,-147.5,0,0,0,0,0,0,0,0,0,0
1985,KOR,-7.5,-142.5,0,0,0,0,0,0,0,0,0,0
1985,KOR,-7.5,-137.5,0,0,0,0,0,0,0,0,0,0
1985,KOR,-7.5,-122.5,0,0,0,0,0,0,0,0,0,0
1985,KOR,-2.5,-147.5,0,0,0,0,0,0,0,0,0,0
1985,KOR,-2.5,-142.5,0,0,0,0,0,0,0,0,0,0
1985,KOR,-2.5,-122.5,0,0,0,0,0,0,0,0,0,0
1985,KOR,2.5,-147.5,0,0,0,0,0,0,0,0,0,0
1985,KOR,2.5,-142.5,0,0,0,0,0,0,0,0,0,0
1985,KOR,2.5,-137.5,0,0,0,0,0,0,0,0,0,0
1985,KOR,7.5,-147.5,0,0,0,0,0,0,0,0,0,0
1985,KOR,7.5,-142.5,0,0,0,0,0,0,0,0,0,0
1985,KOR,7.5,-132.5,0,0,0,0,0,0,0,0,0,0
1985,TWN,-37.5,-147.5,0,0,0,0,0,0,0.33,0,0,0
1985,KOR,-37.5,-147.5,0,0,0,0,0,0,0,0,0,0
1985,KOR,-37.5,-137.5,0,0,0,0,0,0,0,0,0,0
1985,KOR,-32.5,-147.5,0,0,0,0,0,0,0,0,0,0
1985,KOR,-32.5,-142.5,0,0,0,0,0,0,0,0,0,0
1985,KOR,-32.5,-137.5,0,0,0,0,0,0,0,0,0,0
1985,KOR,-27.5,-147.5,0,0,0,0,0,0,0,0,0,0
1985,KOR,-27.5,-142.5,0,0,0,0,0,0,0,0,0,0
1985,KOR,-27.5,-137.5,0,0,0,0,0,0,0,0,0,0
1985,KOR,-22.5,-147.5,0,0,0,0,0,0,0,0,0,0
1985,KOR,-22.5,-142.5,0,0,0,0,0,0,0,0,0,0
1985,KOR,-22.5,-137.5,0,0,0,0,0,0,0,0,0,0
1985,KOR,-12.5,-147.5,0,0,0,0,0,0,0,0,0,0
1985,KOR,-12.5,-142.5,0,0,0,0,0,0,0,0,0,0
1985,KOR,-12.5,-137.5,0,0,0,0,0,0,0,0,0,0
1985,KOR,-7.5,-147.5,0,0,0,0,0,0,0,0,0,0
1985,KOR,-7.5,-142.5,0,0,0,0,0,0,0,0,0,0
1985,KOR,-7.5,-137.5,0,0,0,0,0,0,0,0,0,0
1985,KOR,-7.5,-117.5,0,0,0,0,0,0,0,0,0,0
1985,KOR,-2.5,-147.5,0,0,0,0,0,0,0,0,0,0
1985,KOR,-2.5,-122.5,0,0,0,0,0,0,0,0,0,0
1985,KOR,-2.5,-117.5,0,0,0,0,0,0,0,0,0,0
1985,KOR,-27.5,-147.5,0,0,0,0,0,0,0,0,0,0
1985,KOR,-27.5,-142.5,0,0,0,0,0,0,0,0,0,0
1985,KOR,-27.5,-137.5,0,0,0,0,0,0,0,0,0,0
1985,KOR,-22.5,-147.5,0,0,0,0,0,0,0,0,0,0
1985,KOR,-22.5,-142.5,0,0,0,0,0,0,0,0,0,0
1985,KOR,-22.5,-137.5,0,0,0,0,0,0,0,0,0,0
1985,KOR,-17.5,-147.5,0,0,0,0,0,0,0,0,0,0
1985,KOR,-12.5,-147.5,0,0,0,0,0,0,0,0,0,0
1985,KOR,-12.5,-142.5,0,0,0,0,0,0,0,0,0,0
1985,KOR,-12.5,-137.5,0,0,0,0,0,0,0,0,0,0
1985,KOR,-12.5,-97.5,0,0,0,0,0,0,0,0,0,0
1985,KOR,-7.5,-147.5,0,0,0,0,0,0,0,0,0,0
1985,KOR,-7.5,-97.5,0,0,0,0,0,0,0,0,0,0
1985,KOR,-2.5,-142.5,0,0,0,0,0,0,0,0,0,0
1985,KOR,-22.5,-142.5,0,0,0,0,0,0,0,0,0,0
1985,KOR,-22.5,-87.5,0,0,0,0,0,0,0,0,0,0
1985,KOR,-17.5,-87.5,0,0,0,0,0,0,0,0,0,0
1985,KOR,-17.5,-82.5,0,0,0,0,0,0,0,0,0,0
1985,KOR,-12.5,-147.5,0,0,0,0,0,0,0,0,0,0
1985,KOR,-12.5,-142.5,0,0,0,0,0,0,0,0,0,0
1985,KOR,-12.5,-137.5,0,0,0,0,0,0,0,0,0,0
1985,KOR,-12.5,-102.5,0,0,0,0,0,0,0,0,0,0
1985,KOR,-12.5,-97.5,0,0,0,0,0,0,0,0,0,0
1985,KOR,-12.5,-92.5,0,0,0,0,0,0,0,0,0,0
1985,KOR,-12.5,-87.5,0,0,0,0,0,0,0,0,0,0
1985,KOR,-7.5,-147.5,0,0,0,0,0,0,0,0,0,0
1985,KOR,-7.5,-142.5,0,0,0,0,0,0,0,0,0,0
1985,KOR,-7.5,-102.5,0,0,0,0,0,0,0,0,0,0
1985,KOR,-7.5,-87.5,0,0,0,0,0,0,0,0,0,0
1985,MEX,17.5,-97.5,0,0,0,0,0,0,0,0,0,0
1985,MEX,17.5,-92.5,0,0,0,0,0,0,0,0,0,0
1985,KOR,-22.5,-142.5,0,0,0,0,0,0,0,0,0,0
1985,KOR,-17.5,-147.5,0,0,0,0,0,0,0,0,0,0
1985,KOR,-17.5,-142.5,0,0,0,0,0,0,0,0,0,0
1985,KOR,-17.5,-137.5,0,0,0,0,0,0,0,0,0,0
1985,KOR,-17.5,-132.5,0,0,0,0,0,0,0,0,0,0
1985,KOR,-17.5,-87.5,0,0,0,0,0,0,0,0,0,0
1985,KOR,-12.5,-147.5,0,0,0,0,0,0,0,0,0,0
1985,KOR,-12.5,-142.5,0,0,0,0,0,0,0,0,0,0
1985,KOR,-12.5,-137.5,0,0,0,0,0,0,0,0,0,0
1985,KOR,-12.5,-92.5,0,0,0,0,0,0,0,0,0,0
1985,KOR,-12.5,-87.5,0,0,0,0,0,0,0,0,0,0
1985,KOR,-7.5,-147.5,0,0,0,0,0,0,0,0,0,0
1985,KOR,-7.5,-142.5,0,0,0,0,0,0,0,0,0,0
1985,KOR,-7.5,-122.5,0,0,0,0,0,0,0,0,0,0
1985,KOR,-7.5,-117.5,0,0,0,0,0,0,0,0,0,0
1985,KOR,-2.5,-147.5,0,0,0,0,0,0,0,0,0,0
1985,KOR,2.5,-77.5,0,0,0,0,0,0,0,0,0,0
1985,KOR,7.5,-77.5,0,0,0,0,0,0,0,0,0,0
1985,MEX,12.5,-97.5,0,0,0,0,0,0,0,0,0,0
1985,MEX,12.5,-92.5,0,0,0,0,0,0,0,0,0,0
1985,MEX,17.5,-97.5,0,0,0,0,0,0,0,0,0,0
1985,MEX,17.5,-92.5,0,0,0,0,0,0,0,0,0,0
1985,MEX,22.5,-112.5,0,0,0,0,0,0,0,0,0,0
1985,MEX,27.5,-112.5,0,0,0,0,0,0,0,0,0,0
1985,KOR,-22.5,-132.5,0,0,0,0,0,0,0,0,0,0
1985,KOR,-22.5,-127.5,0,0,0,0,0,0,0,0,0,0
1985,KOR,-17.5,-147.5,0,0,0,0,0,0,0,0,0,0
1985,KOR,-17.5,-142.5,0,0,0,0,0,0,0,0,0,0
1985,KOR,-17.5,-132.5,0,0,0,0,0,0,0,0,0,0
1985,KOR,-17.5,-127.5,0,0,0,0,0,0,0,0,0,0
1985,KOR,-17.5,-122.5,0,0,0,0,0,0,0,0,0,0
1985,KOR,-17.5,-107.5,0,0,0,0,0,0,0,0,0,0
1985,KOR,-17.5,-87.5,0,0,0,0,0,0,0,0,0,0
1985,KOR,-17.5,-82.5,0,0,0,0,0,0,0,0,0,0
1985,KOR,-12.5,-147.5,0,0,0,0,0,0,0,0,0,0
1985,KOR,-12.5,-142.5,0,0,0,0,0,0,0,0,0,0
1985,KOR,-12.5,-137.5,0,0,0,0,0,0,0,0,0,0
1985,KOR,-12.5,-132.5,0,0,0,0,0,0,0,0,0,0
1985,KOR,-12.5,-92.5,0,0,0,0,0,0,0,0,0,0
1985,KOR,-12.5,-87.5,0,0,0,0,0,0,0,0,0,0
1985,KOR,-7.5,-147.5,0,0,0,0,0,0,0,0,0,0
1985,KOR,-7.5,-142.5,0,0,0,0,0,0,0,0,0,0
1985,KOR,-7.5,-137.5,0,0,0,0,0,0,0,0,0,0
1985,KOR,-7.5,-132.5,0,0,0,0,0,0,0,0,0,0
1985,KOR,-7.5,-127.5,0,0,0,0,0,0,0,0,0,0
1985,KOR,-7.5,-122.5,0,0,0,0,0,0,0,0,0,0
1985,KOR,-2.5,-147.5,0,0,0,0,0,0,0,0,0,0
1985,KOR,-2.5,-142.5,0,0,0,0,0,0,0,0,0,0
1985,KOR,2.5,-77.5,0,0,0,0,0,0,0,0,0,0
1985,KOR,7.5,-82.5,0,0,0,0,0,0,0,0,0,0
1985,KOR,7.5,-77.5,0,0,0,0,0,0,0,0,0,0
1985,MEX,22.5,-107.5,0,0,0,0,0,0,0,0,0,0
1985,TWN,-17.5,-132.5,0,0,0,0,0,0,0.6,0,0,0
1985,TWN,-17.5,-127.5,0,0,0,0,0,0,1.21,0,0,0
1985,KOR,-22.5,-142.5,0,0,0,0,0,0,0,0,0,0
1985,KOR,-22.5,-137.5,0,0,0,0,0,0,0,0,0,0
1985,KOR,-22.5,-132.5,0,0,0,0,0,0,0,0,0,0
1985,KOR,-22.5,-127.5,0,0,0,0,0,0,0,0,0,0
1985,KOR,-22.5,-122.5,0,0,0,0,0,0,0,0,0,0
1985,KOR,-22.5,-117.5,0,0,0,0,0,0,0,0,0,0
1985,KOR,-17.5,-137.5,0,0,0,0,0,0,0,0,0,0
1985,KOR,-17.5,-132.5,0,0,0,0,0,0,0,0,0,0
1985,KOR,-17.5,-127.5,0,0,0,0,0,0,0,0,0,0
1985,KOR,-17.5,-122.5,0,0,0,0,0,0,0,0,0,0
1985,KOR,-12.5,-147.5,0,0,0,0,0,0,0,0,0,0
1985,KOR,-12.5,-142.5,0,0,0,0,0,0,0,0,0,0
1985,KOR,-12.5,-137.5,0,0,0,0,0,0,0,0,0,0
1985,KOR,-12.5,-132.5,0,0,0,0,0,0,0,0,0,0
1985,KOR,-12.5,-92.5,0,0,0,0,0,0,0,0,0,0
1985,KOR,-12.5,-87.5,0,0,0,0,0,0,0,0,0,0
1985,KOR,-7.5,-147.5,0,0,0,0,0,0,0,0,0,0
1985,KOR,-7.5,-142.5,0,0,0,0,0,0,0,0,0,0
1985,KOR,-7.5,-137.5,0,0,0,0,0,0,0,0,0,0
1985,KOR,-7.5,-132.5,0,0,0,0,0,0,0,0,0,0
1985,KOR,-2.5,-147.5,0,0,0,0,0,0,0,0,0,0
1985,KOR,-2.5,-142.5,0,0,0,0,0,0,0,0,0,0
1985,KOR,-2.5,-137.5,0,0,0,0,0,0,0,0,0,0
1985,KOR,-2.5,-127.5,0,0,0,0,0,0,0,0,0,0
1985,KOR,2.5,-112.5,0,0,0,0,0,0,0,0,0,0
1985,KOR,2.5,-107.5,0,0,0,0,0,0,0,0,0,0
1985,KOR,2.5,-102.5,0,0,0,0,0,0,0,0,0,0
1985,KOR,2.5,-97.5,0,0,0,0,0,0,0,0,0,0
1985,KOR,2.5,-77.5,0,0,0,0,0,0,0,0,0,0
1985,KOR,7.5,-107.5,0,0,0,0,0,0,0,0,0,0
1985,KOR,7.5,-82.5,0,0,0,0,0,0,0,0,0,0
1985,KOR,7.5,-77.5,0,0,0,0,0,0,0,0,0,0
1985,MEX,22.5,-112.5,0,0,0,0.65,0,0,1.55,0,0,0
1985,MEX,27.5,-112.5,0,0,0,0.03,0,0,0.06,0,0,0
1985,TWN,-17.5,-127.5,0,0,0,0,0,0,3.28,0,0,0
1985,KOR,-22.5,-147.5,0,0,0,0,0,0,0,0,0,0
1985,KOR,-22.5,-142.5,0,0,0,0,0,0,0,0,0,0
1985,KOR,-22.5,-127.5,0,0,0,0,0,0,0,0,0,0
1985,KOR,-22.5,-122.5,0,0,0,0,0,0,0,0,0,0
1985,KOR,-22.5,-117.5,0,0,0,0,0,0,0,0,0,0
1985,KOR,-22.5,-112.5,0,0,0,0,0,0,0,0,0,0
1985,KOR,-17.5,-147.5,0,0,0,0,0,0,0,0,0,0
1985,KOR,-17.5,-142.5,0,0,0,0,0,0,0,0,0,0
1985,KOR,-17.5,-137.5,0,0,0,0,0,0,0,0,0,0
1985,KOR,-17.5,-132.5,0,0,0,0,0,0,0,0,0,0
1985,KOR,-17.5,-127.5,0,0,0,0,0,0,0,0,0,0
1985,KOR,-17.5,-122.5,0,0,0,0,0,0,0,0,0,0
1985,KOR,-17.5,-117.5,0,0,0,0,0,0,0,0,0,0
1985,KOR,-12.5,-147.5,0,0,0,0,0,0,0,0,0,0
1985,KOR,-12.5,-142.5,0,0,0,0,0,0,0,0,0,0
1985,KOR,-12.5,-137.5,0,0,0,0,0,0,0,0,0,0
1985,KOR,-12.5,-132.5,0,0,0,0,0,0,0,0,0,0
1985,KOR,-7.5,-147.5,0,0,0,0,0,0,0,0,0,0
1985,KOR,-7.5,-142.5,0,0,0,0,0,0,0,0,0,0
1985,KOR,-7.5,-137.5,0,0,0,0,0,0,0,0,0,0
1985,KOR,-7.5,-132.5,0,0,0,0,0,0,0,0,0,0
1985,KOR,-2.5,-147.5,0,0,0,0,0,0,0,0,0,0
1985,KOR,-2.5,-142.5,0,0,0,0,0,0,0,0,0,0
1985,KOR,-2.5,-97.5,0,0,0,0,0,0,0,0,0,0
1985,KOR,2.5,-107.5,0,0,0,0,0,0,0,0,0,0
1985,KOR,2.5,-102.5,0,0,0,0,0,0,0,0,0,0
1985,KOR,2.5,-97.5,0,0,0,0,0,0,0,0,0,0
1985,KOR,2.5,-82.5,0,0,0,0,0,0,0,0,0,0
1985,KOR,2.5,-77.5,0,0,0,0,0,0,0,0,0,0
1985,KOR,7.5,-82.5,0,0,0,0,0,0,0,0,0,0
1985,KOR,7.5,-77.5,0,0,0,0,0,0,0,0,0,0
1985,MEX,22.5,-112.5,3.25,0,0,1.46,0,0,3.62,0,0.15,0
1985,MEX,27.5,-112.5,0,0,0,0,0,0,0.24,0,0,0
1985,TWN,-17.5,-132.5,0,0,0,0,0,0,1.7,0,0,0
1985,TWN,-17.5,-127.5,0,0,0,0,0,0,2.06,0,0,0
1986,KOR,-27.5,-147.5,0,0,0,0,0,0,0,0,0,0
1986,KOR,-22.5,-137.5,0,0,0,0,0,0,0,0,0,0
1986,KOR,-22.5,-132.5,0,0,0,0,0,0,0,0,0,0
1986,KOR,-22.5,-127.5,0,0,0,0,0,0,0,0,0,0
1986,KOR,-22.5,-122.5,0,0,0,0,0,0,0,0,0,0
1986,KOR,-22.5,-117.5,0,0,0,0,0,0,0,0,0,0
1986,KOR,-22.5,-112.5,0,0,0,0,0,0,0,0,0,0
1986,KOR,-17.5,-137.5,0,0,0,0,0,0,0,0,0,0
1986,KOR,-17.5,-132.5,0,0,0,0,0,0,0,0,0,0
1986,KOR,-17.5,-127.5,0,0,0,0,0,0,0,0,0,0
1986,KOR,-17.5,-122.5,0,0,0,0,0,0,0,0,0,0
1986,KOR,-17.5,-117.5,0,0,0,0,0,0,0,0,0,0
1986,KOR,-12.5,-142.5,0,0,0,0,0,0,0,0,0,0
1986,KOR,-12.5,-137.5,0,0,0,0,0,0,0,0,0,0
1986,KOR,-12.5,-132.5,0,0,0,0,0,0,0,0,0,0
1986,KOR,-7.5,-147.5,0,0,0,0,0,0,0,0,0,0
1986,KOR,-7.5,-142.5,0,0,0,0,0,0,0,0,0,0
1986,KOR,-7.5,-137.5,0,0,0,0,0,0,0,0,0,0
1986,KOR,-7.5,-132.5,0,0,0,0,0,0,0,0,0,0
1986,KOR,-7.5,-127.5,0,0,0,0,0,0,0,0,0,0
1986,KOR,-2.5,-147.5,0,0,0,0,0,0,0,0,0,0
1986,KOR,-2.5,-142.5,0,0,0,0,0,0,0,0,0,0
1986,KOR,-2.5,-137.5,0,0,0,0,0,0,0,0,0,0
1986,KOR,-2.5,-132.5,0,0,0,0,0,0,0,0,0,0
1986,KOR,-2.5,-127.5,0,0,0,0,0,0,0,0,0,0
1986,KOR,-2.5,-122.5,0,0,0,0,0,0,0,0,0,0
1986,KOR,-2.5,-97.5,0,0,0,0,0,0,0,0,0,0
1986,KOR,2.5,-142.5,0,0,0,0,0,0,0,0,0,0
1986,KOR,2.5,-132.5,0,0,0,0,0,0,0,0,0,0
1986,KOR,2.5,-127.5,0,0,0,0,0,0,0,0,0,0
1986,KOR,2.5,-122.5,0,0,0,0,0,0,0,0,0,0
1986,KOR,2.5,-117.5,0,0,0,0,0,0,0,0,0,0
1986,KOR,2.5,-102.5,0,0,0,0,0,0,0,0,0,0
1986,KOR,2.5,-97.5,0,0,0,0,0,0,0,0,0,0
1986,KOR,2.5,-92.5,0,0,0,0,0,0,0,0,0,0
1986,KOR,7.5,-122.5,0,0,0,0,0,0,0,0,0,0
1986,KOR,27.5,-147.5,0,0,0,0,0,0,0,0,0,0
1986,KOR,27.5,-142.5,0,0,0,0,0,0,0,0,0,0
1986,MEX,12.5,-107.5,0,0,0,0,0,0,0,0,0,0
1986,MEX,22.5,-112.5,0,0,0,0.83,0,0,5.27,0,0,0
1986,MEX,27.5,-112.5,0,0,0,0.03,0,0,0.15,0,0,0
1986,KOR,-42.5,-142.5,0,0,0,0,0,0,0,0,0,0
1986,KOR,-37.5,-147.5,0,0,0,0,0,0,0,0,0,0
1986,KOR,-37.5,-137.5,0,0,0,0,0,0,0,0,0,0
1986,KOR,-27.5,-142.5,0,0,0,0,0,0,0,0,0,0
1986,KOR,-27.5,-137.5,0,0,0,0,0,0,0,0,0,0
1986,KOR,-22.5,-147.5,0,0,0,0,0,0,0,0,0,0
1986,KOR,-22.5,-142.5,0,0,0,0,0,0,0,0,0,0
1986,KOR,-22.5,-137.5,0,0,0,0,0,0,0,0,0,0
1986,KOR,-22.5,-132.5,0,0,0,0,0,0,0,0,0,0
1986,KOR,-17.5,-147.5,0,0,0,0,0,0,0,0,0,0
1986,KOR,-17.5,-142.5,0,0,0,0,0,0,0,0,0,0
1986,KOR,-12.5,-147.5,0,0,0,0,0,0,0,0,0,0
1986,KOR,-12.5,-142.5,0,0,0,0,0,0,0,0,0,0
1986,KOR,-12.5,-137.5,0,0,0,0,0,0,0,0,0,0
1986,KOR,-7.5,-147.5,0,0,0,0,0,0,0,0,0,0
1986,KOR,-7.5,-142.5,0,0,0,0,0,0,0,0,0,0
1986,KOR,-7.5,-137.5,0,0,0,0,0,0,0,0,0,0
1986,KOR,-7.5,-132.5,0,0,0,0,0,0,0,0,0,0
1986,KOR,-7.5,-127.5,0,0,0,0,0,0,0,0,0,0
1986,KOR,-2.5,-147.5,0,0,0,0,0,0,0,0,0,0
1986,KOR,-2.5,-142.5,0,0,0,0,0,0,0,0,0,0
1986,KOR,-2.5,-137.5,0,0,0,0,0,0,0,0,0,0
1986,KOR,-2.5,-132.5,0,0,0,0,0,0,0,0,0,0
1986,KOR,-2.5,-127.5,0,0,0,0,0,0,0,0,0,0
1986,KOR,-2.5,-122.5,0,0,0,0,0,0,0,0,0,0
1986,KOR,-2.5,-107.5,0,0,0,0,0,0,0,0,0,0
1986,KOR,-2.5,-102.5,0,0,0,0,0,0,0,0,0,0
1986,KOR,-2.5,-97.5,0,0,0,0,0,0,0,0,0,0
1986,KOR,-2.5,-92.5,0,0,0,0,0,0,0,0,0,0
1986,KOR,2.5,-117.5,0,0,0,0,0,0,0,0,0,0
1986,KOR,2.5,-112.5,0,0,0,0,0,0,0,0,0,0
1986,KOR,2.5,-107.5,0,0,0,0,0,0,0,0,0,0
1986,KOR,2.5,-97.5,0,0,0,0,0,0,0,0,0,0
1986,KOR,2.5,-92.5,0,0,0,0,0,0,0,0,0,0
1986,KOR,7.5,-92.5,0,0,0,0,0,0,0,0,0,0
1986,KOR,27.5,-147.5,0,0,0,0,0,0,0,0,0,0
1986,KOR,27.5,-142.5,0,0,0,0,0,0,0,0,0,0
1986,MEX,12.5,-107.5,0,0,0,0,0,0,0,0,0,0
1986,MEX,17.5,-112.5,0,0,0,0,0,0,0,0,0,0
1986,MEX,17.5,-107.5,0,0,0,0,0,0,0,0,0,0
1986,MEX,17.5,-102.5,0,0,0,0,0,0,0,0,0,0
1986,MEX,22.5,-112.5,0,0,0,0.14,0,0,5.03,0,0,0
1986,MEX,22.5,-107.5,0,0,0,0.07,0,0,6.84,0,0,0
1986,MEX,27.5,-112.5,0,0,0,0,0,0,0.03,0,0,0
1986,KOR,-42.5,-147.5,0,0,0,0,0,0,0,0,0,0
1986,KOR,-42.5,-142.5,0,0,0,0,0,0,0,0,0,0
1986,KOR,-42.5,-137.5,0,0,0,0,0,0,0,0,0,0
1986,KOR,-42.5,-132.5,0,0,0,0,0,0,0,0,0,0
1986,KOR,-37.5,-147.5,0,0,0,0,0,0,0,0,0,0
1986,KOR,-37.5,-142.5,0,0,0,0,0,0,0,0,0,0
1986,KOR,-37.5,-137.5,0,0,0,0,0,0,0,0,0,0
1986,KOR,-37.5,-132.5,0,0,0,0,0,0,0,0,0,0
1986,KOR,-27.5,-132.5,0,0,0,0,0,0,0,0,0,0
1986,KOR,-17.5,-137.5,0,0,0,0,0,0,0,0,0,0
1986,KOR,-12.5,-147.5,0,0,0,0,0,0,0,0,0,0
1986,KOR,-12.5,-137.5,0,0,0,0,0,0,0,0,0,0
1986,KOR,-7.5,-147.5,0,0,0,0,0,0,0,0,0,0
1986,KOR,-7.5,-142.5,0,0,0,0,0,0,0,0,0,0
1986,KOR,-7.5,-137.5,0,0,0,0,0,0,0,0,0,0
1986,KOR,-7.5,-127.5,0,0,0,0,0,0,0,0,0,0
1986,KOR,-2.5,-147.5,0,0,0,0,0,0,0,0,0,0
1986,KOR,-2.5,-142.5,0,0,0,0,0,0,0,0,0,0
1986,KOR,-2.5,-137.5,0,0,0,0,0,0,0,0,0,0
1986,KOR,-2.5,-132.5,0,0,0,0,0,0,0,0,0,0
1986,KOR,-2.5,-127.5,0,0,0,0,0,0,0,0,0,0
1986,KOR,-2.5,-107.5,0,0,0,0,0,0,0,0,0,0
1986,KOR,-2.5,-102.5,0,0,0,0,0,0,0,0,0,0
1986,KOR,-2.5,-97.5,0,0,0,0,0,0,0,0,0,0
1986,KOR,2.5,-142.5,0,0,0,0,0,0,0,0,0,0
1986,KOR,2.5,-107.5,0,0,0,0,0,0,0,0,0,0
1986,KOR,2.5,-102.5,0,0,0,0,0,0,0,0,0,0
1986,KOR,2.5,-97.5,0,0,0,0,0,0,0,0,0,0
1986,KOR,2.5,-92.5,0,0,0,0,0,0,0,0,0,0
1986,KOR,2.5,-87.5,0,0,0,0,0,0,0,0,0,0
1986,MEX,17.5,-107.5,0,0,0,0,0,0,0,0,0,0
1986,MEX,22.5,-107.5,0,0,0,0.29,0,0,3.82,0,0,0
1986,KOR,-42.5,-147.5,0,0,0,0,0,0,0,0,0,0
1986,KOR,-42.5,-142.5,0,0,0,0,0,0,0,0,0,0
1986,KOR,-42.5,-137.5,0,0,0,0,0,0,0,0,0,0
1986,KOR,-42.5,-132.5,0,0,0,0,0,0,0,0,0,0
1986,KOR,-42.5,-127.5,0,0,0,0,0,0,0,0,0,0
1986,KOR,-37.5,-147.5,0,0,0,0,0,0,0,0,0,0
1986,KOR,-37.5,-142.5,0,0,0,0,0,0,0,0,0,0
1986,KOR,-37.5,-137.5,0,0,0,0,0,0,0,0,0,0
1986,KOR,-37.5,-132.5,0,0,0,0,0,0,0,0,0,0
1986,KOR,-32.5,-142.5,0,0,0,0,0,0,0,0,0,0
1986,KOR,-22.5,-132.5,0,0,0,0,0,0,0,0,0,0
1986,KOR,-17.5,-137.5,0,0,0,0,0,0,0,0,0,0
1986,KOR,-7.5,-147.5,0,0,0,0,0,0,0,0,0,0
1986,KOR,-7.5,-142.5,0,0,0,0,0,0,0,0,0,0
1986,KOR,-2.5,-147.5,0,0,0,0,0,0,0,0,0,0
1986,KOR,-2.5,-142.5,0,0,0,0,0,0,0,0,0,0
1986,KOR,-2.5,-137.5,0,0,0,0,0,0,0,0,0,0
1986,KOR,-2.5,-127.5,0,0,0,0,0,0,0,0,0,0
1986,KOR,-2.5,-122.5,0,0,0,0,0,0,0,0,0,0
1986,KOR,-2.5,-117.5,0,0,0,0,0,0,0,0,0,0
1986,KOR,-2.5,-107.5,0,0,0,0,0,0,0,0,0,0
1986,KOR,-2.5,-102.5,0,0,0,0,0,0,0,0,0,0
1986,KOR,-2.5,-97.5,0,0,0,0,0,0,0,0,0,0
1986,KOR,-2.5,-92.5,0,0,0,0,0,0,0,0,0,0
1986,KOR,2.5,-147.5,0,0,0,0,0,0,0,0,0,0
1986,KOR,2.5,-137.5,0,0,0,0,0,0,0,0,0,0
1986,KOR,2.5,-132.5,0,0,0,0,0,0,0,0,0,0
1986,KOR,2.5,-117.5,0,0,0,0,0,0,0,0,0,0
1986,KOR,2.5,-112.5,0,0,0,0,0,0,0,0,0,0
1986,KOR,2.5,-107.5,0,0,0,0,0,0,0,0,0,0
1986,KOR,2.5,-102.5,0,0,0,0,0,0,0,0,0,0
1986,KOR,2.5,-97.5,0,0,0,0,0,0,0,0,0,0
1986,KOR,2.5,-92.5,0,0,0,0,0,0,0,0,0,0
1986,MEX,17.5,-112.5,0,0,0,0,0,0,0,0,0,0
1986,MEX,17.5,-107.5,0,0,0,0,0,0,1.78,0,0,0
1986,MEX,22.5,-107.5,0,0,0,0,0,0,6,0,0,0
1986,KOR,-37.5,-147.5,0,0,0,0,0,0,0,0,0,0
1986,KOR,-37.5,-142.5,0,0,0,0,0,0,0,0,0,0
1986,KOR,-32.5,-147.5,0,0,0,0,0,0,0,0,0,0
1986,KOR,-17.5,-82.5,0,0,0,0,0,0,0,0,0,0
1986,KOR,-17.5,-77.5,0,0,0,0,0,0,0,0,0,0
1986,KOR,-12.5,-97.5,0,0,0,0,0,0,0,0,0,0
1986,KOR,-12.5,-92.5,0,0,0,0,0,0,0,0,0,0
1986,KOR,-7.5,-147.5,0,0,0,0,0,0,0,0,0,0
1986,KOR,-7.5,-142.5,0,0,0,0,0,0,0,0,0,0
1986,KOR,-7.5,-137.5,0,0,0,0,0,0,0,0,0,0
1986,KOR,-7.5,-97.5,0,0,0,0,0,0,0,0,0,0
1986,KOR,-2.5,-147.5,0,0,0,0,0,0,0,0,0,0
1986,KOR,-2.5,-142.5,0,0,0,0,0,0,0,0,0,0
1986,KOR,-2.5,-132.5,0,0,0,0,0,0,0,0,0,0
1986,KOR,-2.5,-107.5,0,0,0,0,0,0,0,0,0,0
1986,KOR,-2.5,-102.5,0,0,0,0,0,0,0,0,0,0
1986,KOR,2.5,-147.5,0,0,0,0,0,0,0,0,0,0
1986,KOR,2.5,-142.5,0,0,0,0,0,0,0,0,0,0
1986,KOR,2.5,-132.5,0,0,0,0,0,0,0,0,0,0
1986,KOR,2.5,-127.5,0,0,0,0,0,0,0,0,0,0
1986,KOR,2.5,-122.5,0,0,0,0,0,0,0,0,0,0
1986,KOR,2.5,-117.5,0,0,0,0,0,0,0,0,0,0
1986,KOR,2.5,-112.5,0,0,0,0,0,0,0,0,0,0
1986,KOR,2.5,-97.5,0,0,0,0,0,0,0,0,0,0
1986,KOR,2.5,-87.5,0,0,0,0,0,0,0,0,0,0
1986,KOR,7.5,-147.5,0,0,0,0,0,0,0,0,0,0
1986,KOR,7.5,-142.5,0,0,0,0,0,0,0,0,0,0
1986,MEX,12.5,-97.5,0,0,0,0,0,0,0,0,0,0
1986,MEX,12.5,-92.5,0,0,0,0,0,0,0,0,0,0
1986,MEX,17.5,-112.5,0,0,0,0,0,0,4.51,0,0,0
1986,MEX,17.5,-107.5,0,0,0,0,0,0,0.58,0,0,0
1986,MEX,17.5,-97.5,0,0,0,0,0,0,0,0,0,0
1986,MEX,17.5,-92.5,0,0,0,0,0,0,0,0,0,0
1986,MEX,22.5,-112.5,0,0,0,0,0,0,2.74,0,0,0
1986,MEX,22.5,-107.5,0,0,0,0,0,0,4.73,0,0,0
1986,KOR,-37.5,-147.5,0,0,0,0,0,0,0,0,0,0
1986,KOR,-32.5,-147.5,0,0,0,0,0,0,0,0,0,0
1986,KOR,-27.5,-147.5,0,0,0,0,0,0,0,0,0,0
1986,KOR,-22.5,-82.5,0,0,0,0,0,0,0,0,0,0
1986,KOR,-17.5,-147.5,0,0,0,0,0,0,0,0,0,0
1986,KOR,-17.5,-82.5,0,0,0,0,0,0,0,0,0,0
1986,KOR,-17.5,-77.5,0,0,0,0,0,0,0,0,0,0
1986,KOR,-12.5,-147.5,0,0,0,0,0,0,0,0,0,0
1986,KOR,-12.5,-107.5,0,0,0,0,0,0,0,0,0,0
1986,KOR,-12.5,-102.5,0,0,0,0,0,0,0,0,0,0
1986,KOR,-12.5,-97.5,0,0,0,0,0,0,0,0,0,0
1986,KOR,-12.5,-92.5,0,0,0,0,0,0,0,0,0,0
1986,KOR,-12.5,-82.5,0,0,0,0,0,0,0,0,0,0
1986,KOR,-7.5,-147.5,0,0,0,0,0,0,0,0,0,0
1986,KOR,-7.5,-142.5,0,0,0,0,0,0,0,0,0,0
1986,KOR,-7.5,-107.5,0,0,0,0,0,0,0,0,0,0
1986,KOR,-2.5,-147.5,0,0,0,0,0,0,0,0,0,0
1986,KOR,-2.5,-142.5,0,0,0,0,0,0,0,0,0,0
1986,KOR,-2.5,-117.5,0,0,0,0,0,0,0,0,0,0
1986,KOR,2.5,-147.5,0,0,0,0,0,0,0,0,0,0
1986,KOR,2.5,-137.5,0,0,0,0,0,0,0,0,0,0
1986,KOR,2.5,-132.5,0,0,0,0,0,0,0,0,0,0
1986,KOR,2.5,-117.5,0,0,0,0,0,0,0,0,0,0
1986,KOR,17.5,-107.5,0,0,0,0,0,0,0,0,0,0
1986,MEX,12.5,-97.5,0,0,0,0,0,0,0,0,0,0
1986,MEX,12.5,-92.5,0,0,0,0,0,0,0,0,0,0
1986,MEX,17.5,-112.5,0,0,0,0,0,0,1.43,0,0,0
1986,MEX,17.5,-107.5,0,0,0,0,0,0,0,0,0.15,0.55
1986,MEX,17.5,-97.5,0,0,0,0,0,0,0,0,0,0
1986,MEX,17.5,-92.5,0,0,0,0,0,0,0,0,0,0
1986,MEX,22.5,-112.5,0,0,0,0,0,0,2.41,0,0,0
1986,MEX,22.5,-107.5,0,0,0,0,0,0,4.97,0,0,0
1986,KOR,-27.5,-147.5,0,0,0,0,0,0,0,0,0,0
1986,KOR,-22.5,-147.5,0,0,0,0,0,0,0,0,0,0
1986,KOR,-17.5,-82.5,0,0,0,0,0,0,0,0,0,0
1986,KOR,-12.5,-147.5,0,0,0,0,0,0,0,0,0,0
1986,KOR,-12.5,-97.5,0,0,0,0,0,0,0,0,0,0
1986,KOR,-12.5,-82.5,0,0,0,0,0,0,0,0,0,0
1986,KOR,-7.5,-147.5,0,0,0,0,0,0,0,0,0,0
1986,KOR,-7.5,-142.5,0,0,0,0,0,0,0,0,0,0
1986,KOR,-7.5,-107.5,0,0,0,0,0,0,0,0,0,0
1986,KOR,-2.5,-147.5,0,0,0,0,0,0,0,0,0,0
1986,KOR,-2.5,-132.5,0,0,0,0,0,0,0,0,0,0
1986,KOR,-2.5,-117.5,0,0,0,0,0,0,0,0,0,0
1986,KOR,-2.5,-112.5,0,0,0,0,0,0,0,0,0,0
1986,KOR,-2.5,-97.5,0,0,0,0,0,0,0,0,0,0
1986,KOR,2.5,-147.5,0,0,0,0,0,0,0,0,0,0
1986,KOR,2.5,-142.5,0,0,0,0,0,0,0,0,0,0
1986,KOR,2.5,-132.5,0,0,0,0,0,0,0,0,0,0
1986,KOR,2.5,-107.5,0,0,0,0,0,0,0,0,0,0
1986,KOR,2.5,-102.5,0,0,0,0,0,0,0,0,0,0
1986,KOR,2.5,-97.5,0,0,0,0,0,0,0,0,0,0
1986,KOR,2.5,-92.5,0,0,0,0,0,0,0,0,0,0
1986,KOR,7.5,-107.5,0,0,0,0,0,0,0,0,0,0
1986,KOR,17.5,-107.5,0,0,0,0,0,0,0,0,0,0
1986,MEX,12.5,-92.5,0,0,0,0,0,0,0,0,0,0
1986,MEX,17.5,-112.5,0,0,0,0.04,0,0,4.14,0,1.08,0.5
1986,MEX,17.5,-107.5,0,0,0,0,0,0,0.16,0,1.25,5.61
1986,MEX,17.5,-92.5,0,0,0,0,0,0,0,0,0,0
1986,MEX,22.5,-112.5,0,0,0,0,0,0,0.72,0,0.11,0.06
1986,MEX,22.5,-107.5,0,0,0,0,0,0,0,0,0,0
1986,KOR,-12.5,-147.5,0,0,0,0,0,0,0,0,0,0
1986,KOR,-12.5,-142.5,0,0,0,0,0,0,0,0,0,0
1986,KOR,-12.5,-97.5,0,0,0,0,0,0,0,0,0,0
1986,KOR,-7.5,-147.5,0,0,0,0,0,0,0,0,0,0
1986,KOR,-7.5,-142.5,0,0,0,0,0,0,0,0,0,0
1986,KOR,-7.5,-122.5,0,0,0,0,0,0,0,0,0,0
1986,KOR,-7.5,-107.5,0,0,0,0,0,0,0,0,0,0
1986,KOR,-2.5,-147.5,0,0,0,0,0,0,0,0,0,0
1986,KOR,-2.5,-142.5,0,0,0,0,0,0,0,0,0,0
1986,KOR,-2.5,-122.5,0,0,0,0,0,0,0,0,0,0
1986,KOR,-2.5,-102.5,0,0,0,0,0,0,0,0,0,0
1986,KOR,2.5,-147.5,0,0,0,0,0,0,0,0,0,0
1986,KOR,2.5,-142.5,0,0,0,0,0,0,0,0,0,0
1986,KOR,2.5,-137.5,0,0,0,0,0,0,0,0,0,0
1986,KOR,2.5,-132.5,0,0,0,0,0,0,0,0,0,0
1986,KOR,2.5,-127.5,0,0,0,0,0,0,0,0,0,0
1986,KOR,2.5,-107.5,0,0,0,0,0,0,0,0,0,0
1986,KOR,2.5,-102.5,0,0,0,0,0,0,0,0,0,0
1986,KOR,7.5,-132.5,0,0,0,0,0,0,0,0,0,0
1986,KOR,7.5,-127.5,0,0,0,0,0,0,0,0,0,0
1986,KOR,7.5,-117.5,0,0,0,0,0,0,0,0,0,0
1986,KOR,7.5,-107.5,0,0,0,0,0,0,0,0,0,0
1986,KOR,7.5,-102.5,0,0,0,0,0,0,0,0,0,0
1986,KOR,17.5,-107.5,0,0,0,0,0,0,0,0,0,0
1986,KOR,22.5,-112.5,0,0,0,0,0,0,0,0,0,0
1986,KOR,22.5,-107.5,0,0,0,0,0,0,0,0,0,0
1986,MEX,17.5,-117.5,0,0,0,0,0,0,0.06,0,0,0
1986,MEX,17.5,-112.5,0,0,0,0.03,0,0,12.51,0,0.71,0.27
1986,MEX,17.5,-107.5,0,0,0,0.11,0,0,2.48,0,0.51,1.41
1986,MEX,22.5,-112.5,0,0,0,0,0,0,2.98,0,0.39,1.83
1986,MEX,22.5,-107.5,0,0,0,0,0,0,3.35,0,0.45,1.49
1986,MEX,27.5,-107.5,0,0,0,0,0,0,0,0,0,0
1986,KOR,-22.5,-147.5,0,0,0,0,0,0,0,0,0,0
1986,KOR,-22.5,-142.5,0,0,0,0,0,0,0,0,0,0
1986,KOR,-17.5,-147.5,0,0,0,0,0,0,0,0,0,0
1986,KOR,-17.5,-142.5,0,0,0,0,0,0,0,0,0,0
1986,KOR,-12.5,-147.5,0,0,0,0,0,0,0,0,0,0
1986,KOR,-12.5,-142.5,0,0,0,0,0,0,0,0,0,0
1986,KOR,-12.5,-137.5,0,0,0,0,0,0,0,0,0,0
1986,KOR,-12.5,-132.5,0,0,0,0,0,0,0,0,0,0
1986,KOR,-12.5,-127.5,0,0,0,0,0,0,0,0,0,0
1986,KOR,-12.5,-102.5,0,0,0,0,0,0,0,0,0,0
1986,KOR,-12.5,-97.5,0,0,0,0,0,0,0,0,0,0
1986,KOR,-7.5,-147.5,0,0,0,0,0,0,0,0,0,0
1986,KOR,-7.5,-142.5,0,0,0,0,0,0,0,0,0,0
1986,KOR,-7.5,-137.5,0,0,0,0,0,0,0,0,0,0
1986,KOR,-7.5,-132.5,0,0,0,0,0,0,0,0,0,0
1986,KOR,-7.5,-127.5,0,0,0,0,0,0,0,0,0,0
1986,KOR,-2.5,-147.5,0,0,0,0,0,0,0,0,0,0
1986,KOR,-2.5,-142.5,0,0,0,0,0,0,0,0,0,0
1986,KOR,-2.5,-137.5,0,0,0,0,0,0,0,0,0,0
1986,KOR,-2.5,-132.5,0,0,0,0,0,0,0,0,0,0
1986,KOR,-2.5,-127.5,0,0,0,0,0,0,0,0,0,0
1986,KOR,2.5,-147.5,0,0,0,0,0,0,0,0,0,0
1986,KOR,2.5,-142.5,0,0,0,0,0,0,0,0,0,0
1986,KOR,2.5,-132.5,0,0,0,0,0,0,0,0,0,0
1986,KOR,2.5,-127.5,0,0,0,0,0,0,0,0,0,0
1986,KOR,2.5,-102.5,0,0,0,0,0,0,0,0,0,0
1986,KOR,2.5,-97.5,0,0,0,0,0,0,0,0,0,0
1986,KOR,7.5,-137.5,0,0,0,0,0,0,0,0,0,0
1986,KOR,7.5,-127.5,0,0,0,0,0,0,0,0,0,0
1986,KOR,7.5,-87.5,0,0,0,0,0,0,0,0,0,0
1986,KOR,17.5,-112.5,0,0,0,0,0,0,0,0,0,0
1986,KOR,17.5,-107.5,0,0,0,0,0,0,0,0,0,0
1986,KOR,22.5,-112.5,0,0,0,0,0,0,0,0,0,0
1986,KOR,22.5,-107.5,0,0,0,0,0,0,0,0,0,0
1986,MEX,17.5,-112.5,0,0,0,0.03,0,0,6.91,0,0.7,1.51
1986,MEX,17.5,-107.5,0,0,0,0,0,0,1.5,0,0.1,2.36
1986,MEX,22.5,-112.5,0,0,0,0.12,0,0,12.32,0,0.46,2.07
1986,MEX,22.5,-107.5,0,0,0,0,0,0,1.5,0,1.6,4.78
1986,KOR,-22.5,-137.5,0,0,0,0,0,0,0,0,0,0
1986,KOR,-22.5,-132.5,0,0,0,0,0,0,0,0,0,0
1986,KOR,-17.5,-137.5,0,0,0,0,0,0,0,0,0,0
1986,KOR,-17.5,-132.5,0,0,0,0,0,0,0,0,0,0
1986,KOR,-12.5,-147.5,0,0,0,0,0,0,0,0,0,0
1986,KOR,-12.5,-142.5,0,0,0,0,0,0,0,0,0,0
1986,KOR,-12.5,-137.5,0,0,0,0,0,0,0,0,0,0
1986,KOR,-12.5,-132.5,0,0,0,0,0,0,0,0,0,0
1986,KOR,-12.5,-127.5,0,0,0,0,0,0,0,0,0,0
1986,KOR,-12.5,-107.5,0,0,0,0,0,0,0,0,0,0
1986,KOR,-7.5,-147.5,0,0,0,0,0,0,0,0,0,0
1986,KOR,-7.5,-142.5,0,0,0,0,0,0,0,0,0,0
1986,KOR,-7.5,-137.5,0,0,0,0,0,0,0,0,0,0
1986,KOR,-7.5,-132.5,0,0,0,0,0,0,0,0,0,0
1986,KOR,-7.5,-127.5,0,0,0,0,0,0,0,0,0,0
1986,KOR,-7.5,-122.5,0,0,0,0,0,0,0,0,0,0
1986,KOR,-2.5,-147.5,0,0,0,0,0,0,0,0,0,0
1986,KOR,-2.5,-142.5,0,0,0,0,0,0,0,0,0,0
1986,KOR,-2.5,-137.5,0,0,0,0,0,0,0,0,0,0
1986,KOR,-2.5,-132.5,0,0,0,0,0,0,0,0,0,0
1986,KOR,-2.5,-127.5,0,0,0,0,0,0,0,0,0,0
1986,KOR,-2.5,-122.5,0,0,0,0,0,0,0,0,0,0
1986,KOR,2.5,-147.5,0,0,0,0,0,0,0,0,0,0
1986,KOR,2.5,-82.5,0,0,0,0,0,0,0,0,0,0
1986,KOR,7.5,-87.5,0,0,0,0,0,0,0,0,0,0
1986,KOR,17.5,-112.5,0,0,0,0,0,0,0,0,0,0
1986,KOR,22.5,-112.5,0,0,0,0,0,0,0,0,0,0
1986,MEX,17.5,-112.5,0,0,0,0,0,0,7.71,0,0,1
1986,MEX,17.5,-107.5,0,0,0,0,0,0,8.8,0,0.03,6.18
1986,MEX,17.5,-102.5,0,0,0,0,0,0,0,0,0,0
1986,MEX,22.5,-112.5,0,0,0,0,0,0,11.22,0,0.38,10.31
1986,MEX,22.5,-107.5,0,0,0,0,0,0,0.59,0,0.2,0.79
1986,MEX,27.5,-112.5,0,0,0,0,0,0,1.76,0,0.03,3.2
1986,TWN,-17.5,-132.5,0,0,0,0,0,0,0.34,0,0,0
1986,TWN,-17.5,-117.5,0,0,0,0,0,0,0.15,0,0,0
1986,KOR,-22.5,-137.5,0,0,0,0,0,0,0,0,0,0
1986,KOR,-22.5,-132.5,0,0,0,0,0,0,0,0,0,0
1986,KOR,-22.5,-127.5,0,0,0,0,0,0,0,0,0,0
1986,KOR,-17.5,-147.5,0,0,0,0,0,0,0,0,0,0
1986,KOR,-17.5,-142.5,0,0,0,0,0,0,0,0,0,0
1986,KOR,-17.5,-137.5,0,0,0,0,0,0,0,0,0,0
1986,KOR,-17.5,-132.5,0,0,0,0,0,0,0,0,0,0
1986,KOR,-17.5,-127.5,0,0,0,0,0,0,0,0,0,0
1986,KOR,-12.5,-147.5,0,0,0,0,0,0,0,0,0,0
1986,KOR,-12.5,-142.5,0,0,0,0,0,0,0,0,0,0
1986,KOR,-12.5,-137.5,0,0,0,0,0,0,0,0,0,0
1986,KOR,-7.5,-142.5,0,0,0,0,0,0,0,0,0,0
1986,KOR,-7.5,-137.5,0,0,0,0,0,0,0,0,0,0
1986,KOR,-7.5,-132.5,0,0,0,0,0,0,0,0,0,0
1986,KOR,-7.5,-127.5,0,0,0,0,0,0,0,0,0,0
1986,KOR,-7.5,-122.5,0,0,0,0,0,0,0,0,0,0
1986,KOR,-7.5,-117.5,0,0,0,0,0,0,0,0,0,0
1986,KOR,-2.5,-147.5,0,0,0,0,0,0,0,0,0,0
1986,KOR,-2.5,-137.5,0,0,0,0,0,0,0,0,0,0
1986,KOR,-2.5,-132.5,0,0,0,0,0,0,0,0,0,0
1986,KOR,-2.5,-122.5,0,0,0,0,0,0,0,0,0,0
1986,KOR,-2.5,-117.5,0,0,0,0,0,0,0,0,0,0
1986,KOR,-2.5,-107.5,0,0,0,0,0,0,0,0,0,0
1986,KOR,-2.5,-102.5,0,0,0,0,0,0,0,0,0,0
1986,KOR,-2.5,-97.5,0,0,0,0,0,0,0,0,0,0
1986,KOR,-2.5,-92.5,0,0,0,0,0,0,0,0,0,0
1986,KOR,2.5,-147.5,0,0,0,0,0,0,0,0,0,0
1986,KOR,2.5,-142.5,0,0,0,0,0,0,0,0,0,0
1986,KOR,2.5,-137.5,0,0,0,0,0,0,0,0,0,0
1986,KOR,2.5,-102.5,0,0,0,0,0,0,0,0,0,0
1986,KOR,2.5,-97.5,0,0,0,0,0,0,0,0,0,0
1986,KOR,7.5,-147.5,0,0,0,0,0,0,0,0,0,0
1986,KOR,7.5,-92.5,0,0,0,0,0,0,0,0,0,0
1986,KOR,32.5,-147.5,0,0,0,0,0,0,0,0,0,0
1986,KOR,37.5,-147.5,0,0,0,0,0,0,0,0,0,0
1986,MEX,12.5,-97.5,0,0,0,0,0,0,0,0,0,0.69
1986,MEX,17.5,-112.5,0,0,0,0,0,0,3.48,0,0,0
1986,MEX,17.5,-107.5,0,0,0,0,0,0,0,0,0,0
1986,MEX,22.5,-112.5,0,0,0,0,0,0,6.14,0,0,6.35
1986,MEX,22.5,-107.5,0,0,0,0,0,0,0.56,0,0,1.86
1986,MEX,27.5,-112.5,0,0,0,0,0,0,1.16,0,0,3.21
1986,TWN,-17.5,-122.5,0,0,0,0,0,0,0.09,0,0,0
1986,KOR,-22.5,-137.5,0,0,0,0,0,0,0,0,0,0
1986,KOR,-22.5,-132.5,0,0,0,0,0,0,0,0,0,0
1986,KOR,-22.5,-127.5,0,0,0,0,0,0,0,0,0,0
1986,KOR,-22.5,-122.5,0,0,0,0,0,0,0,0,0,0
1986,KOR,-17.5,-137.5,0,0,0,0,0,0,0,0,0,0
1986,KOR,-17.5,-132.5,0,0,0,0,0,0,0,0,0,0
1986,KOR,-17.5,-127.5,0,0,0,0,0,0,0,0,0,0
1986,KOR,-12.5,-142.5,0,0,0,0,0,0,0,0,0,0
1986,KOR,-12.5,-137.5,0,0,0,0,0,0,0,0,0,0
1986,KOR,-12.5,-132.5,0,0,0,0,0,0,0,0,0,0
1986,KOR,-12.5,-112.5,0,0,0,0,0,0,0,0,0,0
1986,KOR,-7.5,-142.5,0,0,0,0,0,0,0,0,0,0
1986,KOR,-7.5,-137.5,0,0,0,0,0,0,0,0,0,0
1986,KOR,-7.5,-127.5,0,0,0,0,0,0,0,0,0,0
1986,KOR,-7.5,-122.5,0,0,0,0,0,0,0,0,0,0
1986,KOR,-7.5,-117.5,0,0,0,0,0,0,0,0,0,0
1986,KOR,-7.5,-112.5,0,0,0,0,0,0,0,0,0,0
1986,KOR,-7.5,-107.5,0,0,0,0,0,0,0,0,0,0
1986,KOR,-2.5,-147.5,0,0,0,0,0,0,0,0,0,0
1986,KOR,-2.5,-142.5,0,0,0,0,0,0,0,0,0,0
1986,KOR,-2.5,-137.5,0,0,0,0,0,0,0,0,0,0
1986,KOR,-2.5,-132.5,0,0,0,0,0,0,0,0,0,0
1986,KOR,-2.5,-122.5,0,0,0,0,0,0,0,0,0,0
1986,KOR,-2.5,-102.5,0,0,0,0,0,0,0,0,0,0
1986,KOR,-2.5,-97.5,0,0,0,0,0,0,0,0,0,0
1986,KOR,2.5,-147.5,0,0,0,0,0,0,0,0,0,0
1986,KOR,2.5,-142.5,0,0,0,0,0,0,0,0,0,0
1986,KOR,2.5,-132.5,0,0,0,0,0,0,0,0,0,0
1986,KOR,2.5,-127.5,0,0,0,0,0,0,0,0,0,0
1986,KOR,2.5,-122.5,0,0,0,0,0,0,0,0,0,0
1986,KOR,2.5,-117.5,0,0,0,0,0,0,0,0,0,0
1986,KOR,2.5,-112.5,0,0,0,0,0,0,0,0,0,0
1986,KOR,2.5,-107.5,0,0,0,0,0,0,0,0,0,0
1986,KOR,2.5,-102.5,0,0,0,0,0,0,0,0,0,0
1986,KOR,2.5,-97.5,0,0,0,0,0,0,0,0,0,0
1986,KOR,2.5,-92.5,0,0,0,0,0,0,0,0,0,0
1986,KOR,2.5,-87.5,0,0,0,0,0,0,0,0,0,0
1986,KOR,7.5,-147.5,0,0,0,0,0,0,0,0,0,0
1986,KOR,7.5,-122.5,0,0,0,0,0,0,0,0,0,0
1986,KOR,7.5,-117.5,0,0,0,0,0,0,0,0,0,0
1986,KOR,7.5,-107.5,0,0,0,0,0,0,0,0,0,0
1986,KOR,7.5,-102.5,0,0,0,0,0,0,0,0,0,0
1986,KOR,32.5,-147.5,0,0,0,0,0,0,0,0,0,0
1986,MEX,12.5,-97.5,0,0,0,0,0,0,0.15,0,0,3.97
1986,MEX,12.5,-92.5,0,0,0,0,0,0,0.05,0,0,2.04
1986,MEX,17.5,-112.5,0,0,0,0,0,0,0,0,0,0
1986,MEX,17.5,-107.5,0,0,0,0,0,0,0,0,0,0
1986,MEX,17.5,-102.5,0,0,0,0,0,0,0,0,0,2.96
1986,MEX,17.5,-97.5,0,0,0,0,0,0,0.08,0,0,0.41
1986,MEX,22.5,-112.5,0,0,0,0,0,0,0.35,0,0,0
1986,MEX,22.5,-107.5,0,0,0,0,0,0,0,0,0,0
1986,MEX,27.5,-112.5,0,0,0,0,0,0,1.17,0,0.03,0.52
1986,TWN,-17.5,-122.5,0,0,0,0,0,0,0.65,0,0,0
1986,TWN,-12.5,-127.5,0,0,0,0,0,0,0.15,0,0,0
1987,MEX,12.5,-107.5,0,0,0,0,0,0,0,0,0,0
1987,MEX,12.5,-97.5,0,0,0,0,0,0,0,0,0,2.55
1987,MEX,12.5,-92.5,0,0,0,0,0,0,0,0,0,1.66
1987,MEX,17.5,-112.5,0,0,0,0,0,0,0,0,0,0
1987,MEX,17.5,-107.5,0,0,0,0,0,0,0,0,0,2.5
1987,MEX,17.5,-102.5,0,0,0,0,0,0,0,0,0,11.13
1987,MEX,17.5,-97.5,0,0,0,0,0,0,0,0,0,0
1987,MEX,22.5,-112.5,0,0,0,0,0,0,0,0,0,0
1987,MEX,22.5,-107.5,0,0,0,0,0,0,0,0,0,2.61
1987,TWN,-17.5,-112.5,0,0,0,0,0,0,21.43,0,0,0
1987,MEX,12.5,-102.5,0,0,0,0,0,0,3.26,0,0,0
1987,MEX,12.5,-97.5,0,0,0,0,0,0,12.62,0,0,2.07
1987,MEX,17.5,-107.5,0,0,0,0,0,0,0,0,0,0
1987,MEX,17.5,-102.5,0,0,0,0,0,0,0.97,0,0,0
1987,MEX,22.5,-112.5,0,0,0,0,0,0,0.29,0,0,0.06
1987,MEX,22.5,-107.5,0,0,0,0.19,0,0,2.71,0,0,11.6
1987,TWN,-17.5,-117.5,0,0,0,0,0,0,5.62,0,0,0
1987,TWN,-17.5,-112.5,0,0,0,0,0,0,23.31,0,0,0
1987,MEX,7.5,-97.5,0,0,0,0,0,0,6.3,0,0,0
1987,MEX,7.5,-92.5,0,0,0,0,0,0,7.73,0,0,0
1987,MEX,12.5,-97.5,0,0,0,0,0,0,15.75,0,0,0
1987,MEX,12.5,-92.5,0,0,0,0,0,0,4.55,0,0,0
1987,MEX,17.5,-112.5,0,0,0,0,0,0,0,0,0,0.2
1987,MEX,17.5,-107.5,0,0,0,0,0,0,0.4,0,0,0.12
1987,MEX,17.5,-102.5,0,0,0,0,0,0,0.12,0,0,0
1987,MEX,17.5,-97.5,0,0,0,0,0,0,0.04,0,0,0
1987,MEX,22.5,-107.5,0,0,0,0,0,0,21.8,0,0,5.26
1987,MEX,12.5,-97.5,0,0,0,0,0,0,8.51,0,0,0.82
1987,MEX,12.5,-92.5,0,0,0,0,0,0,7.67,0,0,0
1987,MEX,17.5,-112.5,0,0,0,0,0,0,0,0,0,0.95
1987,MEX,17.5,-107.5,0,0,0,0,0,0,0,0,0,0.64
1987,MEX,17.5,-97.5,0,0,0,0,0,0,0,0,0,1.9
1987,MEX,22.5,-112.5,0,0,0,0,0,0,0.3,0,0,0
1987,MEX,22.5,-107.5,0,0,0,0,0,0,9.14,0,0,0
1987,MEX,27.5,-117.5,0,0,0,0,0,0,0.56,0,0,0
1987,MEX,27.5,-112.5,0,0,0,0,0,0,0.24,0,0,0
1987,MEX,32.5,-117.5,0,0,0,0,0,0,0.78,0,0,0
1987,TWN,-42.5,-107.5,0,0,0,0,0,0,0.77,0,0,0
1987,TWN,-37.5,-147.5,0,0,0,0,0,0,0.91,0,0,0
1987,TWN,-37.5,-137.5,0,0,0,0,0,0,2.32,0,0,0
1987,TWN,-37.5,-127.5,0,0,0,0,0,0,0.4,0,0,0
1987,TWN,-37.5,-122.5,0,0,0,0,0,0,0.84,0,0,0
1987,MEX,7.5,-92.5,0,0,0,0,0,0,0.69,0,0,0
1987,MEX,12.5,-97.5,0,0,0,0,0,0,0.87,0,0,6.89
1987,MEX,12.5,-92.5,0,0,0,0,0,0,0.62,0,0,0
1987,MEX,17.5,-112.5,0,0,0,0,0,0,12.27,0,0.13,1.6
1987,MEX,17.5,-107.5,0,0,0,0,0,0,0,0,0,2.19
1987,MEX,17.5,-97.5,0,0,0,0,0,0,0,0,0,0
1987,MEX,17.5,-92.5,0,0,0,0,0,0,0,0,0,0
1987,MEX,22.5,-112.5,0,0,0,0,0,0,3.32,0,0.12,0.32
1987,MEX,22.5,-107.5,0,0,0,0,0,0,2.92,0,0.05,0.54
1987,TWN,-37.5,-147.5,0,0,0,0,0,0,2.52,0,0,0
1987,TWN,-37.5,-127.5,0,0,0,0,0,0,2.93,0,0,0
1987,TWN,17.5,-147.5,0,0,0,0,0,0,0.09,0,0,0
1987,MEX,12.5,-97.5,0,0,0,0,0,0,0,0,0,12.58
1987,MEX,12.5,-92.5,0,0,0,0,0,0,0,0,0,6.64
1987,MEX,17.5,-117.5,0,0,0,0,0,0,0.72,0,0,0
1987,MEX,17.5,-112.5,0,0,0,0,0,0,10.82,0,0,0.16
1987,MEX,17.5,-107.5,0,0,0,0,0,0,1.21,0,0,0
1987,MEX,17.5,-102.5,0,0,0,0,0,0,0,0,0,0
1987,MEX,17.5,-97.5,0,0,0,0,0,0,0,0,0,0
1987,MEX,17.5,-92.5,0,0,0,0,0,0,0,0,0,0
1987,MEX,22.5,-112.5,0,0,0,0,0,0,2.88,0,0,0.31
1987,MEX,22.5,-107.5,0,0,0,0,0,0,2.1,0,0.06,0
1987,TWN,-37.5,-127.5,0,0,0,0,0,0,1.11,0,0,0
1987,TWN,-27.5,-122.5,0,0,0,0,0,0,2.35,0,0,0
1987,TWN,7.5,-147.5,0,0,0,0,0,0,0.68,0,0,0
1987,MEX,12.5,-92.5,0,0,0,0,0,0,0,0,0,0
1987,MEX,17.5,-112.5,0,0,0,0,0,0,3.67,0,0,0.18
1987,MEX,17.5,-107.5,0,0,0,0,0,0,0.8,0,0.03,0.05
1987,MEX,17.5,-92.5,0,0,0,0,0,0,0,0,0,0
1987,MEX,22.5,-112.5,0,0,0,0,0,0,6.7,0,0.09,2.51
1987,MEX,22.5,-107.5,0,0,0,0,0,0,6.64,0,0.1,0.06
1987,TWN,-27.5,-122.5,0,0,0,0,0,0,1.92,0,0,0
1987,TWN,-22.5,-122.5,0,0,0,0,0,0,0.13,0,0,0
1987,TWN,7.5,-142.5,0,0,0,0,0,0,0.14,0,0,0
1987,TWN,12.5,-142.5,0,0,0,0,0,0,0.46,0,0,0
1987,MEX,12.5,-92.5,0,0,0,0,0,0,0,0,0,0
1987,MEX,17.5,-112.5,0,0,0,0,0,0,0.61,0,0,0
1987,MEX,17.5,-107.5,0,0,0,0,0,0,0.02,0,0.7,0.55
1987,MEX,17.5,-102.5,0,0,0,0,0,0,0,0,0,0
1987,MEX,17.5,-92.5,0,0,0,0,0,0,0,0,0,0
1987,MEX,22.5,-112.5,0,0,0,0,0,0,23.42,0,0.11,4.47
1987,MEX,22.5,-107.5,0,0,0,0,0,0,0.15,0,0.7,0
1987,TWN,-17.5,-132.5,0,0,0,0,0,0,2.29,0,0,0
1987,TWN,-17.5,-127.5,0,0,0,0,0,0,0.84,0,0,0
1987,TWN,17.5,-142.5,0,0,0,0,0,0,0.52,0,0,0
1987,MEX,17.5,-112.5,0,0,0,0,0,0,6.04,0,0.7,1.96
1987,MEX,17.5,-107.5,0,0,0,0,0,0,2.29,0,0.03,15.06
1987,MEX,22.5,-112.5,0.26,0,0,0,0,0,30.17,0,2.28,3.22
1987,MEX,22.5,-107.5,0,0,0,0,0,0,0.45,0,0.08,0.03
1987,TWN,-17.5,-122.5,0,0,0,0,0,0,3.53,0,0,0
1987,TWN,-17.5,-117.5,0,0,0,0,0,0,0.27,0,0,0
1987,TWN,12.5,-137.5,0,0,0,0,0,0,0.31,0,0,0
1987,TWN,17.5,-137.5,0,0,0,0,0,0,0.15,0,0,0
1987,MEX,17.5,-112.5,0.03,0,0,0,0,0,8.12,0,0.61,11.48
1987,MEX,17.5,-107.5,0,0,0,0,0,0,1.1,0,0,2.59
1987,MEX,22.5,-117.5,0,0,0,0,0,0,0,0,0,0
1987,MEX,22.5,-112.5,0,0,0,0,0,0,9.28,0,0.04,2.3
1987,MEX,22.5,-107.5,0,0,0,0,0,0,0,0,0,0
1987,MEX,27.5,-117.5,0,0,0,0,0,0,0,0,0,0
1987,MEX,27.5,-112.5,0,0,0,0,0,0,1.54,0,0,0.07
1987,TWN,-17.5,-122.5,0,0,0,0,0,0,0.5,0,0,0
1987,TWN,-17.5,-117.5,0,0,0,0,0,0,2.08,0,0,0
1987,TWN,7.5,-137.5,0,0,0,0,0,0,0.29,0,0,0
1987,MEX,17.5,-112.5,0,0,0,0.88,0,0,2.5,0,0.05,1.96
1987,MEX,17.5,-107.5,0,0,0,0.26,0,0,0.42,0,0,0
1987,MEX,17.5,-102.5,0,0,0,1.3,0,0,0.98,0,0,0
1987,MEX,22.5,-117.5,0,0,0,0,0,0,0,0,0.04,0
1987,MEX,22.5,-112.5,0,0,0,0,0,0,4.56,0,0.5,1.74
1987,MEX,22.5,-107.5,0,0,0,0,0,0,0,0,0,0
1987,MEX,27.5,-117.5,0,0,0,0,0,0,0,0,0.08,0.92
1987,MEX,27.5,-112.5,0,0,0,0,0,0,0,0,0.07,0.34
1987,TWN,-17.5,-122.5,0,0,0,0,0,0,2.87,0,0,0
1987,TWN,-17.5,-117.5,0,0,0,0,0,0,1.85,0,0,0
1987,TWN,-12.5,-122.5,0,0,0,0,0,0,0.13,0,0,0
1987,MEX,12.5,-102.5,0,0,0,0.89,0,0,3.13,0,0,0
1987,MEX,12.5,-97.5,0,0,0,0,0,0,0.63,0,0,0
1987,MEX,17.5,-117.5,0,0,0,0.27,0,0,0.07,0,0,0
1987,MEX,17.5,-112.5,0,0,0,1.22,0,0,6.26,0,0,0.06
1987,MEX,17.5,-107.5,0,0,0,0.24,0,0,0.24,0,0,0
1987,MEX,17.5,-102.5,0,0,0,0,0,0,0,0,0,0
1987,MEX,22.5,-117.5,0,0,0,0,0,0,0,0,0.01,0.02
1987,MEX,22.5,-112.5,0,0,0,1.7,0,0,13.34,0,0.09,0.28
1987,MEX,22.5,-107.5,0,0,0,0,0,0,0,0,0,0
1987,MEX,27.5,-117.5,0,0,0,0,0,0,0,0,0.12,0.39
1987,MEX,27.5,-112.5,0,0,0,0,0,0,0,0,0.04,1.15
1987,TWN,-22.5,-122.5,0,0,0,0,0,0,0.1,0,0,0
1987,TWN,-17.5,-122.5,0,0,0,0,0,0,2.02,0,0,0
1987,TWN,-17.5,-117.5,0,0,0,0,0,0,1.65,0,0,0
1988,MEX,7.5,-97.5,0,0,0,0.31,0,0,7.18,0,0,0
1988,MEX,12.5,-102.5,0,0,0,0.65,0,0,2.8,0,0,0
1988,MEX,12.5,-97.5,0,0,0,0.25,0,0,23.92,0,0,0
1988,MEX,12.5,-92.5,0,0,0,0.08,0,0,1.52,0,0,0
1988,MEX,17.5,-112.5,0,0,0,0,0,0,0.21,0,0,0.01
1988,MEX,17.5,-107.5,0,0,0,0,0,0,0,0,0,0
1988,MEX,17.5,-102.5,0,0,0,0,0,0,0,0,0,0
1988,MEX,17.5,-97.5,0,0,0,0,0,0,0,0,0,0
1988,MEX,22.5,-112.5,0,0,0,0,0,0,3.9,0,0,0.51
1988,MEX,22.5,-107.5,0,0,0,0,0,0,0,0,0,0
1988,MEX,27.5,-112.5,0,0,0,0,0,0,0,0,0,0.68
1988,TWN,-17.5,-122.5,0,0,0,0,0,0,0.38,0,0,0
1988,TWN,-17.5,-117.5,0,0,0,0,0,0,0.92,0,0,0
1988,MEX,7.5,-102.5,0,0,0,0,0,0,0.25,0,0,0
1988,MEX,7.5,-97.5,0,0,0,0,0,0,0.31,0,0,0
1988,MEX,7.5,-92.5,0,0,0,0,0,0,0.83,0,0,0
1988,MEX,12.5,-112.5,0,0,0,0,0,0,3.81,0,0,0
1988,MEX,12.5,-107.5,0,0,0,0,0,0,3.57,0,0,0
1988,MEX,12.5,-102.5,0,0,0,0,0,0,6.5,0,0,0
1988,MEX,12.5,-97.5,0,0,0,0,0,0,2.5,0,0,0
1988,MEX,12.5,-92.5,0,0,0,0.03,0,0,13.17,0,0,0
1988,MEX,17.5,-117.5,0,0,0,0,0,0,0.75,0,0,0
1988,MEX,17.5,-112.5,0,0,0,0,0,0,0,0,0,0
1988,MEX,17.5,-107.5,0,0,0,0,0,0,0.65,0,0,0
1988,MEX,17.5,-102.5,0,0,0,0,0,0,0.74,0,0,0
1988,MEX,22.5,-112.5,0,0,0,0,0,0,0.41,0,0,1.37
1988,MEX,22.5,-107.5,0,0,0,0,0,0,0,0,0,0
1988,TWN,-37.5,-142.5,0,0,0,0,0,0,0.29,0,0,0
1988,MEX,7.5,-97.5,0,0,0,0,0,0,3.31,0,0,0
1988,MEX,12.5,-107.5,0,0,0,0,0,0,0,0,0,0
1988,MEX,12.5,-102.5,0,0,0,0,0,0,0.3,0,0,0
1988,MEX,12.5,-97.5,0,0,0,0,0,0,2.26,0,0,0
1988,MEX,12.5,-92.5,0,0,0,0.1,0,0,5.68,0,0,0
1988,MEX,22.5,-112.5,0,0,0,0,0,0,0.15,0,0,4.61
1988,MEX,22.5,-107.5,0,0,0,0,0,0,0.25,0,0,0
1988,TWN,-37.5,-142.5,0,0,0,0,0,0,2.58,0,0,0
1988,TWN,-37.5,-137.5,0,0,0,0,0,0,2.33,0,0,0
1988,MEX,12.5,-112.5,0,0,0,0,0,0,0,0,0,0
1988,MEX,12.5,-107.5,0,0,0,0,0,0,0.24,0,0,0
1988,MEX,12.5,-102.5,0,0,0,0,0,0,22.23,0,0,0
1988,MEX,17.5,-112.5,0,0,0,0,0,0,0,0,0,0
1988,MEX,17.5,-107.5,0,0,0,0,0,0,0,0,0,0.5
1988,MEX,17.5,-102.5,0,0,0,0,0,0,0.33,0,0.08,0
1988,MEX,22.5,-112.5,0,0,0,0,0,0,1.64,0,0,2.53
1988,MEX,22.5,-107.5,0,0,0,2.03,0,0,0,0,0,0
1988,TWN,-37.5,-147.5,0,0,0,0,0,0,0.87,0,0,0
1988,TWN,-37.5,-142.5,0,0,0,0,0,0,2.48,0,0,0
1988,TWN,-37.5,-137.5,0,0,0,0,0,0,2.28,0,0,0
1988,MEX,12.5,-102.5,0,0,0,0,0,0,0.9,0,0,0
1988,MEX,12.5,-92.5,0,0,0,0,0,0,0,0,0,0
1988,MEX,17.5,-117.5,0,0,0,0,0,0,0.17,0,0,0
1988,MEX,17.5,-112.5,0,0,0,1.66,0,0,2.83,0,0,0
1988,MEX,17.5,-107.5,0,0,0,0.1,0,0,1.72,0,0.16,5.59
1988,MEX,17.5,-102.5,0,0,0,0,0,0,11.67,0,0.27,0
1988,MEX,17.5,-92.5,0,0,0,0,0,0,0,0,0,0
1988,MEX,22.5,-117.5,0,0,0,0.7,0,0,0.33,0,0,0.1
1988,MEX,22.5,-112.5,0,0,0,1.91,0,0,4.1,0,0,0.45
1988,MEX,22.5,-107.5,0,0,0,2.83,0,0,0,0,0,0
1988,TWN,-37.5,-147.5,0,0,0,0,0,0,1.12,0,0,0
1988,TWN,-37.5,-142.5,0,0,0,0,0,0,0.24,0,0,0
1988,MEX,12.5,-112.5,0,0,0,0,0,0,0,0,0,0.04
1988,MEX,12.5,-97.5,0,0,0,0,0,0,0,0,0,0
1988,MEX,12.5,-92.5,0,0,0,0,0,0,0,0,0,0
1988,MEX,17.5,-117.5,0,0,0,0.53,0,0,4.17,0,0,0
1988,MEX,17.5,-112.5,0,0,0,1.03,0,0,5.05,0,0.53,0.47
1988,MEX,17.5,-107.5,3.12,0,0,0,0,0,3.06,0,0.94,6.03
1988,MEX,17.5,-97.5,0,0,0,0,0,0,0,0,0,0
1988,MEX,17.5,-92.5,0,0,0,0,0,0,0,0,0,0
1988,MEX,22.5,-112.5,0,0,0,0,0,0,1.88,0,0.12,0.1
1988,MEX,12.5,-97.5,0,0,0,0,0,0,0,0,0,0
1988,MEX,12.5,-92.5,0,0,0,0,0,0,0,0,0,0
1988,MEX,17.5,-117.5,0,0,0,0,0,0,0.11,0,0,0
1988,MEX,17.5,-112.5,0,0,0,0.25,0,0,0.68,0,0.22,1.53
1988,MEX,17.5,-107.5,0,0,0,0.06,0,0,3.64,0,2.35,1.32
1988,MEX,17.5,-102.5,0,0,0,0,0,0,0.27,0,0,0
1988,MEX,17.5,-97.5,0,0,0,0,0,0,0,0,0,0
1988,MEX,17.5,-92.5,0,0,0,0,0,0,0,0,0,0
1988,MEX,22.5,-117.5,0,0,0,0.25,0,0,0.22,0,0.07,0.02
1988,MEX,22.5,-112.5,5.47,0,0,3.18,0,0,1.85,0,2.22,2.35
1988,MEX,22.5,-107.5,0,0,0,0,0,0,0,0,0,0
1988,MEX,12.5,-97.5,0,0,0,0,0,0,0,0,0,0
1988,MEX,12.5,-92.5,0,0,0,0,0,0,0,0,0,0
1988,MEX,17.5,-117.5,0,0,0,0,0,0,0.8,0,0,0
1988,MEX,17.5,-112.5,0,0,0,0.09,0,0,4.24,0,0.1,0.03
1988,MEX,17.5,-107.5,0,0,0,0,0,0,0.25,0,0,0
1988,MEX,17.5,-97.5,0,0,0,0,0,0,0,0,0,0
1988,MEX,17.5,-92.5,0,0,0,0,0,0,0,0,0,0
1988,MEX,22.5,-117.5,0,0,0,0.26,0,0,9.59,0,0.23,0.17
1988,MEX,22.5,-112.5,0.83,0,0,6.48,0,0,10.87,0,2.93,1.24
1988,MEX,12.5,-97.5,0,0,0,0,0,0,0,0,0,0
1988,MEX,12.5,-92.5,0,0,0,0,0,0,0,0,0,0
1988,MEX,17.5,-112.5,0,0,0,0,0,0,2.66,0,0.06,0.46
1988,MEX,17.5,-107.5,0,0,0,0,0,0,0,0,0,0
1988,MEX,17.5,-102.5,0,0,0,0,0,0,0,0,0,0
1988,MEX,17.5,-97.5,0,0,0,0,0,0,0,0,0,0
1988,MEX,17.5,-92.5,0,0,0,0,0,0,0,0,0,0
1988,MEX,22.5,-117.5,0,0,0,0.18,0,0,1.18,0,0.38,0.31
1988,MEX,22.5,-112.5,0.64,0,0,4.6,0,0,5.1,0,1.05,4.38
1988,MEX,22.5,-107.5,0,0,0,0,0,0,0,0,0,0
1988,MEX,27.5,-117.5,0,0,0,0,0,0,0.85,0,0,0
1988,MEX,27.5,-112.5,0,0,0,0,0,0,0.13,0,0,0
1988,TWN,-12.5,-132.5,0,0,0,0,0,0,0.24,0,0,0
1988,MEX,17.5,-117.5,0,0,0,0,0,0,0,0,0,0.54
1988,MEX,17.5,-112.5,0,0,0,0.41,0,0,0,0,0,1.8
1988,MEX,17.5,-107.5,0,0,0,0,0,0,0,0,0,0
1988,MEX,22.5,-117.5,0,0,0,0.07,0,0,0,0,0,0.09
1988,MEX,22.5,-112.5,2.85,0,0,1.33,0,0,3.81,0,1.66,7.17
1988,MEX,22.5,-107.5,0,0,0,0,0,0,0,0,0,0
1988,MEX,27.5,-117.5,0,0,0,0,0,0,0.04,0,0,0
1988,TWN,-12.5,-127.5,0,0,0,0,0,0,0.58,0,0,0
1988,TWN,-12.5,-122.5,0,0,0,0,0,0,0.73,0,0,0
1988,MEX,17.5,-117.5,0,0,0,0.13,0,0,0,0,0,0.45
1988,MEX,17.5,-112.5,0,0,0,0,0,0,0,0,0,2.95
1988,MEX,17.5,-107.5,0,0,0,0,0,0,0,0,0,0
1988,MEX,22.5,-117.5,0.06,0,0,0.81,0,0,0,0,0.18,0.98
1988,MEX,22.5,-112.5,0,0,0,0.12,0,0,2.99,0,0.73,24.97
1988,MEX,22.5,-107.5,0,0,0,0,0,0,0,0,0,0
1988,MEX,27.5,-117.5,0,0,0,0.07,0,0,0.12,0,0,0
1988,TWN,-12.5,-122.5,0,0,0,0,0,0,0.24,0,0,0
1988,TWN,-12.5,-117.5,0,0,0,0,0,0,2.28,0,0,0
1988,MEX,17.5,-112.5,0,0,0,0,0,0,0.46,0,0,0
1988,MEX,17.5,-107.5,0,0,0,0,0,0,0,0,0,0
1988,MEX,22.5,-117.5,0,0,0,0,0,0,0,0,0,0.2
1988,MEX,22.5,-112.5,0,0,0,0,0,0,14.71,0,0,19.13
1988,MEX,22.5,-107.5,0,0,0,0,0,0,0,0,0,0
1988,MEX,27.5,-112.5,0,0,0,0,0,0,0,0,0,0.09
1988,TWN,-17.5,-122.5,0,0,0,0,0,0,3.6,0,0,0
1988,TWN,-17.5,-117.5,0,0,0,0,0,0,0.38,0,0,0
1988,TWN,-17.5,-112.5,0,0,0,0,0,0,1.41,0,0,0
1989,MEX,22.5,-112.5,0.17,0,0,0,0,0,5.54,0,0,1.51
1989,TWN,-17.5,-122.5,0,0,0,0,0,0,0.56,0,0,0
1989,TWN,-12.5,-122.5,0,0,0,0,0,0,0.9,0,0,0
1989,TWN,-7.5,-122.5,0,0,0,0,0,0,0.33,0,0,0
1989,MEX,17.5,-107.5,0,0,0,0,0,0,0,0,0,0
1989,MEX,22.5,-112.5,0.12,0,0,0,0,0,1.34,0,0,1.01
1989,TWN,-37.5,-142.5,0,0,0,0,0,0,7,0,0,0
1989,TWN,-37.5,-137.5,0,0,0,0,0,0,3.95,0,0,0
1989,MEX,12.5,-97.5,0,0,0,0,0,0,0,0,0,0
1989,MEX,17.5,-102.5,0,0,0,0,0,0,0,0,0,0
1989,MEX,17.5,-97.5,0,0,0,0,0,0,0,0,0,0
1989,MEX,22.5,-112.5,0.01,0,0,0,0,0,1.4,0,0.01,1.34
1989,TWN,-37.5,-142.5,0,0,0,0,0,0,5.3,0,0,0
1989,TWN,-37.5,-137.5,0,0,0,0,0,0,6.88,0,0,0
1989,MEX,12.5,-97.5,0,0,0,0,0,0,0,0,0,0
1989,MEX,17.5,-107.5,0,0,0,0,0,0,0,0,0,0
1989,MEX,17.5,-102.5,0,0,0,0,0,0,0,0,0,0
1989,MEX,17.5,-97.5,0,0,0,0,0,0,0,0,0,0
1989,MEX,22.5,-107.5,0,0,0,0,0,0,0,0,0,0
1989,TWN,-37.5,-147.5,0,0,0,0,0,0,1.69,0,0,0
1989,TWN,-37.5,-142.5,0,0,0,0,0,0,3.72,0,0,0
1989,MEX,17.5,-97.5,0,0,0,0,0,0,0,0,0,0
1989,MEX,17.5,-92.5,0,0,0,0,0,0,0,0,0,0
1989,MEX,22.5,-107.5,0,0,0,0,0,0,0,0,0,0
1989,TWN,-12.5,-127.5,0,0,0,0,0,0,2.48,0,0,0
1989,TWN,-7.5,-127.5,0,0,0,0,0,0,1.12,0,0,0
1989,MEX,17.5,-107.5,0,0,0,9.71,0,0,3.1,0,0,0
1989,TWN,-17.5,-122.5,0,0,0,0,0,0,1.35,0,0,0
1989,TWN,-17.5,-117.5,0,0,0,0,0,0,2.82,0,0,0
1989,TWN,-12.5,-122.5,0,0,0,0,0,0,2.14,0,0,0
1989,MEX,17.5,-107.5,0,0,0,3.36,0,0,0.41,0,0,0
1989,TWN,-17.5,-132.5,0,0,0,0,0,0,1.8,0,0,0
1989,TWN,-17.5,-127.5,0,0,0,0,0,0,8.24,0,0,0
1989,TWN,-17.5,-122.5,0,0,0,0,0,0,0.79,0,0,0
1989,TWN,-12.5,-122.5,0,0,0,0,0,0,1.35,0,0,0
1989,TWN,-17.5,-122.5,0,0,0,0,0,0,9.93,0,0,0
1989,TWN,-12.5,-122.5,0,0,0,0,0,0,1.8,0,0,0
1989,TWN,-17.5,-127.5,0,0,0,0,0,0,1.24,0,0,0
1989,TWN,-17.5,-122.5,0,0,0,0,0,0,0.45,0,0,0
1990,TWN,-7.5,-142.5,0,0,0,0,0,0,0.96,0,0,0
1991,TWN,-17.5,-127.5,0,0,0,0,0,0,23.83,0,0,0
1991,TWN,-17.5,-132.5,0,0,0,0,0,0,5.52,0,0,0
1991,USA,32.5,-137.5,0,0,0,0,0,0,0,0,0,0
1991,TWN,-37.5,-147.5,0,0,0,0,0,0,15.78,0,0,0
1991,TWN,-37.5,-147.5,0,0,0,0,0,0,4.57,0,0,0
1991,USA,37.5,-132.5,0,0,0,0,0,0,0,0,0,0
1992,PYF,-17.5,-147.5,0,0,0,0,0,0,0.2,0,0,0
1992,PYF,-17.5,-147.5,0,0,0,0,0,0,0.19,0,0,0
1992,USA,17.5,-137.5,0,0,0,0,0,0,0,0,0,0
1992,USA,27.5,-137.5,0,0,0,0,0,0,0,0,0,0
1992,USA,27.5,-137.5,0,0,0,0,0,0,0,0,0,0
1992,PYF,-17.5,-142.5,0,0,0,0,0,0,0.05,0,0,0
1992,PYF,-12.5,-147.5,0,0,0,0,0,0,0.02,0,0,0
1992,TWN,-7.5,-142.5,0,0,0,0,0,0,2.83,0,0,0
1992,USA,27.5,-137.5,0,0,0,0,0,0,0,0,0,0
1992,TWN,-7.5,-142.5,0,0,0,0,0,0,0.84,0,0,0
1992,USA,27.5,-137.5,0,0,0,0,0,0,0,0,0,0
1992,USA,32.5,-137.5,0,0,0,0,0,0,0,0,0,0
1992,TWN,-12.5,-132.5,0,0,0,0,0,0,0.73,0,0,0
1992,TWN,-12.5,-127.5,0,0,0,0,0,0,1.78,0,0,0
1992,USA,37.5,-137.5,0,0,0,0,0,0,0,0,0,0
1992,USA,32.5,-137.5,0,0,0,0,0,0,0,0,0,0
1992,TWN,-37.5,-137.5,0,0,0,0,0,0,72.55,0,0,0
1992,TWN,-32.5,-147.5,0,0,0,0,0,0,4.73,0,0,0
1992,TWN,-32.5,-142.5,0,0,0,0,0,0,15.56,0,0,0
1992,TWN,-32.5,-137.5,0,0,0,0,0,0,9.99,0,0,0
1993,TWN,-37.5,-142.5,0,0,0,0,0,0,35.86,0,0,0
1993,TWN,-32.5,-142.5,0,0,0,0,0,0,4.85,0,0,0
1993,TWN,-42.5,-142.5,0,0,0,0,0,0,3.43,0,0,0
1993,TWN,-37.5,-147.5,0,0,0,0,0,0,33.86,0,0,0
1993,TWN,-37.5,-142.5,0,0,0,0,0,0,6.86,0,0,0
1993,TWN,-37.5,-137.5,0,0,0,0,0,0,0.22,0,0,0
1993,PYF,-7.5,-142.5,0,0,0,0.06,0,0,0.16,0,0,0
1993,TWN,-37.5,-147.5,0,0,0,0,0,0,4.62,0,0,0
1993,TWN,-37.5,-142.5,0,0,0,0,0,0,35.92,0,0,0
1993,TWN,-37.5,-137.5,0,0,0,0,0,0,11.12,0,0,0
1993,TWN,-32.5,-147.5,0,0,0,0,0,0,5.35,0,0,0
1993,PYF,-22.5,-147.5,0,0,0,0,0,0,0.68,0,0,0
1993,PYF,-7.5,-142.5,0,0,0,0,0,0,0.09,0,0,0
1993,TWN,-37.5,-147.5,0,0,0,0,0,0,9.42,0,0,0
1993,TWN,-37.5,-142.5,0,0,0,0,0,0,13.13,0,0,0
1993,TWN,-37.5,-137.5,0,0,0,0,0,0,3.11,0,0,0
1993,USA,27.5,-137.5,0,0,0,0,0,0,0,0,0,0
1993,USA,32.5,-137.5,0,0,0,0,0,0,0,0,0,0
1993,PYF,-27.5,-147.5,0,0,0,0,0,0,0.2,0,0,0
1993,PYF,-22.5,-147.5,0,0,0,0,0,0,0.33,0,0,0
1993,PYF,-7.5,-142.5,0,0,0,0,0,0,0.04,0,0,0
1993,TWN,-37.5,-147.5,0,0,0,0,0,0,2.19,0,0,0
1993,TWN,-37.5,-142.5,0,0,0,0,0,0,1.23,0,0,0
1993,TWN,-37.5,-132.5,0,0,0,0,0,0,0.18,0,0,0
1993,TWN,-32.5,-142.5,0,0,0,0,0,0,2.06,0,0,0
1993,USA,22.5,-137.5,0,0,0,0,0,0,0,0,0,0
1993,USA,27.5,-137.5,0,0,0,0,0,0,0,0,0,0
1993,USA,32.5,-137.5,0,0,0,0,0,0,0,0,0,0
1993,PYF,-17.5,-147.5,0,0,0,0,0,0,0.06,0,0,0
1993,PYF,-12.5,-147.5,0,0,0,0,0,0,0.09,0,0,0
1993,TWN,-37.5,-147.5,0,0,0,0,0,0,1.73,0,0,0
1993,TWN,-32.5,-147.5,0,0,0,0,0,0,0.73,0,0,0
1993,USA,22.5,-137.5,0,0,0,0,0,0,0,0,0,0
1993,PYF,-17.5,-147.5,0,0,0,0,0,0,0.03,0,0,0
1993,PYF,-7.5,-142.5,0,0,0,0,0,0,0.15,0,0,0
1993,USA,32.5,-137.5,0,0,0,0,0,0,0,0,0,0
1993,PYF,-17.5,-147.5,0,0,0,0,0,0,0.57,0,0,0
1993,PYF,-7.5,-142.5,0,0,0,0,0,0,0.14,0,0,0
1993,PYF,-7.5,-137.5,0,0,0,0,0,0,0.07,0,0,0
1993,PYF,-12.5,-147.5,0,0,0,0,0,0,0.25,0,0,0
1993,PYF,-12.5,-142.5,0,0,0,0,0,0,0.18,0,0,0
1993,PYF,-12.5,-137.5,0,0,0,0,0,0,0.07,0,0,0
1993,PYF,-7.5,-142.5,0,0,0,0,0,0,0.25,0,0,0
1993,PYF,-7.5,-137.5,0,0,0,0,0,0,0.07,0,0,0
1993,TWN,-22.5,-132.5,0,0,0,0,0,0,2.33,0,0,0
1993,USA,27.5,-137.5,0,0,0,0,0,0,0,0,0,0
1993,PYF,-17.5,-147.5,0,0,0,0,0,0,0.36,0,0,0
1993,PYF,-12.5,-147.5,0,0,0,0,0,0,0.18,0,0,0
1993,PYF,-7.5,-142.5,0,0,0,0,0,0,0.22,0,0,0
1993,PYF,-7.5,-137.5,0,0,0,0,0,0,0.03,0,0,0
1993,TWN,-17.5,-132.5,0,0,0,0,0,0,1.69,0,0,0
1993,TWN,-17.5,-127.5,0,0,0,0,0,0,0.59,0,0,0
1993,TWN,-17.5,-122.5,0,0,0,0,0,0,0.59,0,0,0
1993,PYF,-17.5,-147.5,0,0,0,0,0,0,0.77,0,0,0
1993,TWN,-22.5,-132.5,0,0,0,0,0,0,0.13,0,0,0
1993,TWN,-22.5,-127.5,0,0,0,0,0,0,1.28,0,0,0
1993,TWN,-17.5,-132.5,0,0,0,0,0,0,0.77,0,0,0
1993,TWN,-17.5,-127.5,0,0,0,0,0,0,2.42,0,0,0
1993,TWN,-17.5,-122.5,0,0,0,0,0,0,0.13,0,0,0
1993,USA,32.5,-137.5,0,0,0,0,0,0,0,0,0,0
1993,USA,37.5,-127.5,0,0,0,0,0,0,0,0,0,0
1994,PYF,-22.5,-137.5,0,0,0,0,0,0,0.59,0,0,0
1994,PYF,-17.5,-147.5,0,0,0,0,0,0,1.89,0,0,0
1994,PYF,-17.5,-142.5,0,0,0,0,0,0,0.16,0,0,0
1994,PYF,-12.5,-147.5,0,0,0,0,0,0,2.74,0,0,0
1994,PYF,-12.5,-142.5,0,0,0,0,0,0,1.61,0,0,0
1994,PYF,-12.5,-137.5,0,0,0,0,0,0,1.25,0,0,0
1994,PYF,-7.5,-142.5,0,0,0,0,0,0,2.17,0,0,0
1994,PYF,-7.5,-137.5,0,0,0,0,0,0,1.13,0,0,0
1994,TWN,-37.5,-137.5,0,0,0,0,0,0,2.28,0,0,0
1994,TWN,-27.5,-137.5,0,0,0,0,0,0,7.77,0,0,0
1994,TWN,-22.5,-142.5,0,0,0,0,0,0,0.45,0,0,0
1994,TWN,-22.5,-127.5,0,0,0,0,0,0,0.85,0,0,0
1994,TWN,-17.5,-147.5,0,0,0,0,0,0,0.45,0,0,0
1994,TWN,-17.5,-132.5,0,0,0,0,0,0,6.28,0,0,0
1994,TWN,-17.5,-127.5,0,0,0,0,0,0,2.86,0,0,0
1994,PYF,-22.5,-137.5,0,0,0,0,0,0,0.4,0,0,0
1994,PYF,-17.5,-147.5,0,0,0,0,0,0,2.4,0,0,0
1994,PYF,-17.5,-142.5,0,0,0,0,0,0,0.9,0,0,0
1994,PYF,-17.5,-137.5,0,0,0,0,0,0,0.18,0,0,0
1994,PYF,-12.5,-147.5,0,0,0,0,0,0,1.18,0,0,0
1994,PYF,-12.5,-137.5,0,0,0,0,0,0,0.13,0,0,0
1994,PYF,-7.5,-142.5,0,0,0,0,0,0,0.5,0,0,0
1994,PYF,-7.5,-137.5,0,0,0,0,0,0,4.23,0,0,0
1994,TWN,-37.5,-147.5,0,0,0,0,0,0,5.14,0,0,0
1994,TWN,-37.5,-142.5,0,0,0,0,0,0,2.86,0,0,0
1994,TWN,-12.5,-147.5,0,0,0,0,0,0,5.02,0,0,0
1994,TWN,-12.5,-137.5,0,0,0,0,0,0,2.74,0,0,0
1994,USA,22.5,-137.5,0,0,0,0,0,0,0,0,0,0
1994,PYF,-17.5,-147.5,0,0,0,0,0,0,5.73,0,0,0
1994,PYF,-17.5,-142.5,0,0,0,0,0,0,0.22,0,0,0
1994,PYF,-12.5,-147.5,0,0,0,0,0,0,5.18,0,0,0
1994,PYF,-12.5,-142.5,0,0,0,0,0,0,0.56,0,0,0
1994,PYF,-12.5,-137.5,0,0,0,0,0,0,0.46,0,0,0
1994,PYF,-7.5,-142.5,0,0,0,0,0,0,0.5,0,0,0
1994,TWN,-37.5,-147.5,0,0,0,0,0,0,7.11,0,0,0
1994,TWN,-37.5,-142.5,0,0,0,0,0,0,1.14,0,0,0
1994,TWN,-32.5,-147.5,0,0,0,0,0,0,6.85,0,0,0
1994,TWN,-32.5,-127.5,0,0,0,0,0,0,4.57,0,0,0
1994,TWN,-27.5,-127.5,0,0,0,0,0,0,0.45,0,0,0
1994,TWN,-22.5,-127.5,0,0,0,0,0,0,0.45,0,0,0
1994,TWN,-17.5,-132.5,0,0,0,0,0,0,0.45,0,0,0
1994,TWN,-17.5,-127.5,0,0,0,0,0,0,0.45,0,0,0
1994,TWN,-12.5,-137.5,0,0,0,0,0,0,0.91,0,0,0
1994,USA,27.5,-137.5,0,0,0,0,0,0,0,0,0,0
1994,USA,32.5,-137.5,0,0,0,0,0,0,0,0,0,0
1994,USA,32.5,-127.5,0,0,0,0,0,0,0,0,0,0
1994,PYF,-17.5,-147.5,0,0,0,0.05,0,0,6.25,0,0,0
1994,PYF,-12.5,-147.5,0,0,0,0,0,0,2.6,0,0,0
1994,TWN,-37.5,-147.5,0,0,0,0,0,0,3.76,0,0,0
1994,TWN,-37.5,-142.5,0,0,0,0,0,0,12.48,0,0,0
1994,TWN,-32.5,-147.5,0,0,0,0,0,0,6.28,0,0,0
1994,TWN,-32.5,-127.5,0,0,0,0,0,0,2.28,0,0,0
1994,TWN,-27.5,-127.5,0,0,0,0,0,0,3.65,0,0,0
1994,TWN,-22.5,-127.5,0,0,0,0,0,0,6.4,0,0,0
1994,USA,27.5,-137.5,0,0,0,0,0,0,0,0,0,0
1994,USA,32.5,-137.5,0,0,0,0,0,0,0,0,0,0
1994,PYF,-17.5,-147.5,0,0,0,0.08,0,0,7.42,0,0,0
1994,PYF,-17.5,-142.5,0,0,0,0,0,0,0.55,0,0,0
1994,PYF,-12.5,-147.5,0,0,0,0,0,0,8.2,0,0,0
1994,PYF,-12.5,-142.5,0,0,0,0,0,0,0.27,0,0,0
1994,PYF,-7.5,-142.5,0,0,0,0,0,0,2.8,0,0,0
1994,PYF,-7.5,-137.5,0,0,0,0,0,0,0.85,0,0,0
1994,TWN,-37.5,-147.5,0,0,0,0,0,0,6.46,0,0,0
1994,TWN,-37.5,-142.5,0,0,0,0,0,0,0.53,0,0,0
1994,TWN,-32.5,-147.5,0,0,0,0,0,0,4.3,0,0,0
1994,TWN,-27.5,-147.5,0,0,0,0,0,0,0.53,0,0,0
1994,TWN,-22.5,-127.5,0,0,0,0,0,0,12.34,0,0,0
1994,USA,22.5,-137.5,0,0,0,0,0,0,0,0,0,0
1994,USA,27.5,-137.5,0,0,0,0,0,0,0,0,0,0
1994,USA,32.5,-137.5,0,0,0,0,0,0,0,0,0,0
1994,PYF,-17.5,-147.5,0,0,0,0,0,0,5.21,0,0,0
1994,PYF,-12.5,-147.5,0,0,0,0,0,0,2.26,0,0,0
1994,PYF,-7.5,-137.5,0,0,0,0,0,0,1.13,0,0,0
1994,TWN,-32.5,-147.5,0,0,0,0,0,0,6.28,0,0,0
1994,TWN,-32.5,-132.5,0,0,0,0,0,0,2.28,0,0,0
1994,TWN,-27.5,-137.5,0,0,0,0,0,0,3.42,0,0,0
1994,TWN,-22.5,-127.5,0,0,0,0,0,0,5.48,0,0,0
1994,PYF,-17.5,-147.5,0,0,0,0,0,0,5.26,0,0,0
1994,PYF,-12.5,-147.5,0,0,0,0,0,0,0.41,0,0,0
1994,PYF,-7.5,-142.5,0,0,0,0.06,0,0,3.4,0,0,0
1994,TWN,-27.5,-142.5,0,0,0,0,0,0,1.14,0,0,0
1994,TWN,-27.5,-137.5,0,0,0,0,0,0,3.99,0,0,0
1994,PYF,-17.5,-147.5,0,0,0,0,0,0,5.21,0,0,0
1994,PYF,-17.5,-142.5,0,0,0,0,0,0,0.05,0,0,0
1994,PYF,-12.5,-147.5,0,0,0,0,0,0,2.93,0,0,0
1994,PYF,-7.5,-142.5,0,0,0,0,0,0,0.3,0,0,0
1994,TWN,-27.5,-132.5,0,0,0,0,0,0,7.19,0,0,0
1994,USA,27.5,-137.5,0,0,0,0,0,0,0,0,0,0
1994,PYF,-17.5,-147.5,0,0,0,0.11,0,0,7.77,0,0,0
1994,PYF,-17.5,-142.5,0,0,0,0,0,0,0.44,0,0,0
1994,PYF,-12.5,-147.5,0,0,0,0.08,0,0,1.85,0,0,0
1994,PYF,-7.5,-142.5,0,0,0,0,0,0,3.55,0,0,0
1994,PYF,-7.5,-137.5,0,0,0,0,0,0,0.4,0,0,0
1994,TWN,-27.5,-147.5,0,0,0,0,0,0,3.84,0,0,0
1994,TWN,-27.5,-142.5,0,0,0,0,0,0,1.92,0,0,0
1994,USA,27.5,-137.5,0,0,0,0,0,0,0,0,0,0
1994,PYF,-17.5,-147.5,0,0,0,0,0,0,9.02,0,0,0
1994,PYF,-12.5,-147.5,0,0,0,0,0,0,4.08,0,0,0
1994,PYF,-12.5,-142.5,0,0,0,0,0,0,0.04,0,0,0
1994,PYF,-12.5,-137.5,0,0,0,0.08,0,0,0.19,0,0,0
1994,PYF,-7.5,-142.5,0,0,0,0,0,0,0.93,0,0,0
1994,PYF,-7.5,-137.5,0,0,0,0.07,0,0,1.54,0,0,0
1994,TWN,-27.5,-137.5,0,0,0,0,0,0,46.08,0,0,0
1994,TWN,-22.5,-132.5,0,0,0,0,0,0,58.78,0,0,0
1994,TWN,-17.5,-132.5,0,0,0,0,0,0,2.79,0,0,0
1994,USA,37.5,-137.5,0,0,0,0,0,0,0,0,0,0
1994,USA,37.5,-132.5,0,0,0,0,0,0,0,0,0,0
1994,PYF,-17.5,-147.5,0,0,0,0,0,0,11.12,0,0,0
1994,PYF,-17.5,-142.5,0,0,0,0.26,0,0,0.43,0,0,0
1994,PYF,-12.5,-147.5,0,0,0,0.05,0,0,4.06,0,0,0
1994,PYF,-12.5,-137.5,0,0,0,0,0,0,0.12,0,0,0
1994,PYF,-7.5,-142.5,0,0,0,0.05,0,0,4.19,0,0,0
1994,PYF,-7.5,-137.5,0,0,0,0,0,0,0.74,0,0,0
1994,TWN,-27.5,-137.5,0,0,0,0,0,0,53.76,0,0,0
1994,TWN,-17.5,-132.5,0,0,0,0,0,0,8.39,0,0,0
1994,TWN,-17.5,-127.5,0,0,0,0,0,0,53.18,0,0,0
1994,PYF,-17.5,-147.5,0,0,0,0,0,0,4.66,0,0,0
1994,PYF,-12.5,-147.5,0,0,0,0,0,0,4.12,0,0,0
1994,PYF,-12.5,-142.5,0,0,0,0,0,0,0.71,0,0,0
1994,PYF,-12.5,-137.5,0,0,0,0,0,0,1.01,0,0,0
1994,PYF,-7.5,-142.5,0,0,0,0,0,0,6.78,0,0,0
1994,PYF,-7.5,-137.5,0,0,0,0,0,0,5.35,0,0,0
1994,TWN,-27.5,-137.5,0,0,0,0,0,0,57.6,0,0,0
1994,TWN,-17.5,-127.5,0,0,0,0,0,0,81.17,0,0,0
1994,USA,32.5,-137.5,0,0,0,0,0,0,0,0,0,0
1994,USA,37.5,-137.5,0,0,0,0,0,0,0,0,0,0
1995,PYF,-17.5,-147.5,0,0,0,0,0,0,6.05,0,0,0
1995,PYF,-17.5,-142.5,0,0,0,0,0,0,1.65,0,0,0
1995,PYF,-12.5,-147.5,0,0,0,0,0,0,0.96,0,0,0
1995,PYF,-7.5,-142.5,0,0,0,0,0,0,3.76,0,0,0
1995,PYF,-7.5,-137.5,0,0,0,0,0,0,2.4,0,0,0
1995,USA,32.5,-137.5,0,0,0,0,0,0,0,0,0,0
1995,PYF,-17.5,-147.5,0,0,0,0,0,0,5.73,0,0,0
1995,PYF,-17.5,-142.5,0,0,0,0,0,0,0.46,0,0,0
1995,PYF,-12.5,-147.5,0,0,0,0,0,0,1.2,0,0,0
1995,PYF,-7.5,-142.5,0,0,0,0.25,0,0,0.47,0,0,0
1995,PYF,-7.5,-137.5,0,0,0,0,0,0,0.13,0,0,0
1995,USA,22.5,-137.5,0,0,0,0,0,0,0,0,0,0
1995,USA,32.5,-137.5,0,0,0,0,0,0,0,0,0,0
1995,USA,32.5,-132.5,0,0,0,0,0,0,0,0,0,0
1995,USA,32.5,-117.5,0,0,0,0,0,0,0,0,0,0
1995,PYF,-17.5,-147.5,0,0,0,0,0,0,1.45,0,0,0
1995,PYF,-17.5,-142.5,0,0,0,0,0,0,1.23,0,0,0
1995,PYF,-12.5,-147.5,0,0,0,0,0,0,3.25,0,0,0
1995,PYF,-12.5,-142.5,0,0,0,0,0,0,0.74,0,0,0
1995,PYF,-7.5,-142.5,0,0,0,0,0,0,0.41,0,0,0
1995,USA,27.5,-137.5,0,0,0,0,0,0,0,0,0,0
1995,USA,32.5,-137.5,0,0,0,0,0,0,0,0,0,0
1995,USA,32.5,-127.5,0,0,0,0,0,0,0,0,0,0
1995,USA,32.5,-117.5,0,0,0,0,0,0,0,0,0,0
1995,PYF,-22.5,-137.5,0,0,0,0,0,0,0.36,0,0,0
1995,PYF,-17.5,-147.5,0,0,0,0,0,0,4.39,0,0,0
1995,PYF,-17.5,-142.5,0,0,0,0,0,0,1.59,0,0,0
1995,PYF,-12.5,-147.5,0,0,0,0,0,0,1.67,0,0,0
1995,PYF,-12.5,-142.5,0,0,0,0,0,0,0.29,0,0,0
1995,PYF,-12.5,-137.5,0,0,0,0.2,0,0,0.39,0,0,0
1995,PYF,-7.5,-142.5,0,0,0,0,0,0,0.03,0,0,0
1995,PYF,-7.5,-137.5,0,0,0,0.15,0,0,0.9,0,0,0
1995,USA,27.5,-137.5,0,0,0,0,0,0,0,0,0,0
1995,USA,32.5,-137.5,0,0,0,0,0,0,0,0,0,0
1995,PYF,-22.5,-137.5,0,0,0,0,0,0,0.62,0,0,0
1995,PYF,-17.5,-147.5,0,0,0,0,0,0,2.97,0,0,0
1995,PYF,-17.5,-142.5,0,0,0,0,0,0,0.89,0,0,0
1995,PYF,-12.5,-147.5,0,0,0,0,0,0,3.32,0,0,0
1995,PYF,-12.5,-142.5,0,0,0,0.04,0,0,1.21,0,0,0
1995,PYF,-7.5,-142.5,0,0,0,0,0,0,1.27,0,0,0
1995,PYF,-7.5,-137.5,0,0,0,0,0,0,0.27,0,0,0
1995,USA,22.5,-137.5,0,0,0,0,0,0,0,0,0,0
1995,USA,27.5,-137.5,0,0,0,0,0,0,0,0,0,0
1995,PYF,-22.5,-137.5,0,0,0,0,0,0,0.48,0,0,0
1995,PYF,-22.5,-132.5,0,0,0,0.04,0,0,0.8,0,0,0
1995,PYF,-17.5,-147.5,0,0,0,0.21,0,0,6.16,0,0,0
1995,PYF,-17.5,-142.5,0,0,0,0.33,0,0,1.47,0,0,0
1995,PYF,-17.5,-137.5,0,0,0,0,0,0,0.16,0,0,0
1995,PYF,-12.5,-147.5,0,0,0,0.14,0,0,1.93,0,0,0
1995,PYF,-22.5,-137.5,0,0,0,0,0,0,0.29,0,0,0
1995,PYF,-17.5,-147.5,0,0,0,0.29,0,0,5.45,0,0,0
1995,PYF,-17.5,-142.5,0,0,0,0.15,0,0,0.47,0,0,0
1995,PYF,-12.5,-147.5,0,0,0,0,0,0,0.94,0,0,0
1995,PYF,-12.5,-142.5,0,0,0,0.06,0,0,0.06,0,0,0
1995,PYF,-12.5,-137.5,0,0,0,0,0,0,0.03,0,0,0
1995,PYF,-7.5,-142.5,0,0,0,0,0,0,0.65,0,0,0
1995,PYF,-7.5,-137.5,0,0,0,0,0,0,0.09,0,0,0
1995,PYF,-22.5,-137.5,0,0,0,0,0,0,0.25,0,0,0
1995,PYF,-17.5,-147.5,0,0,0,0.51,0,0,4.61,0,0,0
1995,PYF,-17.5,-142.5,0,0,0,0,0,0,0.38,0,0,0
1995,PYF,-12.5,-147.5,0,0,0,0.3,0,0,1.4,0,0,0
1995,PYF,-12.5,-142.5,0,0,0,0.12,0,0,0.76,0,0,0
1995,PYF,-12.5,-137.5,0,0,0,0,0,0,0.11,0,0,0
1995,PYF,-7.5,-142.5,0,0,0,0,0,0,0.74,0,0,0
1995,PYF,-7.5,-137.5,0,0,0,0.05,0,0,1.6,0,0,0
1995,PYF,-2.5,-142.5,0,0,0,0,0,0,0.07,0,0,0
1995,PYF,-2.5,-137.5,0,0,0,0,0,0,0.08,0,0,0
1995,USA,17.5,-137.5,0,0,0,0,0,0,0,0,0,0
1995,USA,37.5,-137.5,0,0,0,0,0,0,0,0,0,0
1995,USA,37.5,-132.5,0,0,0,0,0,0,0,0,0,0
1995,USA,37.5,-127.5,0,0,0,0,0,0,0,0,0,0
1995,USA,42.5,-127.5,0,0,0,0,0,0,0,0,0,0
1995,PYF,-22.5,-137.5,0,0,0,0,0,0,0.07,0,0,0
1995,PYF,-17.5,-147.5,0,0,0,0,0,0,2.87,0,0,0
1995,PYF,-17.5,-142.5,0,0,0,0.41,0,0,4.44,0,0,0
1995,PYF,-12.5,-147.5,0,0,0,0.12,0,0,0.33,0,0,0
1995,PYF,-12.5,-142.5,0,0,0,0.02,0,0,0.48,0,0,0
1995,PYF,-7.5,-142.5,0,0,0,0,0,0,1.7,0,0,0
1995,PYF,-7.5,-137.5,0,0,0,0,0,0,0.83,0,0,0
1995,USA,22.5,-137.5,0,0,0,0,0,0,0,0,0,0
1995,USA,27.5,-137.5,0,0,0,0,0,0,0,0,0,0
1995,USA,32.5,-137.5,0,0,0,0,0,0,0,0,0,0
1995,USA,37.5,-137.5,0,0,0,0,0,0,0,0,0,0
1995,USA,37.5,-132.5,0,0,0,0,0,0,0,0,0,0
1995,USA,42.5,-137.5,0,0,0,0,0,0,0,0,0,0
1995,USA,42.5,-132.5,0,0,0,0,0,0,0,0,0,0
1995,PYF,-22.5,-137.5,0,0,0,0,0,0,0.15,0,0,0
1995,PYF,-17.5,-147.5,0,0,0,0.19,0,0,1.01,0,0,0
1995,PYF,-17.5,-142.5,0,0,0,0.1,0,0,4.51,0,0,0
1995,PYF,-17.5,-137.5,0,0,0,0,0,0,0.07,0,0,0
1995,PYF,-12.5,-147.5,0,0,0,0.06,0,0,1.44,0,0,0
1995,PYF,-12.5,-142.5,0,0,0,0,0,0,2.03,0,0,0
1995,PYF,-7.5,-142.5,0,0,0,0.12,0,0,2.38,0,0,0
1995,PYF,-7.5,-137.5,0,0,0,0,0,0,0.6,0,0,0
1995,USA,27.5,-137.5,0,0,0,0,0,0,0,0,0,0
1995,USA,32.5,-132.5,0,0,0,0,0,0,0,0,0,0
1995,USA,37.5,-137.5,0,0,0,0,0,0,0,0,0,0
1995,USA,42.5,-137.5,0,0,0,0,0,0,0,0,0,0
1995,PYF,-22.5,-137.5,0,0,0,0,0,0,0.04,0,0,0
1995,PYF,-17.5,-147.5,0,0,0,0.1,0,0,2.15,0,0,0
1995,PYF,-17.5,-142.5,0,0,0,0.3,0,0,0.75,0,0,0
1995,PYF,-12.5,-147.5,0,0,0,0.16,0,0,1.79,0,0,0
1995,PYF,-12.5,-142.5,0,0,0,0,0,0,2.41,0,0,0
1995,PYF,-12.5,-137.5,0,0,0,0,0,0,0.07,0,0,0
1995,PYF,-7.5,-142.5,0,0,0,0.24,0,0,3.23,0,0,0
1995,PYF,-7.5,-137.5,0,0,0,0.08,0,0,0.48,0,0,0
1995,USA,22.5,-137.5,0,0,0,0,0,0,0,0,0,0
1995,USA,32.5,-137.5,0,0,0,0,0,0,0,0,0,0
1995,USA,32.5,-132.5,0,0,0,0,0,0,0,0,0,0
1995,USA,32.5,-127.5,0,0,0,0,0,0,0,0,0,0
1995,USA,37.5,-137.5,0,0,0,0,0,0,0,0,0,0
1995,USA,37.5,-132.5,0,0,0,0,0,0,0,0,0,0
1995,USA,42.5,-137.5,0,0,0,0,0,0,0,0,0,0
1995,PYF,-17.5,-147.5,0,0,0,0,0,0,2.72,0,0,0
1995,PYF,-17.5,-142.5,0,0,0,0,0,0,0.91,0,0,0
1995,PYF,-12.5,-147.5,0,0,0,0,0,0,0.77,0,0,0
1995,PYF,-12.5,-142.5,0,0,0,0,0,0,1.13,0,0,0
1995,PYF,-7.5,-142.5,0,0,0,0,0,0,2.57,0,0,0
1995,PYF,-7.5,-137.5,0,0,0,0,0,0,0.5,0,0,0
1995,TWN,-22.5,-122.5,0,0,0,0,0,0,0.09,0,0,0
1995,TWN,-17.5,-127.5,0,0,0,0,0,0,0.72,0,0,0
1995,TWN,-17.5,-122.5,0,0,0,0,0,0,0.33,0,0,0
1995,USA,27.5,-122.5,0,0,0,0,0,0,0,0,0,0
1995,USA,32.5,-137.5,0,0,0,0,0,0,0,0,0,0
1995,USA,32.5,-132.5,0,0,0,0,0,0,0,0,0,0
1995,USA,32.5,-127.5,0,0,0,0,0,0,0,0,0,0
1995,USA,37.5,-137.5,0,0,0,0,0,0,0,0,0,0
1995,USA,37.5,-132.5,0,0,0,0,0,0,0,0,0,0
1996,PYF,-17.5,-147.5,0,0,0,0.06,0,0,3.37,0,0,0
1996,PYF,-17.5,-142.5,0,0,0,0,0,0,0.22,0,0,0
1996,PYF,-12.5,-147.5,0,0,0,0,0,0,2.12,0,0,0
1996,PYF,-12.5,-142.5,0,0,0,0,0,0,1.37,0,0,0
1996,PYF,-7.5,-142.5,0,0,0,0,0,0,0.29,0,0,0
1996,PYF,-7.5,-137.5,0,0,0,0,0,0,0.17,0,0,0
1996,PYF,-7.5,-132.5,0,0,0,0,0,0,0.03,0,0,0
1996,TWN,-22.5,-117.5,0,0,0,0,0,0,0.1,0,0,0
1996,USA,32.5,-137.5,0,0,0,0,0,0,0,0,0,0
1996,USA,32.5,-132.5,0,0,0,0,0,0,0,0,0,0
1996,USA,32.5,-127.5,0,0,0,0,0,0,0,0,0,0
1996,USA,37.5,-137.5,0,0,0,0,0,0,0,0,0,0
1996,USA,37.5,-132.5,0,0,0,0,0,0,0,0,0,0
1996,PYF,-17.5,-147.5,0,0,0,0,0,0,2.1,0,0,0
1996,PYF,-17.5,-142.5,0,0,0,0,0,0,0.38,0,0,0
1996,PYF,-12.5,-147.5,0,0,0,0,0,0,1.5,0,0,0
1996,PYF,-12.5,-142.5,0,0,0,0.25,0,0,4.05,0,0,0
1996,PYF,-12.5,-137.5,0,0,0,0,0,0,0.13,0,0,0
1996,TWN,-32.5,-132.5,0,0,0,0,0,0,0.33,0,0,0
1996,TWN,27.5,-147.5,0,0,0,0,0,0,0.29,0,0,0
1996,USA,32.5,-127.5,0,0,0,0,0,0,0,0,0,0
1996,PYF,-22.5,-147.5,0,0,0,0.14,0,0,0.09,0,0,0
1996,PYF,-17.5,-147.5,0,0,0,0.08,0,0,2,0,0,0
1996,PYF,-17.5,-142.5,0,0,0,0.06,0,0,2.58,0,0,0
1996,PYF,-12.5,-147.5,0,0,0,0,0,0,0.98,0,0,0
1996,PYF,-12.5,-142.5,0,0,0,0.03,0,0,2.55,0,0,0
1996,PYF,-7.5,-142.5,0,0,0,0,0,0,2.12,0,0,0
1996,PYF,-7.5,-137.5,0,0,0,0,0,0,1.36,0,0,0
1996,TWN,-37.5,-142.5,0,0,0,0,0,0,0.16,0,0,0
1996,TWN,27.5,-147.5,0,0,0,0,0,0,0.36,0,0,0
1996,USA,22.5,-137.5,0,0,0,0,0,0,0,0,0,0
1996,USA,27.5,-137.5,0,0,0,0,0,0,0,0,0,0
1996,USA,27.5,-132.5,0,0,0,0,0,0,0,0,0,0
1996,USA,32.5,-137.5,0,0,0,0,0,0,0,0,0,0
1996,PYF,-17.5,-147.5,0,0,0,0,0,0,3.27,0,0,0
1996,PYF,-12.5,-147.5,0,0,0,0,0,0,1.53,0,0,0
1996,PYF,-12.5,-142.5,0,0,0,0,0,0,1.32,0,0,0
1996,PYF,-12.5,-137.5,0,0,0,0,0,0,0.04,0,0,0
1996,PYF,-7.5,-142.5,0,0,0,0.06,0,0,3.56,0,0,0
1996,PYF,-7.5,-137.5,0,0,0,0,0,0,3.72,0,0,0
1996,TWN,-37.5,-147.5,0,0,0,0,0,0,2.33,0,0,0
1996,TWN,-37.5,-142.5,0,0,0,0,0,0,0.27,0,0,0
1996,TWN,27.5,-147.5,0,0,0,0,0,0,0.57,0,0,0
1996,USA,22.5,-137.5,0,0,0,0,0,0,0,0,0,0
1996,USA,27.5,-137.5,0,0,0,0,0,0,0,0,0,0
1996,PYF,-17.5,-147.5,0,0,0,0.05,0,0,3.48,0,0,0
1996,PYF,-17.5,-142.5,0,0,0,0,0,0,0.65,0,0,0
1996,PYF,-12.5,-147.5,0,0,0,0,0,0,4.45,0,0,0
1996,PYF,-12.5,-142.5,0,0,0,0.07,0,0,0.67,0,0,0
1996,PYF,-7.5,-142.5,0,0,0,0.08,0,0,3.85,0,0,0
1996,TWN,27.5,-147.5,0,0,0,0,0,0,0.11,0,0,0
1996,USA,22.5,-137.5,0,0,0,0,0,0,0,0,0,0
1996,USA,27.5,-137.5,0,0,0,0,0,0,0,0,0,0
1996,PYF,-17.5,-147.5,0,0,0,0,0,0,3.14,0,0,0
1996,PYF,-17.5,-142.5,0,0,0,0,0,0,0.26,0,0,0
1996,PYF,-12.5,-147.5,0,0,0,0,0,0,4.99,0,0,0
1996,PYF,-12.5,-142.5,0,0,0,0,0,0,0.11,0,0,0
1996,PYF,-7.5,-142.5,0,0,0,0.08,0,0,4.09,0,0,0
1996,USA,32.5,-127.5,0,0,0,0,0,0,0,0,0,0
1996,PYF,-17.5,-147.5,0,0,0,0.04,0,0,1.68,0,0,0
1996,PYF,-12.5,-147.5,0,0,0,0.06,0,0,1.78,0,0,0
1996,PYF,-12.5,-142.5,0,0,0,0,0,0,0.41,0,0,0
1996,PYF,-7.5,-142.5,0,0,0,0,0,0,15.91,0,0,0
1996,PYF,-7.5,-137.5,0,0,0,0,0,0,0.25,0,0,0
1996,PYF,-22.5,-137.5,0,0,0,0,0,0,0.36,0,0,0
1996,PYF,-17.5,-147.5,0,0,0,0.05,0,0,4.71,0,0,0
1996,PYF,-17.5,-142.5,0,0,0,0,0,0,1.05,0,0,0
1996,PYF,-12.5,-147.5,0,0,0,0.05,0,0,2.32,0,0,0
1996,TWN,-2.5,-97.5,0,0,0,0,0,0,0.65,0,0,0
1996,TWN,2.5,-97.5,0,0,0,0,0,0,0.17,0,0,0
1996,PYF,-27.5,-142.5,0,0,0,0.1,0,0,0.13,0,0,0
1996,PYF,-22.5,-142.5,0,0,0,0,0,0,0.05,0,0,0
1996,PYF,-17.5,-147.5,0,0,0,0.17,0,0,4.88,0,0,0
1996,PYF,-17.5,-142.5,0,0,0,0,0,0,2.01,0,0,0
1996,PYF,-12.5,-147.5,0,0,0,0.07,0,0,1.12,0,0,0
1996,PYF,-7.5,-137.5,0,0,0,0,0,0,1.15,0,0,0
1996,TWN,2.5,-97.5,0,0,0,0,0,0,0.25,0,0,0
1996,USA,32.5,-127.5,0,0,0,0,0,0,0,0,0,0
1996,USA,42.5,-147.5,0,0,0,0,0,0,0,0,0,0
1996,PYF,-27.5,-142.5,0,0,0,0,0,0,0.43,0,0,0
1996,PYF,-27.5,-137.5,0,0,0,0,0,0,0.63,0,0,0
1996,PYF,-17.5,-147.5,0,0,0,0.62,0,0,4.3,0,0,0
1996,PYF,-17.5,-142.5,0,0,0,0,0,0,0.2,0,0,0
1996,PYF,-12.5,-147.5,0,0,0,0.22,0,0,5.95,0,0,0
1996,PYF,-12.5,-142.5,0,0,0,0.03,0,0,2.5,0,0,0
1996,PYF,-7.5,-142.5,0,0,0,0,0,0,3.45,0,0,0
1996,PYF,-7.5,-137.5,0,0,0,0,0,0,2.91,0,0,0
1996,USA,32.5,-117.5,0,0,0,0,0,0,0,0,0,0
1996,USA,37.5,-137.5,0,0,0,0,0,0,0,0,0,0
1996,PYF,-17.5,-147.5,0,0,0,0,0,0,1.78,0,0,0
1996,PYF,-17.5,-142.5,0,0,0,0,0,0,0.81,0,0,0
1996,PYF,-12.5,-147.5,0,0,0,0.11,0,0,3.21,0,0,0
1996,PYF,-12.5,-142.5,0,0,0,0.39,0,0,3.41,0,0,0
1996,PYF,-7.5,-137.5,0,0,0,0,0,0,0.65,0,0,0
1996,TWN,-17.5,-127.5,0,0,0,0,0,0,0.17,0,0,0
1996,TWN,-17.5,-122.5,0,0,0,0,0,0,0.35,0,0,0
1996,USA,27.5,-132.5,0,0,0,0,0,0,0,0,0,0
1996,USA,32.5,-122.5,0,0,0,0,0,0,0,0,0,0
1996,USA,32.5,-117.5,0,0,0,0,0,0,0,0,0,0
1996,USA,37.5,-137.5,0,0,0,0,0,0,0,0,0,0
1996,USA,37.5,-132.5,0,0,0,0,0,0,0,0,0,0
1996,USA,37.5,-127.5,0,0,0,0,0,0,0,0,0,0
1996,USA,42.5,-147.5,0,0,0,0,0,0,0,0,0,0
1996,PYF,-17.5,-147.5,0,0,0,0.05,0,0,2.2,0,0,0
1996,PYF,-17.5,-142.5,0,0,0,1.77,0,0,1.21,0,0,0
1996,PYF,-12.5,-147.5,0,0,0,0,0,0,2.65,0,0,0
1996,PYF,-12.5,-142.5,0,0,0,0.07,0,0,2.76,0,0,0
1996,PYF,-7.5,-137.5,0,0,0,0,0,0,1.84,0,0,0
1996,TWN,-17.5,-122.5,0,0,0,0,0,0,0.15,0,0,0
1996,USA,32.5,-137.5,0,0,0,0,0,0,0,0,0,0
1996,USA,32.5,-132.5,0,0,0,0,0,0,0,0,0,0
1996,USA,32.5,-122.5,0,0,0,0,0,0,0,0,0,0
1996,USA,37.5,-137.5,0,0,0,0,0,0,0,0,0,0
1996,USA,37.5,-132.5,0,0,0,0,0,0,0,0,0,0
1997,PYF,-17.5,-147.5,0,0,0,0.15,0,0,3.19,0,0,0
1997,PYF,-17.5,-142.5,0,0,0,0,0,0,0.98,0,0,0
1997,PYF,-12.5,-147.5,0,0,0,0.02,0,0,3.63,0,0,0
1997,PYF,-12.5,-142.5,0,0,0,0,0,0,1.38,0,0,0
1997,PYF,-12.5,-137.5,0,0,0,0,0,0,0.03,0,0,0
1997,PYF,-7.5,-137.5,0,0,0,0,0,0,0.03,0,0,0
1997,TWN,-17.5,-132.5,0,0,0,0,0,0,0.06,0,0,0
1997,TWN,-17.5,-127.5,0,0,0,0,0,0,0.2,0,0,0
1997,TWN,-17.5,-122.5,0,0,0,0,0,0,0.5,0,0,0
1997,USA,27.5,-137.5,0,0,0,0,0,0,0,0,0,0
1997,USA,27.5,-117.5,0,0,0,0,0,0,0,0,0,0
1997,USA,32.5,-137.5,0,0,0,0,0,0,0,0,0,0
1997,USA,32.5,-132.5,0,0,0,0,0,0,0,0,0,0
1997,PYF,-17.5,-147.5,0,0,0,0.07,0,0,4.91,0,0,0
1997,PYF,-17.5,-142.5,0,0,0,0,0,0,0.2,0,0,0
1997,PYF,-12.5,-147.5,0,0,0,0.03,0,0,3.18,0,0,0
1997,PYF,-12.5,-142.5,0,0,0,0,0,0,3.21,0,0,0
1997,PYF,-7.5,-142.5,0,0,0,0.01,0,0,0.35,0,0,0
1997,PYF,-7.5,-137.5,0,0,0,0.1,0,0,0.19,0,0,0
1997,PYF,-2.5,-137.5,0,0,0,0,0,0,0.09,0,0,0
1997,TWN,-27.5,-137.5,0,0,0,0,0,0,0.16,0,0,0
1997,TWN,-17.5,-132.5,0,0,0,0,0,0,0.3,0,0,0
1997,TWN,-17.5,-127.5,0,0,0,0,0,0,0.06,0,0,0
1997,USA,32.5,-137.5,0,0,0,0,0,0,0,0,0,0
1997,USA,32.5,-132.5,0,0,0,0,0,0,0,0,0,0
1997,PYF,-17.5,-147.5,0,0,0,0.06,0,0,2.19,0,0,0
1997,PYF,-17.5,-142.5,0,0,0,0,0,0,0.16,0,0,0
1997,PYF,-12.5,-147.5,0,0,0,0.03,0,0,5.63,0,0,0
1997,PYF,-12.5,-142.5,0,0,0,0,0,0,4.52,0,0,0
1997,TWN,-17.5,-132.5,0,0,0,0,0,0,0.13,0,0,0
1997,USA,32.5,-137.5,0,0,0,0,0,0,0,0,0,0
1997,PYF,-27.5,-147.5,0,0,0,0,0,0,0.07,0,0,0
1997,PYF,-17.5,-147.5,0,0,0,0.09,0,0,3.51,0,0,0
1997,PYF,-17.5,-142.5,0,0,0,0,0,0,0.52,0,0,0
1997,PYF,-12.5,-147.5,0,0,0,0.06,0,0,4.15,0,0,0
1997,PYF,-12.5,-142.5,0,0,0,0,0,0,0.93,0,0,0
1997,TWN,-37.5,-147.5,0,0,0,0,0,0,2.66,0,0,0
1997,TWN,-37.5,-142.5,0,0,0,0,0,0,0.12,0,0,0
1997,TWN,-32.5,-147.5,0,0,0,0,0,0,2.14,0,0,0
1997,TWN,-32.5,-142.5,0,0,0,0,0,0,1.06,0,0,0
1997,USA,27.5,-137.5,0,0,0,0,0,0,0,0,0,0
1997,USA,32.5,-137.5,0,0,0,0,0,0,0,0,0,0
1997,USA,32.5,-132.5,0,0,0,0,0,0,0,0,0,0
1997,PYF,-17.5,-147.5,0,0,0,0.06,0,0,4.64,0,0,0
1997,PYF,-17.5,-142.5,0,0,0,0,0,0,1.51,0,0,0
1997,PYF,-12.5,-147.5,0,0,0,0.02,0,0,3.29,0,0,0
1997,PYF,-12.5,-142.5,0,0,0,0.04,0,0,0.89,0,0,0
1997,PYF,-7.5,-142.5,0,0,0,0.09,0,0,0.2,0,0,0
1997,TWN,-32.5,-147.5,0,0,0,0,0,0,0.41,0,0,0
1997,TWN,-32.5,-142.5,0,0,0,0,0,0,0.42,0,0,0
1997,TWN,-32.5,-137.5,0,0,0,0,0,0,1.62,0,0,0
1997,TWN,-27.5,-137.5,0,0,0,0,0,0,0.83,0,0,0
1997,USA,27.5,-137.5,0,0,0,0,0,0,0,0,0,0
1997,USA,32.5,-137.5,0,0,0,0,0,0,0,0,0,0
1997,USA,32.5,-132.5,0,0,0,0,0,0,0,0,0,0
1997,PYF,-17.5,-147.5,0,0,0,0.08,0,0,3.69,0,0,0
1997,PYF,-17.5,-142.5,0,0,0,0,0,0,0.13,0,0,0
1997,PYF,-12.5,-147.5,0,0,0,0.12,0,0,3.33,0,0,0
1997,PYF,-12.5,-142.5,0,0,0,0,0,0,0.21,0,0,0
1997,PYF,-7.5,-142.5,0,0,0,0,0,0,0.36,0,0,0
1997,PYF,-7.5,-137.5,0,0,0,0.01,0,0,0.93,0,0,0
1997,TWN,-27.5,-147.5,0,0,0,0,0,0,1.5,0,0,0
1997,PYF,-22.5,-147.5,0,0,0,0,0,0,0.2,0,0,0
1997,PYF,-22.5,-137.5,0,0,0,0,0,0,0.44,0,0,0
1997,PYF,-17.5,-147.5,0,0,0,0.43,0,0,2.58,0,0,0
1997,PYF,-17.5,-142.5,0,0,0,0,0,0,0.59,0,0,0
1997,PYF,-12.5,-147.5,0,0,0,0,0,0,2.94,0,0,0
1997,PYF,-12.5,-142.5,0,0,0,0.1,0,0,0,0,0,0
1997,USA,27.5,-137.5,0,0,0,0,0,0,0,0,0,0
1997,PYF,-22.5,-147.5,0,0,0,0.28,0,0,0.05,0,0,0
1997,PYF,-22.5,-137.5,0,0,0,0,0,0,0.3,0,0,0
1997,PYF,-17.5,-147.5,0,0,0,0.33,0,0,2.82,0,0,0
1997,PYF,-17.5,-142.5,0,0,0,0,0,0,0.61,0,0,0
1997,PYF,-17.5,-137.5,0,0,0,0,0,0,0.15,0,0,0
1997,PYF,-12.5,-147.5,0,0,0,0.28,0,0,3.33,0,0,0
1997,PYF,-12.5,-142.5,0,0,0,0.3,0,0,0.56,0,0,0
1997,PYF,-17.5,-147.5,0,0,0,0.22,0,0,1.25,0,0,0
1997,PYF,-17.5,-142.5,0,0,0,0,0,0,0.51,0,0,0
1997,PYF,-17.5,-137.5,0,0,0,0,0,0,0.17,0,0,0
1997,PYF,-12.5,-147.5,0,0,0,0.85,0,0,7.36,0,0,0
1997,PYF,-12.5,-142.5,0,0,0,0.2,0,0,1.15,0,0,0
1997,TWN,-12.5,-132.5,0,0,0,0,0,0,1.66,0,0,0
1997,USA,37.5,-132.5,0,0,0,0,0,0,0,0,0,0
1997,USA,37.5,-127.5,0,0,0,0,0,0,0,0,0,0
1997,PYF,-17.5,-147.5,0,0,0,0.28,0,0,1.46,0,0,0
1997,PYF,-17.5,-142.5,0,0,0,0,0,0,0.16,0,0,0
1997,PYF,-12.5,-147.5,0,0,0,1.28,0,0,9.74,0,0,0
1997,PYF,-12.5,-142.5,0,0,0,0.06,0,0,2.83,0,0,0
1997,TWN,-32.5,-132.5,0,0,0,0,0,0,1.62,0,0,0
1997,TWN,-27.5,-132.5,0,0,0,0,0,0,1.54,0,0,0
1997,TWN,-22.5,-127.5,0,0,0,0,0,0,0.17,0,0,0
1997,TWN,-17.5,-132.5,0,0,0,0,0,0,1.52,0,0,0
1997,TWN,-17.5,-127.5,0,0,0,0,0,0,0.89,0,0,0
1997,TWN,-12.5,-132.5,0,0,0,0,0,0,0.41,0,0,0
1997,USA,27.5,-132.5,0,0,0,0,0,0,0,0,0,0
1997,USA,27.5,-127.5,0,0,0,0,0,0,0,0,0,0
1997,PYF,-17.5,-147.5,0,0,0,0.22,0,0,3.07,0,0,0
1997,PYF,-12.5,-147.5,0,0,0,1.23,0,0,11.89,0,0,0
1997,PYF,-12.5,-142.5,0,0,0,0,0,0,0.06,0,0,0
1997,TWN,-32.5,-132.5,0,0,0,0,0,0,2.16,0,0,0
1997,TWN,-17.5,-132.5,0,0,0,0,0,0,0.82,0,0,0
1997,TWN,-17.5,-127.5,0,0,0,0,0,0,5.55,0,0,0
1997,USA,32.5,-137.5,0,0,0,0,0,0,0,0,0,0
1997,USA,32.5,-132.5,0,0,0,0,0,0,0,0,0,0
1997,USA,37.5,-132.5,0,0,0,0,0,0,0,0,0,0
1997,PYF,-17.5,-147.5,0,0,0,0.33,0,0,4.22,0,0,0
1997,PYF,-17.5,-142.5,0,0,0,0,0,0,0.45,0,0,0
1997,PYF,-12.5,-147.5,0,0,0,0.47,0,0,9.08,0,0,0
1997,PYF,-12.5,-142.5,0,0,0,0,0,0,0.71,0,0,0
1997,TWN,-22.5,-127.5,0,0,0,0,0,0,1.43,0,0,0
1997,TWN,-17.5,-127.5,0,0,0,0,0,0,4.81,0,0,0
1997,USA,32.5,-137.5,0,0,0,0,0,0,0,0,0,0
1997,USA,32.5,-132.5,0,0,0,0,0,0,0,0,0,0
1997,USA,32.5,-117.5,0,0,0,0,0,0,0,0,0,0
1997,USA,37.5,-132.5,0,0,0,0,0,0,0,0,0,0
1998,PYF,-17.5,-147.5,0,0,0,0.06,0,0,1.36,0,0,0
1998,PYF,-17.5,-137.5,0,0,0,0,0,0,0.14,0,0,0
1998,PYF,-12.5,-147.5,0,0,0,0.48,0,0,8.82,0,0,0
1998,PYF,-7.5,-137.5,0,0,0,0,0,0,1.36,0,0,0
1998,TWN,-17.5,-132.5,0,0,0,0,0,0,5.84,0,0,0
1998,TWN,-17.5,-127.5,0,0,0,0,0,0,3.8,0,0,0
1998,TWN,-12.5,-132.5,0,0,0,0,0,0,1.77,0,0,0
1998,USA,27.5,-137.5,0,0,0,0,0,0,0,0,0,0
1998,USA,27.5,-117.5,0,0,0,0,0,0,0,0,0,0
1998,USA,27.5,-112.5,0,0,0,0,0,0,0,0,0,0
1998,USA,32.5,-137.5,0,0,0,0,0,0,0,0,0,0
1998,USA,32.5,-132.5,0,0,0,0,0,0,0,0,0,0
1998,USA,32.5,-127.5,0,0,0,0,0,0,0,0,0,0
1998,PYF,-17.5,-147.5,0,0,0,0,0,0,0.92,0,0,0
1998,PYF,-17.5,-137.5,0,0,0,0,0,0,0.44,0,0,0
1998,PYF,-12.5,-147.5,0,0,0,0.24,0,0,6.23,0,0,0
1998,PYF,-12.5,-142.5,0,0,0,0,0,0,0.04,0,0,0
1998,TWN,-17.5,-132.5,0,0,0,0,0,0,4.06,0,0,0
1998,USA,27.5,-137.5,0,0,0,0,0,0,0,0,0,0
1998,USA,32.5,-137.5,0,0,0,0,0,0,0,0,0,0
1998,USA,32.5,-132.5,0,0,0,0,0,0,0,0,0,0
1998,USA,32.5,-127.5,0,0,0,0,0,0,0,0,0,0
1998,PYF,-17.5,-147.5,0,0,0,0.06,0,0,0.91,0,0,0
1998,PYF,-17.5,-142.5,0,0,0,0,0,0,0.31,0,0,0
1998,PYF,-12.5,-147.5,0,0,0,0.58,0,0,14.78,0,0,0
1998,PYF,-12.5,-142.5,0,0,0,0,0,0,0.83,0,0,0
1998,TWN,-37.5,-147.5,0,0,0,0,0,0,0.82,0,0,0
1998,TWN,-37.5,-142.5,0,0,0,0,0,0,1.35,0,0,0
1998,TWN,-17.5,-132.5,0,0,0,0,0,0,6.61,0,0,0
1998,TWN,-12.5,-132.5,0,0,0,0,0,0,0.94,0,0,0
1998,TWN,-12.5,-127.5,0,0,0,0,0,0,0.35,0,0,0
1998,USA,27.5,-137.5,0,0,0,0,0,0,0,0,0,0
1998,USA,32.5,-137.5,0,0,0,0,0,0,0,0,0,0
1998,USA,32.5,-132.5,0,0,0,0,0,0,0,0,0,0
1998,PYF,-17.5,-147.5,0,0,0,0.04,0,0,0.11,0,0,0
1998,PYF,-12.5,-147.5,0,0,0,0.16,0,0,12.89,0,0,0
1998,PYF,-12.5,-142.5,0,0,0,0,0,0,2.62,0,0,0
1998,TWN,-37.5,-147.5,0,0,0,0,0,0,2.76,0,0,0
1998,TWN,-37.5,-142.5,0,0,0,0,0,0,3.82,0,0,0
1998,TWN,-37.5,-137.5,0,0,0,0,0,0,0.23,0,0,0
1998,TWN,-32.5,-147.5,0,0,0,0,0,0,0.35,0,0,0
1998,TWN,-32.5,-137.5,0,0,0,0,0,0,3.57,0,0,0
1998,USA,27.5,-137.5,0,0,0,0,0,0,0,0,0,0
1998,USA,32.5,-132.5,0,0,0,0,0,0,0,0,0,0
1998,PYF,-17.5,-147.5,0,0,0,0.09,0,0,1.02,0,0,0
1998,PYF,-17.5,-142.5,0,0,0,0,0,0,0.71,0,0,0
1998,PYF,-12.5,-147.5,0,0,0,0.58,0,0,9.35,0,0,0
1998,PYF,-12.5,-142.5,0,0,0,0.26,0,0,0.72,0,0,0
1998,TWN,-37.5,-142.5,0,0,0,0,0,0,0.53,0,0,0
1998,TWN,-32.5,-142.5,0,0,0,0,0,0,0.22,0,0,0
1998,TWN,-32.5,-137.5,0,0,0,0,0,0,2.78,0,0,0
1998,TWN,22.5,-147.5,0,0,0,0,0,0,0.32,0,0,0
1998,USA,27.5,-137.5,0,0,0,0,0,0,0,0,0,0
1998,PYF,-17.5,-147.5,0,0,0,0,0,0,1.79,0,0,0
1998,PYF,-12.5,-147.5,0,0,0,0.87,0,0,6.99,0,0,0
1998,PYF,-12.5,-142.5,0,0,0,0.39,0,0,2.56,0,0,0
1998,PYF,-17.5,-147.5,0,0,0,0,0,0,0.44,0,0,0
1998,PYF,-12.5,-147.5,0,0,0,0.19,0,0,4.73,0,0,0
1998,PYF,-12.5,-142.5,0,0,0,0.05,0,0,2.54,0,0,0
1998,PYF,-17.5,-147.5,0,0,0,0.06,0,0,0.33,0,0,0
1998,PYF,-12.5,-147.5,0,0,0,0.95,0,0,7.21,0,0,0
1998,PYF,-12.5,-142.5,0,0,0,0.08,0,0,1.91,0,0,0
1998,USA,32.5,-122.5,0,0,0,0,0,0,0,0,0,0
1998,PYF,-17.5,-147.5,0,0,0,0.31,0,0,1.23,0,0,0
1998,PYF,-17.5,-142.5,0,0,0,0.05,0,0,0.42,0,0,0
1998,PYF,-12.5,-147.5,0,0,0,0.67,0,0,8.33,0,0,0
1998,PYF,-12.5,-142.5,0,0,0,0.5,0,0,3.71,0,0,0
1998,USA,22.5,-137.5,0,0,0,0,0,0,0,0,0,0
1998,USA,27.5,-137.5,0,0,0,0,0,0,0,0,0,0
1998,USA,27.5,-132.5,0,0,0,0,0,0,0,0,0,0
1998,USA,27.5,-127.5,0,0,0,0,0,0,0,0,0,0
1998,USA,32.5,-117.5,0,0,0,0,0,0,0,0,0,0
1998,PYF,-17.5,-147.5,0,0,0,0.23,0,0,1.18,0,0,0
1998,PYF,-12.5,-147.5,0,0,0,0.3,0,0,5.43,0,0,0
1998,PYF,-12.5,-142.5,0,0,0,0,0,0,0.1,0,0,0
1998,USA,22.5,-137.5,0,0,0,0,0,0,0,0,0,0
1998,USA,27.5,-137.5,0,0,0,0,0,0,0,0,0,0
1998,USA,32.5,-137.5,0,0,0,0,0,0,0,0,0,0
1998,USA,37.5,-137.5,0,0,0,0,0,0,0,0,0,0
1998,USA,37.5,-132.5,0,0,0,0,0,0,0,0,0,0
1998,USA,37.5,-127.5,0,0,0,0,0,0,0,0,0,0
1998,PYF,-17.5,-147.5,0,0,0,0.06,0,0,2.27,0,0,0
1998,PYF,-12.5,-147.5,0,0,0,0.22,0,0,3.16,0,0,0
1998,PYF,-12.5,-142.5,0,0,0,0.08,0,0,0,0,0,0
1998,TWN,-17.5,-127.5,0,0,0,0,0,0,1.56,0,0,0
1998,TWN,-17.5,-122.5,0,0,0,0,0,0,0.17,0,0,0
1998,USA,22.5,-137.5,0,0,0,0,0,0,0,0,0,0
1998,USA,32.5,-142.5,0,0,0,0,0,0,0,0,0,0
1998,USA,32.5,-137.5,0,0,0,0,0,0,0,0,0,0
1998,USA,32.5,-127.5,0,0,0,0,0,0,0,0,0,0
1998,USA,37.5,-137.5,0,0,0,0,0,0,0,0,0,0
1998,USA,37.5,-132.5,0,0,0,0,0,0,0,0,0,0
1998,USA,37.5,-127.5,0,0,0,0,0,0,0,0,0,0
1998,USA,37.5,-122.5,0,0,0,0,0,0,0,0,0,0
1998,PYF,-17.5,-147.5,0,0,0,0.49,0,0,4.06,0,0,0
1998,PYF,-12.5,-147.5,0,0,0,0,0,0,0.73,0,0,0
1998,TWN,-17.5,-127.5,0,0,0,0,0,0,2.89,0,0,0
1998,TWN,-17.5,-122.5,0,0,0,0,0,0,0.73,0,0,0
1998,USA,22.5,-137.5,0,0,0,0,0,0,0,0,0,0
1998,USA,27.5,-127.5,0,0,0,0,0,0,0,0,0,0
1998,USA,32.5,-137.5,0,0,0,0,0,0,0,0,0,0
1998,USA,32.5,-132.5,0,0,0,0,0,0,0,0,0,0
1998,USA,32.5,-127.5,0,0,0,0,0,0,0,0,0,0
1998,USA,32.5,-122.5,0,0,0,0,0,0,0,0,0,0
1998,USA,37.5,-137.5,0,0,0,0,0,0,0,0,0,0
1998,USA,37.5,-132.5,0,0,0,0,0,0,0,0,0,0
1999,PYF,-17.5,-147.5,0,0,0,0,0,0,1.32,0,0,0
1999,PYF,-12.5,-147.5,0,0,0,0,0,0,1.82,0,0,0
1999,PYF,-12.5,-142.5,0,0,0,0.06,0,0,1.05,0,0,0
1999,PYF,-12.5,-137.5,0,0,0,0,0,0,0.06,0,0,0
1999,PYF,-7.5,-137.5,0,0,0,0,0,0,0.06,0,0,0
1999,TWN,-12.5,-127.5,0,0,0,0,0,0,0.59,0,0,0
1999,TWN,-12.5,-122.5,0,0,0,0,0,0,0.21,0,0,0
1999,TWN,32.5,-147.5,0,0,0,0,0,0,0.62,0,0,0
1999,USA,32.5,-142.5,0,0,0,0,0,0,0,0,0,0
1999,USA,32.5,-137.5,0,0,0,0,0,0,0,0,0,0
1999,USA,32.5,-132.5,0,0,0,0,0,0,0,0,0,0
1999,USA,32.5,-127.5,0,0,0,0,0,0,0,0,0,0
1999,PYF,-22.5,-147.5,0,0,0,0,0,0,0.16,0,0,0
1999,PYF,-17.5,-147.5,0,0,0,0,0,0,1.12,0,0,0
1999,PYF,-12.5,-147.5,0,0,0,0,0,0,0.3,0,0,0
1999,PYF,-12.5,-142.5,0,0,0,0,0,0,1.18,0,0,0
1999,TWN,-32.5,-147.5,0,0,0,0,0,0,0.18,0,0,0
1999,TWN,-27.5,-132.5,0,0,0,0,0,0,0.14,0,0,0
1999,USA,27.5,-122.5,0,0,0,0,0,0,0,0,0,0
1999,USA,32.5,-142.5,0,0,0,0,0,0,0,0,0,0
1999,USA,32.5,-137.5,0,0,0,0,0,0,0,0,0,0
1999,USA,32.5,-132.5,0,0,0,0,0,0,0,0,0,0
1999,PYF,-17.5,-147.5,0,0,0,0.06,0,0,0.71,0,0,0
1999,PYF,-12.5,-147.5,0,0,0,0.07,0,0,1.17,0,0,0
1999,PYF,-12.5,-142.5,0,0,0,0.03,0,0,1.51,0,0,0
1999,TWN,-42.5,-147.5,0,0,0,0,0,0,0.72,0,0,0
1999,TWN,-37.5,-147.5,0,0,0,0,0,0,1.39,0,0,0
1999,TWN,-32.5,-147.5,0,0,0,0,0,0,0.37,0,0,0
1999,TWN,-7.5,-147.5,0,0,0,0,0,0,0.81,0,0,0
1999,USA,22.5,-122.5,0,0,0,0,0,0,0,0,0,0
1999,USA,27.5,-122.5,0,0,0,0,0,0,0,0,0,0
1999,USA,32.5,-142.5,0,0,0,0,0,0,0,0,0,0
1999,USA,32.5,-137.5,0,0,0,0,0,0,0,0,0,0
1999,USA,32.5,-132.5,0,0,0,0,0,0,0,0,0,0
1999,USA,32.5,-117.5,0,0,0,0,0,0,0,0,0,0
1999,PYF,-17.5,-147.5,0,0,0,0.1,0,0,0.17,0,0,0
1999,PYF,-12.5,-147.5,0,0,0,0.29,0,0,3.21,0,0,0
1999,PYF,-12.5,-142.5,0,0,0,0,0,0,0.81,0,0,0
1999,PYF,-7.5,-142.5,0,0,0,0,0,0,0.55,0,0,0
1999,TWN,-37.5,-147.5,0,0,0,0,0,0,0.55,0,0,0
1999,TWN,-37.5,-142.5,0,0,0,0,0,0,1.18,0,0,0
1999,TWN,-32.5,-147.5,0,0,0,0,0,0,0.74,0,0,0
1999,TWN,-32.5,-137.5,0,0,0,0,0,0,0.38,0,0,0
1999,USA,27.5,-137.5,0,0,0,0,0,0,0,0,0,0
1999,USA,27.5,-122.5,0,0,0,0,0,0,0,0,0,0
1999,PYF,-22.5,-147.5,0,0,0,0,0,0,0.07,0,0,0
1999,PYF,-17.5,-147.5,0,0,0,0.32,0,0,1.76,0,0,0
1999,PYF,-12.5,-147.5,0,0,0,0.81,0,0,5.64,0,0,0
1999,PYF,-12.5,-142.5,0,0,0,0.36,0,0,1.14,0,0,0
1999,TWN,-32.5,-147.5,0,0,0,0,0,0,1.35,0,0,0
1999,USA,22.5,-122.5,0,0,0,0,0,0,0,0,0,0
1999,USA,27.5,-137.5,0,0,0,0,0,0,0,0,0,0
1999,USA,27.5,-122.5,0,0,0,0,0,0,0,0,0,0
1999,PYF,-22.5,-147.5,0,0,0,0.04,0,0,0,0,0,0
1999,PYF,-17.5,-147.5,0,0,0,0.17,0,0,2.33,0,0,0
1999,PYF,-17.5,-142.5,0,0,0,0.16,0,0,0.44,0,0,0
1999,PYF,-12.5,-147.5,0,0,0,0.17,0,0,5,0,0,0
1999,PYF,-12.5,-142.5,0,0,0,0,0,0,0.15,0,0,0
1999,USA,22.5,-137.5,0,0,0,0,0,0,0,0,0,0
1999,USA,27.5,-137.5,0,0,0,0,0,0,0,0,0,0
1999,USA,32.5,-137.5,0,0,0,0,0,0,0,0,0,0
1999,PYF,-17.5,-147.5,0,0,0,0.64,0,0,1.63,0,0,0
1999,PYF,-17.5,-142.5,0,0,0,0.89,0,0,0,0,0,0
1999,PYF,-12.5,-147.5,0,0,0,0.48,0,0,3.2,0,0,0
1999,PYF,-12.5,-142.5,0,0,0,0.32,0,0,1.74,0,0,0
1999,USA,22.5,-137.5,0,0,0,0,0,0,0,0,0,0
1999,USA,22.5,-122.5,0,0,0,0,0,0,0,0,0,0
1999,USA,27.5,-137.5,0,0,0,0,0,0,0,0,0,0
1999,PYF,-17.5,-147.5,0,0,0,0.98,0,0,2.27,0,0,0
1999,PYF,-17.5,-142.5,0,0,0,0.32,0,0,0.47,0,0,0
1999,PYF,-12.5,-147.5,0,0,0,0.13,0,0,3.34,0,0,0
1999,PYF,-12.5,-142.5,0,0,0,0.94,0,0,6.51,0,0,0
1999,TWN,-27.5,-137.5,0,0,0,0,0,0,0.96,0,0,0
1999,USA,27.5,-137.5,0,0,0,0,0,0,0,0,0,0
1999,USA,27.5,-122.5,0,0,0,0,0,0,0,0,0,0
1999,USA,32.5,-137.5,0,0,0,0,0,0,0,0,0,0
1999,USA,32.5,-132.5,0,0,0,0,0,0,0,0,0,0
1999,USA,37.5,-137.5,0,0,0,0,0,0,0,0,0,0
1999,USA,37.5,-132.5,0,0,0,0,0,0,0,0,0,0
1999,PYF,-17.5,-147.5,0,0,0,0.71,0,0,2.64,0,0,0
1999,PYF,-17.5,-142.5,0,0,0,0.08,0,0,0.37,0,0,0
1999,PYF,-12.5,-147.5,0,0,0,0.22,0,0,7.8,0,0,0
1999,PYF,-12.5,-142.5,0,0,0,0.22,0,0,5.03,0,0,0
1999,TWN,-32.5,-132.5,0,0,0,0,0,0,1.72,0,0,0
1999,TWN,-27.5,-137.5,0,0,0,0,0,0,0.6,0,0,0
1999,TWN,-27.5,-132.5,0,0,0,0,0,0,2.02,0,0,0
1999,USA,22.5,-137.5,0,0,0,0,0,0,0,0,0,0
1999,USA,27.5,-137.5,0,0,0,0,0,0,0,0,0,0
1999,USA,27.5,-132.5,0,0,0,0,0,0,0,0,0,0
1999,USA,32.5,-137.5,0,0,0,0,0,0,0,0,0,0
1999,USA,32.5,-132.5,0,0,0,0,0,0,0,0,0,0
1999,USA,32.5,-127.5,0,0,0,0,0,0,0,0,0,0
1999,USA,37.5,-137.5,0,0,0,0,0,0,0,0,0,0
1999,USA,37.5,-132.5,0,0,0,0,0,0,0,0,0,0
1999,USA,37.5,-127.5,0,0,0,0,0,0,0,0,0,0
1999,USA,42.5,-132.5,0,0,0,0,0,0,0,0,0,0
1999,USA,42.5,-127.5,0,0,0,0,0,0,0,0,0,0
1999,PYF,-22.5,-137.5,0,0,0,0.14,0,0,0.94,0,0,0
1999,PYF,-22.5,-132.5,0,0,0,0,0,0,0.07,0,0,0
1999,PYF,-17.5,-147.5,0,0,0,0.51,0,0,3.5,0,0,0
1999,PYF,-17.5,-142.5,0,0,0,0.03,0,0,0.14,0,0,0
1999,PYF,-17.5,-137.5,0,0,0,0.1,0,0,0.41,0,0,0
1999,PYF,-12.5,-147.5,0,0,0,0.22,0,0,1.59,0,0,0
1999,PYF,-12.5,-142.5,0,0,0,0.17,0,0,3.66,0,0,0
1999,PYF,-7.5,-142.5,0,0,0,0.05,0,0,3.96,0,0,0
1999,PYF,-7.5,-137.5,0,0,0,0.05,0,0,0.35,0,0,0
1999,TWN,-27.5,-132.5,0,0,0,0,0,0,1.44,0,0,0
1999,TWN,-22.5,-132.5,0,0,0,0,0,0,0.14,0,0,0
1999,TWN,-22.5,-127.5,0,0,0,0,0,0,0.86,0,0,0
1999,TWN,-17.5,-132.5,0,0,0,0,0,0,0.28,0,0,0
1999,TWN,-12.5,-137.5,0,0,0,0,0,0,0.09,0,0,0
1999,TWN,-12.5,-132.5,0,0,0,0,0,0,1.44,0,0,0
1999,USA,22.5,-137.5,0,0,0,0,0,0,0,0,0,0
1999,USA,27.5,-137.5,0,0,0,0,0,0,0,0,0,0
1999,USA,27.5,-132.5,0,0,0,0,0,0,0,0,0,0
1999,USA,32.5,-132.5,0,0,0,0,0,0,0,0,0,0
1999,USA,32.5,-127.5,0,0,0,0,0,0,0,0,0,0
1999,USA,32.5,-122.5,0,0,0,0,0,0,0,0,0,0
1999,USA,37.5,-147.5,0,0,0,0,0,0,0,0,0,0
1999,USA,37.5,-142.5,0,0,0,0,0,0,0,0,0,0
1999,USA,37.5,-137.5,0,0,0,0,0,0,0,0,0,0
1999,USA,37.5,-132.5,0,0,0,0,0,0,0,0,0,0
1999,USA,37.5,-127.5,0,0,0,0,0,0,0,0,0,0
1999,PYF,-22.5,-147.5,0,0,0,0.34,0,0,0,0,0,0
1999,PYF,-22.5,-142.5,0,0,0,0.04,0,0,0.03,0,0,0
1999,PYF,-22.5,-137.5,0,0,0,0.12,0,0,0.52,0,0,0
1999,PYF,-17.5,-147.5,0,0,0,1.9,0,0,5.48,0,0,0
1999,PYF,-17.5,-142.5,0,0,0,0.16,0,0,0.33,0,0,0
1999,PYF,-12.5,-147.5,0,0,0,0.22,0,0,2.1,0,0,0
1999,PYF,-12.5,-142.5,0,0,0,0.71,0,0,2.78,0,0,0
1999,PYF,-12.5,-137.5,0,0,0,0.05,0,0,0,0,0,0
1999,PYF,-7.5,-142.5,0,0,0,0.08,0,0,2.2,0,0,0
1999,PYF,-7.5,-137.5,0,0,0,0,0,0,2.4,0,0,0
1999,TWN,-22.5,-127.5,0,0,0,0,0,0,0.14,0,0,0
1999,TWN,-22.5,-122.5,0,0,0,0,0,0,0.46,0,0,0
1999,TWN,-22.5,-117.5,0,0,0,0,0,0,0.21,0,0,0
1999,TWN,-17.5,-132.5,0,0,0,0,0,0,0.8,0,0,0
1999,TWN,-17.5,-117.5,0,0,0,0,0,0,0.87,0,0,0
1999,TWN,-12.5,-132.5,0,0,0,0,0,0,0.45,0,0,0
1999,TWN,17.5,-147.5,0,0,0,0,0,0,2.09,0,0,0
1999,TWN,17.5,-142.5,0,0,0,0,0,0,1.32,0,0,0
1999,TWN,32.5,-147.5,0,0,0,0,0,0,0.25,0,0,0
1999,TWN,32.5,-142.5,0,0,0,0,0,0,0.62,0,0,0
1999,TWN,37.5,-147.5,0,0,0,0,0,0,1.65,0,0,0
1999,USA,22.5,-137.5,0,0,0,0,0,0,0,0,0,0
1999,USA,27.5,-137.5,0,0,0,0,0,0,0,0,0,0
1999,USA,32.5,-137.5,0,0,0,0,0,0,0,0,0,0
1999,USA,32.5,-132.5,0,0,0,0,0,0,0,0,0,0
1999,USA,32.5,-127.5,0,0,0,0,0,0,0,0,0,0
1999,USA,32.5,-122.5,0,0,0,0,0,0,0,0,0,0
1999,USA,37.5,-137.5,0,0,0,0,0,0,0,0,0,0
1999,USA,37.5,-132.5,0,0,0,0,0,0,0,0,0,0
1999,USA,37.5,-127.5,0,0,0,0,0,0,0,0,0,0
1999,PYF,-17.5,-147.5,0,0,0,1.66,0,0,5.55,0,0,0
1999,PYF,-17.5,-142.5,0,0,0,0,0,0,0.3,0,0,0
1999,PYF,-12.5,-147.5,0,0,0,0.12,0,0,1.41,0,0,0
1999,PYF,-12.5,-142.5,0,0,0,0.05,0,0,1.1,0,0,0
1999,PYF,-7.5,-142.5,0,0,0,0,0,0,0.6,0,0,0
1999,TWN,-22.5,-127.5,0,0,0,0,0,0,1.6,0,0,0
1999,TWN,-22.5,-122.5,0,0,0,0,0,0,0.9,0,0,0
1999,TWN,-17.5,-127.5,0,0,0,0,0,0,0.6,0,0,0
1999,TWN,-17.5,-122.5,0,0,0,0,0,0,2.07,0,0,0
1999,TWN,17.5,-142.5,0,0,0,0,0,0,0.14,0,0,0
1999,TWN,22.5,-137.5,0,0,0,0,0,0,0.19,0,0,0
1999,TWN,27.5,-137.5,0,0,0,0,0,0,0.38,0,0,0
1999,TWN,32.5,-147.5,0,0,0,0,0,0,3.63,0,0,0
1999,TWN,32.5,-142.5,0,0,0,0,0,0,0.72,0,0,0
1999,USA,22.5,-137.5,0,0,0,0,0,0,0,0,0,0
1999,USA,27.5,-137.5,0,0,0,0,0,0,0,0,0,0
1999,USA,32.5,-142.5,0,0,0,0,0,0,0,0,0,0
1999,USA,32.5,-137.5,0,0,0,0,0,0,0,0,0,0
1999,USA,32.5,-132.5,0,0,0,0,0,0,0,0,0,0
1999,USA,32.5,-127.5,0,0,0,0,0,0,0,0,0,0
1999,USA,37.5,-137.5,0,0,0,0,0,0,0,0,0,0
1999,USA,37.5,-132.5,0,0,0,0,0,0,0,0,0,0
2000,PYF,-22.5,-147.5,0,0,0,0.04,0,0,2.8,0,0,0
2000,PYF,-22.5,-137.5,0,0,0,0.4,0,0,0.48,0,0,0
2000,PYF,-17.5,-147.5,0,0,0,0.23,0,0,5.53,0,0,0
2000,PYF,-17.5,-142.5,0,0,0,0,0,0,0.1,0,0,0
2000,PYF,-17.5,-137.5,0,0,0,0,0,0,0.16,0,0,0
2000,PYF,-12.5,-147.5,0,0,0,0.16,0,0,1.5,0,0,0
2000,TWN,-17.5,-127.5,0,0,0,0,0,0,0.12,0,0,0
2000,TWN,-12.5,-142.5,0,0,0,0,0,0,1.4,0,0,0
2000,TWN,-12.5,-132.5,0,0,0,0,0,0,1.37,0,0,0
2000,TWN,-12.5,-127.5,0,0,0,0,0,0,0.51,0,0,0
2000,TWN,32.5,-147.5,0,0,0,0,0,0,3.58,0,0,0
2000,TWN,32.5,-142.5,0,0,0,0,0,0,0.92,0,0,0
2000,USA,32.5,-137.5,0,0,0,0,0,0,0,0,0,0
2000,USA,32.5,-132.5,0,0,0,0,0,0,0,0,0,0
2000,USA,32.5,-127.5,0,0,0,0,0,0,0,0,0,0
2000,USA,32.5,-122.5,0,0,0,0,0,0,0,0,0,0
2000,PYF,-22.5,-147.5,0,0,0,0.64,0,0,7.28,0,0,0
2000,PYF,-22.5,-142.5,0,0,0,0.05,0,0,0.28,0,0,0
2000,PYF,-22.5,-137.5,0,0,0,0.05,0,0,0.84,0,0,0
2000,PYF,-22.5,-132.5,0,0,0,0.05,0,0,1.74,0,0,0
2000,PYF,-17.5,-147.5,0,0,0,0.39,0,0,4.16,0,0,0
2000,PYF,-17.5,-142.5,0,0,0,0.09,0,0,0.3,0,0,0
2000,PYF,-12.5,-147.5,0,0,0,1.46,0,0,5.44,0,0,0
2000,PYF,-12.5,-142.5,0,0,0,0,0,0,0.37,0,0,0
2000,PYF,-7.5,-142.5,0,0,0,0,0,0,0.08,0,0,0
2000,TWN,-12.5,-142.5,0,0,0,0,0,0,0.38,0,0,0
2000,TWN,-7.5,-147.5,0,0,0,0,0,0,4.98,0,0,0
2000,TWN,32.5,-147.5,0,0,0,0,0,0,3.45,0,0,0
2000,USA,27.5,-137.5,0,0,0,0,0,0,0,0,0,0
2000,USA,32.5,-137.5,0,0,0,0,0,0,0,0,0,0
2000,USA,32.5,-132.5,0,0,0,0,0,0,0,0,0,0
2000,USA,32.5,-127.5,0,0,0,0,0,0,0,0,0,0
2000,PYF,-27.5,-142.5,0,0,0,0.04,0,0,0,0,0,0
2000,PYF,-22.5,-147.5,0,0,0,0.1,0,0,1.42,0,0,0
2000,PYF,-22.5,-142.5,0,0,0,0,0,0,0.16,0,0,0
2000,PYF,-22.5,-137.5,0,0,0,0,0,0,0.66,0,0,0
2000,PYF,-17.5,-147.5,0,0,0,0,0,0,2.81,0,0,0
2000,PYF,-17.5,-142.5,0,0,0,0.19,0,0,3.83,0,0,0
2000,PYF,-17.5,-137.5,0,0,0,0,0,0,1.6,0,0,0
2000,PYF,-17.5,-132.5,0,0,0,0,0,0,0.1,0,0,0
2000,PYF,-12.5,-147.5,0,0,0,0.45,0,0,10.62,0,0,0
2000,PYF,-12.5,-142.5,0,0,0,0.16,0,0,1.52,0,0,0
2000,TWN,-42.5,-147.5,0,0,0,0,0,0,10.42,0,0,0
2000,TWN,-42.5,-142.5,0,0,0,0,0,0,1.28,0,0,0
2000,TWN,-37.5,-147.5,0,0,0,0,0,0,7.51,0,0,0
2000,TWN,27.5,-147.5,0,0,0,0,0,0,0.19,0,0,0
2000,TWN,32.5,-147.5,0,0,0,0,0,0,0.44,0,0,0
2000,USA,22.5,-137.5,0,0,0,0,0,0,0,0,0,0
2000,USA,27.5,-137.5,0,0,0,0,0,0,0,0,0,0
2000,USA,27.5,-127.5,0,0,0,0,0,0,0,0,0,0
2000,USA,32.5,-137.5,0,0,0,0,0,0,0,0,0,0
2000,USA,32.5,-132.5,0,0,0,0,0,0,0,0,0,0
2000,USA,32.5,-127.5,0,0,0,0,0,0,0,0,0,0
2000,PYF,-17.5,-147.5,0,0,0,0.09,0,0,3.36,0,0,0
2000,PYF,-17.5,-142.5,0,0,0,0,0,0,0.16,0,0,0
2000,PYF,-12.5,-147.5,0,0,0,0.33,0,0,10.39,0,0,0
2000,PYF,-12.5,-142.5,0,0,0,0.17,0,0,5.42,0,0,0
2000,TWN,-37.5,-147.5,0,0,0,0,0,0,2.37,0,0,0
2000,TWN,-37.5,-142.5,0,0,0,0,0,0,2.33,0,0,0
2000,USA,22.5,-137.5,0,0,0,0,0,0,0,0,0,0
2000,USA,27.5,-137.5,0,0,0,0,0,0,0,0,0,0
2000,USA,32.5,-137.5,0,0,0,0,0,0,0,0,0,0
2000,USA,32.5,-132.5,0,0,0,0,0,0,0,0,0,0
2000,PYF,-22.5,-137.5,0,0,0,0.26,0,0,0.4,0,0,0
2000,PYF,-17.5,-147.5,0,0,0,0.03,0,0,2.81,0,0,0
2000,PYF,-17.5,-142.5,0,0,0,0,0,0,0.63,0,0,0
2000,PYF,-12.5,-147.5,0,0,0,0.67,0,0,7.92,0,0,0
2000,PYF,-12.5,-142.5,0,0,0,1.19,0,0,10.29,0,0,0
2000,TWN,-37.5,-147.5,0,0,0,0,0,0,0.38,0,0,0
2000,TWN,-32.5,-147.5,0,0,0,0,0,0,0.25,0,0,0
2000,USA,27.5,-137.5,0,0,0,0,0,0,0,0,0,0
2000,PYF,-27.5,-132.5,0,0,0,0,0,0,0.02,0,0,0
2000,PYF,-22.5,-137.5,0,0,0,6.00E-03,0,0,0.17,0,0,0
2000,PYF,-22.5,-132.5,0,0,0,0.12,0,0,0.24,0,0,0
2000,PYF,-17.5,-147.5,0,0,0,0.11,0,0,4.94,0,0,0
2000,PYF,-17.5,-142.5,0,0,0,0,0,0,1.88,0,0,0
2000,PYF,-12.5,-147.5,0,0,0,0.68,0,0,6.62,0,0,0
2000,PYF,-12.5,-142.5,0,0,0,0.34,0,0,1.92,0,0,0
2000,USA,22.5,-137.5,0,0,0,0,0,0,0,0,0,0
2000,USA,27.5,-137.5,0,0,0,0,0,0,0,0,0,0
2000,PYF,-17.5,-147.5,0,0,0,0.19,0,0,1.49,0,0,0
2000,PYF,-12.5,-147.5,0,0,0,0.29,0,0,7.39,0,0,0
2000,PYF,-12.5,-142.5,0,0,0,0.51,0,0,3.38,0,0,0
2000,PYF,-12.5,-137.5,0,0,0,0,0,0,1.68,0,0,0
2000,PYF,-7.5,-137.5,0,0,0,0,0,0,0.12,0,0,0
2000,PYF,-22.5,-147.5,0,0,0,0.08,0,0,0,0,0,0
2000,PYF,-17.5,-147.5,0,0,0,0.04,0,0,3.74,0,0,0
2000,PYF,-17.5,-142.5,0,0,0,0.08,0,0,1.35,0,0,0
2000,PYF,-17.5,-137.5,0,0,0,0,0,0,0.12,0,0,0
2000,PYF,-12.5,-147.5,0,0,0,0.36,0,0,5.21,0,0,0
2000,PYF,-12.5,-142.5,0,0,0,1.01,0,0,9.03,0,0,0
2000,PYF,-12.5,-137.5,0,0,0,0,0,0,1.84,0,0,0
2000,PYF,-12.5,-127.5,0,0,0,0,0,0,0.04,0,0,0
2000,PYF,-7.5,-142.5,0,0,0,0.05,0,0,0.68,0,0,0
2000,PYF,-7.5,-137.5,0,0,0,0,0,0,1.24,0,0,0
2000,PYF,-17.5,-147.5,0,0,0,0.09,0,0,0.57,0,0,0
2000,PYF,-17.5,-142.5,0,0,0,0,0,0,0.2,0,0,0
2000,PYF,-12.5,-147.5,0,0,0,0.71,0,0,8.08,0,0,0
2000,PYF,-12.5,-142.5,0,0,0,1.26,0,0,9.34,0,0,0
2000,PYF,-12.5,-137.5,0,0,0,0.13,0,0,0.72,0,0,0
2000,PYF,-7.5,-142.5,0,0,0,0.95,0,0,13.4,0,0,0
2000,PYF,-7.5,-137.5,0,0,0,0,0,0,0.48,0,0,0
2000,TWN,2.5,-142.5,0,0,0,0,0,0,0.25,0,0,0
2000,USA,22.5,-132.5,0,0,0,0,0,0,0,0,0,0
2000,USA,27.5,-137.5,0,0,0,0,0,0,0,0,0,0
2000,PYF,-22.5,-147.5,0,0,0,0.19,0,0,0,0,0,0
2000,PYF,-17.5,-147.5,0,0,0,0.12,0,0,1.54,0,0,0
2000,PYF,-17.5,-142.5,0,0,0,0.55,0,0,0.65,0,0,0
2000,PYF,-12.5,-147.5,0,0,0,0.86,0,0,9.37,0,0,0
2000,PYF,-12.5,-142.5,0,0,0,1.21,0,0,8.17,0,0,0
2000,PYF,-7.5,-142.5,0,0,0,0.15,0,0,2.88,0,0,0
2000,TWN,-17.5,-132.5,0,0,0,0,0,0,2.62,0,0,0
2000,TWN,2.5,-137.5,0,0,0,0,0,0,0.23,0,0,0
2000,TWN,12.5,-147.5,0,0,0,0,0,0,0.46,0,0,0
2000,TWN,22.5,-142.5,0,0,0,0,0,0,1.81,0,0,0
2000,PYF,-22.5,-137.5,0,0,0,0.4,0,0,0.32,0,0,0
2000,PYF,-17.5,-147.5,0,0,0,0.3,0,0,1.38,0,0,0
2000,PYF,-17.5,-142.5,0,0,0,0.48,0,0,1.62,0,0,0
2000,PYF,-12.5,-147.5,0,0,0,0.64,0,0,4.46,0,0,0
2000,PYF,-12.5,-142.5,0,0,0,0.96,0,0,1.05,0,0,0
2000,PYF,-12.5,-137.5,0,0,0,0.05,0,0,0,0,0,0
2000,TWN,-17.5,-132.5,0,0,0,0,0,0,1.85,0,0,0
2000,TWN,-17.5,-127.5,0,0,0,0,0,0,2.78,0,0,0
2000,TWN,-17.5,-122.5,0,0,0,0,0,0,3.74,0,0,0
2000,TWN,2.5,-137.5,0,0,0,0,0,0,0.25,0,0,0
2000,TWN,7.5,-147.5,0,0,0,0,0,0,2.86,0,0,0
2000,TWN,7.5,-137.5,0,0,0,0,0,0,0.15,0,0,0
2000,TWN,22.5,-142.5,0,0,0,0,0,0,0.22,0,0,0
2000,TWN,37.5,-147.5,0,0,0,0,0,0,1.34,0,0,0
2000,PYF,-22.5,-147.5,0,0,0,0.51,0,0,1.2,0,0,0
2000,PYF,-22.5,-137.5,0,0,0,1.29,0,0,0.8,0,0,0
2000,PYF,-17.5,-147.5,0,0,0,1.41,0,0,8.55,0,0,0
2000,PYF,-17.5,-142.5,0,0,0,0.35,0,0,0.09,0,0,0
2000,PYF,-12.5,-147.5,0,0,0,0.15,0,0,3.3,0,0,0
2000,PYF,-12.5,-142.5,0,0,0,0.53,0,0,0.4,0,0,0
2000,TWN,-17.5,-122.5,0,0,0,0,0,0,3.03,0,0,0
2000,TWN,-7.5,-137.5,0,0,0,0,0,0,0.63,0,0,0
2000,TWN,32.5,-147.5,0,0,0,0,0,0,0.38,0,0,0
2000,TWN,37.5,-147.5,0,0,0,0,0,0,1.21,0,0,0
2001,PYF,-17.5,-147.5,0,0,0,0.04,0,0,0.28,0,0,0
2001,PYF,-17.5,-142.5,0,0,0,0,0,0,0.04,0,0,0
2001,PYF,-12.5,-147.5,0,0,0,2.06,0,0,6.87,0,0,0
2001,PYF,-12.5,-142.5,0,0,0,0.27,0,0,0.84,0,0,0
2001,PYF,-7.5,-137.5,0,0,0,0,0,0,0.4,0,0,0
2001,TWN,-22.5,-122.5,0,0,0,0,0,0,1.37,0,0,0
2001,TWN,-22.5,-117.5,0,0,0,0,0,0,0.84,0,0,0
2001,TWN,-17.5,-117.5,0,0,0,0,0,0,1.81,0,0,0
2001,TWN,-7.5,-147.5,0,0,0,0,0,0,1.46,0,0,0
2001,TWN,-7.5,-142.5,0,0,0,0,0,0,1.58,0,0,0
2001,TWN,-7.5,-137.5,0,0,0,0,0,0,1.3,0,0,0
2001,TWN,-7.5,-132.5,0,0,0,0,0,0,1.18,0,0,0
2001,TWN,-7.5,-127.5,0,0,0,0,0,0,5.2,0,0,0
2001,TWN,-7.5,-122.5,0,0,0,0,0,0,2.42,0,0,0
2001,TWN,-2.5,-132.5,0,0,0,0,0,0,1.77,0,0,0
2001,TWN,-2.5,-127.5,0,0,0,0,0,0,0.8,0,0,0
2001,USA,32.5,-147.5,0,0,0,0,0,0,0,0,0,0
2001,USA,32.5,-142.5,0,0,0,0,0,0,0,0,0,0
2001,USA,32.5,-137.5,0,0,0,0,0,0,0,0,0,0
2001,USA,32.5,-132.5,0,0,0,0,0,0,0,0,0,0
2001,USA,32.5,-127.5,0,0,0,0,0,0,0,0,0,0
2001,PYF,-17.5,-147.5,0,0,0,0.24,0,0,1.12,0,0,0
2001,PYF,-12.5,-147.5,0,0,0,0.58,0,0,7.22,0,0,0
2001,PYF,-12.5,-142.5,0,0,0,1.21,0,0,1.69,0,0,0
2001,PYF,-7.5,-142.5,0,0,0,0.1,0,0,0,0,0,0
2001,TWN,-17.5,-127.5,0,0,0,0,0,0,0.48,0,0,0
2001,TWN,-12.5,-147.5,0,0,0,0,0,0,1.55,0,0,0
2001,TWN,-7.5,-147.5,0,0,0,0,0,0,0.55,0,0,0
2001,TWN,-7.5,-142.5,0,0,0,0,0,0,1.58,0,0,0
2001,TWN,-7.5,-137.5,0,0,0,0,0,0,0.36,0,0,0
2001,TWN,-7.5,-132.5,0,0,0,0,0,0,0.48,0,0,0
2001,TWN,-2.5,-147.5,0,0,0,0,0,0,0.68,0,0,0
2001,TWN,-2.5,-142.5,0,0,0,0,0,0,0.24,0,0,0
2001,TWN,-2.5,-137.5,0,0,0,0,0,0,1.96,0,0,0
2001,TWN,-2.5,-127.5,0,0,0,0,0,0,1.53,0,0,0
2001,TWN,2.5,-142.5,0,0,0,0,0,0,0.6,0,0,0
2001,TWN,2.5,-137.5,0,0,0,0,0,0,1.07,0,0,0
2001,TWN,2.5,-127.5,0,0,0,0,0,0,3.22,0,0,0
2001,TWN,2.5,-122.5,0,0,0,0,0,0,2.98,0,0,0
2001,TWN,7.5,-127.5,0,0,0,0,0,0,0.36,0,0,0
2001,USA,27.5,-147.5,0,0,0,0,0,0,0,0,0,0
2001,USA,27.5,-132.5,0,0,0,0,0,0,0,0,0,0
2001,USA,32.5,-147.5,0,0,0,0,0,0,0,0,0,0
2001,USA,32.5,-142.5,0,0,0,0,0,0,0,0,0,0
2001,USA,32.5,-137.5,0,0,0,0,0,0,0,0,0,0
2001,USA,32.5,-132.5,0,0,0,0,0,0,0,0,0,0
2001,PYF,-17.5,-147.5,0,0,0,0.23,0,0,3.73,0,0,0
2001,PYF,-17.5,-142.5,0,0,0,0.12,0,0,0.04,0,0,0
2001,PYF,-12.5,-147.5,0,0,0,0.26,0,0,7.29,0,0,0
2001,PYF,-12.5,-142.5,0,0,0,0.51,0,0,1.47,0,0,0
2001,TWN,-17.5,-132.5,0,0,0,0,0,0,0.48,0,0,0
2001,TWN,-2.5,-142.5,0,0,0,0,0,0,1.37,0,0,0
2001,TWN,-2.5,-137.5,0,0,0,0,0,0,1.79,0,0,0
2001,TWN,-2.5,-107.5,0,0,0,0,0,0,1.7,0,0,0
2001,TWN,2.5,-127.5,0,0,0,0,0,0,13.17,0,0,0
2001,TWN,2.5,-122.5,0,0,0,0,0,0,2.09,0,0,0
2001,TWN,7.5,-127.5,0,0,0,0,0,0,0.69,0,0,0
2001,TWN,7.5,-122.5,0,0,0,0,0,0,3.39,0,0,0
2001,USA,22.5,-147.5,0,0,0,0,0,0,0,0,0,0
2001,USA,27.5,-147.5,0,0,0,0,0,0,0,0,0,0
2001,USA,27.5,-142.5,0,0,0,0,0,0,0,0,0,0
2001,USA,27.5,-137.5,0,0,0,0,0,0,0,0,0,0
2001,USA,27.5,-132.5,0,0,0,0,0,0,0,0,0,0
2001,USA,32.5,-147.5,0,0,0,0,0,0,0,0,0,0
2001,USA,32.5,-142.5,0,0,0,0,0,0,0,0,0,0
2001,USA,32.5,-137.5,0,0,0,0,0,0,0,0,0,0
2001,PYF,-17.5,-147.5,0,0,0,0.24,0,0,1.68,0,0,0
2001,PYF,-17.5,-142.5,0,0,0,0.12,0,0,0.32,0,0,0
2001,PYF,-12.5,-147.5,0,0,0,1.14,0,0,10.01,0,0,0
2001,PYF,-12.5,-142.5,0,0,0,0.25,0,0,0.05,0,0,0
2001,PYF,-12.5,-127.5,0,0,0,0,0,0,0.05,0,0,0
2001,TWN,-37.5,-147.5,0,0,0,0,0,0,2.87,0,0,0
2001,TWN,-37.5,-137.5,0,0,0,0,0,0,1.5,0,0,0
2001,TWN,-37.5,-132.5,0,0,0,0,0,0,0.96,0,0,0
2001,TWN,-32.5,-147.5,0,0,0,0,0,0,0.47,0,0,0
2001,TWN,-7.5,-102.5,0,0,0,0,0,0,0.63,0,0,0
2001,TWN,-2.5,-142.5,0,0,0,0,0,0,0.08,0,0,0
2001,TWN,-2.5,-97.5,0,0,0,0,0,0,0.38,0,0,0
2001,TWN,2.5,-147.5,0,0,0,0,0,0,6.7,0,0,0
2001,TWN,2.5,-142.5,0,0,0,0,0,0,1.93,0,0,0
2001,TWN,2.5,-137.5,0,0,0,0,0,0,8.66,0,0,0
2001,TWN,2.5,-132.5,0,0,0,0,0,0,4.15,0,0,0
2001,TWN,2.5,-127.5,0,0,0,0,0,0,4.72,0,0,0
2001,TWN,2.5,-107.5,0,0,0,0,0,0,0.68,0,0,0
2001,USA,27.5,-147.5,0,0,0,0,0,0,0,0,0,0
2001,USA,27.5,-142.5,0,0,0,0,0,0,0,0,0,0
2001,USA,32.5,-147.5,0,0,0,0,0,0,0,0,0,0
2001,USA,32.5,-142.5,0,0,0,0,0,0,0,0,0,0
2001,PYF,-17.5,-147.5,0,0,0,0.05,0,0,0.33,0,0,0
2001,PYF,-17.5,-142.5,0,0,0,0.08,0,0,0.45,0,0,0
2001,PYF,-12.5,-147.5,0,0,0,0.92,0,0,5.92,0,0,0
2001,PYF,-12.5,-142.5,0,0,0,0.89,0,0,2.36,0,0,0
2001,TWN,-37.5,-147.5,0,0,0,0,0,0,1.42,0,0,0
2001,TWN,-37.5,-137.5,0,0,0,0,0,0,2.58,0,0,0
2001,TWN,-37.5,-132.5,0,0,0,0,0,0,0.75,0,0,0
2001,TWN,-32.5,-132.5,0,0,0,0,0,0,1.29,0,0,0
2001,TWN,-12.5,-137.5,0,0,0,0,0,0,1.04,0,0,0
2001,TWN,-12.5,-132.5,0,0,0,0,0,0,1.85,0,0,0
2001,TWN,-7.5,-147.5,0,0,0,0,0,0,11.7,0,0,0
2001,TWN,-2.5,-147.5,0,0,0,0,0,0,0.32,0,0,0
2001,TWN,2.5,-147.5,0,0,0,0,0,0,7.25,0,0,0
2001,TWN,2.5,-137.5,0,0,0,0,0,0,0.28,0,0,0
2001,TWN,2.5,-122.5,0,0,0,0,0,0,1.3,0,0,0
2001,TWN,2.5,-117.5,0,0,0,0,0,0,2.59,0,0,0
2001,TWN,7.5,-147.5,0,0,0,0,0,0,0.7,0,0,0
2001,USA,27.5,-147.5,0,0,0,0,0,0,0,0,0,0
2001,USA,27.5,-137.5,0,0,0,0,0,0,0,0,0,0
2001,USA,27.5,-132.5,0,0,0,0,0,0,0,0,0,0
2001,USA,32.5,-147.5,0,0,0,0,0,0,0,0,0,0
2001,USA,32.5,-142.5,0,0,0,0,0,0,0,0,0,0
2001,PYF,-17.5,-147.5,0,0,0,0.12,0,0,1.01,0,0,0
2001,PYF,-17.5,-142.5,0,0,0,0,0,0,0.06,0,0,0
2001,PYF,-12.5,-147.5,0,0,0,0.89,0,0,3.38,0,0,0
2001,PYF,-12.5,-142.5,0,0,0,0.49,0,0,4.33,0,0,0
2001,TWN,-27.5,-147.5,0,0,0,0,0,0,0.52,0,0,0
2001,TWN,-12.5,-132.5,0,0,0,0,0,0,3.31,0,0,0
2001,TWN,-7.5,-137.5,0,0,0,0,0,0,14.45,0,0,0
2001,TWN,-7.5,-132.5,0,0,0,0,0,0,5.4,0,0,0
2001,TWN,-2.5,-147.5,0,0,0,0,0,0,0.16,0,0,0
2001,TWN,-2.5,-142.5,0,0,0,0,0,0,0.34,0,0,0
2001,TWN,-2.5,-137.5,0,0,0,0,0,0,1.16,0,0,0
2001,TWN,2.5,-147.5,0,0,0,0,0,0,1.11,0,0,0
2001,TWN,2.5,-142.5,0,0,0,0,0,0,0.93,0,0,0
2001,TWN,2.5,-137.5,0,0,0,0,0,0,1.11,0,0,0
2001,TWN,2.5,-132.5,0,0,0,0,0,0,2.01,0,0,0
2001,TWN,2.5,-127.5,0,0,0,0,0,0,4.9,0,0,0
2001,TWN,2.5,-122.5,0,0,0,0,0,0,2.26,0,0,0
2001,TWN,7.5,-137.5,0,0,0,0,0,0,0.5,0,0,0
2001,TWN,7.5,-127.5,0,0,0,0,0,0,0.37,0,0,0
2001,TWN,7.5,-122.5,0,0,0,0,0,0,0.37,0,0,0
2001,USA,27.5,-147.5,0,0,0,0,0,0,0,0,0,0
2001,USA,27.5,-127.5,0,0,0,0,0,0,0,0,0,0
2001,USA,32.5,-147.5,0,0,0,0,0,0,0,0,0,0
2001,USA,32.5,-137.5,0,0,0,0,0,0,0,0,0,0
2001,USA,32.5,-132.5,0,0,0,0,0,0,0,0,0,0
2001,USA,37.5,-132.5,0,0,0,0,0,0,0,0,0,0
2001,PYF,-17.5,-147.5,0,0,0,1.31,0,0,5.54,0,0,0
2001,PYF,-17.5,-142.5,0,0,0,0,0,0,0.16,0,0,0
2001,PYF,-12.5,-147.5,0,0,0,0.66,0,0,2.5,0,0,0
2001,PYF,-12.5,-142.5,0,0,0,0.87,0,0,2.6,0,0,0
2001,TWN,-7.5,-147.5,0,0,0,0,0,0,0.72,0,0,0
2001,TWN,-7.5,-142.5,0,0,0,0,0,0,11.14,0,0,0
2001,TWN,-7.5,-137.5,0,0,0,0,0,0,5.97,0,0,0
2001,TWN,-7.5,-132.5,0,0,0,0,0,0,4.27,0,0,0
2001,TWN,-2.5,-147.5,0,0,0,0,0,0,1.5,0,0,0
2001,TWN,-2.5,-142.5,0,0,0,0,0,0,0.75,0,0,0
2001,TWN,-2.5,-137.5,0,0,0,0,0,0,0.58,0,0,0
2001,TWN,-2.5,-132.5,0,0,0,0,0,0,0.2,0,0,0
2001,TWN,2.5,-147.5,0,0,0,0,0,0,5.29,0,0,0
2001,TWN,2.5,-142.5,0,0,0,0,0,0,2.1,0,0,0
2001,TWN,2.5,-137.5,0,0,0,0,0,0,1.2,0,0,0
2001,TWN,2.5,-132.5,0,0,0,0,0,0,0.36,0,0,0
2001,TWN,7.5,-142.5,0,0,0,0,0,0,0.21,0,0,0
2001,USA,2.5,-147.5,0,0,0,0,0,0,0,0,0,0
2001,USA,7.5,-147.5,0,0,0,0,0,0,0,0,0,0
2001,USA,27.5,-147.5,0,0,0,0,0,0,0,0,0,0
2001,USA,27.5,-132.5,0,0,0,0,0,0,0,0,0,0
2001,USA,27.5,-127.5,0,0,0,0,0,0,0,0,0,0
2001,USA,32.5,-142.5,0,0,0,0,0,0,0,0,0,0
2001,USA,32.5,-137.5,0,0,0,0,0,0,0,0,0,0
2001,USA,32.5,-132.5,0,0,0,0,0,0,0,0,0,0
2001,USA,32.5,-127.5,0,0,0,0,0,0,0,0,0,0
2001,USA,32.5,-122.5,0,0,0,0,0,0,0,0,0,0
2001,USA,37.5,-137.5,0,0,0,0,0,0,0,0,0,0
2001,USA,37.5,-132.5,0,0,0,0,0,0,0,0,0,0
2001,USA,37.5,-127.5,0,0,0,0,0,0,0,0,0,0
2001,PYF,-17.5,-147.5,0,0,0,0.24,0,0,2,0,0,0
2001,PYF,-17.5,-142.5,0,0,0,0.05,0,0,0,0,0,0
2001,PYF,-12.5,-147.5,0,0,0,0.8,0,0,5.4,0,0,0
2001,PYF,-12.5,-142.5,0,0,0,0.81,0,0,3,0,0,0
2001,TWN,-12.5,-137.5,0,0,0,0,0,0,1.04,0,0,0
2001,TWN,-12.5,-132.5,0,0,0,0,0,0,4.92,0,0,0
2001,TWN,-7.5,-147.5,0,0,0,0,0,0,3.47,0,0,0
2001,TWN,-7.5,-142.5,0,0,0,0,0,0,3.63,0,0,0
2001,TWN,-7.5,-137.5,0,0,0,0,0,0,8.47,0,0,0
2001,TWN,-2.5,-147.5,0,0,0,0,0,0,0.2,0,0,0
2001,TWN,-2.5,-142.5,0,0,0,0,0,0,0.96,0,0,0
2001,TWN,2.5,-147.5,0,0,0,0,0,0,2.24,0,0,0
2001,TWN,2.5,-137.5,0,0,0,0,0,0,2.85,0,0,0
2001,TWN,7.5,-147.5,0,0,0,0,0,0,1.41,0,0,0
2001,TWN,7.5,-142.5,0,0,0,0,0,0,0.2,0,0,0
2001,USA,2.5,-147.5,0,0,0,0,0,0,0,0,0,0
2001,USA,7.5,-147.5,0,0,0,0,0,0,0,0,0,0
2001,USA,17.5,-147.5,0,0,0,0,0,0,0,0,0,0
2001,USA,32.5,-132.5,0,0,0,0,0,0,0,0,0,0
2001,USA,32.5,-127.5,0,0,0,0,0,0,0,0,0,0
2001,USA,37.5,-132.5,0,0,0,0,0,0,0,0,0,0
2001,USA,37.5,-127.5,0,0,0,0,0,0,0,0,0,0
2001,PYF,-17.5,-147.5,0,0,0,0.09,0,0,0.35,0,0,0
2001,PYF,-17.5,-142.5,0,0,0,0.04,0,0,0,0,0,0
2001,PYF,-12.5,-147.5,0,0,0,1.23,0,0,7.02,0,0,0
2001,PYF,-12.5,-142.5,0,0,0,1.54,0,0,2.78,0,0,0
2001,PYF,-12.5,-137.5,0,0,0,0.2,0,0,0.12,0,0,0
2001,TWN,-32.5,-132.5,0,0,0,0,0,0,1.77,0,0,0
2001,TWN,-27.5,-137.5,0,0,0,0,0,0,0.4,0,0,0
2001,TWN,-12.5,-132.5,0,0,0,0,0,0,1.85,0,0,0
2001,TWN,-12.5,-127.5,0,0,0,0,0,0,0.85,0,0,0
2001,TWN,-7.5,-147.5,0,0,0,0,0,0,11.62,0,0,0
2001,TWN,-7.5,-137.5,0,0,0,0,0,0,3.95,0,0,0
2001,TWN,-7.5,-132.5,0,0,0,0,0,0,3.06,0,0,0
2001,TWN,-2.5,-147.5,0,0,0,0,0,0,0.8,0,0,0
2001,TWN,2.5,-137.5,0,0,0,0,0,0,1.49,0,0,0
2001,TWN,2.5,-132.5,0,0,0,0,0,0,1.18,0,0,0
2001,USA,7.5,-147.5,0,0,0,0,0,0,0,0,0,0
2001,USA,22.5,-147.5,0,0,0,0,0,0,0,0,0,0
2001,USA,27.5,-147.5,0,0,0,0,0,0,0,0,0,0
2001,USA,32.5,-132.5,0,0,0,0,0,0,0,0,0,0
2001,USA,32.5,-127.5,0,0,0,0,0,0,0,0,0,0
2001,USA,37.5,-137.5,0,0,0,0,0,0,0,0,0,0
2001,USA,37.5,-132.5,0,0,0,0,0,0,0,0,0,0
2001,USA,37.5,-127.5,0,0,0,0,0,0,0,0,0,0
2001,PYF,-17.5,-147.5,0,0,0,0.36,0,0,2.11,0,0,0
2001,PYF,-17.5,-142.5,0,0,0,0.1,0,0,0.28,0,0,0
2001,PYF,-12.5,-147.5,0,0,0,1.36,0,0,8.33,0,0,0
2001,PYF,-12.5,-142.5,0,0,0,1.25,0,0,0.29,0,0,0
2001,TWN,-32.5,-137.5,0,0,0,0,0,0,0.32,0,0,0
2001,TWN,-32.5,-132.5,0,0,0,0,0,0,6.7,0,0,0
2001,TWN,-22.5,-127.5,0,0,0,0,0,0,0.32,0,0,0
2001,TWN,-17.5,-132.5,0,0,0,0,0,0,1.38,0,0,0
2001,TWN,-17.5,-122.5,0,0,0,0,0,0,0.16,0,0,0
2001,TWN,-17.5,-117.5,0,0,0,0,0,0,0.64,0,0,0
2001,TWN,-12.5,-137.5,0,0,0,0,0,0,0.96,0,0,0
2001,TWN,-12.5,-132.5,0,0,0,0,0,0,6.13,0,0,0
2001,TWN,-7.5,-147.5,0,0,0,0,0,0,3.79,0,0,0
2001,TWN,-7.5,-142.5,0,0,0,0,0,0,4.03,0,0,0
2001,TWN,-7.5,-137.5,0,0,0,0,0,0,5.73,0,0,0
2001,TWN,-7.5,-132.5,0,0,0,0,0,0,0.2,0,0,0
2001,TWN,-7.5,-127.5,0,0,0,0,0,0,0.77,0,0,0
2001,TWN,2.5,-132.5,0,0,0,0,0,0,0.2,0,0,0
2001,TWN,7.5,-137.5,0,0,0,0,0,0,0.2,0,0,0
2001,TWN,7.5,-132.5,0,0,0,0,0,0,0.29,0,0,0
2001,TWN,7.5,-127.5,0,0,0,0,0,0,0.25,0,0,0
2001,USA,22.5,-147.5,0,0,0,0,0,0,0,0,0,0
2001,USA,27.5,-147.5,0,0,0,0,0,0,0,0,0,0
2001,USA,32.5,-132.5,0,0,0,0,0,0,0,0,0,0
2001,USA,32.5,-127.5,0,0,0,0,0,0,0,0,0,0
2001,USA,37.5,-132.5,0,0,0,0,0,0,0,0,0,0
2001,USA,37.5,-127.5,0,0,0,0,0,0,0,0,0,0
2001,PYF,-17.5,-147.5,0,0,0,1.45,0,0,3.06,0,0,0
2001,PYF,-17.5,-142.5,0,0,0,0.05,0,0,0.76,0,0,0
2001,PYF,-12.5,-147.5,0,0,0,0.78,0,0,2.9,0,0,0
2001,PYF,-12.5,-142.5,0,0,0,0.87,0,0,2.92,0,0,0
2001,PYF,-12.5,-137.5,0,0,0,0.14,0,0,0,0,0,0
2001,PYF,-7.5,-142.5,0,0,0,0.11,0,0,0,0,0,0
2001,TWN,-32.5,-122.5,0,0,0,0,0,0,6.13,0,0,0
2001,TWN,-32.5,-117.5,0,0,0,0,0,0,1.21,0,0,0
2001,TWN,-22.5,-117.5,0,0,0,0,0,0,1.41,0,0,0
2001,TWN,-17.5,-132.5,0,0,0,0,0,0,13.53,0,0,0
2001,TWN,-17.5,-127.5,0,0,0,0,0,0,1.82,0,0,0
2001,TWN,-17.5,-122.5,0,0,0,0,0,0,1.08,0,0,0
2001,TWN,-17.5,-117.5,0,0,0,0,0,0,0.28,0,0,0
2001,TWN,-12.5,-137.5,0,0,0,0,0,0,0.48,0,0,0
2001,TWN,-12.5,-132.5,0,0,0,0,0,0,1.37,0,0,0
2001,TWN,-12.5,-127.5,0,0,0,0,0,0,0.4,0,0,0
2001,TWN,-12.5,-117.5,0,0,0,0,0,0,0.76,0,0,0
2001,TWN,-7.5,-147.5,0,0,0,0,0,0,16.54,0,0,0
2001,TWN,-7.5,-142.5,0,0,0,0,0,0,0.72,0,0,0
2001,USA,17.5,-147.5,0,0,0,0,0,0,0,0,0,0
2001,USA,22.5,-147.5,0,0,0,0,0,0,0,0,0,0
2001,PYF,-17.5,-147.5,0,0,0,1.43,0,0,4.82,0,0,0
2001,PYF,-17.5,-142.5,0,0,0,0.05,0,0,0.85,0,0,0
2001,PYF,-12.5,-147.5,0,0,0,0,0,0,1.9,0,0,0
2001,PYF,-12.5,-142.5,0,0,0,0.28,0,0,2.36,0,0,0
2001,TWN,-37.5,-117.5,0,0,0,0,0,0,1.61,0,0,0
2001,TWN,-32.5,-117.5,0,0,0,0,0,0,1.53,0,0,0
2001,TWN,-22.5,-117.5,0,0,0,0,0,0,0.8,0,0,0
2001,TWN,-17.5,-122.5,0,0,0,0,0,0,0.92,0,0,0
2001,TWN,-17.5,-117.5,0,0,0,0,0,0,1.02,0,0,0
2001,TWN,-12.5,-137.5,0,0,0,0,0,0,2.42,0,0,0
2001,TWN,-12.5,-132.5,0,0,0,0,0,0,4.11,0,0,0
2001,TWN,-12.5,-117.5,0,0,0,0,0,0,3.08,0,0,0
2001,TWN,-7.5,-147.5,0,0,0,0,0,0,6.78,0,0,0
2001,TWN,-7.5,-142.5,0,0,0,0,0,0,3.22,0,0,0
2001,TWN,-7.5,-117.5,0,0,0,0,0,0,0.42,0,0,0
2001,USA,17.5,-147.5,0,0,0,0,0,0,0,0,0,0
2001,USA,17.5,-137.5,0,0,0,0,0,0,0,0,0,0
2001,USA,22.5,-147.5,0,0,0,0,0,0,0,0,0,0
2001,USA,22.5,-142.5,0,0,0,0,0,0,0,0,0,0
2001,USA,27.5,-147.5,0,0,0,0,0,0,0,0,0,0
2001,USA,27.5,-142.5,0,0,0,0,0,0,0,0,0,0
2001,USA,32.5,-127.5,0,0,0,0,0,0,0,0,0,0
2001,USA,32.5,-122.5,0,0,0,0,0,0,0,0,0,0
2002,KOR,-12.5,-142.5,0,0,0,0,0,0,0.04,0,0,0
2002,KOR,-12.5,-132.5,0,0,0,0,0,0,0.09,0,0,0
2002,KOR,-7.5,-147.5,0,0,0,0,0,0,2.64,0,0,0
2002,KOR,-7.5,-137.5,0,0,0,0,0,0,0.11,0,0,0
2002,KOR,-7.5,-132.5,0,0,0,0,0,0,0.07,0,0,0
2002,KOR,-7.5,-127.5,0,0,0,0,0,0,0.19,0,0,0
2002,KOR,-2.5,-147.5,0,0,0,0,0,0,0.06,0,0,0
2002,KOR,-2.5,-137.5,0,0,0,0,0,0,0.05,0,0,0
2002,KOR,-2.5,-132.5,0,0,0,0,0,0,0.01,0,0,0
2002,PYF,-17.5,-147.5,0,0,0,0.09,0,0,0.54,0,0,0
2002,PYF,-12.5,-147.5,0,0,0,0.1,0,0,1.32,0,0,0
2002,PYF,-12.5,-142.5,0,0,0,0,0,0,0.08,0,0,0
2002,TWN,-22.5,-122.5,0,0,0,0,0,0,14.49,0,0,0
2002,TWN,-22.5,-117.5,0,0,0,0,0,0,6.89,0,0,0
2002,TWN,-17.5,-127.5,0,0,0,0,0,0,1.95,0,0,0
2002,TWN,-17.5,-122.5,0,0,0,0,0,0,3.42,0,0,0
2002,TWN,-17.5,-117.5,0,0,0,0,0,0,0.14,0,0,0
2002,TWN,-17.5,-112.5,0,0,0,0,0,0,0.21,0,0,0
2002,TWN,-12.5,-147.5,0,0,0,0,0,0,0.31,0,0,0
2002,TWN,-12.5,-142.5,0,0,0,0,0,0,19,0,0,0
2002,TWN,-12.5,-137.5,0,0,0,0,0,0,1.52,0,0,0
2002,TWN,-12.5,-132.5,0,0,0,0,0,0,2.5,0,0,0
2002,TWN,-12.5,-127.5,0,0,0,0,0,0,0.2,0,0,0
2002,TWN,-12.5,-122.5,0,0,0,0,0,0,0.81,0,0,0
2002,TWN,-12.5,-117.5,0,0,0,0,0,0,0.1,0,0,0
2002,TWN,-12.5,-112.5,0,0,0,0,0,0,0.16,0,0,0
2002,TWN,-7.5,-147.5,0,0,0,0,0,0,0.9,0,0,0
2002,TWN,-7.5,-142.5,0,0,0,0,0,0,0.43,0,0,0
2002,TWN,-7.5,-137.5,0,0,0,0,0,0,0.97,0,0,0
2002,TWN,-7.5,-132.5,0,0,0,0,0,0,0.87,0,0,0
2002,TWN,-7.5,-127.5,0,0,0,0,0,0,0.87,0,0,0
2002,TWN,-7.5,-122.5,0,0,0,0,0,0,0.69,0,0,0
2002,TWN,-7.5,-102.5,0,0,0,0,0,0,0.14,0,0,0
2002,TWN,-2.5,-147.5,0,0,0,0,0,0,0.06,0,0,0
2002,TWN,-2.5,-142.5,0,0,0,0,0,0,1.68,0,0,0
2002,TWN,-2.5,-137.5,0,0,0,0,0,0,0.67,0,0,0
2002,TWN,-2.5,-132.5,0,0,0,0,0,0,0.07,0,0,0
2002,TWN,-2.5,-127.5,0,0,0,0,0,0,1.17,0,0,0
2002,TWN,-2.5,-122.5,0,0,0,0,0,0,0.36,0,0,0
2002,TWN,-2.5,-117.5,0,0,0,0,0,0,0.13,0,0,0
2002,TWN,-2.5,-112.5,0,0,0,0,0,0,0.68,0,0,0
2002,TWN,2.5,-147.5,0,0,0,0,0,0,2.11,0,0,0
2002,TWN,2.5,-142.5,0,0,0,0,0,0,0.65,0,0,0
2002,TWN,2.5,-137.5,0,0,0,0,0,0,1.83,0,0,0
2002,TWN,2.5,-132.5,0,0,0,0,0,0,0.23,0,0,0
2002,TWN,2.5,-127.5,0,0,0,0,0,0,0.66,0,0,0
2002,TWN,2.5,-122.5,0,0,0,0,0,0,0.03,0,0,0
2002,TWN,2.5,-117.5,0,0,0,0,0,0,0.23,0,0,0
2002,TWN,2.5,-112.5,0,0,0,0,0,0,0.17,0,0,0
2002,KOR,-7.5,-132.5,0,0,0,0,0,0,0.13,0,0,0
2002,KOR,-2.5,-147.5,0,0,0,0,0,0,0.15,0,0,0
2002,KOR,-2.5,-142.5,0,0,0,0,0,0,0.08,0,0,0
2002,KOR,-2.5,-137.5,0,0,0,0,0,0,0.39,0,0,0
2002,KOR,-2.5,-132.5,0,0,0,0,0,0,0.22,0,0,0
2002,KOR,-2.5,-127.5,0,0,0,0,0,0,0.06,0,0,0
2002,PYF,-12.5,-147.5,0,0,0,0.09,0,0,2.42,0,0,0
2002,PYF,-12.5,-142.5,0,0,0,0.07,0,0,0,0,0,0
2002,PYF,-12.5,-137.5,0,0,0,0.1,0,0,0,0,0,0
2002,TWN,-42.5,-147.5,0,0,0,0,0,0,0.4,0,0,0
2002,TWN,-22.5,-122.5,0,0,0,0,0,0,0.1,0,0,0
2002,TWN,-17.5,-132.5,0,0,0,0,0,0,1.56,0,0,0
2002,TWN,-17.5,-127.5,0,0,0,0,0,0,3.6,0,0,0
2002,TWN,-17.5,-122.5,0,0,0,0,0,0,1.73,0,0,0
2002,TWN,-17.5,-117.5,0,0,0,0,0,0,0.82,0,0,0
2002,TWN,-12.5,-147.5,0,0,0,0,0,0,2.15,0,0,0
2002,TWN,-12.5,-142.5,0,0,0,0,0,0,1.53,0,0,0
2002,TWN,-12.5,-107.5,0,0,0,0,0,0,0.29,0,0,0
2002,TWN,-7.5,-147.5,0,0,0,0,0,0,1.27,0,0,0
2002,TWN,-7.5,-137.5,0,0,0,0,0,0,0.49,0,0,0
2002,TWN,-7.5,-132.5,0,0,0,0,0,0,1.94,0,0,0
2002,TWN,-7.5,-127.5,0,0,0,0,0,0,0.37,0,0,0
2002,TWN,-7.5,-122.5,0,0,0,0,0,0,1.65,0,0,0
2002,TWN,-7.5,-112.5,0,0,0,0,0,0,13.39,0,0,0
2002,TWN,-7.5,-102.5,0,0,0,0,0,0,12.6,0,0,0
2002,TWN,-2.5,-147.5,0,0,0,0,0,0,1.53,0,0,0
2002,TWN,-2.5,-142.5,0,0,0,0,0,0,0.71,0,0,0
2002,TWN,-2.5,-127.5,0,0,0,0,0,0,2.79,0,0,0
2002,TWN,-2.5,-122.5,0,0,0,0,0,0,12.56,0,0,0
2002,TWN,-2.5,-117.5,0,0,0,0,0,0,1.96,0,0,0
2002,TWN,-2.5,-112.5,0,0,0,0,0,0,1.11,0,0,0
2002,TWN,2.5,-147.5,0,0,0,0,0,0,0.17,0,0,0
2002,TWN,2.5,-142.5,0,0,0,0,0,0,0.05,0,0,0
2002,TWN,2.5,-137.5,0,0,0,0,0,0,0.18,0,0,0
2002,TWN,2.5,-132.5,0,0,0,0,0,0,3.81,0,0,0
2002,TWN,2.5,-127.5,0,0,0,0,0,0,0.18,0,0,0
2002,TWN,2.5,-122.5,0,0,0,0,0,0,3.26,0,0,0
2002,KOR,-7.5,-147.5,0,0,0,0,0,0,0.03,0,0,0
2002,KOR,-7.5,-132.5,0,0,0,0,0,0,0.04,0,0,0
2002,KOR,-2.5,-147.5,0,0,0,0,0,0,0.17,0,0,0
2002,KOR,-2.5,-142.5,0,0,0,0,0,0,0.05,0,0,0
2002,KOR,-2.5,-137.5,0,0,0,0,0,0,0.06,0,0,0
2002,KOR,2.5,-147.5,0,0,0,0,0,0,0.25,0,0,0
2002,KOR,2.5,-142.5,0,0,0,0,0,0,0.11,0,0,0
2002,PYF,-12.5,-147.5,0,0,0,0,0,0,1,0,0,0
2002,PYF,-12.5,-142.5,0,0,0,0.07,0,0,0.61,0,0,0
2002,TWN,-42.5,-147.5,0,0,0,0,0,0,0.29,0,0,0
2002,TWN,-42.5,-142.5,0,0,0,0,0,0,0.12,0,0,0
2002,TWN,-42.5,-127.5,0,0,0,0,0,0,2.82,0,0,0
2002,TWN,-42.5,-122.5,0,0,0,0,0,0,0.86,0,0,0
2002,TWN,-37.5,-127.5,0,0,0,0,0,0,2.63,0,0,0
2002,TWN,-22.5,-127.5,0,0,0,0,0,0,0.15,0,0,0
2002,TWN,-17.5,-137.5,0,0,0,0,0,0,1.12,0,0,0
2002,TWN,-17.5,-132.5,0,0,0,0,0,0,1.37,0,0,0
2002,TWN,-17.5,-127.5,0,0,0,0,0,0,7.16,0,0,0
2002,TWN,-12.5,-147.5,0,0,0,0,0,0,4.6,0,0,0
2002,TWN,-12.5,-132.5,0,0,0,0,0,0,0.27,0,0,0
2002,TWN,-12.5,-127.5,0,0,0,0,0,0,0.81,0,0,0
2002,TWN,-12.5,-122.5,0,0,0,0,0,0,0.45,0,0,0
2002,TWN,-12.5,-117.5,0,0,0,0,0,0,0.21,0,0,0
2002,TWN,-12.5,-107.5,0,0,0,0,0,0,0.17,0,0,0
2002,TWN,-12.5,-102.5,0,0,0,0,0,0,0.46,0,0,0
2002,TWN,-7.5,-147.5,0,0,0,0,0,0,0.68,0,0,0
2002,TWN,-7.5,-142.5,0,0,0,0,0,0,5.73,0,0,0
2002,TWN,-7.5,-127.5,0,0,0,0,0,0,1.21,0,0,0
2002,TWN,-7.5,-122.5,0,0,0,0,0,0,0.45,0,0,0
2002,TWN,-7.5,-117.5,0,0,0,0,0,0,2.48,0,0,0
2002,TWN,-2.5,-147.5,0,0,0,0,0,0,1.54,0,0,0
2002,TWN,-2.5,-142.5,0,0,0,0,0,0,1.89,0,0,0
2002,TWN,-2.5,-137.5,0,0,0,0,0,0,1.65,0,0,0
2002,TWN,-2.5,-132.5,0,0,0,0,0,0,0.17,0,0,0
2002,TWN,-2.5,-127.5,0,0,0,0,0,0,7.4,0,0,0
2002,TWN,-2.5,-122.5,0,0,0,0,0,0,1.66,0,0,0
2002,TWN,-2.5,-117.5,0,0,0,0,0,0,0.33,0,0,0
2002,TWN,-2.5,-112.5,0,0,0,0,0,0,0.41,0,0,0
2002,TWN,2.5,-147.5,0,0,0,0,0,0,0.82,0,0,0
2002,TWN,2.5,-142.5,0,0,0,0,0,0,11.08,0,0,0
2002,TWN,2.5,-137.5,0,0,0,0,0,0,6.49,0,0,0
2002,TWN,2.5,-132.5,0,0,0,0,0,0,0.31,0,0,0
2002,TWN,2.5,-127.5,0,0,0,0,0,0,0.09,0,0,0
2002,TWN,2.5,-122.5,0,0,0,0,0,0,0.95,0,0,0
2002,TWN,2.5,-117.5,0,0,0,0,0,0,0.18,0,0,0
2002,TWN,2.5,-112.5,0,0,0,0,0,0,0.24,0,0,0
2002,KOR,2.5,-147.5,0,0,0,0,0,0,0.01,0,0,0
2002,KOR,7.5,-132.5,0,0,0,0,0,0,0.03,0,0,0
2002,PYF,-12.5,-147.5,0,0,0,0,0,0,0.2,0,0,0
2002,TWN,-42.5,-137.5,0,0,0,0,0,0,1.96,0,0,0
2002,TWN,-42.5,-132.5,0,0,0,0,0,0,0.34,0,0,0
2002,TWN,-42.5,-127.5,0,0,0,0,0,0,2.03,0,0,0
2002,TWN,-42.5,-122.5,0,0,0,0,0,0,4.12,0,0,0
2002,TWN,-37.5,-137.5,0,0,0,0,0,0,1.16,0,0,0
2002,TWN,-37.5,-127.5,0,0,0,0,0,0,1.41,0,0,0
2002,TWN,-37.5,-122.5,0,0,0,0,0,0,0.36,0,0,0
2002,TWN,-32.5,-147.5,0,0,0,0,0,0,0.2,0,0,0
2002,TWN,-32.5,-137.5,0,0,0,0,0,0,6.43,0,0,0
2002,TWN,-32.5,-132.5,0,0,0,0,0,0,3.51,0,0,0
2002,TWN,-17.5,-117.5,0,0,0,0,0,0,4.42,0,0,0
2002,TWN,-12.5,-147.5,0,0,0,0,0,0,0.3,0,0,0
2002,TWN,-12.5,-127.5,0,0,0,0,0,0,1.75,0,0,0
2002,TWN,-12.5,-122.5,0,0,0,0,0,0,0.03,0,0,0
2002,TWN,-12.5,-107.5,0,0,0,0,0,0,0.39,0,0,0
2002,TWN,-7.5,-147.5,0,0,0,0,0,0,1.39,0,0,0
2002,TWN,-7.5,-142.5,0,0,0,0,0,0,1.27,0,0,0
2002,TWN,-7.5,-137.5,0,0,0,0,0,0,0.27,0,0,0
2002,TWN,-7.5,-127.5,0,0,0,0,0,0,0.37,0,0,0
2002,TWN,-7.5,-117.5,0,0,0,0,0,0,0.18,0,0,0
2002,TWN,-7.5,-112.5,0,0,0,0,0,0,0.65,0,0,0
2002,TWN,-2.5,-147.5,0,0,0,0,0,0,8.16,0,0,0
2002,TWN,-2.5,-142.5,0,0,0,0,0,0,0.94,0,0,0
2002,TWN,-2.5,-137.5,0,0,0,0,0,0,0.37,0,0,0
2002,TWN,-2.5,-132.5,0,0,0,0,0,0,0.89,0,0,0
2002,TWN,-2.5,-127.5,0,0,0,0,0,0,0.56,0,0,0
2002,TWN,-2.5,-117.5,0,0,0,0,0,0,0.72,0,0,0
2002,TWN,-2.5,-112.5,0,0,0,0,0,0,0.32,0,0,0
2002,TWN,-2.5,-107.5,0,0,0,0,0,0,0.59,0,0,0
2002,TWN,2.5,-147.5,0,0,0,0,0,0,1.8,0,0,0
2002,TWN,2.5,-137.5,0,0,0,0,0,0,0.85,0,0,0
2002,TWN,2.5,-132.5,0,0,0,0,0,0,1.91,0,0,0
2002,TWN,2.5,-127.5,0,0,0,0,0,0,1.82,0,0,0
2002,TWN,2.5,-117.5,0,0,0,0,0,0,1.36,0,0,0
2002,KOR,-7.5,-147.5,0,0,0,0,0,0,0.07,0,0,0
2002,KOR,2.5,-137.5,0,0,0,0,0,0,0.04,0,0,0
2002,TWN,-42.5,-122.5,0,0,0,0,0,0,0.78,0,0,0
2002,TWN,-37.5,-147.5,0,0,0,0,0,0,1.97,0,0,0
2002,TWN,-37.5,-142.5,0,0,0,0,0,0,46.17,0,0,0
2002,TWN,-37.5,-137.5,0,0,0,0,0,0,18.94,0,0,0
2002,TWN,-37.5,-132.5,0,0,0,0,0,0,14.65,0,0,0
2002,TWN,-37.5,-127.5,0,0,0,0,0,0,1.56,0,0,0
2002,TWN,-37.5,-122.5,0,0,0,0,0,0,3.75,0,0,0
2002,TWN,-32.5,-142.5,0,0,0,0,0,0,1.07,0,0,0
2002,TWN,-32.5,-137.5,0,0,0,0,0,0,1.07,0,0,0
2002,TWN,-32.5,-127.5,0,0,0,0,0,0,20.12,0,0,0
2002,TWN,-32.5,-122.5,0,0,0,0,0,0,0.68,0,0,0
2002,TWN,-27.5,-147.5,0,0,0,0,0,0,1.07,0,0,0
2002,TWN,-27.5,-137.5,0,0,0,0,0,0,2.81,0,0,0
2002,TWN,-22.5,-82.5,0,0,0,0,0,0,3.06,0,0,0
2002,TWN,-17.5,-137.5,0,0,0,0,0,0,1.68,0,0,0
2002,TWN,-17.5,-87.5,0,0,0,0,0,0,0.48,0,0,0
2002,TWN,-12.5,-147.5,0,0,0,0,0,0,3.65,0,0,0
2002,TWN,-12.5,-142.5,0,0,0,0,0,0,3.18,0,0,0
2002,TWN,-12.5,-137.5,0,0,0,0,0,0,4.68,0,0,0
2002,TWN,-12.5,-127.5,0,0,0,0,0,0,0.35,0,0,0
2002,TWN,-12.5,-122.5,0,0,0,0,0,0,1.37,0,0,0
2002,TWN,-12.5,-117.5,0,0,0,0,0,0,0.06,0,0,0
2002,TWN,-12.5,-112.5,0,0,0,0,0,0,0.29,0,0,0
2002,TWN,-12.5,-107.5,0,0,0,0,0,0,0.16,0,0,0
2002,TWN,-12.5,-102.5,0,0,0,0,0,0,0.37,0,0,0
2002,TWN,-12.5,-97.5,0,0,0,0,0,0,1.62,0,0,0
2002,TWN,-12.5,-92.5,0,0,0,0,0,0,5.25,0,0,0
2002,TWN,-12.5,-87.5,0,0,0,0,0,0,2.98,0,0,0
2002,TWN,-7.5,-147.5,0,0,0,0,0,0,2.07,0,0,0
2002,TWN,-7.5,-142.5,0,0,0,0,0,0,0.8,0,0,0
2002,TWN,-7.5,-137.5,0,0,0,0,0,0,6.53,0,0,0
2002,TWN,-7.5,-132.5,0,0,0,0,0,0,5.52,0,0,0
2002,TWN,-7.5,-127.5,0,0,0,0,0,0,4.03,0,0,0
2002,TWN,-7.5,-117.5,0,0,0,0,0,0,0.85,0,0,0
2002,TWN,-2.5,-147.5,0,0,0,0,0,0,3.05,0,0,0
2002,TWN,-2.5,-142.5,0,0,0,0,0,0,0.94,0,0,0
2002,TWN,-2.5,-137.5,0,0,0,0,0,0,0.5,0,0,0
2002,TWN,-2.5,-132.5,0,0,0,0,0,0,0.9,0,0,0
2002,TWN,-2.5,-117.5,0,0,0,0,0,0,2.67,0,0,0
2002,TWN,-2.5,-112.5,0,0,0,0,0,0,0.09,0,0,0
2002,TWN,2.5,-147.5,0,0,0,0,0,0,0.77,0,0,0
2002,TWN,2.5,-142.5,0,0,0,0,0,0,0.08,0,0,0
2002,TWN,2.5,-137.5,0,0,0,0,0,0,0.9,0,0,0
2002,TWN,2.5,-132.5,0,0,0,0,0,0,0.31,0,0,0
2002,TWN,2.5,-117.5,0,0,0,0,0,0,1.42,0,0,0
2002,TWN,2.5,-112.5,0,0,0,0,0,0,1.88,0,0,0
2002,KOR,-12.5,-147.5,0,0,0,0,0,0,0.05,0,0,0
2002,KOR,-7.5,-147.5,0,0,0,0,0,0,0.12,0,0,0
2002,KOR,-7.5,-132.5,0,0,0,0,0,0,0.06,0,0,0
2002,KOR,2.5,-137.5,0,0,0,0,0,0,0.07,0,0,0
2002,TWN,-37.5,-147.5,0,0,0,0,0,0,2.53,0,0,0
2002,TWN,-32.5,-142.5,0,0,0,0,0,0,16.07,0,0,0
2002,TWN,-32.5,-137.5,0,0,0,0,0,0,0.95,0,0,0
2002,TWN,-32.5,-132.5,0,0,0,0,0,0,6.42,0,0,0
2002,TWN,-27.5,-142.5,0,0,0,0,0,0,20.23,0,0,0
2002,TWN,-27.5,-137.5,0,0,0,0,0,0,1.95,0,0,0
2002,TWN,-17.5,-87.5,0,0,0,0,0,0,0.43,0,0,0
2002,TWN,-12.5,-127.5,0,0,0,0,0,0,1.4,0,0,0
2002,TWN,-12.5,-122.5,0,0,0,0,0,0,0.87,0,0,0
2002,TWN,-12.5,-97.5,0,0,0,0,0,0,5.35,0,0,0
2002,TWN,-7.5,-147.5,0,0,0,0,0,0,10.72,0,0,0
2002,TWN,-7.5,-132.5,0,0,0,0,0,0,3,0,0,0
2002,TWN,-7.5,-127.5,0,0,0,0,0,0,0.46,0,0,0
2002,TWN,-2.5,-147.5,0,0,0,0,0,0,23.14,0,0,0
2002,TWN,-2.5,-142.5,0,0,0,0,0,0,2.93,0,0,0
2002,TWN,-2.5,-137.5,0,0,0,0,0,0,25.15,0,0,0
2002,TWN,-2.5,-132.5,0,0,0,0,0,0,27.24,0,0,0
2002,TWN,-2.5,-127.5,0,0,0,0,0,0,3.32,0,0,0
2002,TWN,-2.5,-117.5,0,0,0,0,0,0,2.14,0,0,0
2002,TWN,-2.5,-112.5,0,0,0,0,0,0,8.79,0,0,0
2002,TWN,2.5,-147.5,0,0,0,0,0,0,1.46,0,0,0
2002,TWN,2.5,-142.5,0,0,0,0,0,0,5.74,0,0,0
2002,TWN,2.5,-137.5,0,0,0,0,0,0,4.88,0,0,0
2002,TWN,2.5,-127.5,0,0,0,0,0,0,0.48,0,0,0
2002,KOR,-7.5,-147.5,0,0,0,0,0,0,0.04,0,0,0
2002,KOR,-7.5,-132.5,0,0,0,0,0,0,0.04,0,0,0
2002,KOR,-7.5,-127.5,0,0,0,0,0,0,0.03,0,0,0
2002,KOR,-2.5,-132.5,0,0,0,0,0,0,0.09,0,0,0
2002,TWN,-17.5,-87.5,0,0,0,0,0,0,2.67,0,0,0
2002,TWN,-12.5,-147.5,0,0,0,0,0,0,1.6,0,0,0
2002,TWN,-12.5,-132.5,0,0,0,0,0,0,3.18,0,0,0
2002,TWN,-12.5,-107.5,0,0,0,0,0,0,1.27,0,0,0
2002,TWN,-12.5,-102.5,0,0,0,0,0,0,8.12,0,0,0
2002,TWN,-7.5,-147.5,0,0,0,0,0,0,15.8,0,0,0
2002,TWN,-7.5,-142.5,0,0,0,0,0,0,1.07,0,0,0
2002,TWN,-7.5,-137.5,0,0,0,0,0,0,0.78,0,0,0
2002,TWN,-2.5,-137.5,0,0,0,0,0,0,20.96,0,0,0
2002,TWN,-2.5,-132.5,0,0,0,0,0,0,2.24,0,0,0
2002,TWN,-2.5,-122.5,0,0,0,0,0,0,4.1,0,0,0
2002,TWN,-2.5,-117.5,0,0,0,0,0,0,9.82,0,0,0
2002,TWN,2.5,-147.5,0,0,0,0,0,0,1.56,0,0,0
2002,TWN,2.5,-137.5,0,0,0,0,0,0,1.79,0,0,0
2002,TWN,2.5,-122.5,0,0,0,0,0,0,1.85,0,0,0
2002,KOR,-12.5,-147.5,0,0,0,0,0,0,0.1,0,0,0
2002,KOR,-12.5,-132.5,0,0,0,0,0,0,0.26,0,0,0
2002,KOR,-7.5,-147.5,0,0,0,0,0,0,0.32,0,0,0
2002,TWN,-27.5,-137.5,0,0,0,0,0,0,1.09,0,0,0
2002,TWN,-12.5,-147.5,0,0,0,0,0,0,0.48,0,0,0
2002,TWN,-12.5,-142.5,0,0,0,0,0,0,1.17,0,0,0
2002,TWN,-12.5,-132.5,0,0,0,0,0,0,0.97,0,0,0
2002,TWN,-12.5,-127.5,0,0,0,0,0,0,0.48,0,0,0
2002,TWN,-12.5,-122.5,0,0,0,0,0,0,1.17,0,0,0
2002,TWN,-12.5,-117.5,0,0,0,0,0,0,3.92,0,0,0
2002,TWN,-12.5,-112.5,0,0,0,0,0,0,0.78,0,0,0
2002,TWN,-12.5,-92.5,0,0,0,0,0,0,0.87,0,0,0
2002,TWN,-12.5,-87.5,0,0,0,0,0,0,0.66,0,0,0
2002,TWN,-7.5,-147.5,0,0,0,0,0,0,1.15,0,0,0
2002,TWN,-7.5,-137.5,0,0,0,0,0,0,26.93,0,0,0
2002,TWN,-7.5,-122.5,0,0,0,0,0,0,6.25,0,0,0
2002,TWN,-2.5,-147.5,0,0,0,0,0,0,5.33,0,0,0
2002,TWN,-2.5,-142.5,0,0,0,0,0,0,0.99,0,0,0
2002,TWN,-2.5,-137.5,0,0,0,0,0,0,18.16,0,0,0
2002,TWN,-2.5,-132.5,0,0,0,0,0,0,2.83,0,0,0
2002,TWN,-2.5,-127.5,0,0,0,0,0,0,3.82,0,0,0
2002,TWN,-2.5,-122.5,0,0,0,0,0,0,20.82,0,0,0
2002,TWN,2.5,-147.5,0,0,0,0,0,0,0.62,0,0,0
2002,TWN,2.5,-142.5,0,0,0,0,0,0,10.56,0,0,0
2002,TWN,2.5,-137.5,0,0,0,0,0,0,0.97,0,0,0
2002,TWN,2.5,-132.5,0,0,0,0,0,0,0.78,0,0,0
2002,KOR,-7.5,-147.5,0,0,0,0,0,0,0.04,0,0,0
2002,KOR,-7.5,-142.5,0,0,0,0,0,0,0.28,0,0,0
2002,KOR,-7.5,-137.5,0,0,0,0,0,0,0.04,0,0,0
2002,KOR,-7.5,-132.5,0,0,0,0,0,0,0.05,0,0,0
2002,KOR,-2.5,-147.5,0,0,0,0,0,0,0.06,0,0,0
2002,KOR,-2.5,-142.5,0,0,0,0,0,0,0.09,0,0,0
2002,KOR,2.5,-102.5,0,0,0,0,0,0,0.17,0,0,0
2002,TWN,-27.5,-137.5,0,0,0,0,0,0,25.39,0,0,0
2002,TWN,-22.5,-127.5,0,0,0,0,0,0,1.95,0,0,0
2002,TWN,-17.5,-137.5,0,0,0,0,0,0,0.97,0,0,0
2002,TWN,-17.5,-132.5,0,0,0,0,0,0,2.53,0,0,0
2002,TWN,-17.5,-127.5,0,0,0,0,0,0,1.27,0,0,0
2002,TWN,-12.5,-147.5,0,0,0,0,0,0,2.63,0,0,0
2002,TWN,-12.5,-142.5,0,0,0,0,0,0,11.95,0,0,0
2002,TWN,-12.5,-137.5,0,0,0,0,0,0,2.73,0,0,0
2002,TWN,-12.5,-127.5,0,0,0,0,0,0,4.76,0,0,0
2002,TWN,-12.5,-122.5,0,0,0,0,0,0,1.95,0,0,0
2002,TWN,-12.5,-112.5,0,0,0,0,0,0,4.51,0,0,0
2002,TWN,-12.5,-92.5,0,0,0,0,0,0,1.95,0,0,0
2002,TWN,-7.5,-107.5,0,0,0,0,0,0,0.11,0,0,0
2002,TWN,-7.5,-102.5,0,0,0,0,0,0,7.77,0,0,0
2002,TWN,-2.5,-147.5,0,0,0,0,0,0,0.99,0,0,0
2002,TWN,-2.5,-142.5,0,0,0,0,0,0,17.03,0,0,0
2002,TWN,-2.5,-137.5,0,0,0,0,0,0,4.94,0,0,0
2002,TWN,-2.5,-132.5,0,0,0,0,0,0,1.95,0,0,0
2002,TWN,-2.5,-127.5,0,0,0,0,0,0,1.91,0,0,0
2002,TWN,-2.5,-122.5,0,0,0,0,0,0,7.18,0,0,0
2002,TWN,2.5,-147.5,0,0,0,0,0,0,2.48,0,0,0
2002,TWN,2.5,-142.5,0,0,0,0,0,0,16.64,0,0,0
2002,TWN,2.5,-137.5,0,0,0,0,0,0,0.68,0,0,0
2002,TWN,2.5,-132.5,0,0,0,0,0,0,6.34,0,0,0
2002,KOR,-12.5,-147.5,0,0,0,0,0,0,0.13,0,0,0
2002,KOR,-12.5,-137.5,0,0,0,0,0,0,0.11,0,0,0
2002,KOR,-12.5,-132.5,0,0,0,0,0,0,0.06,0,0,0
2002,KOR,-12.5,-112.5,0,0,0,0,0,0,0.08,0,0,0
2002,KOR,-7.5,-142.5,0,0,0,0,0,0,0.04,0,0,0
2002,KOR,-7.5,-137.5,0,0,0,0,0,0,0.05,0,0,0
2002,KOR,-7.5,-132.5,0,0,0,0,0,0,0.16,0,0,0
2002,KOR,2.5,-142.5,0,0,0,0,0,0,0.07,0,0,0
2002,TWN,-27.5,-137.5,0,0,0,0,0,0,10.07,0,0,0
2002,TWN,-17.5,-127.5,0,0,0,0,0,0,2.83,0,0,0
2002,TWN,-17.5,-122.5,0,0,0,0,0,0,1.27,0,0,0
2002,TWN,-17.5,-97.5,0,0,0,0,0,0,0.87,0,0,0
2002,TWN,-12.5,-122.5,0,0,0,0,0,0,3.71,0,0,0
2002,TWN,-12.5,-117.5,0,0,0,0,0,0,4.1,0,0,0
2002,TWN,-12.5,-97.5,0,0,0,0,0,0,2.71,0,0,0
2002,TWN,-7.5,-147.5,0,0,0,0,0,0,7.83,0,0,0
2002,TWN,-7.5,-132.5,0,0,0,0,0,0,0.91,0,0,0
2002,TWN,-2.5,-147.5,0,0,0,0,0,0,1.3,0,0,0
2002,TWN,-2.5,-142.5,0,0,0,0,0,0,2.34,0,0,0
2002,KOR,-12.5,-147.5,0,0,0,0,0,0,0.03,0,0,0
2002,KOR,-12.5,-127.5,0,0,0,0,0,0,0.06,0,0,0
2002,KOR,-12.5,-122.5,0,0,0,0,0,0,0.03,0,0,0
2002,KOR,-12.5,-117.5,0,0,0,0,0,0,0.15,0,0,0
2002,KOR,-7.5,-137.5,0,0,0,0,0,0,0.16,0,0,0
2002,KOR,-2.5,-147.5,0,0,0,0,0,0,4.66,0,0,0
2002,KOR,-2.5,-142.5,0,0,0,0,0,0,1.11,0,0,0
2002,KOR,-2.5,-137.5,0,0,0,0,0,0,2.98,0,0,0
2002,KOR,12.5,-142.5,0,0,0,0,0,0,0.86,0,0,0
2002,KOR,12.5,-132.5,0,0,0,0,0,0,13.04,0,0,0
2002,KOR,12.5,-127.5,0,0,0,0,0,0,0.72,0,0,0
2002,TWN,-17.5,-127.5,0,0,0,0,0,0,4.1,0,0,0
2002,TWN,-12.5,-147.5,0,0,0,0,0,0,5.07,0,0,0
2002,TWN,-12.5,-142.5,0,0,0,0,0,0,4.29,0,0,0
2002,TWN,-12.5,-137.5,0,0,0,0,0,0,6.25,0,0,0
2002,TWN,-12.5,-132.5,0,0,0,0,0,0,0.58,0,0,0
2002,TWN,-7.5,-127.5,0,0,0,0,0,0,1.79,0,0,0
2002,TWN,-7.5,-122.5,0,0,0,0,0,0,2.73,0,0,0
2002,TWN,2.5,-147.5,0,0,0,0,0,0,5.88,0,0,0
2002,KOR,-12.5,-142.5,0,0,0,0,0,0,0.14,0,0,0
2002,KOR,-12.5,-127.5,0,0,0,0,0,0,0.07,0,0,0
2002,KOR,-12.5,-122.5,0,0,0,0,0,0,0.04,0,0,0
2002,KOR,-12.5,-117.5,0,0,0,0,0,0,0.11,0,0,0
2002,KOR,-12.5,-112.5,0,0,0,0,0,0,0.05,0,0,0
2002,KOR,-2.5,-147.5,0,0,0,0,0,0,0.96,0,0,0
2002,KOR,-2.5,-142.5,0,0,0,0,0,0,1.08,0,0,0
2002,KOR,-2.5,-132.5,0,0,0,0,0,0,22.38,0,0,0
2002,KOR,-2.5,-127.5,0,0,0,0,0,0,1.6,0,0,0
2002,KOR,2.5,-127.5,0,0,0,0,0,0,0.06,0,0,0
2002,KOR,7.5,-117.5,0,0,0,0,0,0,0.02,0,0,0
2002,KOR,12.5,-137.5,0,0,0,0,0,0,7.94,0,0,0
2002,KOR,12.5,-132.5,0,0,0,0,0,0,2.21,0,0,0
2002,TWN,-22.5,-122.5,0,0,0,0,0,0,7.03,0,0,0
2002,TWN,-22.5,-117.5,0,0,0,0,0,0,48.73,0,0,0
2002,TWN,-22.5,-112.5,0,0,0,0,0,0,4.1,0,0,0
2002,TWN,-12.5,-117.5,0,0,0,0,0,0,49.3,0,0,0
2002,TWN,-7.5,-142.5,0,0,0,0,0,0,8.59,0,0,0
2002,TWN,-2.5,-142.5,0,0,0,0,0,0,8.82,0,0,0
2002,TWN,-2.5,-132.5,0,0,0,0,0,0,32.42,0,0,0
2002,TWN,-2.5,-112.5,0,0,0,0,0,0,11.72,0,0,0
2002,TWN,2.5,-117.5,0,0,0,0,0,0,23.24,0,0,0
2003,KOR,-12.5,-122.5,0,0,0,0,0,0,0.29,0,0,0
2003,KOR,-12.5,-112.5,0,0,0,0,0,0,0.01,0,0,0
2003,KOR,-7.5,-147.5,0,0,0,0,0,0,1.65,0,0,0
2003,KOR,-7.5,-132.5,0,0,0,0,0,0,0.07,0,0,0
2003,KOR,-7.5,-127.5,0,0,0,0,0,0,0.01,0,0,0
2003,KOR,-7.5,-122.5,0,0,0,0,0,0,0.07,0,0,0
2003,KOR,-7.5,-117.5,0,0,0,0,0,0,0.12,0,0,0
2003,KOR,-7.5,-112.5,0,0,0,0,0,0,0.03,0,0,0
2003,KOR,-2.5,-147.5,0,0,0,0,0,0,0.01,0,0,0
2003,KOR,-2.5,-142.5,0,0,0,0,0,0,0.25,0,0,0
2003,KOR,-2.5,-137.5,0,0,0,0,0,0,0.08,0,0,0
2003,KOR,-2.5,-132.5,0,0,0,0,0,0,0.28,0,0,0
2003,KOR,7.5,-132.5,0,0,0,0,0,0,0.14,0,0,0
2003,KOR,7.5,-127.5,0,0,0,0,0,0,0.23,0,0,0
2003,KOR,7.5,-102.5,0,0,0,0,0,0,0.31,0,0,0
2003,KOR,7.5,-92.5,0,0,0,0,0,0,3.54,0,0,0
2003,KOR,12.5,-137.5,0,0,0,0,0,0,1.28,0,0,0
2003,KOR,12.5,-132.5,0,0,0,0,0,0,4.69,0,0,0
2003,KOR,12.5,-117.5,0,0,0,0,0,0,0.49,0,0,0
2003,KOR,12.5,-112.5,0,0,0,0,0,0,0.25,0,0,0
2003,KOR,12.5,-107.5,0,0,0,0,0,0,1.31,0,0,0
2003,KOR,12.5,-102.5,0,0,0,0,0,0,1.59,0,0,0
2003,KOR,12.5,-97.5,0,0,0,0,0,0,3.74,0,0,0
2003,PYF,-17.5,-147.5,0,0,0,0,0,0,0.24,0,0,0
2003,PYF,-12.5,-147.5,0,0,0,0.3,0,0,8.06,0,0,0
2003,PYF,-12.5,-142.5,0,0,0,0.58,0,0,1.8,0,0,0
2003,TWN,-22.5,-122.5,0,0,0,0,0,0,0.7,0,0,0
2003,TWN,-22.5,-117.5,0,0,0,0,0,0,0.61,0,0,0
2003,TWN,-22.5,-112.5,0,0,0,0,0,0,4.3,0,0,0
2003,TWN,-22.5,-107.5,0,0,0,0,0,0,0.54,0,0,0
2003,TWN,-22.5,-102.5,0,0,0,0,0,0,4.68,0,0,0
2003,TWN,-17.5,-132.5,0,0,0,0,0,0,4.36,0,0,0
2003,TWN,-17.5,-127.5,0,0,0,0,0,0,0.4,0,0,0
2003,TWN,-17.5,-122.5,0,0,0,0,0,0,1.63,0,0,0
2003,TWN,-17.5,-117.5,0,0,0,0,0,0,0.35,0,0,0
2003,TWN,-17.5,-112.5,0,0,0,0,0,0,1.06,0,0,0
2003,TWN,-17.5,-107.5,0,0,0,0,0,0,0.9,0,0,0
2003,TWN,-12.5,-147.5,0,0,0,0,0,0,0.09,0,0,0
2003,TWN,-12.5,-127.5,0,0,0,0,0,0,0.14,0,0,0
2003,TWN,-12.5,-122.5,0,0,0,0,0,0,1.35,0,0,0
2003,TWN,-12.5,-117.5,0,0,0,0,0,0,9.32,0,0,0
2003,TWN,-12.5,-112.5,0,0,0,0,0,0,4.12,0,0,0
2003,TWN,-12.5,-107.5,0,0,0,0,0,0,4.39,0,0,0
2003,TWN,-12.5,-102.5,0,0,0,0,0,0,1.42,0,0,0
2003,TWN,-7.5,-147.5,0,0,0,0,0,0,4.23,0,0,0
2003,TWN,-7.5,-142.5,0,0,0,0,0,0,0.4,0,0,0
2003,TWN,-7.5,-132.5,0,0,0,0,0,0,0.2,0,0,0
2003,TWN,-7.5,-127.5,0,0,0,0,0,0,0.2,0,0,0
2003,TWN,-7.5,-122.5,0,0,0,0,0,0,0.2,0,0,0
2003,TWN,-7.5,-117.5,0,0,0,0,0,0,4.06,0,0,0
2003,TWN,-7.5,-112.5,0,0,0,0,0,0,0.58,0,0,0
2003,TWN,-7.5,-107.5,0,0,0,0,0,0,0.44,0,0,0
2003,TWN,-2.5,-147.5,0,0,0,0,0,0,0.52,0,0,0
2003,TWN,-2.5,-142.5,0,0,0,0,0,0,0.55,0,0,0
2003,TWN,-2.5,-137.5,0,0,0,0,0,0,0.83,0,0,0
2003,TWN,-2.5,-132.5,0,0,0,0,0,0,0.21,0,0,0
2003,TWN,-2.5,-127.5,0,0,0,0,0,0,0.14,0,0,0
2003,TWN,-2.5,-117.5,0,0,0,0,0,0,0.57,0,0,0
2003,TWN,2.5,-137.5,0,0,0,0,0,0,0.31,0,0,0
2003,TWN,2.5,-132.5,0,0,0,0,0,0,0.09,0,0,0
2003,TWN,2.5,-122.5,0,0,0,0,0,0,0.67,0,0,0
2003,TWN,2.5,-117.5,0,0,0,0,0,0,0.59,0,0,0
2003,TWN,2.5,-112.5,0,0,0,0,0,0,1.04,0,0,0
2003,KOR,-12.5,-122.5,0,0,0,0,0,0,0.71,0,0,0
2003,KOR,-12.5,-117.5,0,0,0,0,0,0,0.01,0,0,0
2003,KOR,-7.5,-147.5,0,0,0,0,0,0,0.46,0,0,0
2003,KOR,-7.5,-122.5,0,0,0,0,0,0,0.05,0,0,0
2003,KOR,2.5,-87.5,0,0,0,0,0,0,0.09,0,0,0
2003,KOR,7.5,-122.5,0,0,0,0,0,0,0.37,0,0,0
2003,KOR,7.5,-92.5,0,0,0,0,0,0,4.78,0,0,0
2003,KOR,12.5,-132.5,0,0,0,0,0,0,0.92,0,0,0
2003,KOR,12.5,-127.5,0,0,0,0,0,0,2.6,0,0,0
2003,KOR,12.5,-117.5,0,0,0,0,0,0,1.71,0,0,0
2003,KOR,12.5,-112.5,0,0,0,0,0,0,1.21,0,0,0
2003,KOR,12.5,-102.5,0,0,0,0,0,0,0.04,0,0,0
2003,KOR,12.5,-97.5,0,0,0,0,0,0,0.25,0,0,0
2003,KOR,17.5,-122.5,0,0,0,0,0,0,0.61,0,0,0
2003,KOR,17.5,-117.5,0,0,0,0,0,0,0.62,0,0,0
2003,PYF,-22.5,-137.5,0,0,0,0,0,0,0.04,0,0,0
2003,PYF,-17.5,-147.5,0,0,0,0,0,0,2.08,0,0,0
2003,PYF,-17.5,-142.5,0,0,0,0,0,0,0.73,0,0,0
2003,PYF,-12.5,-147.5,0,0,0,3.62,0,0,6.59,0,0,0
2003,PYF,-12.5,-142.5,0,0,0,0.36,0,0,5.3,0,0,0
2003,PYF,-12.5,-137.5,0,0,0,0.08,0,0,0,0,0,0
2003,PYF,-2.5,-137.5,0,0,0,0,0,0,0.16,0,0,0
2003,TWN,-42.5,-127.5,0,0,0,0,0,0,3.33,0,0,0
2003,TWN,-27.5,-137.5,0,0,0,0,0,0,0.41,0,0,0
2003,TWN,-22.5,-132.5,0,0,0,0,0,0,0.76,0,0,0
2003,TWN,-17.5,-132.5,0,0,0,0,0,0,2.5,0,0,0
2003,TWN,-17.5,-127.5,0,0,0,0,0,0,0.29,0,0,0
2003,TWN,-17.5,-112.5,0,0,0,0,0,0,0.62,0,0,0
2003,TWN,-12.5,-147.5,0,0,0,0,0,0,0.44,0,0,0
2003,TWN,-12.5,-142.5,0,0,0,0,0,0,0.63,0,0,0
2003,TWN,-12.5,-122.5,0,0,0,0,0,0,0.47,0,0,0
2003,TWN,-12.5,-117.5,0,0,0,0,0,0,2.99,0,0,0
2003,TWN,-12.5,-112.5,0,0,0,0,0,0,0.37,0,0,0
2003,TWN,-12.5,-107.5,0,0,0,0,0,0,4.66,0,0,0
2003,TWN,-12.5,-102.5,0,0,0,0,0,0,2.28,0,0,0
2003,TWN,-7.5,-147.5,0,0,0,0,0,0,7.31,0,0,0
2003,TWN,-7.5,-142.5,0,0,0,0,0,0,0.65,0,0,0
2003,TWN,-7.5,-127.5,0,0,0,0,0,0,0.08,0,0,0
2003,TWN,-7.5,-107.5,0,0,0,0,0,0,0.94,0,0,0
2003,TWN,-7.5,-102.5,0,0,0,0,0,0,0.12,0,0,0
2003,TWN,-2.5,-147.5,0,0,0,0,0,0,1.3,0,0,0
2003,TWN,-2.5,-142.5,0,0,0,0,0,0,2.93,0,0,0
2003,TWN,-2.5,-132.5,0,0,0,0,0,0,0.07,0,0,0
2003,TWN,2.5,-147.5,0,0,0,0,0,0,0.78,0,0,0
2003,TWN,2.5,-142.5,0,0,0,0,0,0,0.08,0,0,0
2003,TWN,7.5,-147.5,0,0,0,0,0,0,0.16,0,0,0
2003,KOR,-12.5,-127.5,0,0,0,0,0,0,0.17,0,0,0
2003,KOR,-12.5,-122.5,0,0,0,0,0,0,0.3,0,0,0
2003,KOR,-12.5,-117.5,0,0,0,0,0,0,0.04,0,0,0
2003,KOR,-7.5,-147.5,0,0,0,0,0,0,0.02,0,0,0
2003,KOR,-7.5,-142.5,0,0,0,0,0,0,0.02,0,0,0
2003,KOR,-7.5,-127.5,0,0,0,0,0,0,0.08,0,0,0
2003,KOR,-7.5,-122.5,0,0,0,0,0,0,0.01,0,0,0
2003,KOR,-7.5,-117.5,0,0,0,0,0,0,0.23,0,0,0
2003,KOR,-2.5,-147.5,0,0,0,0,0,0,0.03,0,0,0
2003,KOR,-2.5,-132.5,0,0,0,0,0,0,0.07,0,0,0
2003,KOR,-2.5,-127.5,0,0,0,0,0,0,0.15,0,0,0
2003,KOR,2.5,-147.5,0,0,0,0,0,0,0.01,0,0,0
2003,KOR,2.5,-142.5,0,0,0,0,0,0,0.03,0,0,0
2003,KOR,2.5,-137.5,0,0,0,0,0,0,0.01,0,0,0
2003,KOR,2.5,-122.5,0,0,0,0,0,0,0.38,0,0,0
2003,KOR,7.5,-147.5,0,0,0,0,0,0,0.08,0,0,0
2003,KOR,7.5,-137.5,0,0,0,0,0,0,0.01,0,0,0
2003,KOR,7.5,-127.5,0,0,0,0,0,0,1.88,0,0,0
2003,KOR,7.5,-122.5,0,0,0,0,0,0,3.13,0,0,0
2003,KOR,12.5,-142.5,0,0,0,0,0,0,0.85,0,0,0
2003,KOR,12.5,-137.5,0,0,0,0,0,0,2.42,0,0,0
2003,KOR,12.5,-132.5,0,0,0,0,0,0,0.98,0,0,0
2003,KOR,12.5,-127.5,0,0,0,0,0,0,7.58,0,0,0
2003,KOR,12.5,-122.5,0,0,0,0,0,0,19.19,0,0,0
2003,KOR,12.5,-117.5,0,0,0,0,0,0,0.7,0,0,0
2003,KOR,12.5,-112.5,0,0,0,0,0,0,0.87,0,0,0
2003,PYF,-22.5,-147.5,0,0,0,0,0,0,0.44,0,0,0
2003,PYF,-17.5,-147.5,0,0,0,0,0,0,1.52,0,0,0
2003,PYF,-17.5,-142.5,0,0,0,0,0,0,4.7,0,0,0
2003,PYF,-12.5,-147.5,0,0,0,0,0,0,5.41,0,0,0
2003,PYF,-12.5,-142.5,0,0,0,0.48,0,0,6.69,0,0,0
2003,PYF,-12.5,-137.5,0,0,0,0.08,0,0,0.21,0,0,0
2003,PYF,-7.5,-147.5,0,0,0,0,0,0,0.2,0,0,0
2003,TWN,-42.5,-137.5,0,0,0,0,0,0,5.01,0,0,0
2003,TWN,-42.5,-127.5,0,0,0,0,0,0,1.16,0,0,0
2003,TWN,-42.5,-122.5,0,0,0,0,0,0,0.52,0,0,0
2003,TWN,-37.5,-132.5,0,0,0,0,0,0,0.71,0,0,0
2003,TWN,-37.5,-122.5,0,0,0,0,0,0,3.87,0,0,0
2003,TWN,-37.5,-117.5,0,0,0,0,0,0,0.99,0,0,0
2003,TWN,-17.5,-112.5,0,0,0,0,0,0,0.18,0,0,0
2003,TWN,-17.5,-107.5,0,0,0,0,0,0,0.19,0,0,0
2003,TWN,-17.5,-102.5,0,0,0,0,0,0,3.37,0,0,0
2003,TWN,-12.5,-122.5,0,0,0,0,0,0,0.52,0,0,0
2003,TWN,-12.5,-117.5,0,0,0,0,0,0,1.96,0,0,0
2003,TWN,-12.5,-107.5,0,0,0,0,0,0,0.58,0,0,0
2003,TWN,-12.5,-102.5,0,0,0,0,0,0,0.14,0,0,0
2003,TWN,-7.5,-142.5,0,0,0,0,0,0,0.65,0,0,0
2003,TWN,-7.5,-137.5,0,0,0,0,0,0,0.87,0,0,0
2003,TWN,-7.5,-132.5,0,0,0,0,0,0,0.07,0,0,0
2003,TWN,-7.5,-122.5,0,0,0,0,0,0,0.9,0,0,0
2003,TWN,-7.5,-112.5,0,0,0,0,0,0,0.29,0,0,0
2003,TWN,-7.5,-107.5,0,0,0,0,0,0,0.51,0,0,0
2003,TWN,-7.5,-102.5,0,0,0,0,0,0,0.09,0,0,0
2003,TWN,-2.5,-147.5,0,0,0,0,0,0,0.23,0,0,0
2003,TWN,-2.5,-142.5,0,0,0,0,0,0,1.74,0,0,0
2003,TWN,-2.5,-137.5,0,0,0,0,0,0,0.76,0,0,0
2003,TWN,-2.5,-132.5,0,0,0,0,0,0,0.28,0,0,0
2003,TWN,-2.5,-117.5,0,0,0,0,0,0,2.93,0,0,0
2003,TWN,-2.5,-112.5,0,0,0,0,0,0,0.2,0,0,0
2003,TWN,-2.5,-97.5,0,0,0,0,0,0,0.29,0,0,0
2003,TWN,2.5,-147.5,0,0,0,0,0,0,0.56,0,0,0
2003,TWN,2.5,-112.5,0,0,0,0,0,0,0.18,0,0,0
2003,TWN,7.5,-147.5,0,0,0,0,0,0,0.59,0,0,0
2003,KOR,-12.5,-112.5,0,0,0,0,0,0,0.04,0,0,0
2003,KOR,-7.5,-147.5,0,0,0,0,0,0,0.15,0,0,0
2003,KOR,-7.5,-127.5,0,0,0,0,0,0,0.03,0,0,0
2003,KOR,-7.5,-122.5,0,0,0,0,0,0,0.24,0,0,0
2003,KOR,-7.5,-117.5,0,0,0,0,0,0,0.06,0,0,0
2003,KOR,-7.5,-112.5,0,0,0,0,0,0,0.13,0,0,0
2003,KOR,-2.5,-132.5,0,0,0,0,0,0,7.68E-03,0,0,0
2003,KOR,-2.5,-122.5,0,0,0,0,0,0,0.01,0,0,0
2003,KOR,2.5,-147.5,0,0,0,0,0,0,0.14,0,0,0
2003,KOR,2.5,-142.5,0,0,0,0,0,0,0.01,0,0,0
2003,KOR,7.5,-147.5,0,0,0,0,0,0,0.11,0,0,0
2003,KOR,7.5,-97.5,0,0,0,0,0,0,0.38,0,0,0
2003,KOR,7.5,-92.5,0,0,0,0,0,0,4.4,0,0,0
2003,KOR,12.5,-127.5,0,0,0,0,0,0,1.08,0,0,0
2003,KOR,12.5,-122.5,0,0,0,0,0,0,3.24,0,0,0
2003,KOR,12.5,-117.5,0,0,0,0,0,0,0.29,0,0,0
2003,KOR,12.5,-112.5,0,0,0,0,0,0,0.99,0,0,0
2003,KOR,12.5,-102.5,0,0,0,0,0,0,0.6,0,0,0
2003,KOR,12.5,-97.5,0,0,0,0,0,0,10.21,0,0,0
2003,KOR,12.5,-92.5,0,0,0,0,0,0,0.58,0,0,0
2003,PYF,-22.5,-147.5,0,0,0,0,0,0,1.32,0,0,0
2003,PYF,-17.5,-147.5,0,0,0,0.15,0,0,6.21,0,0,0
2003,PYF,-17.5,-142.5,0,0,0,0,0,0,0.4,0,0,0
2003,PYF,-12.5,-147.5,0,0,0,0.07,0,0,5.96,0,0,0
2003,PYF,-12.5,-142.5,0,0,0,0.33,0,0,0.55,0,0,0
2003,PYF,-12.5,-132.5,0,0,0,0,0,0,0.02,0,0,0
2003,PYF,-7.5,-147.5,0,0,0,0,0,0,0.2,0,0,0
2003,TWN,-42.5,-137.5,0,0,0,0,0,0,0.7,0,0,0
2003,TWN,-37.5,-137.5,0,0,0,0,0,0,0.35,0,0,0
2003,TWN,-37.5,-122.5,0,0,0,0,0,0,1.33,0,0,0
2003,TWN,-37.5,-117.5,0,0,0,0,0,0,0.18,0,0,0
2003,TWN,-37.5,-112.5,0,0,0,0,0,0,3.16,0,0,0
2003,TWN,-12.5,-147.5,0,0,0,0,0,0,0.21,0,0,0
2003,TWN,-12.5,-132.5,0,0,0,0,0,0,0.36,0,0,0
2003,TWN,-12.5,-127.5,0,0,0,0,0,0,1.11,0,0,0
2003,TWN,-12.5,-102.5,0,0,0,0,0,0,3.09,0,0,0
2003,TWN,-7.5,-147.5,0,0,0,0,0,0,0.12,0,0,0
2003,TWN,-7.5,-132.5,0,0,0,0,0,0,0.49,0,0,0
2003,TWN,-7.5,-112.5,0,0,0,0,0,0,0.22,0,0,0
2003,TWN,-7.5,-107.5,0,0,0,0,0,0,0.2,0,0,0
2003,TWN,-2.5,-132.5,0,0,0,0,0,0,0.11,0,0,0
2003,TWN,-2.5,-127.5,0,0,0,0,0,0,0.09,0,0,0
2003,TWN,-2.5,-117.5,0,0,0,0,0,0,0.73,0,0,0
2003,TWN,-2.5,-97.5,0,0,0,0,0,0,0.14,0,0,0
2003,TWN,2.5,-147.5,0,0,0,0,0,0,0.48,0,0,0
2003,TWN,2.5,-132.5,0,0,0,0,0,0,0.33,0,0,0
2003,TWN,2.5,-127.5,0,0,0,0,0,0,0.6,0,0,0
2003,TWN,7.5,-147.5,0,0,0,0,0,0,0.81,0,0,0
2003,TWN,7.5,-142.5,0,0,0,0,0,0,0.09,0,0,0
2003,TWN,7.5,-137.5,0,0,0,0,0,0,0.12,0,0,0
2003,KOR,-12.5,-147.5,0,0,0,0,0,0,0.01,0,0,0
2003,KOR,-12.5,-127.5,0,0,0,0,0,0,0.01,0,0,0
2003,KOR,-12.5,-122.5,0,0,0,0,0,0,0.23,0,0,0
2003,KOR,-12.5,-117.5,0,0,0,0,0,0,0.03,0,0,0
2003,KOR,-7.5,-147.5,0,0,0,0,0,0,0.02,0,0,0
2003,KOR,-7.5,-137.5,0,0,0,0,0,0,0.02,0,0,0
2003,KOR,-7.5,-132.5,0,0,0,0,0,0,0.02,0,0,0
2003,KOR,-7.5,-122.5,0,0,0,0,0,0,0.53,0,0,0
2003,KOR,-7.5,-117.5,0,0,0,0,0,0,0.07,0,0,0
2003,KOR,-7.5,-112.5,0,0,0,0,0,0,0.68,0,0,0
2003,KOR,-7.5,-107.5,0,0,0,0,0,0,0.02,0,0,0
2003,KOR,-2.5,-142.5,0,0,0,0,0,0,0.01,0,0,0
2003,KOR,2.5,-142.5,0,0,0,0,0,0,0.01,0,0,0
2003,KOR,2.5,-127.5,0,0,0,0,0,0,0.01,0,0,0
2003,KOR,2.5,-122.5,0,0,0,0,0,0,0.07,0,0,0
2003,KOR,7.5,-132.5,0,0,0,0,0,0,0.01,0,0,0
2003,KOR,7.5,-127.5,0,0,0,0,0,0,0.02,0,0,0
2003,KOR,7.5,-92.5,0,0,0,0,0,0,7.11,0,0,0
2003,KOR,12.5,-122.5,0,0,0,0,0,0,0.1,0,0,0
2003,KOR,12.5,-112.5,0,0,0,0,0,0,1.22,0,0,0
2003,KOR,12.5,-107.5,0,0,0,0,0,0,1.92,0,0,0
2003,KOR,12.5,-102.5,0,0,0,0,0,0,9.92,0,0,0
2003,KOR,12.5,-92.5,0,0,0,0,0,0,0.65,0,0,0
2003,KOR,17.5,-117.5,0,0,0,0,0,0,0.57,0,0,0
2003,PYF,-17.5,-147.5,0,0,0,0.1,0,0,7.71,0,0,0
2003,PYF,-12.5,-147.5,0,0,0,0.47,0,0,4.19,0,0,0
2003,PYF,-12.5,-142.5,0,0,0,0.7,0,0,4.45,0,0,0
2003,TWN,-17.5,-132.5,0,0,0,0,0,0,1.15,0,0,0
2003,TWN,-17.5,-127.5,0,0,0,0,0,0,0.23,0,0,0
2003,TWN,-12.5,-147.5,0,0,0,0,0,0,0.58,0,0,0
2003,TWN,-12.5,-142.5,0,0,0,0,0,0,0.49,0,0,0
2003,TWN,-12.5,-132.5,0,0,0,0,0,0,3.02,0,0,0
2003,TWN,-12.5,-127.5,0,0,0,0,0,0,0.5,0,0,0
2003,TWN,-12.5,-92.5,0,0,0,0,0,0,0.1,0,0,0
2003,TWN,-7.5,-147.5,0,0,0,0,0,0,2.37,0,0,0
2003,TWN,-7.5,-142.5,0,0,0,0,0,0,0.36,0,0,0
2003,TWN,-7.5,-132.5,0,0,0,0,0,0,0.83,0,0,0
2003,TWN,-7.5,-122.5,0,0,0,0,0,0,0.25,0,0,0
2003,TWN,-7.5,-107.5,0,0,0,0,0,0,0.75,0,0,0
2003,TWN,-2.5,-122.5,0,0,0,0,0,0,0.13,0,0,0
2003,TWN,-2.5,-97.5,0,0,0,0,0,0,2.62,0,0,0
2003,KOR,-17.5,-112.5,0,0,0,0,0,0,0.1,0,0,0
2003,KOR,-12.5,-127.5,0,0,0,0,0,0,0.03,0,0,0
2003,KOR,-12.5,-122.5,0,0,0,0,0,0,0.11,0,0,0
2003,KOR,-12.5,-117.5,0,0,0,0,0,0,0.17,0,0,0
2003,KOR,-7.5,-127.5,0,0,0,0,0,0,0.01,0,0,0
2003,KOR,-7.5,-122.5,0,0,0,0,0,0,1.24,0,0,0
2003,KOR,-7.5,-117.5,0,0,0,0,0,0,1.56,0,0,0
2003,KOR,-7.5,-112.5,0,0,0,0,0,0,0.01,0,0,0
2003,KOR,-2.5,-147.5,0,0,0,0,0,0,0.04,0,0,0
2003,KOR,-2.5,-122.5,0,0,0,0,0,0,0.01,0,0,0
2003,KOR,-2.5,-117.5,0,0,0,0,0,0,0.02,0,0,0
2003,KOR,7.5,-97.5,0,0,0,0,0,0,0.53,0,0,0
2003,KOR,7.5,-92.5,0,0,0,0,0,0,2.9,0,0,0
2003,KOR,12.5,-107.5,0,0,0,0,0,0,0.88,0,0,0
2003,KOR,12.5,-102.5,0,0,0,0,0,0,0.57,0,0,0
2003,KOR,12.5,-97.5,0,0,0,0,0,0,12.57,0,0,0
2003,KOR,12.5,-92.5,0,0,0,0,0,0,1.48,0,0,0
2003,PYF,-17.5,-147.5,0,0,0,0.5,0,0,2.32,0,0,0
2003,PYF,-17.5,-142.5,0,0,0,0,0,0,1.06,0,0,0
2003,PYF,-12.5,-147.5,0,0,0,0.38,0,0,4.66,0,0,0
2003,PYF,-12.5,-142.5,0,0,0,0.41,0,0,2.93,0,0,0
2003,PYF,-12.5,-137.5,0,0,0,0,0,0,0.08,0,0,0
2003,TWN,-27.5,-137.5,0,0,0,0,0,0,0.69,0,0,0
2003,TWN,-17.5,-132.5,0,0,0,0,0,0,2.74,0,0,0
2003,TWN,-17.5,-127.5,0,0,0,0,0,0,2.74,0,0,0
2003,TWN,-17.5,-122.5,0,0,0,0,0,0,0.36,0,0,0
2003,TWN,-12.5,-142.5,0,0,0,0,0,0,0.29,0,0,0
2003,TWN,-12.5,-132.5,0,0,0,0,0,0,0.26,0,0,0
2003,TWN,-12.5,-127.5,0,0,0,0,0,0,1.51,0,0,0
2003,TWN,-12.5,-97.5,0,0,0,0,0,0,0.65,0,0,0
2003,TWN,-12.5,-92.5,0,0,0,0,0,0,0.25,0,0,0
2003,TWN,-7.5,-147.5,0,0,0,0,0,0,3.79,0,0,0
2003,TWN,-7.5,-142.5,0,0,0,0,0,0,0.12,0,0,0
2003,KOR,-22.5,-112.5,0,0,0,0,0,0,0.02,0,0,0
2003,KOR,-17.5,-122.5,0,0,0,0,0,0,8.53E-03,0,0,0
2003,KOR,-17.5,-117.5,0,0,0,0,0,0,0.01,0,0,0
2003,KOR,-17.5,-112.5,0,0,0,0,0,0,0.42,0,0,0
2003,KOR,-12.5,-132.5,0,0,0,0,0,0,0.16,0,0,0
2003,KOR,-12.5,-127.5,0,0,0,0,0,0,0.05,0,0,0
2003,KOR,-12.5,-122.5,0,0,0,0,0,0,0.04,0,0,0
2003,KOR,-7.5,-132.5,0,0,0,0,0,0,0.76,0,0,0
2003,KOR,-7.5,-127.5,0,0,0,0,0,0,0.39,0,0,0
2003,KOR,-7.5,-122.5,0,0,0,0,0,0,0.18,0,0,0
2003,KOR,-7.5,-117.5,0,0,0,0,0,0,0.02,0,0,0
2003,KOR,-2.5,-142.5,0,0,0,0,0,0,0.09,0,0,0
2003,KOR,-2.5,-137.5,0,0,0,0,0,0,0.02,0,0,0
2003,KOR,12.5,-142.5,0,0,0,0,0,0,3.41E-03,0,0,0
2003,KOR,12.5,-137.5,0,0,0,0,0,0,1.96,0,0,0
2003,KOR,12.5,-132.5,0,0,0,0,0,0,0.85,0,0,0
2003,KOR,12.5,-127.5,0,0,0,0,0,0,2.84,0,0,0
2003,KOR,12.5,-122.5,0,0,0,0,0,0,2.15,0,0,0
2003,KOR,12.5,-112.5,0,0,0,0,0,0,0.24,0,0,0
2003,KOR,12.5,-107.5,0,0,0,0,0,0,0.2,0,0,0
2003,KOR,12.5,-97.5,0,0,0,0,0,0,1.39,0,0,0
2003,PYF,-22.5,-142.5,0,0,0,0,0,0,0.08,0,0,0
2003,PYF,-22.5,-137.5,0,0,0,0.06,0,0,0,0,0,0
2003,PYF,-17.5,-147.5,0,0,0,0.58,0,0,2.99,0,0,0
2003,PYF,-17.5,-142.5,0,0,0,0,0,0,0.45,0,0,0
2003,PYF,-12.5,-147.5,0,0,0,0.3,0,0,1.26,0,0,0
2003,PYF,-12.5,-142.5,0,0,0,0.42,0,0,0.16,0,0,0
2003,PYF,-12.5,-137.5,0,0,0,0.06,0,0,0,0,0,0
2003,TWN,-27.5,-137.5,0,0,0,0,0,0,1.87,0,0,0
2003,TWN,-17.5,-92.5,0,0,0,0,0,0,0.21,0,0,0
2003,TWN,-17.5,-87.5,0,0,0,0,0,0,0.03,0,0,0
2003,TWN,-12.5,-132.5,0,0,0,0,0,0,2.27,0,0,0
2003,TWN,-12.5,-127.5,0,0,0,0,0,0,2.61,0,0,0
2003,TWN,-12.5,-92.5,0,0,0,0,0,0,0.38,0,0,0
2003,TWN,-7.5,-147.5,0,0,0,0,0,0,2.43,0,0,0
2003,TWN,-7.5,-142.5,0,0,0,0,0,0,0.49,0,0,0
2003,KOR,-17.5,-122.5,0,0,0,0,0,0,0.39,0,0,0
2003,KOR,-17.5,-117.5,0,0,0,0,0,0,0.11,0,0,0
2003,KOR,-17.5,-112.5,0,0,0,0,0,0,0.45,0,0,0
2003,KOR,-12.5,-132.5,0,0,0,0,0,0,0.25,0,0,0
2003,KOR,-12.5,-127.5,0,0,0,0,0,0,0.11,0,0,0
2003,KOR,-12.5,-122.5,0,0,0,0,0,0,1.02,0,0,0
2003,KOR,-12.5,-117.5,0,0,0,0,0,0,0.05,0,0,0
2003,KOR,-7.5,-147.5,0,0,0,0,0,0,0.07,0,0,0
2003,KOR,-7.5,-132.5,0,0,0,0,0,0,0.15,0,0,0
2003,KOR,-7.5,-127.5,0,0,0,0,0,0,0.04,0,0,0
2003,KOR,-7.5,-122.5,0,0,0,0,0,0,0.21,0,0,0
2003,KOR,2.5,-147.5,0,0,0,0,0,0,0.01,0,0,0
2003,PYF,-22.5,-147.5,0,0,0,0.17,0,0,0.55,0,0,0
2003,PYF,-17.5,-147.5,0,0,0,1.37,0,0,2.3,0,0,0
2003,PYF,-17.5,-142.5,0,0,0,0.13,0,0,0.56,0,0,0
2003,PYF,-17.5,-132.5,0,0,0,0.12,0,0,0,0,0,0
2003,PYF,-12.5,-147.5,0,0,0,0.21,0,0,0.64,0,0,0
2003,PYF,-12.5,-142.5,0,0,0,0.11,0,0,0.2,0,0,0
2003,PYF,-12.5,-137.5,0,0,0,0.07,0,0,0.28,0,0,0
2003,TWN,-17.5,-132.5,0,0,0,0,0,0,0.16,0,0,0
2003,TWN,-17.5,-127.5,0,0,0,0,0,0,0.28,0,0,0
2003,TWN,-17.5,-122.5,0,0,0,0,0,0,0.1,0,0,0
2003,TWN,-12.5,-132.5,0,0,0,0,0,0,1.65,0,0,0
2003,TWN,-12.5,-127.5,0,0,0,0,0,0,2,0,0,0
2003,TWN,-12.5,-97.5,0,0,0,0,0,0,0.16,0,0,0
2003,TWN,-12.5,-92.5,0,0,0,0,0,0,0.05,0,0,0
2003,TWN,-7.5,-147.5,0,0,0,0,0,0,1.03,0,0,0
2003,TWN,-7.5,-142.5,0,0,0,0,0,0,0.96,0,0,0
2003,TWN,-7.5,-137.5,0,0,0,0,0,0,0.1,0,0,0
2003,TWN,-7.5,-132.5,0,0,0,0,0,0,0.29,0,0,0
2003,TWN,-2.5,-142.5,0,0,0,0,0,0,1.3,0,0,0
2003,KOR,-17.5,-117.5,0,0,0,0,0,0,0.02,0,0,0
2003,KOR,-12.5,-132.5,0,0,0,0,0,0,0.01,0,0,0
2003,KOR,-12.5,-127.5,0,0,0,0,0,0,0.03,0,0,0
2003,KOR,-12.5,-122.5,0,0,0,0,0,0,0.18,0,0,0
2003,KOR,-12.5,-117.5,0,0,0,0,0,0,0.08,0,0,0
2003,KOR,-12.5,-102.5,0,0,0,0,0,0,0.03,0,0,0
2003,KOR,-7.5,-142.5,0,0,0,0,0,0,0.04,0,0,0
2003,KOR,-7.5,-132.5,0,0,0,0,0,0,0.24,0,0,0
2003,KOR,-7.5,-127.5,0,0,0,0,0,0,0.6,0,0,0
2003,KOR,-7.5,-122.5,0,0,0,0,0,0,0.49,0,0,0
2003,KOR,-7.5,-117.5,0,0,0,0,0,0,0.32,0,0,0
2003,KOR,-7.5,-112.5,0,0,0,0,0,0,0.08,0,0,0
2003,KOR,-2.5,-142.5,0,0,0,0,0,0,0.01,0,0,0
2003,KOR,-2.5,-132.5,0,0,0,0,0,0,0.08,0,0,0
2003,KOR,-2.5,-117.5,0,0,0,0,0,0,0.15,0,0,0
2003,KOR,22.5,-147.5,0,0,0,0,0,0,0.01,0,0,0
2003,KOR,22.5,-142.5,0,0,0,0,0,0,0.02,0,0,0
2003,KOR,22.5,-137.5,0,0,0,0,0,0,0.04,0,0,0
2003,KOR,27.5,-147.5,0,0,0,0,0,0,0.03,0,0,0
2003,KOR,27.5,-142.5,0,0,0,0,0,0,0.03,0,0,0
2003,KOR,37.5,-147.5,0,0,0,0,0,0,0.02,0,0,0
2003,PYF,-22.5,-147.5,0,0,0,0.19,0,0,0.21,0,0,0
2003,PYF,-17.5,-147.5,0,0,0,0.71,0,0,2.41,0,0,0
2003,PYF,-17.5,-142.5,0,0,0,0.06,0,0,0,0,0,0
2003,PYF,-12.5,-147.5,0,0,0,1.34,0,0,4.43,0,0,0
2003,PYF,-12.5,-142.5,0,0,0,1.24,0,0,9.57,0,0,0
2003,PYF,-7.5,-142.5,0,0,0,0.03,0,0,1.2,0,0,0
2003,TWN,-32.5,-132.5,0,0,0,0,0,0,0.76,0,0,0
2003,TWN,-17.5,-127.5,0,0,0,0,0,0,0.33,0,0,0
2003,TWN,-17.5,-122.5,0,0,0,0,0,0,0.94,0,0,0
2003,TWN,-17.5,-117.5,0,0,0,0,0,0,0.79,0,0,0
2003,TWN,-17.5,-112.5,0,0,0,0,0,0,1.16,0,0,0
2003,TWN,-12.5,-147.5,0,0,0,0,0,0,0.83,0,0,0
2003,TWN,-12.5,-142.5,0,0,0,0,0,0,0.2,0,0,0
2003,TWN,-12.5,-132.5,0,0,0,0,0,0,0.52,0,0,0
2003,TWN,-12.5,-127.5,0,0,0,0,0,0,0.16,0,0,0
2003,TWN,-7.5,-147.5,0,0,0,0,0,0,0.76,0,0,0
2003,TWN,-7.5,-132.5,0,0,0,0,0,0,0.3,0,0,0
2003,KOR,-17.5,-112.5,0,0,0,0,0,0,0.02,0,0,0
2003,KOR,-12.5,-132.5,0,0,0,0,0,0,0.09,0,0,0
2003,KOR,-12.5,-117.5,0,0,0,0,0,0,0.01,0,0,0
2003,KOR,-12.5,-112.5,0,0,0,0,0,0,0.04,0,0,0
2003,KOR,-12.5,-107.5,0,0,0,0,0,0,0.27,0,0,0
2003,KOR,-12.5,-102.5,0,0,0,0,0,0,0.16,0,0,0
2003,KOR,-12.5,-97.5,0,0,0,0,0,0,0.02,0,0,0
2003,KOR,-12.5,-92.5,0,0,0,0,0,0,0.01,0,0,0
2003,KOR,-7.5,-147.5,0,0,0,0,0,0,0.06,0,0,0
2003,KOR,-7.5,-142.5,0,0,0,0,0,0,0.02,0,0,0
2003,KOR,-7.5,-137.5,0,0,0,0,0,0,0.07,0,0,0
2003,KOR,-7.5,-132.5,0,0,0,0,0,0,0.26,0,0,0
2003,KOR,-7.5,-127.5,0,0,0,0,0,0,9.81E-03,0,0,0
2003,KOR,-7.5,-112.5,0,0,0,0,0,0,0.13,0,0,0
2003,KOR,-7.5,-107.5,0,0,0,0,0,0,0.02,0,0,0
2003,KOR,-7.5,-102.5,0,0,0,0,0,0,0.01,0,0,0
2003,KOR,-2.5,-142.5,0,0,0,0,0,0,0.01,0,0,0
2003,KOR,-2.5,-137.5,0,0,0,0,0,0,0.16,0,0,0
2003,KOR,-2.5,-132.5,0,0,0,0,0,0,0.16,0,0,0
2003,KOR,2.5,-147.5,0,0,0,0,0,0,0.02,0,0,0
2003,KOR,12.5,-112.5,0,0,0,0,0,0,8.10E-03,0,0,0
2003,KOR,17.5,-147.5,0,0,0,0,0,0,0.03,0,0,0
2003,KOR,22.5,-147.5,0,0,0,0,0,0,0.03,0,0,0
2003,PYF,-22.5,-147.5,0,0,0,0.26,0,0,1.13,0,0,0
2003,PYF,-22.5,-142.5,0,0,0,0.28,0,0,0.59,0,0,0
2003,PYF,-17.5,-147.5,0,0,0,0.78,0,0,2.48,0,0,0
2003,PYF,-17.5,-142.5,0,0,0,0.77,0,0,0.24,0,0,0
2003,PYF,-12.5,-147.5,0,0,0,0.56,0,0,4.32,0,0,0
2003,PYF,-12.5,-142.5,0,0,0,0.5,0,0,7.18,0,0,0
2003,PYF,-7.5,-147.5,0,0,0,0,0,0,0.08,0,0,0
2003,PYF,-7.5,-142.5,0,0,0,0,0,0,0.76,0,0,0
2003,TWN,-22.5,-127.5,0,0,0,0,0,0,3.23,0,0,0
2003,TWN,-17.5,-127.5,0,0,0,0,0,0,6.59,0,0,0
2003,TWN,-17.5,-122.5,0,0,0,0,0,0,2.87,0,0,0
2003,TWN,-17.5,-117.5,0,0,0,0,0,0,4.32,0,0,0
2003,TWN,-12.5,-132.5,0,0,0,0,0,0,1.34,0,0,0
2003,TWN,-7.5,-147.5,0,0,0,0,0,0,0.52,0,0,0
2003,TWN,22.5,-137.5,0,0,0,0,0,0,0.53,0,0,0
2003,KOR,-12.5,-132.5,0,0,0,0,0,0,0.01,0,0,0
2003,KOR,-12.5,-127.5,0,0,0,0,0,0,0.05,0,0,0
2003,KOR,-12.5,-122.5,0,0,0,0,0,0,0.43,0,0,0
2003,KOR,-12.5,-117.5,0,0,0,0,0,0,0.16,0,0,0
2003,KOR,-12.5,-112.5,0,0,0,0,0,0,0.09,0,0,0
2003,KOR,-7.5,-147.5,0,0,0,0,0,0,0.07,0,0,0
2003,KOR,-7.5,-142.5,0,0,0,0,0,0,0.06,0,0,0
2003,KOR,-7.5,-137.5,0,0,0,0,0,0,0.22,0,0,0
2003,KOR,-7.5,-132.5,0,0,0,0,0,0,0.21,0,0,0
2003,KOR,-7.5,-122.5,0,0,0,0,0,0,0.03,0,0,0
2003,KOR,-2.5,-147.5,0,0,0,0,0,0,0.05,0,0,0
2003,KOR,-2.5,-142.5,0,0,0,0,0,0,0.01,0,0,0
2003,KOR,-2.5,-137.5,0,0,0,0,0,0,0.03,0,0,0
2003,KOR,2.5,-147.5,0,0,0,0,0,0,0.05,0,0,0
2003,KOR,22.5,-147.5,0,0,0,0,0,0,0.02,0,0,0
2003,PYF,-32.5,-147.5,0,0,0,0.14,0,0,0,0,0,0
2003,PYF,-32.5,-137.5,0,0,0,0.14,0,0,0.26,0,0,0
2003,PYF,-32.5,-132.5,0,0,0,0.07,0,0,0.09,0,0,0
2003,PYF,-27.5,-147.5,0,0,0,0,0,0,0.08,0,0,0
2003,PYF,-27.5,-142.5,0,0,0,0.21,0,0,0.21,0,0,0
2003,PYF,-27.5,-137.5,0,0,0,0,0,0,0.15,0,0,0
2003,PYF,-22.5,-147.5,0,0,0,4.09,0,0,3,0,0,0
2003,PYF,-22.5,-142.5,0,0,0,0.43,0,0,0.45,0,0,0
2003,PYF,-17.5,-147.5,0,0,0,2.3,0,0,7.71,0,0,0
2003,PYF,-17.5,-142.5,0,0,0,1.41,0,0,4.36,0,0,0
2003,PYF,-12.5,-147.5,0,0,0,0,0,0,0.16,0,0,0
2003,PYF,-12.5,-142.5,0,0,0,0.08,0,0,0.08,0,0,0
2003,PYF,-7.5,-142.5,0,0,0,0,0,0,1.32,0,0,0
2003,TWN,-22.5,-117.5,0,0,0,0,0,0,10.29,0,0,0
2003,TWN,-17.5,-122.5,0,0,0,0,0,0,9.87,0,0,0
2003,TWN,-17.5,-117.5,0,0,0,0,0,0,3.2,0,0,0
2003,TWN,-17.5,-112.5,0,0,0,0,0,0,1.59,0,0,0
2003,TWN,-12.5,-132.5,0,0,0,0,0,0,0.35,0,0,0
2003,TWN,-12.5,-127.5,0,0,0,0,0,0,0.1,0,0,0
2003,TWN,-7.5,-132.5,0,0,0,0,0,0,0.54,0,0,0
2003,TWN,-7.5,-127.5,0,0,0,0,0,0,0.12,0,0,0
2003,KOR,-12.5,-132.5,0,0,0,0,0,0,0.02,0,0,0
2003,KOR,-12.5,-127.5,0,0,0,0,0,0,0.15,0,0,0
2003,KOR,-12.5,-122.5,0,0,0,0,0,0,0.03,0,0,0
2003,KOR,-12.5,-117.5,0,0,0,0,0,0,0.08,0,0,0
2003,KOR,-12.5,-112.5,0,0,0,0,0,0,0.01,0,0,0
2003,KOR,-12.5,-107.5,0,0,0,0,0,0,0.07,0,0,0
2003,KOR,-7.5,-147.5,0,0,0,0,0,0,0.09,0,0,0
2003,KOR,-7.5,-142.5,0,0,0,0,0,0,0.04,0,0,0
2003,KOR,-7.5,-137.5,0,0,0,0,0,0,0.2,0,0,0
2003,KOR,-7.5,-132.5,0,0,0,0,0,0,0.22,0,0,0
2003,KOR,-7.5,-127.5,0,0,0,0,0,0,8.53E-03,0,0,0
2003,KOR,-7.5,-122.5,0,0,0,0,0,0,0.02,0,0,0
2003,KOR,-7.5,-117.5,0,0,0,0,0,0,0.04,0,0,0
2003,KOR,-7.5,-112.5,0,0,0,0,0,0,0.06,0,0,0
2003,KOR,-2.5,-147.5,0,0,0,0,0,0,0.09,0,0,0
2003,KOR,-2.5,-137.5,0,0,0,0,0,0,0.01,0,0,0
2003,KOR,2.5,-147.5,0,0,0,0,0,0,0.01,0,0,0
2003,KOR,2.5,-142.5,0,0,0,0,0,0,0.02,0,0,0
2003,KOR,2.5,-137.5,0,0,0,0,0,0,0.04,0,0,0
2003,KOR,2.5,-132.5,0,0,0,0,0,0,0.03,0,0,0
2003,KOR,2.5,-122.5,0,0,0,0,0,0,0.08,0,0,0
2003,KOR,2.5,-117.5,0,0,0,0,0,0,0.08,0,0,0
2003,KOR,12.5,-137.5,0,0,0,0,0,0,0.02,0,0,0
2003,KOR,17.5,-147.5,0,0,0,0,0,0,0.01,0,0,0
2003,KOR,22.5,-147.5,0,0,0,0,0,0,0.06,0,0,0
2003,PYF,-32.5,-137.5,0,0,0,0.14,0,0,0.07,0,0,0
2003,PYF,-32.5,-132.5,0,0,0,0.28,0,0,0.24,0,0,0
2003,PYF,-32.5,-127.5,0,0,0,0.07,0,0,0.06,0,0,0
2003,PYF,-22.5,-147.5,0,0,0,0,0,0,0.08,0,0,0
2003,PYF,-22.5,-142.5,0,0,0,0.52,0,0,0.6,0,0,0
2003,PYF,-17.5,-147.5,0,0,0,1.27,0,0,7.49,0,0,0
2003,PYF,-17.5,-142.5,0,0,0,0.48,0,0,2.92,0,0,0
2003,PYF,-12.5,-147.5,0,0,0,0.09,0,0,2.38,0,0,0
2003,PYF,-12.5,-142.5,0,0,0,0,0,0,0.57,0,0,0
2003,PYF,-7.5,-147.5,0,0,0,0,0,0,0.05,0,0,0
2003,TWN,-17.5,-117.5,0,0,0,0,0,0,9.77,0,0,0
2003,TWN,-17.5,-112.5,0,0,0,0,0,0,9.06,0,0,0
2003,TWN,-17.5,-107.5,0,0,0,0,0,0,0.76,0,0,0
2003,TWN,-12.5,-122.5,0,0,0,0,0,0,0.12,0,0,0
2003,TWN,-7.5,-132.5,0,0,0,0,0,0,0.33,0,0,0
2003,TWN,-2.5,-147.5,0,0,0,0,0,0,0.32,0,0,0
2003,TWN,2.5,-147.5,0,0,0,0,0,0,0.1,0,0,0
2003,TWN,2.5,-132.5,0,0,0,0,0,0,0.36,0,0,0
2004,KOR,-12.5,-132.5,0,0,0,0,0,0,0.56,0,0,0
2004,KOR,-12.5,-127.5,0,0,0,0,0,0,0.08,0,0,0
2004,KOR,-7.5,-147.5,0,0,0,0,0,0,0.06,0,0,0
2004,KOR,-7.5,-137.5,0,0,0,0,0,0,0.62,0,0,0
2004,KOR,-7.5,-132.5,0,0,0,0,0,0,1.39,0,0,0
2004,KOR,-7.5,-127.5,0,0,0,0,0,0,0.18,0,0,0
2004,KOR,-7.5,-117.5,0,0,0,0,0,0,0.08,0,0,0
2004,KOR,-2.5,-142.5,0,0,0,0,0,0,0.08,0,0,0
2004,KOR,-2.5,-137.5,0,0,0,0,0,0,0.29,0,0,0
2004,KOR,2.5,-142.5,0,0,0,0,0,0,0.21,0,0,0
2004,KOR,2.5,-137.5,0,0,0,0,0,0,0.23,0,0,0
2004,KOR,2.5,-132.5,0,0,0,0,0,0,0.2,0,0,0
2004,KOR,2.5,-127.5,0,0,0,0,0,0,0.05,0,0,0
2004,KOR,2.5,-122.5,0,0,0,0,0,0,0.13,0,0,0
2004,KOR,7.5,-127.5,0,0,0,0,0,0,0.1,0,0,0
2004,KOR,22.5,-147.5,0,0,0,0,0,0,0.04,0,0,0
2004,PYF,-22.5,-147.5,0,0,0,0,0,0,0.17,0,0,0
2004,PYF,-22.5,-137.5,0,0,0,0,0,0,0.05,0,0,0
2004,PYF,-17.5,-147.5,0,0,0,0.27,0,0,9.98,0,0,0
2004,PYF,-17.5,-142.5,0,0,0,0.05,0,0,3.6,0,0,0
2004,PYF,-17.5,-137.5,0,0,0,0,0,0,0.02,0,0,0
2004,PYF,-12.5,-147.5,0,0,0,0.33,0,0,3.75,0,0,0
2004,PYF,-12.5,-142.5,0,0,0,0.25,0,0,1.41,0,0,0
2004,PYF,-12.5,-137.5,0,0,0,0,0,0,0.1,0,0,0
2004,PYF,-7.5,-142.5,0,0,0,0,0,0,2.06,0,0,0
2004,PYF,-2.5,-142.5,0,0,0,0,0,0,0.03,0,0,0
2004,TWN,-22.5,-117.5,0,0,0,0,0,0,1.56,0,0,0
2004,TWN,-22.5,-112.5,0,0,0,0,0,0,4.58,0,0,0
2004,TWN,-22.5,-107.5,0,0,0,0,0,0,6.64,0,0,0
2004,TWN,-22.5,-102.5,0,0,0,0,0,0,0.07,0,0,0
2004,TWN,-17.5,-132.5,0,0,0,0,0,0,0.19,0,0,0
2004,TWN,-17.5,-127.5,0,0,0,0,0,0,0.91,0,0,0
2004,TWN,-17.5,-122.5,0,0,0,0,0,0,1,0,0,0
2004,TWN,-17.5,-117.5,0,0,0,0,0,0,7.16,0,0,0
2004,TWN,-17.5,-112.5,0,0,0,0,0,0,0.2,0,0,0
2004,TWN,-17.5,-107.5,0,0,0,0,0,0,1.89,0,0,0
2004,TWN,-17.5,-102.5,0,0,0,0,0,0,0.51,0,0,0
2004,TWN,-12.5,-147.5,0,0,0,0,0,0,0.21,0,0,0
2004,TWN,-12.5,-142.5,0,0,0,0,0,0,1.56,0,0,0
2004,TWN,-12.5,-137.5,0,0,0,0,0,0,0.22,0,0,0
2004,TWN,-12.5,-132.5,0,0,0,0,0,0,2.95,0,0,0
2004,TWN,-12.5,-127.5,0,0,0,0,0,0,3.76,0,0,0
2004,TWN,-12.5,-122.5,0,0,0,0,0,0,1.28,0,0,0
2004,TWN,-12.5,-117.5,0,0,0,0,0,0,0.56,0,0,0
2004,TWN,-12.5,-112.5,0,0,0,0,0,0,0.04,0,0,0
2004,TWN,-12.5,-107.5,0,0,0,0,0,0,1.8,0,0,0
2004,TWN,-7.5,-147.5,0,0,0,0,0,0,1.58,0,0,0
2004,TWN,-7.5,-142.5,0,0,0,0,0,0,0.75,0,0,0
2004,TWN,-7.5,-137.5,0,0,0,0,0,0,1.27,0,0,0
2004,TWN,-7.5,-132.5,0,0,0,0,0,0,1.51,0,0,0
2004,TWN,-7.5,-127.5,0,0,0,0,0,0,3.55,0,0,0
2004,TWN,-7.5,-122.5,0,0,0,0,0,0,0.35,0,0,0
2004,TWN,-7.5,-117.5,0,0,0,0,0,0,2.65,0,0,0
2004,TWN,-7.5,-112.5,0,0,0,0,0,0,0.17,0,0,0
2004,TWN,-7.5,-102.5,0,0,0,0,0,0,0.15,0,0,0
2004,TWN,-2.5,-147.5,0,0,0,0,0,0,0.04,0,0,0
2004,TWN,-2.5,-142.5,0,0,0,0,0,0,2.63,0,0,0
2004,TWN,-2.5,-137.5,0,0,0,0,0,0,0.37,0,0,0
2004,TWN,-2.5,-132.5,0,0,0,0,0,0,0.51,0,0,0
2004,TWN,-2.5,-127.5,0,0,0,0,0,0,0.26,0,0,0
2004,TWN,-2.5,-117.5,0,0,0,0,0,0,0.1,0,0,0
2004,TWN,-2.5,-102.5,0,0,0,0,0,0,0.61,0,0,0
2004,TWN,2.5,-147.5,0,0,0,0,0,0,0.1,0,0,0
2004,TWN,2.5,-142.5,0,0,0,0,0,0,1.23,0,0,0
2004,TWN,2.5,-137.5,0,0,0,0,0,0,1.03,0,0,0
2004,TWN,2.5,-132.5,0,0,0,0,0,0,0.52,0,0,0
2004,TWN,2.5,-127.5,0,0,0,0,0,0,0.05,0,0,0
2004,TWN,2.5,-117.5,0,0,0,0,0,0,0.15,0,0,0
2004,TWN,2.5,-112.5,0,0,0,0,0,0,0.26,0,0,0
2004,TWN,7.5,-147.5,0,0,0,0,0,0,0.21,0,0,0
2004,TWN,7.5,-142.5,0,0,0,0,0,0,0.3,0,0,0
2004,TWN,7.5,-137.5,0,0,0,0,0,0,0.18,0,0,0
2004,TWN,7.5,-127.5,0,0,0,0,0,0,0.02,0,0,0
2004,TWN,27.5,-147.5,0,0,0,0,0,0,1.19,0,0,0
2004,TWN,32.5,-147.5,0,0,0,0,0,0,1.91,0,0,0
2004,USA,22.5,-147.5,0,0,0,0,0,0,0,0,0,0
2004,USA,32.5,-147.5,0,0,0,0,0,0,0,0,0,0
2004,KOR,-12.5,-127.5,0,0,0,0,0,0,0.06,0,0,0
2004,KOR,-12.5,-122.5,0,0,0,0,0,0,0.07,0,0,0
2004,KOR,-7.5,-147.5,0,0,0,0,0,0,0.08,0,0,0
2004,KOR,-7.5,-142.5,0,0,0,0,0,0,0.12,0,0,0
2004,KOR,-7.5,-137.5,0,0,0,0,0,0,0.18,0,0,0
2004,KOR,-7.5,-132.5,0,0,0,0,0,0,0.25,0,0,0
2004,KOR,-7.5,-127.5,0,0,0,0,0,0,0.25,0,0,0
2004,KOR,-7.5,-122.5,0,0,0,0,0,0,0.23,0,0,0
2004,KOR,-2.5,-147.5,0,0,0,0,0,0,0.2,0,0,0
2004,KOR,-2.5,-142.5,0,0,0,0,0,0,0.57,0,0,0
2004,KOR,-2.5,-137.5,0,0,0,0,0,0,0.13,0,0,0
2004,KOR,-2.5,-132.5,0,0,0,0,0,0,0.2,0,0,0
2004,KOR,2.5,-127.5,0,0,0,0,0,0,0.06,0,0,0
2004,KOR,12.5,-127.5,0,0,0,0,0,0,0.19,0,0,0
2004,KOR,12.5,-117.5,0,0,0,0,0,0,0.12,0,0,0
2004,PYF,-22.5,-147.5,0,0,0,0.07,0,0,0.21,0,0,0
2004,PYF,-22.5,-142.5,0,0,0,0,0,0,0.36,0,0,0
2004,PYF,-22.5,-137.5,0,0,0,0.14,0,0,0.04,0,0,0
2004,PYF,-17.5,-147.5,0,0,0,0.08,0,0,8.77,0,0,0
2004,PYF,-17.5,-142.5,0,0,0,0.07,0,0,2.84,0,0,0
2004,PYF,-17.5,-137.5,0,0,0,0,0,0,0.05,0,0,0
2004,PYF,-17.5,-132.5,0,0,0,0,0,0,0.05,0,0,0
2004,PYF,-12.5,-147.5,0,0,0,0.08,0,0,5.22,0,0,0
2004,PYF,-12.5,-142.5,0,0,0,0,0,0,1.7,0,0,0
2004,PYF,-12.5,-137.5,0,0,0,0,0,0,0.41,0,0,0
2004,PYF,-12.5,-132.5,0,0,0,0,0,0,0.16,0,0,0
2004,PYF,-7.5,-142.5,0,0,0,0,0,0,6.9,0,0,0
2004,PYF,-7.5,-137.5,0,0,0,0.23,0,0,0.38,0,0,0
2004,TWN,-42.5,-137.5,0,0,0,0,0,0,0.35,0,0,0
2004,TWN,-22.5,-102.5,0,0,0,0,0,0,0.07,0,0,0
2004,TWN,-17.5,-142.5,0,0,0,0,0,0,0.09,0,0,0
2004,TWN,-17.5,-132.5,0,0,0,0,0,0,0.9,0,0,0
2004,TWN,-17.5,-117.5,0,0,0,0,0,0,3.36,0,0,0
2004,TWN,-17.5,-112.5,0,0,0,0,0,0,0.7,0,0,0
2004,TWN,-17.5,-107.5,0,0,0,0,0,0,3.45,0,0,0
2004,TWN,-17.5,-102.5,0,0,0,0,0,0,6.21,0,0,0
2004,TWN,-17.5,-97.5,0,0,0,0,0,0,0.04,0,0,0
2004,TWN,-12.5,-147.5,0,0,0,0,0,0,0.7,0,0,0
2004,TWN,-12.5,-142.5,0,0,0,0,0,0,0.25,0,0,0
2004,TWN,-12.5,-137.5,0,0,0,0,0,0,1.19,0,0,0
2004,TWN,-12.5,-132.5,0,0,0,0,0,0,4.6,0,0,0
2004,TWN,-12.5,-127.5,0,0,0,0,0,0,1.17,0,0,0
2004,TWN,-12.5,-112.5,0,0,0,0,0,0,0.03,0,0,0
2004,TWN,-12.5,-107.5,0,0,0,0,0,0,0.79,0,0,0
2004,TWN,-12.5,-102.5,0,0,0,0,0,0,0.03,0,0,0
2004,TWN,-7.5,-147.5,0,0,0,0,0,0,0.8,0,0,0
2004,TWN,-7.5,-142.5,0,0,0,0,0,0,0.29,0,0,0
2004,TWN,-7.5,-137.5,0,0,0,0,0,0,2.89,0,0,0
2004,TWN,-7.5,-132.5,0,0,0,0,0,0,2,0,0,0
2004,TWN,-7.5,-127.5,0,0,0,0,0,0,4.36,0,0,0
2004,TWN,-7.5,-117.5,0,0,0,0,0,0,0.59,0,0,0
2004,TWN,-7.5,-112.5,0,0,0,0,0,0,0.66,0,0,0
2004,TWN,-7.5,-107.5,0,0,0,0,0,0,0.6,0,0,0
2004,TWN,-7.5,-102.5,0,0,0,0,0,0,0.04,0,0,0
2004,TWN,-2.5,-147.5,0,0,0,0,0,0,1.89,0,0,0
2004,TWN,-2.5,-142.5,0,0,0,0,0,0,0.49,0,0,0
2004,TWN,-2.5,-137.5,0,0,0,0,0,0,1.01,0,0,0
2004,TWN,-2.5,-132.5,0,0,0,0,0,0,0.16,0,0,0
2004,TWN,-2.5,-127.5,0,0,0,0,0,0,0.16,0,0,0
2004,TWN,-2.5,-107.5,0,0,0,0,0,0,0.06,0,0,0
2004,TWN,-2.5,-102.5,0,0,0,0,0,0,0.3,0,0,0
2004,TWN,-2.5,-97.5,0,0,0,0,0,0,0.21,0,0,0
2004,TWN,2.5,-147.5,0,0,0,0,0,0,1.67,0,0,0
2004,TWN,2.5,-142.5,0,0,0,0,0,0,1.2,0,0,0
2004,TWN,2.5,-122.5,0,0,0,0,0,0,0.15,0,0,0
2004,TWN,2.5,-112.5,0,0,0,0,0,0,0.24,0,0,0
2004,TWN,2.5,-107.5,0,0,0,0,0,0,0.31,0,0,0
2004,TWN,7.5,-147.5,0,0,0,0,0,0,0.09,0,0,0
2004,TWN,7.5,-132.5,0,0,0,0,0,0,0.16,0,0,0
2004,TWN,7.5,-112.5,0,0,0,0,0,0,0.09,0,0,0
2004,TWN,22.5,-147.5,0,0,0,0,0,0,0.92,0,0,0
2004,TWN,32.5,-147.5,0,0,0,0,0,0,3.11,0,0,0
2004,USA,32.5,-147.5,0,0,0,0,0,0,0,0,0,0
2004,KOR,-7.5,-147.5,0,0,0,0,0,0,0.09,0,0,0
2004,KOR,-7.5,-137.5,0,0,0,0,0,0,0.26,0,0,0
2004,KOR,-7.5,-132.5,0,0,0,0,0,0,0.48,0,0,0
2004,KOR,-7.5,-127.5,0,0,0,0,0,0,0.32,0,0,0
2004,KOR,-7.5,-122.5,0,0,0,0,0,0,0.43,0,0,0
2004,KOR,-7.5,-117.5,0,0,0,0,0,0,0.11,0,0,0
2004,KOR,-7.5,-112.5,0,0,0,0,0,0,0.03,0,0,0
2004,KOR,-2.5,-147.5,0,0,0,0,0,0,0.02,0,0,0
2004,KOR,-2.5,-142.5,0,0,0,0,0,0,0.76,0,0,0
2004,KOR,-2.5,-132.5,0,0,0,0,0,0,0.2,0,0,0
2004,KOR,2.5,-147.5,0,0,0,0,0,0,0.2,0,0,0
2004,KOR,2.5,-142.5,0,0,0,0,0,0,0.07,0,0,0
2004,KOR,12.5,-132.5,0,0,0,0,0,0,0.06,0,0,0
2004,KOR,12.5,-127.5,0,0,0,0,0,0,0.21,0,0,0
2004,PYF,-22.5,-147.5,0,0,0,0.06,0,0,1.36,0,0,0
2004,PYF,-17.5,-147.5,0,0,0,0.06,0,0,6.73,0,0,0
2004,PYF,-17.5,-142.5,0,0,0,0.05,0,0,6.58,0,0,0
2004,PYF,-17.5,-137.5,0,0,0,0,0,0,0.05,0,0,0
2004,PYF,-12.5,-147.5,0,0,0,0.2,0,0,2,0,0,0
2004,PYF,-12.5,-142.5,0,0,0,0.14,0,0,1.22,0,0,0
2004,TWN,-42.5,-147.5,0,0,0,0,0,0,0.8,0,0,0
2004,TWN,-42.5,-142.5,0,0,0,0,0,0,0.63,0,0,0
2004,TWN,-42.5,-137.5,0,0,0,0,0,0,0.31,0,0,0
2004,TWN,-42.5,-132.5,0,0,0,0,0,0,1.6,0,0,0
2004,TWN,-42.5,-127.5,0,0,0,0,0,0,1.09,0,0,0
2004,TWN,-37.5,-142.5,0,0,0,0,0,0,0.2,0,0,0
2004,TWN,-37.5,-137.5,0,0,0,0,0,0,5.36,0,0,0
2004,TWN,-37.5,-132.5,0,0,0,0,0,0,9.21,0,0,0
2004,TWN,-37.5,-127.5,0,0,0,0,0,0,8.72,0,0,0
2004,TWN,-37.5,-122.5,0,0,0,0,0,0,11.98,0,0,0
2004,TWN,-37.5,-112.5,0,0,0,0,0,0,21.79,0,0,0
2004,TWN,-32.5,-147.5,0,0,0,0,0,0,0.45,0,0,0
2004,TWN,-12.5,-132.5,0,0,0,0,0,0,2.27,0,0,0
2004,TWN,-12.5,-127.5,0,0,0,0,0,0,2.62,0,0,0
2004,TWN,-12.5,-122.5,0,0,0,0,0,0,0.28,0,0,0
2004,TWN,-12.5,-117.5,0,0,0,0,0,0,0.17,0,0,0
2004,TWN,-12.5,-107.5,0,0,0,0,0,0,0.35,0,0,0
2004,TWN,-12.5,-102.5,0,0,0,0,0,0,0.07,0,0,0
2004,TWN,-7.5,-147.5,0,0,0,0,0,0,0.57,0,0,0
2004,TWN,-7.5,-142.5,0,0,0,0,0,0,0.27,0,0,0
2004,TWN,-7.5,-137.5,0,0,0,0,0,0,0.41,0,0,0
2004,TWN,-7.5,-132.5,0,0,0,0,0,0,1.92,0,0,0
2004,TWN,-7.5,-127.5,0,0,0,0,0,0,1.73,0,0,0
2004,TWN,-7.5,-122.5,0,0,0,0,0,0,0.86,0,0,0
2004,TWN,-7.5,-117.5,0,0,0,0,0,0,0.1,0,0,0
2004,TWN,-7.5,-112.5,0,0,0,0,0,0,1.65,0,0,0
2004,TWN,-7.5,-107.5,0,0,0,0,0,0,0.8,0,0,0
2004,TWN,-7.5,-102.5,0,0,0,0,0,0,0.23,0,0,0
2004,TWN,-7.5,-97.5,0,0,0,0,0,0,0.04,0,0,0
2004,TWN,-2.5,-147.5,0,0,0,0,0,0,1.42,0,0,0
2004,TWN,-2.5,-142.5,0,0,0,0,0,0,3.38,0,0,0
2004,TWN,-2.5,-137.5,0,0,0,0,0,0,0.89,0,0,0
2004,TWN,-2.5,-122.5,0,0,0,0,0,0,0.18,0,0,0
2004,TWN,-2.5,-107.5,0,0,0,0,0,0,0.06,0,0,0
2004,TWN,-2.5,-97.5,0,0,0,0,0,0,0.87,0,0,0
2004,TWN,2.5,-147.5,0,0,0,0,0,0,2.23,0,0,0
2004,TWN,2.5,-142.5,0,0,0,0,0,0,1.15,0,0,0
2004,TWN,2.5,-137.5,0,0,0,0,0,0,0.29,0,0,0
2004,TWN,2.5,-132.5,0,0,0,0,0,0,0.06,0,0,0
2004,TWN,2.5,-127.5,0,0,0,0,0,0,0.08,0,0,0
2004,TWN,2.5,-122.5,0,0,0,0,0,0,0.76,0,0,0
2004,TWN,2.5,-117.5,0,0,0,0,0,0,0.07,0,0,0
2004,TWN,7.5,-147.5,0,0,0,0,0,0,0.97,0,0,0
2004,TWN,7.5,-142.5,0,0,0,0,0,0,0.32,0,0,0
2004,TWN,7.5,-137.5,0,0,0,0,0,0,0.04,0,0,0
2004,TWN,7.5,-132.5,0,0,0,0,0,0,0.03,0,0,0
2004,TWN,7.5,-127.5,0,0,0,0,0,0,0.17,0,0,0
2004,TWN,7.5,-122.5,0,0,0,0,0,0,0.11,0,0,0
2004,USA,17.5,-147.5,0,0,0,0,0,0,0,0,0,0
2004,USA,32.5,-147.5,0,0,0,0,0,0,0,0,0,0
2004,USA,32.5,-142.5,0,0,0,0,0,0,0,0,0,0
2004,KOR,-12.5,-102.5,0,0,0,0,0,0,0.08,0,0,0
2004,KOR,-7.5,-137.5,0,0,0,0,0,0,0.07,0,0,0
2004,KOR,-7.5,-117.5,0,0,0,0,0,0,0.05,0,0,0
2004,KOR,-2.5,-147.5,0,0,0,0,0,0,0.8,0,0,0
2004,KOR,-2.5,-142.5,0,0,0,0,0,0,0.85,0,0,0
2004,KOR,-2.5,-137.5,0,0,0,0,0,0,0.07,0,0,0
2004,KOR,2.5,-147.5,0,0,0,0,0,0,0.47,0,0,0
2004,KOR,2.5,-142.5,0,0,0,0,0,0,0.23,0,0,0
2004,KOR,2.5,-132.5,0,0,0,0,0,0,0.04,0,0,0
2004,KOR,2.5,-127.5,0,0,0,0,0,0,0.09,0,0,0
2004,KOR,7.5,-142.5,0,0,0,0,0,0,0.08,0,0,0
2004,KOR,7.5,-132.5,0,0,0,0,0,0,0.11,0,0,0
2004,PYF,-27.5,-142.5,0,0,0,0,0,0,0.1,0,0,0
2004,PYF,-17.5,-147.5,0,0,0,0.04,0,0,2.84,0,0,0
2004,PYF,-17.5,-142.5,0,0,0,0.13,0,0,7.68,0,0,0
2004,PYF,-17.5,-137.5,0,0,0,0,0,0,2.26,0,0,0
2004,PYF,-12.5,-147.5,0,0,0,0.04,0,0,4.18,0,0,0
2004,PYF,-12.5,-142.5,0,0,0,0.15,0,0,3.16,0,0,0
2004,PYF,-12.5,-137.5,0,0,0,0,0,0,0.56,0,0,0
2004,PYF,-7.5,-147.5,0,0,0,0,0,0,0.08,0,0,0
2004,PYF,-7.5,-137.5,0,0,0,0,0,0,0.16,0,0,0
2004,TWN,-42.5,-147.5,0,0,0,0,0,0,2.8,0,0,0
2004,TWN,-42.5,-142.5,0,0,0,0,0,0,4.26,0,0,0
2004,TWN,-42.5,-137.5,0,0,0,0,0,0,3.22,0,0,0
2004,TWN,-42.5,-132.5,0,0,0,0,0,0,4.66,0,0,0
2004,TWN,-42.5,-127.5,0,0,0,0,0,0,2.63,0,0,0
2004,TWN,-37.5,-147.5,0,0,0,0,0,0,1.86,0,0,0
2004,TWN,-37.5,-142.5,0,0,0,0,0,0,8.53,0,0,0
2004,TWN,-37.5,-137.5,0,0,0,0,0,0,5.92,0,0,0
2004,TWN,-37.5,-132.5,0,0,0,0,0,0,16.31,0,0,0
2004,TWN,-37.5,-127.5,0,0,0,0,0,0,31.58,0,0,0
2004,TWN,-37.5,-122.5,0,0,0,0,0,0,24.66,0,0,0
2004,TWN,-37.5,-117.5,0,0,0,0,0,0,0.29,0,0,0
2004,TWN,-37.5,-112.5,0,0,0,0,0,0,3.82,0,0,0
2004,TWN,-32.5,-137.5,0,0,0,0,0,0,1.37,0,0,0
2004,TWN,-27.5,-122.5,0,0,0,0,0,0,7.82,0,0,0
2004,TWN,-27.5,-117.5,0,0,0,0,0,0,0.34,0,0,0
2004,TWN,-12.5,-147.5,0,0,0,0,0,0,0.61,0,0,0
2004,TWN,-12.5,-142.5,0,0,0,0,0,0,0.29,0,0,0
2004,TWN,-12.5,-132.5,0,0,0,0,0,0,1.14,0,0,0
2004,TWN,-12.5,-127.5,0,0,0,0,0,0,0.22,0,0,0
2004,TWN,-7.5,-147.5,0,0,0,0,0,0,1,0,0,0
2004,TWN,-7.5,-142.5,0,0,0,0,0,0,0.1,0,0,0
2004,TWN,-7.5,-137.5,0,0,0,0,0,0,1.47,0,0,0
2004,TWN,-7.5,-132.5,0,0,0,0,0,0,0.63,0,0,0
2004,TWN,-7.5,-127.5,0,0,0,0,0,0,0.72,0,0,0
2004,TWN,-7.5,-122.5,0,0,0,0,0,0,0.35,0,0,0
2004,TWN,-7.5,-117.5,0,0,0,0,0,0,0.29,0,0,0
2004,TWN,-2.5,-147.5,0,0,0,0,0,0,3.84,0,0,0
2004,TWN,-2.5,-142.5,0,0,0,0,0,0,0.72,0,0,0
2004,TWN,-2.5,-137.5,0,0,0,0,0,0,0.83,0,0,0
2004,TWN,-2.5,-107.5,0,0,0,0,0,0,1.24,0,0,0
2004,TWN,2.5,-147.5,0,0,0,0,0,0,3.92,0,0,0
2004,TWN,2.5,-142.5,0,0,0,0,0,0,3.31,0,0,0
2004,TWN,2.5,-137.5,0,0,0,0,0,0,0.41,0,0,0
2004,TWN,2.5,-132.5,0,0,0,0,0,0,0.11,0,0,0
2004,TWN,2.5,-127.5,0,0,0,0,0,0,0.03,0,0,0
2004,TWN,2.5,-122.5,0,0,0,0,0,0,0.23,0,0,0
2004,TWN,2.5,-107.5,0,0,0,0,0,0,0.37,0,0,0
2004,TWN,7.5,-147.5,0,0,0,0,0,0,1.09,0,0,0
2004,TWN,7.5,-142.5,0,0,0,0,0,0,0.46,0,0,0
2004,TWN,7.5,-137.5,0,0,0,0,0,0,0.18,0,0,0
2004,TWN,7.5,-127.5,0,0,0,0,0,0,0.04,0,0,0
2004,KOR,-2.5,-147.5,0,0,0,0,0,0,0.13,0,0,0
2004,KOR,-2.5,-142.5,0,0,0,0,0,0,0.08,0,0,0
2004,KOR,2.5,-147.5,0,0,0,0,0,0,0.2,0,0,0
2004,KOR,2.5,-142.5,0,0,0,0,0,0,0.03,0,0,0
2004,KOR,2.5,-137.5,0,0,0,0,0,0,0.02,0,0,0
2004,KOR,7.5,-142.5,0,0,0,0,0,0,0.05,0,0,0
2004,KOR,7.5,-137.5,0,0,0,0,0,0,0.23,0,0,0
2004,PYF,-17.5,-147.5,0,0,0,0,0,0,0.8,0,0,0
2004,PYF,-17.5,-142.5,0,0,0,0.12,0,0,0.49,0,0,0
2004,PYF,-12.5,-147.5,0,0,0,0.43,0,0,10.19,0,0,0
2004,PYF,-12.5,-142.5,0,0,0,0.37,0,0,4.82,0,0,0
2004,PYF,-12.5,-137.5,0,0,0,0,0,0,0.08,0,0,0
2004,TWN,-42.5,-147.5,0,0,0,0,0,0,1.48,0,0,0
2004,TWN,-42.5,-132.5,0,0,0,0,0,0,0.93,0,0,0
2004,TWN,-42.5,-127.5,0,0,0,0,0,0,1.08,0,0,0
2004,TWN,-37.5,-147.5,0,0,0,0,0,0,4.9,0,0,0
2004,TWN,-37.5,-142.5,0,0,0,0,0,0,2.12,0,0,0
2004,TWN,-37.5,-137.5,0,0,0,0,0,0,2.35,0,0,0
2004,TWN,-37.5,-132.5,0,0,0,0,0,0,2.91,0,0,0
2004,TWN,-37.5,-127.5,0,0,0,0,0,0,21.39,0,0,0
2004,TWN,-37.5,-122.5,0,0,0,0,0,0,8.97,0,0,0
2004,TWN,-32.5,-147.5,0,0,0,0,0,0,6.09,0,0,0
2004,TWN,-32.5,-142.5,0,0,0,0,0,0,2.36,0,0,0
2004,TWN,-32.5,-137.5,0,0,0,0,0,0,5.16,0,0,0
2004,TWN,-32.5,-132.5,0,0,0,0,0,0,6.39,0,0,0
2004,TWN,-27.5,-137.5,0,0,0,0,0,0,0.88,0,0,0
2004,TWN,-27.5,-132.5,0,0,0,0,0,0,3.71,0,0,0
2004,TWN,-27.5,-122.5,0,0,0,0,0,0,0.16,0,0,0
2004,TWN,-12.5,-147.5,0,0,0,0,0,0,0.69,0,0,0
2004,TWN,-12.5,-142.5,0,0,0,0,0,0,0.14,0,0,0
2004,TWN,-12.5,-132.5,0,0,0,0,0,0,0.69,0,0,0
2004,TWN,-12.5,-127.5,0,0,0,0,0,0,2.05,0,0,0
2004,TWN,-12.5,-107.5,0,0,0,0,0,0,0.14,0,0,0
2004,TWN,-7.5,-147.5,0,0,0,0,0,0,2.41,0,0,0
2004,TWN,-7.5,-142.5,0,0,0,0,0,0,1.83,0,0,0
2004,TWN,-7.5,-137.5,0,0,0,0,0,0,1.52,0,0,0
2004,TWN,-7.5,-132.5,0,0,0,0,0,0,2.14,0,0,0
2004,TWN,-7.5,-127.5,0,0,0,0,0,0,0.24,0,0,0
2004,TWN,-7.5,-102.5,0,0,0,0,0,0,0.31,0,0,0
2004,TWN,-2.5,-147.5,0,0,0,0,0,0,9.59,0,0,0
2004,TWN,-2.5,-142.5,0,0,0,0,0,0,4.34,0,0,0
2004,TWN,-2.5,-137.5,0,0,0,0,0,0,2.07,0,0,0
2004,TWN,-2.5,-132.5,0,0,0,0,0,0,0.13,0,0,0
2004,TWN,2.5,-147.5,0,0,0,0,0,0,0.45,0,0,0
2004,TWN,2.5,-142.5,0,0,0,0,0,0,0.73,0,0,0
2004,TWN,7.5,-142.5,0,0,0,0,0,0,0.18,0,0,0
2004,TWN,7.5,-137.5,0,0,0,0,0,0,0.02,0,0,0
2004,KOR,-7.5,-147.5,0,0,0,0,0,0,0.29,0,0,0
2004,KOR,-7.5,-137.5,0,0,0,0,0,0,0.11,0,0,0
2004,KOR,-7.5,-132.5,0,0,0,0,0,0,0.02,0,0,0
2004,KOR,-2.5,-147.5,0,0,0,0,0,0,0.01,0,0,0
2004,KOR,-2.5,-142.5,0,0,0,0,0,0,0.36,0,0,0
2004,KOR,-2.5,-137.5,0,0,0,0,0,0,0.01,0,0,0
2004,KOR,2.5,-147.5,0,0,0,0,0,0,0.09,0,0,0
2004,KOR,2.5,-142.5,0,0,0,0,0,0,0.11,0,0,0
2004,KOR,7.5,-147.5,0,0,0,0,0,0,0.37,0,0,0
2004,PYF,-22.5,-147.5,0,0,0,0,0,0,0.2,0,0,0
2004,PYF,-17.5,-147.5,0,0,0,0.44,0,0,13.31,0,0,0
2004,PYF,-17.5,-142.5,0,0,0,0.1,0,0,0.72,0,0,0
2004,PYF,-12.5,-147.5,0,0,0,0.45,0,0,3.94,0,0,0
2004,PYF,-12.5,-142.5,0,0,0,0.25,0,0,3.04,0,0,0
2004,TWN,-37.5,-127.5,0,0,0,0,0,0,25.31,0,0,0
2004,TWN,-37.5,-122.5,0,0,0,0,0,0,11.47,0,0,0
2004,TWN,-32.5,-147.5,0,0,0,0,0,0,4.16,0,0,0
2004,TWN,-32.5,-142.5,0,0,0,0,0,0,0.39,0,0,0
2004,TWN,-32.5,-137.5,0,0,0,0,0,0,0.18,0,0,0
2004,TWN,-32.5,-122.5,0,0,0,0,0,0,1.96,0,0,0
2004,TWN,-32.5,-117.5,0,0,0,0,0,0,1.06,0,0,0
2004,TWN,-27.5,-132.5,0,0,0,0,0,0,0.1,0,0,0
2004,TWN,-27.5,-127.5,0,0,0,0,0,0,0.29,0,0,0
2004,TWN,-27.5,-122.5,0,0,0,0,0,0,8.9,0,0,0
2004,TWN,-17.5,-147.5,0,0,0,0,0,0,0.76,0,0,0
2004,TWN,-12.5,-147.5,0,0,0,0,0,0,0.11,0,0,0
2004,TWN,-12.5,-142.5,0,0,0,0,0,0,2.21,0,0,0
2004,TWN,-12.5,-132.5,0,0,0,0,0,0,0.41,0,0,0
2004,TWN,-12.5,-127.5,0,0,0,0,0,0,2.67,0,0,0
2004,TWN,-7.5,-147.5,0,0,0,0,0,0,2.74,0,0,0
2004,TWN,-7.5,-142.5,0,0,0,0,0,0,0.62,0,0,0
2004,TWN,-7.5,-137.5,0,0,0,0,0,0,0.28,0,0,0
2004,TWN,-7.5,-132.5,0,0,0,0,0,0,0.66,0,0,0
2004,TWN,-7.5,-127.5,0,0,0,0,0,0,1.34,0,0,0
2004,TWN,-2.5,-147.5,0,0,0,0,0,0,0.38,0,0,0
2004,TWN,-2.5,-142.5,0,0,0,0,0,0,0.25,0,0,0
2004,TWN,-2.5,-117.5,0,0,0,0,0,0,0.21,0,0,0
2004,TWN,2.5,-147.5,0,0,0,0,0,0,1.77,0,0,0
2004,TWN,2.5,-142.5,0,0,0,0,0,0,0.14,0,0,0
2004,TWN,2.5,-137.5,0,0,0,0,0,0,0.04,0,0,0
2004,TWN,2.5,-132.5,0,0,0,0,0,0,0.1,0,0,0
2004,TWN,7.5,-147.5,0,0,0,0,0,0,0.33,0,0,0
2004,TWN,7.5,-142.5,0,0,0,0,0,0,0.79,0,0,0
2004,KOR,-12.5,-147.5,0,0,0,0,0,0,0.22,0,0,0
2004,KOR,-7.5,-147.5,0,0,0,0,0,0,1.01,0,0,0
2004,KOR,-7.5,-137.5,0,0,0,0,0,0,0.15,0,0,0
2004,KOR,2.5,-147.5,0,0,0,0,0,0,0.33,0,0,0
2004,KOR,2.5,-142.5,0,0,0,0,0,0,0.05,0,0,0
2004,KOR,2.5,-132.5,0,0,0,0,0,0,0.08,0,0,0
2004,KOR,7.5,-137.5,0,0,0,0,0,0,0.05,0,0,0
2004,KOR,7.5,-132.5,0,0,0,0,0,0,0.25,0,0,0
2004,PYF,-22.5,-147.5,0,0,0,0.08,0,0,0.36,0,0,0
2004,PYF,-17.5,-147.5,0,0,0,0,0,0,3.31,0,0,0
2004,PYF,-17.5,-142.5,0,0,0,0.17,0,0,0.04,0,0,0
2004,PYF,-17.5,-137.5,0,0,0,0.05,0,0,0.16,0,0,0
2004,PYF,-12.5,-147.5,0,0,0,0.24,0,0,2.57,0,0,0
2004,PYF,-12.5,-142.5,0,0,0,0.33,0,0,0.59,0,0,0
2004,PYF,-12.5,-137.5,0,0,0,0.05,0,0,0,0,0,0
2004,PYF,-7.5,-142.5,0,0,0,0,0,0,0.48,0,0,0
2004,TWN,-37.5,-127.5,0,0,0,0,0,0,0.38,0,0,0
2004,TWN,-32.5,-132.5,0,0,0,0,0,0,12.65,0,0,0
2004,TWN,-32.5,-127.5,0,0,0,0,0,0,8.84,0,0,0
2004,TWN,-32.5,-122.5,0,0,0,0,0,0,2.01,0,0,0
2004,TWN,-27.5,-137.5,0,0,0,0,0,0,14.3,0,0,0
2004,TWN,-27.5,-132.5,0,0,0,0,0,0,12.79,0,0,0
2004,TWN,-27.5,-127.5,0,0,0,0,0,0,1.38,0,0,0
2004,TWN,-27.5,-122.5,0,0,0,0,0,0,1.33,0,0,0
2004,TWN,-17.5,-127.5,0,0,0,0,0,0,0.04,0,0,0
2004,TWN,-12.5,-147.5,0,0,0,0,0,0,1.77,0,0,0
2004,TWN,-12.5,-142.5,0,0,0,0,0,0,1.71,0,0,0
2004,TWN,-12.5,-132.5,0,0,0,0,0,0,1,0,0,0
2004,TWN,-12.5,-127.5,0,0,0,0,0,0,1.56,0,0,0
2004,TWN,-7.5,-147.5,0,0,0,0,0,0,0.62,0,0,0
2004,TWN,-7.5,-142.5,0,0,0,0,0,0,0.22,0,0,0
2004,TWN,-7.5,-132.5,0,0,0,0,0,0,0.15,0,0,0
2004,TWN,-7.5,-127.5,0,0,0,0,0,0,1.33,0,0,0
2004,TWN,-2.5,-142.5,0,0,0,0,0,0,0.06,0,0,0
2004,TWN,-2.5,-107.5,0,0,0,0,0,0,0.09,0,0,0
2004,TWN,2.5,-147.5,0,0,0,0,0,0,0.86,0,0,0
2004,TWN,2.5,-142.5,0,0,0,0,0,0,0.37,0,0,0
2004,USA,27.5,-147.5,0,0,0,0,0,0,0,0,0,0
2004,KOR,-12.5,-147.5,0,0,0,0,0,0,0.05,0,0,0
2004,KOR,-12.5,-132.5,0,0,0,0,0,0,0.1,0,0,0
2004,KOR,-7.5,-147.5,0,0,0,0,0,0,0.96,0,0,0
2004,KOR,-7.5,-137.5,0,0,0,0,0,0,0.48,0,0,0
2004,KOR,-7.5,-132.5,0,0,0,0,0,0,0.45,0,0,0
2004,KOR,-2.5,-137.5,0,0,0,0,0,0,0.14,0,0,0
2004,KOR,2.5,-142.5,0,0,0,0,0,0,0.47,0,0,0
2004,KOR,7.5,-147.5,0,0,0,0,0,0,0.04,0,0,0
2004,KOR,7.5,-137.5,0,0,0,0,0,0,0.04,0,0,0
2004,PYF,-22.5,-147.5,0,0,0,0.04,0,0,0.16,0,0,0
2004,PYF,-22.5,-142.5,0,0,0,0,0,0,0.36,0,0,0
2004,PYF,-17.5,-147.5,0,0,0,0.59,0,0,3.94,0,0,0
2004,PYF,-17.5,-142.5,0,0,0,0,0,0,0.06,0,0,0
2004,PYF,-17.5,-137.5,0,0,0,0.54,0,0,0,0,0,0
2004,PYF,-12.5,-147.5,0,0,0,0.23,0,0,3.45,0,0,0
2004,PYF,-12.5,-142.5,0,0,0,0.45,0,0,0.66,0,0,0
2004,PYF,-7.5,-142.5,0,0,0,0.04,0,0,10.4,0,0,0
2004,PYF,-2.5,-147.5,0,0,0,0,0,0,0.04,0,0,0
2004,TWN,-32.5,-147.5,0,0,0,0,0,0,1.73,0,0,0
2004,TWN,-32.5,-132.5,0,0,0,0,0,0,3.35,0,0,0
2004,TWN,-32.5,-127.5,0,0,0,0,0,0,0.51,0,0,0
2004,TWN,-27.5,-147.5,0,0,0,0,0,0,22.05,0,0,0
2004,TWN,-27.5,-142.5,0,0,0,0,0,0,15.74,0,0,0
2004,TWN,-27.5,-137.5,0,0,0,0,0,0,2.26,0,0,0
2004,TWN,-27.5,-132.5,0,0,0,0,0,0,0.71,0,0,0
2004,TWN,-17.5,-132.5,0,0,0,0,0,0,0.99,0,0,0
2004,TWN,-17.5,-127.5,0,0,0,0,0,0,0.69,0,0,0
2004,TWN,-12.5,-147.5,0,0,0,0,0,0,2.8,0,0,0
2004,TWN,-12.5,-142.5,0,0,0,0,0,0,0.5,0,0,0
2004,TWN,-12.5,-132.5,0,0,0,0,0,0,8.62,0,0,0
2004,TWN,-12.5,-127.5,0,0,0,0,0,0,0.2,0,0,0
2004,TWN,-12.5,-122.5,0,0,0,0,0,0,0.18,0,0,0
2004,TWN,-12.5,-102.5,0,0,0,0,0,0,0.76,0,0,0
2004,TWN,-7.5,-147.5,0,0,0,0,0,0,3.4,0,0,0
2004,TWN,-7.5,-132.5,0,0,0,0,0,0,2.14,0,0,0
2004,TWN,-7.5,-127.5,0,0,0,0,0,0,0.34,0,0,0
2004,TWN,-7.5,-112.5,0,0,0,0,0,0,0.27,0,0,0
2004,TWN,-7.5,-102.5,0,0,0,0,0,0,0.19,0,0,0
2004,TWN,-2.5,-147.5,0,0,0,0,0,0,0.13,0,0,0
2004,TWN,-2.5,-107.5,0,0,0,0,0,0,0.21,0,0,0
2004,TWN,-2.5,-102.5,0,0,0,0,0,0,0.04,0,0,0
2004,TWN,2.5,-147.5,0,0,0,0,0,0,0.28,0,0,0
2004,TWN,2.5,-142.5,0,0,0,0,0,0,0.05,0,0,0
2004,TWN,7.5,-147.5,0,0,0,0,0,0,0.23,0,0,0
2004,USA,22.5,-147.5,0,0,0,0,0,0,0,0,0,0
2004,USA,27.5,-147.5,0,0,0,0,0,0,0,0,0,0
2004,USA,27.5,-142.5,0,0,0,0,0,0,0,0,0,0
2004,USA,32.5,-147.5,0,0,0,0,0,0,0,0,0,0
2004,KOR,-12.5,-132.5,0,0,0,0,0,0,0.32,0,0,0
2004,KOR,-7.5,-147.5,0,0,0,0,0,0,0.23,0,0,0
2004,KOR,-7.5,-137.5,0,0,0,0,0,0,0.24,0,0,0
2004,KOR,-7.5,-132.5,0,0,0,0,0,0,0.65,0,0,0
2004,KOR,-7.5,-127.5,0,0,0,0,0,0,0.23,0,0,0
2004,KOR,-2.5,-147.5,0,0,0,0,0,0,0.07,0,0,0
2004,KOR,-2.5,-142.5,0,0,0,0,0,0,0.05,0,0,0
2004,KOR,-2.5,-137.5,0,0,0,0,0,0,0.12,0,0,0
2004,PYF,-22.5,-142.5,0,0,0,0.08,0,0,0.08,0,0,0
2004,PYF,-17.5,-147.5,0,0,0,0.22,0,0,0.63,0,0,0
2004,PYF,-17.5,-142.5,0,0,0,0.12,0,0,0.04,0,0,0
2004,PYF,-12.5,-147.5,0,0,0,0.52,0,0,4.55,0,0,0
2004,PYF,-12.5,-142.5,0,0,0,0.7,0,0,1.21,0,0,0
2004,PYF,-12.5,-137.5,0,0,0,0.06,0,0,0,0,0,0
2004,PYF,-7.5,-142.5,0,0,0,0.08,0,0,1.52,0,0,0
2004,PYF,-7.5,-137.5,0,0,0,0.4,0,0,4,0,0,0
2004,TWN,-17.5,-132.5,0,0,0,0,0,0,7.24,0,0,0
2004,TWN,-12.5,-147.5,0,0,0,0,0,0,2.35,0,0,0
2004,TWN,-12.5,-142.5,0,0,0,0,0,0,0.27,0,0,0
2004,TWN,-12.5,-132.5,0,0,0,0,0,0,12.26,0,0,0
2004,TWN,-12.5,-127.5,0,0,0,0,0,0,0.18,0,0,0
2004,TWN,-12.5,-122.5,0,0,0,0,0,0,1,0,0,0
2004,TWN,-7.5,-147.5,0,0,0,0,0,0,5.87,0,0,0
2004,TWN,-7.5,-142.5,0,0,0,0,0,0,0.04,0,0,0
2004,TWN,-7.5,-127.5,0,0,0,0,0,0,0.26,0,0,0
2004,TWN,-7.5,-117.5,0,0,0,0,0,0,0.28,0,0,0
2004,TWN,-2.5,-147.5,0,0,0,0,0,0,0.29,0,0,0
2004,TWN,-2.5,-142.5,0,0,0,0,0,0,0.37,0,0,0
2004,TWN,-2.5,-137.5,0,0,0,0,0,0,0.29,0,0,0
2004,USA,22.5,-147.5,0,0,0,0,0,0,0,0,0,0
2004,USA,27.5,-147.5,0,0,0,0,0,0,0,0,0,0
2004,USA,32.5,-147.5,0,0,0,0,0,0,0,0,0,0
2004,KOR,-17.5,-127.5,0,0,0,0,0,0,1.06,0,0,0
2004,KOR,-12.5,-132.5,0,0,0,0,0,0,0.38,0,0,0
2004,KOR,-12.5,-127.5,0,0,0,0,0,0,0.35,0,0,0
2004,KOR,-12.5,-122.5,0,0,0,0,0,0,0.4,0,0,0
2004,KOR,-12.5,-117.5,0,0,0,0,0,0,0.22,0,0,0
2004,KOR,-12.5,-112.5,0,0,0,0,0,0,0.46,0,0,0
2004,KOR,-7.5,-147.5,0,0,0,0,0,0,0.19,0,0,0
2004,KOR,-7.5,-132.5,0,0,0,0,0,0,0.28,0,0,0
2004,KOR,-7.5,-127.5,0,0,0,0,0,0,0.36,0,0,0
2004,PYF,-17.5,-147.5,0,0,0,0.45,0,0,2.41,0,0,0
2004,PYF,-17.5,-142.5,0,0,0,0.04,0,0,0.28,0,0,0
2004,PYF,-17.5,-137.5,0,0,0,0.21,0,0,0.16,0,0,0
2004,PYF,-12.5,-147.5,0,0,0,0.11,0,0,3.57,0,0,0
2004,PYF,-12.5,-142.5,0,0,0,0.33,0,0,2.34,0,0,0
2004,TWN,-27.5,-137.5,0,0,0,0,0,0,0.21,0,0,0
2004,TWN,-22.5,-127.5,0,0,0,0,0,0,0.14,0,0,0
2004,TWN,-22.5,-117.5,0,0,0,0,0,0,2.19,0,0,0
2004,TWN,-17.5,-132.5,0,0,0,0,0,0,3.04,0,0,0
2004,TWN,-17.5,-127.5,0,0,0,0,0,0,1.02,0,0,0
2004,TWN,-17.5,-122.5,0,0,0,0,0,0,2.08,0,0,0
2004,TWN,-17.5,-117.5,0,0,0,0,0,0,1.48,0,0,0
2004,TWN,-12.5,-147.5,0,0,0,0,0,0,1.31,0,0,0
2004,TWN,-12.5,-142.5,0,0,0,0,0,0,0.67,0,0,0
2004,TWN,-12.5,-132.5,0,0,0,0,0,0,5.01,0,0,0
2004,TWN,-12.5,-127.5,0,0,0,0,0,0,1.07,0,0,0
2004,TWN,-12.5,-122.5,0,0,0,0,0,0,3.17,0,0,0
2004,TWN,-12.5,-107.5,0,0,0,0,0,0,0.12,0,0,0
2004,TWN,-12.5,-102.5,0,0,0,0,0,0,0.19,0,0,0
2004,TWN,-7.5,-147.5,0,0,0,0,0,0,3.37,0,0,0
2004,TWN,-7.5,-142.5,0,0,0,0,0,0,1.27,0,0,0
2004,TWN,-7.5,-122.5,0,0,0,0,0,0,0.19,0,0,0
2004,TWN,-2.5,-147.5,0,0,0,0,0,0,0.22,0,0,0
2004,USA,17.5,-147.5,0,0,0,0,0,0,0,0,0,0
2004,USA,22.5,-147.5,0,0,0,0,0,0,0,0,0,0
2004,KOR,-17.5,-132.5,0,0,0,0,0,0,0.06,0,0,0
2004,KOR,-17.5,-127.5,0,0,0,0,0,0,0.14,0,0,0
2004,KOR,-12.5,-132.5,0,0,0,0,0,0,0.39,0,0,0
2004,KOR,-12.5,-127.5,0,0,0,0,0,0,0.41,0,0,0
2004,KOR,-12.5,-122.5,0,0,0,0,0,0,0.58,0,0,0
2004,KOR,-12.5,-117.5,0,0,0,0,0,0,0.54,0,0,0
2004,KOR,-7.5,-147.5,0,0,0,0,0,0,0.1,0,0,0
2004,KOR,-7.5,-137.5,0,0,0,0,0,0,0.02,0,0,0
2004,KOR,-7.5,-132.5,0,0,0,0,0,0,0.13,0,0,0
2004,KOR,-7.5,-127.5,0,0,0,0,0,0,0.22,0,0,0
2004,KOR,-7.5,-122.5,0,0,0,0,0,0,0.08,0,0,0
2004,KOR,-2.5,-147.5,0,0,0,0,0,0,0.07,0,0,0
2004,PYF,-22.5,-147.5,0,0,0,0.13,0,0,0.72,0,0,0
2004,PYF,-22.5,-142.5,0,0,0,0.26,0,0,0.2,0,0,0
2004,PYF,-22.5,-137.5,0,0,0,0.14,0,0,0,0,0,0
2004,PYF,-17.5,-147.5,0,0,0,2.45,0,0,7.08,0,0,0
2004,PYF,-17.5,-142.5,0,0,0,1.88,0,0,2.04,0,0,0
2004,PYF,-17.5,-137.5,0,0,0,0.47,0,0,0.04,0,0,0
2004,PYF,-12.5,-147.5,0,0,0,0.03,0,0,0.97,0,0,0
2004,PYF,-12.5,-142.5,0,0,0,0,0,0,0.35,0,0,0
2004,PYF,-7.5,-142.5,0,0,0,0,0,0,1.92,0,0,0
2004,PYF,-7.5,-137.5,0,0,0,0,0,0,0.24,0,0,0
2004,TWN,-22.5,-127.5,0,0,0,0,0,0,0.33,0,0,0
2004,TWN,-22.5,-122.5,0,0,0,0,0,0,0.5,0,0,0
2004,TWN,-22.5,-117.5,0,0,0,0,0,0,0.31,0,0,0
2004,TWN,-22.5,-112.5,0,0,0,0,0,0,1.56,0,0,0
2004,TWN,-17.5,-132.5,0,0,0,0,0,0,0.33,0,0,0
2004,TWN,-17.5,-127.5,0,0,0,0,0,0,4.34,0,0,0
2004,TWN,-17.5,-122.5,0,0,0,0,0,0,5.59,0,0,0
2004,TWN,-17.5,-117.5,0,0,0,0,0,0,10.42,0,0,0
2004,TWN,-17.5,-112.5,0,0,0,0,0,0,7.97,0,0,0
2004,TWN,-12.5,-147.5,0,0,0,0,0,0,0.38,0,0,0
2004,TWN,-12.5,-137.5,0,0,0,0,0,0,0.15,0,0,0
2004,TWN,-12.5,-132.5,0,0,0,0,0,0,3.74,0,0,0
2004,TWN,-12.5,-122.5,0,0,0,0,0,0,0.12,0,0,0
2004,TWN,-12.5,-117.5,0,0,0,0,0,0,0.23,0,0,0
2004,TWN,-12.5,-112.5,0,0,0,0,0,0,0.49,0,0,0
2004,TWN,-12.5,-107.5,0,0,0,0,0,0,0.55,0,0,0
2004,TWN,-7.5,-147.5,0,0,0,0,0,0,2.08,0,0,0
2004,TWN,-7.5,-142.5,0,0,0,0,0,0,0.26,0,0,0
2004,TWN,-7.5,-137.5,0,0,0,0,0,0,0.05,0,0,0
2004,TWN,-7.5,-132.5,0,0,0,0,0,0,0.12,0,0,0
2004,TWN,-7.5,-112.5,0,0,0,0,0,0,0.1,0,0,0
2004,TWN,-2.5,-147.5,0,0,0,0,0,0,1.95,0,0,0
2004,TWN,-2.5,-137.5,0,0,0,0,0,0,0.22,0,0,0
2004,TWN,2.5,-107.5,0,0,0,0,0,0,0.12,0,0,0
2004,TWN,37.5,-147.5,0,0,0,0,0,0,0.08,0,0,0
2004,USA,37.5,-147.5,0,0,0,0,0,0,0,0,0,0
2004,USA,37.5,-142.5,0,0,0,0,0,0,0,0,0,0
2004,KOR,-12.5,-147.5,0,0,0,0,0,0,0.05,0,0,0
2004,KOR,-12.5,-127.5,0,0,0,0,0,0,0.55,0,0,0
2004,KOR,-12.5,-122.5,0,0,0,0,0,0,0.27,0,0,0
2004,KOR,-12.5,-117.5,0,0,0,0,0,0,0.17,0,0,0
2004,KOR,-7.5,-147.5,0,0,0,0,0,0,0.04,0,0,0
2004,KOR,-7.5,-142.5,0,0,0,0,0,0,0.14,0,0,0
2004,KOR,-7.5,-132.5,0,0,0,0,0,0,0.87,0,0,0
2004,KOR,-7.5,-127.5,0,0,0,0,0,0,0.29,0,0,0
2004,KOR,-7.5,-122.5,0,0,0,0,0,0,0.03,0,0,0
2004,KOR,-2.5,-147.5,0,0,0,0,0,0,0.05,0,0,0
2004,PYF,-22.5,-147.5,0,0,0,0.38,0,0,0.09,0,0,0
2004,PYF,-22.5,-142.5,0,0,0,0.39,0,0,0,0,0,0
2004,PYF,-17.5,-147.5,0,0,0,1.04,0,0,3.53,0,0,0
2004,PYF,-17.5,-142.5,0,0,0,0.36,0,0,0.27,0,0,0
2004,PYF,-12.5,-147.5,0,0,0,0.06,0,0,1.31,0,0,0
2004,PYF,-12.5,-142.5,0,0,0,0,0,0,0.04,0,0,0
2004,TWN,-22.5,-122.5,0,0,0,0,0,0,1.52,0,0,0
2004,TWN,-22.5,-117.5,0,0,0,0,0,0,2.95,0,0,0
2004,TWN,-22.5,-112.5,0,0,0,0,0,0,1.77,0,0,0
2004,TWN,-22.5,-107.5,0,0,0,0,0,0,0.17,0,0,0
2004,TWN,-22.5,-102.5,0,0,0,0,0,0,0.3,0,0,0
2004,TWN,-17.5,-132.5,0,0,0,0,0,0,3.69,0,0,0
2004,TWN,-17.5,-127.5,0,0,0,0,0,0,0.42,0,0,0
2004,TWN,-17.5,-122.5,0,0,0,0,0,0,1,0,0,0
2004,TWN,-17.5,-117.5,0,0,0,0,0,0,8.29,0,0,0
2004,TWN,-17.5,-112.5,0,0,0,0,0,0,9.48,0,0,0
2004,TWN,-17.5,-107.5,0,0,0,0,0,0,9.96,0,0,0
2004,TWN,-17.5,-102.5,0,0,0,0,0,0,7.43,0,0,0
2004,TWN,-12.5,-147.5,0,0,0,0,0,0,0.1,0,0,0
2004,TWN,-12.5,-142.5,0,0,0,0,0,0,0.08,0,0,0
2004,TWN,-12.5,-132.5,0,0,0,0,0,0,1.41,0,0,0
2004,TWN,-12.5,-127.5,0,0,0,0,0,0,0.3,0,0,0
2004,TWN,-12.5,-117.5,0,0,0,0,0,0,0.46,0,0,0
2004,TWN,-12.5,-112.5,0,0,0,0,0,0,0.59,0,0,0
2004,TWN,-12.5,-107.5,0,0,0,0,0,0,1.59,0,0,0
2004,TWN,-7.5,-147.5,0,0,0,0,0,0,3.25,0,0,0
2004,TWN,-7.5,-142.5,0,0,0,0,0,0,1.33,0,0,0
2004,TWN,-7.5,-137.5,0,0,0,0,0,0,0.24,0,0,0
2004,TWN,-7.5,-132.5,0,0,0,0,0,0,0.74,0,0,0
2004,TWN,-7.5,-117.5,0,0,0,0,0,0,0.98,0,0,0
2004,TWN,-7.5,-112.5,0,0,0,0,0,0,0.07,0,0,0
2004,TWN,-7.5,-107.5,0,0,0,0,0,0,0.07,0,0,0
2004,TWN,-2.5,-147.5,0,0,0,0,0,0,1.13,0,0,0
2004,TWN,-2.5,-142.5,0,0,0,0,0,0,0.34,0,0,0
2004,TWN,-2.5,-137.5,0,0,0,0,0,0,0.11,0,0,0
2004,TWN,2.5,-112.5,0,0,0,0,0,0,0.14,0,0,0
2004,TWN,2.5,-107.5,0,0,0,0,0,0,0.29,0,0,0
2004,USA,37.5,-142.5,0,0,0,0,0,0,0,0,0,0
2005,KOR,-12.5,-132.5,0,0,0,0,0,0,0.04,0,0,0
2005,KOR,-12.5,-127.5,0,0,0,0,0,0,0.29,0,0,0
2005,KOR,-12.5,-122.5,0,0,0,0,0,0,0.8,0,0,0
2005,KOR,-12.5,-117.5,0,0,0,0,0,0,0.07,0,0,0
2005,KOR,-7.5,-132.5,0,0,0,0,0,0,0.04,0,0,0
2005,KOR,-7.5,-127.5,0,0,0,0,0,0,0.03,0,0,0
2005,KOR,-7.5,-122.5,0,0,0,0,0,0,1.8,0,0,0
2005,KOR,-2.5,-137.5,0,0,0,0,0,0,0.06,0,0,0
2005,KOR,2.5,-147.5,0,0,0,0,0,0,0.03,0,0,0
2005,KOR,2.5,-117.5,0,0,0,0,0,0,1.06,0,0,0
2005,PYF,-22.5,-147.5,0,0,0,0,0,0,0.48,0,0,0
2005,PYF,-22.5,-142.5,0,0,0,0,0,0,0.32,0,0,0
2005,PYF,-22.5,-137.5,0,0,0,0,0,0,0.6,0,0,0
2005,PYF,-17.5,-147.5,0,0,0,0.05,0,0,0.76,0,0,0
2005,PYF,-17.5,-142.5,0,0,0,0.03,0,0,0.22,0,0,0
2005,PYF,-17.5,-137.5,0,0,0,0,0,0,0.4,0,0,0
2005,PYF,-12.5,-147.5,0,0,0,0.07,0,0,4.87,0,0,0
2005,PYF,-12.5,-142.5,0,0,0,0.13,0,0,1.21,0,0,0
2005,PYF,-12.5,-137.5,0,0,0,0,0,0,0.2,0,0,0
2005,TWN,-22.5,-132.5,0,0,0,0,0,0,0.04,0,0,0
2005,TWN,-22.5,-122.5,0,0,0,0,0,0,0.13,0,0,0
2005,TWN,-22.5,-117.5,0,0,0,0,0,0,0.28,0,0,0
2005,TWN,-22.5,-112.5,0,0,0,0,0,0,0.83,0,0,0
2005,TWN,-22.5,-107.5,0,0,0,0,0,0,0.33,0,0,0
2005,TWN,-22.5,-102.5,0,0,0,0,0,0,0.13,0,0,0
2005,TWN,-17.5,-132.5,0,0,0,0,0,0,0.86,0,0,0
2005,TWN,-17.5,-127.5,0,0,0,0,0,0,0.05,0,0,0
2005,TWN,-17.5,-122.5,0,0,0,0,0,0,0.82,0,0,0
2005,TWN,-17.5,-117.5,0,0,0,0,0,0,2.01,0,0,0
2005,TWN,-17.5,-112.5,0,0,0,0,0,0,0.95,0,0,0
2005,TWN,-17.5,-107.5,0,0,0,0,0,0,3.68,0,0,0
2005,TWN,-17.5,-102.5,0,0,0,0,0,0,3.24,0,0,0
2005,TWN,-12.5,-147.5,0,0,0,0,0,0,0.18,0,0,0
2005,TWN,-12.5,-142.5,0,0,0,0,0,0,0.61,0,0,0
2005,TWN,-12.5,-132.5,0,0,0,0,0,0,0.61,0,0,0
2005,TWN,-12.5,-122.5,0,0,0,0,0,0,0.01,0,0,0
2005,TWN,-12.5,-117.5,0,0,0,0,0,0,0.31,0,0,0
2005,TWN,-12.5,-112.5,0,0,0,0,0,0,0.2,0,0,0
2005,TWN,-7.5,-147.5,0,0,0,0,0,0,3.06,0,0,0
2005,TWN,-7.5,-137.5,0,0,0,0,0,0,0.66,0,0,0
2005,TWN,-7.5,-132.5,0,0,0,0,0,0,0.37,0,0,0
2005,TWN,-7.5,-122.5,0,0,0,0,0,0,0.01,0,0,0
2005,TWN,-2.5,-147.5,0,0,0,0,0,0,3.84,0,0,0
2005,TWN,-2.5,-142.5,0,0,0,0,0,0,1.27,0,0,0
2005,TWN,-2.5,-137.5,0,0,0,0,0,0,0.22,0,0,0
2005,TWN,2.5,-147.5,0,0,0,0,0,0,1.11,0,0,0
2005,TWN,2.5,-142.5,0,0,0,0,0,0,0.09,0,0,0
2005,TWN,2.5,-137.5,0,0,0,0,0,0,0.49,0,0,0
2005,TWN,7.5,-147.5,0,0,0,0,0,0,0.96,0,0,0
2005,TWN,7.5,-142.5,0,0,0,0,0,0,0.05,0,0,0
2005,TWN,7.5,-137.5,0,0,0,0,0,0,0.05,0,0,0
2005,KOR,-12.5,-122.5,0,0,0,0,0,0,0.89,0,0,0
2005,KOR,-12.5,-117.5,0,0,0,0,0,0,0.12,0,0,0
2005,KOR,-7.5,-137.5,0,0,0,0,0,0,0.1,0,0,0
2005,KOR,-7.5,-132.5,0,0,0,0,0,0,0.05,0,0,0
2005,KOR,-7.5,-127.5,0,0,0,0,0,0,0.19,0,0,0
2005,KOR,-2.5,-132.5,0,0,0,0,0,0,0.05,0,0,0
2005,KOR,2.5,-122.5,0,0,0,0,0,0,0.67,0,0,0
2005,KOR,2.5,-117.5,0,0,0,0,0,0,1.07,0,0,0
2005,KOR,2.5,-112.5,0,0,0,0,0,0,0.82,0,0,0
2005,KOR,7.5,-132.5,0,0,0,0,0,0,0.04,0,0,0
2005,PYF,-22.5,-142.5,0,0,0,0,0,0,0.2,0,0,0
2005,PYF,-22.5,-137.5,0,0,0,0.05,0,0,0,0,0,0
2005,PYF,-22.5,-132.5,0,0,0,0.15,0,0,0,0,0,0
2005,PYF,-17.5,-147.5,0,0,0,0,0,0,3.11,0,0,0
2005,PYF,-17.5,-142.5,0,0,0,0,0,0,4.36,0,0,0
2005,PYF,-17.5,-137.5,0,0,0,0.05,0,0,0,0,0,0
2005,PYF,-12.5,-147.5,0,0,0,0.06,0,0,4.95,0,0,0
2005,PYF,-12.5,-142.5,0,0,0,0.05,0,0,3.45,0,0,0
2005,PYF,-12.5,-137.5,0,0,0,0,0,0,0.11,0,0,0
2005,PYF,-7.5,-142.5,0,0,0,0,0,0,3.41,0,0,0
2005,PYF,-7.5,-137.5,0,0,0,0,0,0,1.65,0,0,0
2005,TWN,-37.5,-112.5,0,0,0,0,0,0,0.06,0,0,0
2005,TWN,-32.5,-117.5,0,0,0,0,0,0,0.07,0,0,0
2005,TWN,-32.5,-112.5,0,0,0,0,0,0,0.16,0,0,0
2005,TWN,-22.5,-122.5,0,0,0,0,0,0,0.14,0,0,0
2005,TWN,-22.5,-117.5,0,0,0,0,0,0,1.68,0,0,0
2005,TWN,-17.5,-127.5,0,0,0,0,0,0,0.19,0,0,0
2005,TWN,-17.5,-122.5,0,0,0,0,0,0,3.46,0,0,0
2005,TWN,-17.5,-117.5,0,0,0,0,0,0,0.13,0,0,0
2005,TWN,-17.5,-107.5,0,0,0,0,0,0,0.15,0,0,0
2005,TWN,-12.5,-142.5,0,0,0,0,0,0,0.04,0,0,0
2005,TWN,-12.5,-132.5,0,0,0,0,0,0,0.22,0,0,0
2005,TWN,-12.5,-117.5,0,0,0,0,0,0,0.24,0,0,0
2005,TWN,-12.5,-107.5,0,0,0,0,0,0,0.39,0,0,0
2005,TWN,-7.5,-147.5,0,0,0,0,0,0,0.98,0,0,0
2005,TWN,-7.5,-142.5,0,0,0,0,0,0,3.62,0,0,0
2005,TWN,-7.5,-137.5,0,0,0,0,0,0,0.22,0,0,0
2005,TWN,-7.5,-132.5,0,0,0,0,0,0,0.09,0,0,0
2005,TWN,-7.5,-112.5,0,0,0,0,0,0,9.00E-03,0,0,0
2005,TWN,-7.5,-107.5,0,0,0,0,0,0,0.1,0,0,0
2005,TWN,-2.5,-147.5,0,0,0,0,0,0,2.14,0,0,0
2005,TWN,-2.5,-142.5,0,0,0,0,0,0,0.44,0,0,0
2005,TWN,-2.5,-137.5,0,0,0,0,0,0,0.75,0,0,0
2005,TWN,-2.5,-117.5,0,0,0,0,0,0,0.02,0,0,0
2005,TWN,2.5,-147.5,0,0,0,0,0,0,2.8,0,0,0
2005,TWN,7.5,-147.5,0,0,0,0,0,0,0.06,0,0,0
2005,TWN,22.5,-147.5,0,0,0,0,0,0,4.16,0,0,0
2005,TWN,27.5,-147.5,0,0,0,0,0,0,3.28,0,0,0
2005,TWN,27.5,-142.5,0,0,0,0,0,0,0.49,0,0,0
2005,TWN,32.5,-147.5,0,0,0,0,0,0,0.05,0,0,0
2005,TWN,32.5,-142.5,0,0,0,0,0,0,0.6,0,0,0
2005,USA,22.5,-147.5,0,0,0,0,0,0,0,0,0,0
2005,KOR,-12.5,-122.5,0,0,0,0,0,0,0.46,0,0,0
2005,KOR,-7.5,-147.5,0,0,0,0,0,0,0.05,0,0,0
2005,KOR,-7.5,-127.5,0,0,0,0,0,0,0.06,0,0,0
2005,KOR,-7.5,-117.5,0,0,0,0,0,0,0.69,0,0,0
2005,KOR,-2.5,-142.5,0,0,0,0,0,0,0.23,0,0,0
2005,KOR,-2.5,-137.5,0,0,0,0,0,0,0.05,0,0,0
2005,KOR,-2.5,-132.5,0,0,0,0,0,0,0.35,0,0,0
2005,KOR,-2.5,-122.5,0,0,0,0,0,0,0.3,0,0,0
2005,KOR,-2.5,-117.5,0,0,0,0,0,0,0.46,0,0,0
2005,KOR,2.5,-142.5,0,0,0,0,0,0,0.04,0,0,0
2005,KOR,2.5,-122.5,0,0,0,0,0,0,1.8,0,0,0
2005,KOR,2.5,-117.5,0,0,0,0,0,0,0.62,0,0,0
2005,KOR,7.5,-147.5,0,0,0,0,0,0,0.03,0,0,0
2005,KOR,7.5,-117.5,0,0,0,0,0,0,0.11,0,0,0
2005,PYF,-22.5,-147.5,0,0,0,0,0,0,3.03,0,0,0
2005,PYF,-17.5,-147.5,0,0,0,0.08,0,0,10.23,0,0,0
2005,PYF,-17.5,-142.5,0,0,0,0.1,0,0,10.16,0,0,0
2005,PYF,-12.5,-147.5,0,0,0,0.24,0,0,2.32,0,0,0
2005,PYF,-12.5,-142.5,0,0,0,0.19,0,0,1.75,0,0,0
2005,PYF,-12.5,-137.5,0,0,0,0,0,0,0.24,0,0,0
2005,PYF,-7.5,-142.5,0,0,0,0.06,0,0,7,0,0,0
2005,PYF,-7.5,-137.5,0,0,0,0.17,0,0,2.16,0,0,0
2005,TWN,-42.5,-137.5,0,0,0,0,0,0,0.13,0,0,0
2005,TWN,-42.5,-132.5,0,0,0,0,0,0,0.86,0,0,0
2005,TWN,-42.5,-127.5,0,0,0,0,0,0,0.75,0,0,0
2005,TWN,-42.5,-122.5,0,0,0,0,0,0,2.26,0,0,0
2005,TWN,-42.5,-117.5,0,0,0,0,0,0,0.61,0,0,0
2005,TWN,-42.5,-112.5,0,0,0,0,0,0,0.06,0,0,0
2005,TWN,-37.5,-122.5,0,0,0,0,0,0,0.49,0,0,0
2005,TWN,-37.5,-117.5,0,0,0,0,0,0,0.15,0,0,0
2005,TWN,-37.5,-112.5,0,0,0,0,0,0,0.13,0,0,0
2005,TWN,-37.5,-107.5,0,0,0,0,0,0,0.26,0,0,0
2005,TWN,-37.5,-102.5,0,0,0,0,0,0,0.32,0,0,0
2005,TWN,-32.5,-117.5,0,0,0,0,0,0,0.07,0,0,0
2005,TWN,-17.5,-107.5,0,0,0,0,0,0,0.06,0,0,0
2005,TWN,-17.5,-102.5,0,0,0,0,0,0,0.15,0,0,0
2005,TWN,-12.5,-147.5,0,0,0,0,0,0,0.58,0,0,0
2005,TWN,-12.5,-142.5,0,0,0,0,0,0,0.24,0,0,0
2005,TWN,-12.5,-112.5,0,0,0,0,0,0,0.06,0,0,0
2005,TWN,-12.5,-107.5,0,0,0,0,0,0,0.1,0,0,0
2005,TWN,-12.5,-102.5,0,0,0,0,0,0,0.56,0,0,0
2005,TWN,-7.5,-147.5,0,0,0,0,0,0,0.9,0,0,0
2005,TWN,-7.5,-142.5,0,0,0,0,0,0,0.19,0,0,0
2005,TWN,-7.5,-132.5,0,0,0,0,0,0,0.11,0,0,0
2005,TWN,-7.5,-117.5,0,0,0,0,0,0,0.11,0,0,0
2005,TWN,-7.5,-107.5,0,0,0,0,0,0,0.57,0,0,0
2005,TWN,-7.5,-102.5,0,0,0,0,0,0,0.11,0,0,0
2005,TWN,-2.5,-147.5,0,0,0,0,0,0,4.57,0,0,0
2005,TWN,-2.5,-142.5,0,0,0,0,0,0,1.73,0,0,0
2005,TWN,-2.5,-137.5,0,0,0,0,0,0,0.99,0,0,0
2005,TWN,-2.5,-132.5,0,0,0,0,0,0,0.05,0,0,0
2005,TWN,2.5,-147.5,0,0,0,0,0,0,11.34,0,0,0
2005,TWN,2.5,-142.5,0,0,0,0,0,0,1.89,0,0,0
2005,TWN,2.5,-137.5,0,0,0,0,0,0,0.02,0,0,0
2005,TWN,2.5,-112.5,0,0,0,0,0,0,0.01,0,0,0
2005,TWN,7.5,-147.5,0,0,0,0,0,0,0.49,0,0,0
2005,TWN,12.5,-147.5,0,0,0,0,0,0,0.23,0,0,0
2005,TWN,12.5,-142.5,0,0,0,0,0,0,0.03,0,0,0
2005,TWN,17.5,-142.5,0,0,0,0,0,0,0.72,0,0,0
2005,TWN,17.5,-137.5,0,0,0,0,0,0,3.68,0,0,0
2005,TWN,22.5,-137.5,0,0,0,0,0,0,0.4,0,0,0
2005,TWN,27.5,-142.5,0,0,0,0,0,0,0.03,0,0,0
2005,TWN,27.5,-137.5,0,0,0,0,0,0,0.52,0,0,0
2005,USA,22.5,-147.5,0,0,0,0,0,0,0,0,0,0
2005,KOR,-7.5,-132.5,0,0,0,0,0,0,0.03,0,0,0
2005,KOR,-7.5,-117.5,0,0,0,0,0,0,0.86,0,0,0
2005,KOR,-2.5,-142.5,0,0,0,0,0,0,0.08,0,0,0
2005,KOR,2.5,-137.5,0,0,0,0,0,0,0.08,0,0,0
2005,KOR,2.5,-132.5,0,0,0,0,0,0,0.04,0,0,0
2005,KOR,2.5,-122.5,0,0,0,0,0,0,0.28,0,0,0
2005,KOR,2.5,-117.5,0,0,0,0,0,0,0.49,0,0,0
2005,KOR,7.5,-117.5,0,0,0,0,0,0,0.07,0,0,0
2005,PYF,-22.5,-147.5,0,0,0,0.09,0,0,1.49,0,0,0
2005,PYF,-17.5,-147.5,0,0,0,0,0,0,6.83,0,0,0
2005,PYF,-17.5,-142.5,0,0,0,0,0,0,1.53,0,0,0
2005,PYF,-12.5,-147.5,0,0,0,0.46,0,0,3.69,0,0,0
2005,PYF,-12.5,-142.5,0,0,0,0,0,0,5.01,0,0,0
2005,PYF,-7.5,-142.5,0,0,0,0.06,0,0,2.84,0,0,0
2005,PYF,-7.5,-137.5,0,0,0,0.26,0,0,1.8,0,0,0
2005,PYF,-7.5,-112.5,0,0,0,0,0,0,0.04,0,0,0
2005,TWN,-42.5,-132.5,0,0,0,0,0,0,0.38,0,0,0
2005,TWN,-42.5,-127.5,0,0,0,0,0,0,2.13,0,0,0
2005,TWN,-42.5,-122.5,0,0,0,0,0,0,0.41,0,0,0
2005,TWN,-42.5,-112.5,0,0,0,0,0,0,0.08,0,0,0
2005,TWN,-37.5,-142.5,0,0,0,0,0,0,0.35,0,0,0
2005,TWN,-37.5,-137.5,0,0,0,0,0,0,0.93,0,0,0
2005,TWN,-37.5,-132.5,0,0,0,0,0,0,0.96,0,0,0
2005,TWN,-37.5,-127.5,0,0,0,0,0,0,3.54,0,0,0
2005,TWN,-37.5,-122.5,0,0,0,0,0,0,2.11,0,0,0
2005,TWN,-37.5,-117.5,0,0,0,0,0,0,0.29,0,0,0
2005,TWN,-37.5,-112.5,0,0,0,0,0,0,0.24,0,0,0
2005,TWN,-32.5,-127.5,0,0,0,0,0,0,0.28,0,0,0
2005,TWN,-32.5,-122.5,0,0,0,0,0,0,0.55,0,0,0
2005,TWN,-32.5,-112.5,0,0,0,0,0,0,0.06,0,0,0
2005,TWN,-32.5,-107.5,0,0,0,0,0,0,0.12,0,0,0
2005,TWN,-27.5,-127.5,0,0,0,0,0,0,0.06,0,0,0
2005,TWN,-27.5,-122.5,0,0,0,0,0,0,0.29,0,0,0
2005,TWN,-12.5,-147.5,0,0,0,0,0,0,0.07,0,0,0
2005,TWN,-12.5,-107.5,0,0,0,0,0,0,0.97,0,0,0
2005,TWN,-7.5,-147.5,0,0,0,0,0,0,1.28,0,0,0
2005,TWN,-7.5,-142.5,0,0,0,0,0,0,0.07,0,0,0
2005,TWN,-7.5,-137.5,0,0,0,0,0,0,0.17,0,0,0
2005,TWN,-7.5,-122.5,0,0,0,0,0,0,0.29,0,0,0
2005,TWN,-7.5,-112.5,0,0,0,0,0,0,0.13,0,0,0
2005,TWN,-7.5,-107.5,0,0,0,0,0,0,0.95,0,0,0
2005,TWN,-7.5,-102.5,0,0,0,0,0,0,0.18,0,0,0
2005,TWN,-2.5,-147.5,0,0,0,0,0,0,2.62,0,0,0
2005,TWN,-2.5,-142.5,0,0,0,0,0,0,6.66,0,0,0
2005,TWN,-2.5,-137.5,0,0,0,0,0,0,2.83,0,0,0
2005,TWN,-2.5,-132.5,0,0,0,0,0,0,0.14,0,0,0
2005,TWN,2.5,-147.5,0,0,0,0,0,0,15.4,0,0,0
2005,TWN,2.5,-142.5,0,0,0,0,0,0,9.86,0,0,0
2005,TWN,2.5,-137.5,0,0,0,0,0,0,0.44,0,0,0
2005,TWN,2.5,-132.5,0,0,0,0,0,0,0.23,0,0,0
2005,TWN,7.5,-147.5,0,0,0,0,0,0,0.44,0,0,0
2005,TWN,7.5,-142.5,0,0,0,0,0,0,0.04,0,0,0
2005,TWN,17.5,-137.5,0,0,0,0,0,0,0.5,0,0,0
2005,TWN,17.5,-132.5,0,0,0,0,0,0,0.24,0,0,0
2005,KOR,-7.5,-137.5,0,0,0,0,0,0,0.08,0,0,0
2005,KOR,2.5,-142.5,0,0,0,0,0,0,0.1,0,0,0
2005,KOR,2.5,-137.5,0,0,0,0,0,0,0.02,0,0,0
2005,KOR,2.5,-127.5,0,0,0,0,0,0,0.06,0,0,0
2005,KOR,2.5,-122.5,0,0,0,0,0,0,0.97,0,0,0
2005,KOR,2.5,-117.5,0,0,0,0,0,0,1.36,0,0,0
2005,KOR,2.5,-112.5,0,0,0,0,0,0,0.37,0,0,0
2005,KOR,7.5,-122.5,0,0,0,0,0,0,0.04,0,0,0
2005,KOR,7.5,-112.5,0,0,0,0,0,0,0.07,0,0,0
2005,PYF,-22.5,-147.5,0,0,0,0.08,0,0,0.24,0,0,0
2005,PYF,-17.5,-147.5,0,0,0,0,0,0,1.62,0,0,0
2005,PYF,-12.5,-147.5,0,0,0,0,0,0,1.98,0,0,0
2005,PYF,-12.5,-142.5,0,0,0,0.04,0,0,3.09,0,0,0
2005,PYF,-12.5,-137.5,0,0,0,0,0,0,0.08,0,0,0
2005,PYF,-7.5,-147.5,0,0,0,0,0,0,0.55,0,0,0
2005,PYF,-7.5,-142.5,0,0,0,0.04,0,0,1.86,0,0,0
2005,PYF,-7.5,-137.5,0,0,0,0.17,0,0,1.4,0,0,0
2005,TWN,-42.5,-137.5,0,0,0,0,0,0,0.63,0,0,0
2005,TWN,-37.5,-147.5,0,0,0,0,0,0,1.66,0,0,0
2005,TWN,-37.5,-142.5,0,0,0,0,0,0,1.1,0,0,0
2005,TWN,-37.5,-137.5,0,0,0,0,0,0,0.74,0,0,0
2005,TWN,-37.5,-132.5,0,0,0,0,0,0,0.39,0,0,0
2005,TWN,-37.5,-112.5,0,0,0,0,0,0,0.43,0,0,0
2005,TWN,-32.5,-147.5,0,0,0,0,0,0,2.2,0,0,0
2005,TWN,-32.5,-137.5,0,0,0,0,0,0,1.34,0,0,0
2005,TWN,-32.5,-132.5,0,0,0,0,0,0,0.3,0,0,0
2005,TWN,-32.5,-127.5,0,0,0,0,0,0,5.05,0,0,0
2005,TWN,-32.5,-117.5,0,0,0,0,0,0,0.11,0,0,0
2005,TWN,-32.5,-112.5,0,0,0,0,0,0,0.05,0,0,0
2005,TWN,-27.5,-137.5,0,0,0,0,0,0,0.93,0,0,0
2005,TWN,-27.5,-132.5,0,0,0,0,0,0,0.04,0,0,0
2005,TWN,-22.5,-82.5,0,0,0,0,0,0,0.35,0,0,0
2005,TWN,-17.5,-82.5,0,0,0,0,0,0,0.12,0,0,0
2005,TWN,-17.5,-77.5,0,0,0,0,0,0,0.03,0,0,0
2005,TWN,-12.5,-147.5,0,0,0,0,0,0,0.08,0,0,0
2005,TWN,-7.5,-147.5,0,0,0,0,0,0,3.06,0,0,0
2005,TWN,-7.5,-142.5,0,0,0,0,0,0,0.49,0,0,0
2005,TWN,-7.5,-137.5,0,0,0,0,0,0,7.61,0,0,0
2005,TWN,-7.5,-132.5,0,0,0,0,0,0,4.25,0,0,0
2005,TWN,-7.5,-122.5,0,0,0,0,0,0,0.03,0,0,0
2005,TWN,-7.5,-107.5,0,0,0,0,0,0,0.39,0,0,0
2005,TWN,-7.5,-102.5,0,0,0,0,0,0,0.66,0,0,0
2005,TWN,-2.5,-147.5,0,0,0,0,0,0,1.33,0,0,0
2005,TWN,-2.5,-142.5,0,0,0,0,0,0,4.83,0,0,0
2005,TWN,-2.5,-137.5,0,0,0,0,0,0,9.95,0,0,0
2005,TWN,-2.5,-132.5,0,0,0,0,0,0,0.13,0,0,0
2005,TWN,2.5,-142.5,0,0,0,0,0,0,8.7,0,0,0
2005,TWN,2.5,-137.5,0,0,0,0,0,0,3.89,0,0,0
2005,TWN,2.5,-132.5,0,0,0,0,0,0,1.57,0,0,0
2005,TWN,7.5,-142.5,0,0,0,0,0,0,0.64,0,0,0
2005,TWN,7.5,-137.5,0,0,0,0,0,0,2.32,0,0,0
2005,TWN,7.5,-132.5,0,0,0,0,0,0,0.2,0,0,0
2005,USA,27.5,-147.5,0,0,0,0,0,0,0,0,0,0
2005,KOR,-7.5,-132.5,0,0,0,0,0,0,0.06,0,0,0
2005,KOR,-7.5,-127.5,0,0,0,0,0,0,0.1,0,0,0
2005,KOR,-7.5,-122.5,0,0,0,0,0,0,0.62,0,0,0
2005,KOR,-2.5,-142.5,0,0,0,0,0,0,0.03,0,0,0
2005,KOR,-2.5,-137.5,0,0,0,0,0,0,0.04,0,0,0
2005,KOR,-2.5,-132.5,0,0,0,0,0,0,0.31,0,0,0
2005,KOR,-2.5,-127.5,0,0,0,0,0,0,0.1,0,0,0
2005,KOR,2.5,-132.5,0,0,0,0,0,0,0.39,0,0,0
2005,KOR,2.5,-127.5,0,0,0,0,0,0,0.87,0,0,0
2005,KOR,2.5,-122.5,0,0,0,0,0,0,0.42,0,0,0
2005,KOR,7.5,-127.5,0,0,0,0,0,0,0.07,0,0,0
2005,PYF,-17.5,-147.5,0,0,0,0.1,0,0,1.55,0,0,0
2005,PYF,-17.5,-142.5,0,0,0,0.13,0,0,0.6,0,0,0
2005,PYF,-17.5,-137.5,0,0,0,0,0,0,0.05,0,0,0
2005,PYF,-12.5,-147.5,0,0,0,0.04,0,0,2.39,0,0,0
2005,PYF,-12.5,-142.5,0,0,0,0.12,0,0,1.05,0,0,0
2005,PYF,-12.5,-137.5,0,0,0,0,0,0,0.04,0,0,0
2005,PYF,-7.5,-142.5,0,0,0,0.05,0,0,1.4,0,0,0
2005,PYF,-7.5,-137.5,0,0,0,0.06,0,0,0.28,0,0,0
2005,TWN,-32.5,-127.5,0,0,0,0,0,0,0.75,0,0,0
2005,TWN,-32.5,-122.5,0,0,0,0,0,0,0.66,0,0,0
2005,TWN,-32.5,-117.5,0,0,0,0,0,0,0.69,0,0,0
2005,TWN,-32.5,-112.5,0,0,0,0,0,0,1.43,0,0,0
2005,TWN,-32.5,-107.5,0,0,0,0,0,0,1.31,0,0,0
2005,TWN,-27.5,-127.5,0,0,0,0,0,0,0.07,0,0,0
2005,TWN,-27.5,-117.5,0,0,0,0,0,0,0.13,0,0,0
2005,TWN,-22.5,-82.5,0,0,0,0,0,0,0.39,0,0,0
2005,TWN,-17.5,-97.5,0,0,0,0,0,0,0.28,0,0,0
2005,TWN,-17.5,-82.5,0,0,0,0,0,0,0.66,0,0,0
2005,TWN,-12.5,-147.5,0,0,0,0,0,0,0.26,0,0,0
2005,TWN,-12.5,-142.5,0,0,0,0,0,0,0.25,0,0,0
2005,TWN,-12.5,-132.5,0,0,0,0,0,0,1.57,0,0,0
2005,TWN,-12.5,-97.5,0,0,0,0,0,0,0.11,0,0,0
2005,TWN,-7.5,-147.5,0,0,0,0,0,0,1.47,0,0,0
2005,TWN,-7.5,-142.5,0,0,0,0,0,0,0.83,0,0,0
2005,TWN,-7.5,-137.5,0,0,0,0,0,0,2.19,0,0,0
2005,TWN,-7.5,-132.5,0,0,0,0,0,0,4.48,0,0,0
2005,TWN,-2.5,-147.5,0,0,0,0,0,0,2.39,0,0,0
2005,TWN,-2.5,-142.5,0,0,0,0,0,0,8.24,0,0,0
2005,TWN,-2.5,-137.5,0,0,0,0,0,0,6.55,0,0,0
2005,TWN,2.5,-147.5,0,0,0,0,0,0,1.49,0,0,0
2005,TWN,2.5,-142.5,0,0,0,0,0,0,5.07,0,0,0
2005,TWN,2.5,-137.5,0,0,0,0,0,0,2.15,0,0,0
2005,TWN,2.5,-132.5,0,0,0,0,0,0,0.78,0,0,0
2005,TWN,7.5,-142.5,0,0,0,0,0,0,0.35,0,0,0
2005,TWN,7.5,-137.5,0,0,0,0,0,0,1.47,0,0,0
2005,TWN,7.5,-132.5,0,0,0,0,0,0,0.57,0,0,0
2005,USA,22.5,-147.5,0,0,0,0,0,0,0,0,0,0
2005,USA,27.5,-147.5,0,0,0,0,0,0,0,0,0,0
2005,KOR,-12.5,-132.5,0,0,0,0,0,0,0.24,0,0,0
2005,KOR,-7.5,-137.5,0,0,0,0,0,0,0.38,0,0,0
2005,KOR,-7.5,-132.5,0,0,0,0,0,0,0.4,0,0,0
2005,KOR,-7.5,-122.5,0,0,0,0,0,0,0.23,0,0,0
2005,KOR,-7.5,-117.5,0,0,0,0,0,0,0.06,0,0,0
2005,KOR,2.5,-137.5,0,0,0,0,0,0,0.37,0,0,0
2005,KOR,2.5,-132.5,0,0,0,0,0,0,0.41,0,0,0
2005,PYF,-17.5,-147.5,0,0,0,0.36,0,0,2.35,0,0,0
2005,PYF,-17.5,-142.5,0,0,0,0.44,0,0,0.42,0,0,0
2005,PYF,-12.5,-147.5,0,0,0,0.19,0,0,1.75,0,0,0
2005,PYF,-12.5,-142.5,0,0,0,0,0,0,0.63,0,0,0
2005,PYF,-12.5,-137.5,0,0,0,0,0,0,0.02,0,0,0
2005,PYF,-7.5,-147.5,0,0,0,0.02,0,0,0,0,0,0
2005,PYF,-7.5,-142.5,0,0,0,0,0,0,0.1,0,0,0
2005,PYF,-7.5,-137.5,0,0,0,0,0,0,0.32,0,0,0
2005,TWN,-32.5,-107.5,0,0,0,0,0,0,0.11,0,0,0
2005,TWN,-27.5,-137.5,0,0,0,0,0,0,0.11,0,0,0
2005,TWN,-27.5,-132.5,0,0,0,0,0,0,0.13,0,0,0
2005,TWN,-27.5,-122.5,0,0,0,0,0,0,1.07,0,0,0
2005,TWN,-27.5,-117.5,0,0,0,0,0,0,0.46,0,0,0
2005,TWN,-27.5,-107.5,0,0,0,0,0,0,0.11,0,0,0
2005,TWN,-17.5,-92.5,0,0,0,0,0,0,0.06,0,0,0
2005,TWN,-17.5,-87.5,0,0,0,0,0,0,0.24,0,0,0
2005,TWN,-17.5,-82.5,0,0,0,0,0,0,0.39,0,0,0
2005,TWN,-12.5,-147.5,0,0,0,0,0,0,0.33,0,0,0
2005,TWN,-12.5,-142.5,0,0,0,0,0,0,0.14,0,0,0
2005,TWN,-12.5,-137.5,0,0,0,0,0,0,0.39,0,0,0
2005,TWN,-12.5,-132.5,0,0,0,0,0,0,24.37,0,0,0
2005,TWN,-12.5,-127.5,0,0,0,0,0,0,1.95,0,0,0
2005,TWN,-12.5,-122.5,0,0,0,0,0,0,2.27,0,0,0
2005,TWN,-12.5,-97.5,0,0,0,0,0,0,0.51,0,0,0
2005,TWN,-7.5,-147.5,0,0,0,0,0,0,2.95,0,0,0
2005,TWN,-7.5,-142.5,0,0,0,0,0,0,0.51,0,0,0
2005,TWN,-7.5,-137.5,0,0,0,0,0,0,1.75,0,0,0
2005,TWN,-7.5,-132.5,0,0,0,0,0,0,1.84,0,0,0
2005,TWN,-7.5,-127.5,0,0,0,0,0,0,0.55,0,0,0
2005,TWN,-7.5,-122.5,0,0,0,0,0,0,0.17,0,0,0
2005,TWN,-2.5,-147.5,0,0,0,0,0,0,0.45,0,0,0
2005,TWN,7.5,-137.5,0,0,0,0,0,0,1.07,0,0,0
2005,TWN,17.5,-147.5,0,0,0,0,0,0,1.96,0,0,0
2005,TWN,22.5,-142.5,0,0,0,0,0,0,4.91,0,0,0
2005,TWN,22.5,-137.5,0,0,0,0,0,0,2.31,0,0,0
2005,TWN,27.5,-142.5,0,0,0,0,0,0,4.23,0,0,0
2005,USA,27.5,-147.5,0,0,0,0,0,0,0,0,0,0
2005,USA,27.5,-142.5,0,0,0,0,0,0,0,0,0,0
2005,USA,32.5,-147.5,0,0,0,0,0,0,0,0,0,0
2005,USA,32.5,-142.5,0,0,0,0,0,0,0,0,0,0
2005,KOR,-12.5,-132.5,0,0,0,0,0,0,0.11,0,0,0
2005,KOR,-7.5,-132.5,0,0,0,0,0,0,0.17,0,0,0
2005,KOR,-2.5,-147.5,0,0,0,0,0,0,0.4,0,0,0
2005,KOR,-2.5,-142.5,0,0,0,0,0,0,0.42,0,0,0
2005,KOR,2.5,-147.5,0,0,0,0,0,0,0.15,0,0,0
2005,KOR,2.5,-142.5,0,0,0,0,0,0,0.36,0,0,0
2005,KOR,2.5,-137.5,0,0,0,0,0,0,0.82,0,0,0
2005,KOR,7.5,-147.5,0,0,0,0,0,0,0.05,0,0,0
2005,KOR,7.5,-142.5,0,0,0,0,0,0,0.51,0,0,0
2005,PYF,-22.5,-147.5,0,0,0,0.11,0,0,0.33,0,0,0
2005,PYF,-17.5,-147.5,0,0,0,1.12,0,0,1.67,0,0,0
2005,PYF,-17.5,-142.5,0,0,0,0,0,0,0.08,0,0,0
2005,PYF,-17.5,-137.5,0,0,0,0.23,0,0,0.56,0,0,0
2005,PYF,-12.5,-147.5,0,0,0,0.22,0,0,1.85,0,0,0
2005,PYF,-12.5,-142.5,0,0,0,0.29,0,0,0.67,0,0,0
2005,PYF,-12.5,-137.5,0,0,0,0.23,0,0,0.44,0,0,0
2005,PYF,-7.5,-147.5,0,0,0,0.05,0,0,0.56,0,0,0
2005,PYF,-7.5,-142.5,0,0,0,0,0,0,0.08,0,0,0
2005,PYF,-7.5,-137.5,0,0,0,0,0,0,0.56,0,0,0
2005,TWN,-27.5,-122.5,0,0,0,0,0,0,1.23,0,0,0
2005,TWN,-22.5,-122.5,0,0,0,0,0,0,0.08,0,0,0
2005,TWN,-17.5,-132.5,0,0,0,0,0,0,0.53,0,0,0
2005,TWN,-17.5,-127.5,0,0,0,0,0,0,0.19,0,0,0
2005,TWN,-17.5,-87.5,0,0,0,0,0,0,0.29,0,0,0
2005,TWN,-12.5,-147.5,0,0,0,0,0,0,1.19,0,0,0
2005,TWN,-12.5,-142.5,0,0,0,0,0,0,0.43,0,0,0
2005,TWN,-12.5,-132.5,0,0,0,0,0,0,29.38,0,0,0
2005,TWN,-12.5,-127.5,0,0,0,0,0,0,2.88,0,0,0
2005,TWN,-12.5,-122.5,0,0,0,0,0,0,0.8,0,0,0
2005,TWN,-12.5,-97.5,0,0,0,0,0,0,1.82,0,0,0
2005,TWN,-12.5,-92.5,0,0,0,0,0,0,0.2,0,0,0
2005,TWN,-7.5,-147.5,0,0,0,0,0,0,7.12,0,0,0
2005,TWN,-7.5,-142.5,0,0,0,0,0,0,0.48,0,0,0
2005,TWN,-7.5,-137.5,0,0,0,0,0,0,0.23,0,0,0
2005,TWN,-7.5,-132.5,0,0,0,0,0,0,0.06,0,0,0
2005,TWN,-7.5,-127.5,0,0,0,0,0,0,0.25,0,0,0
2005,TWN,2.5,-147.5,0,0,0,0,0,0,2.77,0,0,0
2005,TWN,7.5,-147.5,0,0,0,0,0,0,0.07,0,0,0
2005,TWN,22.5,-142.5,0,0,0,0,0,0,1.32,0,0,0
2005,TWN,22.5,-137.5,0,0,0,0,0,0,3.11,0,0,0
2005,USA,22.5,-147.5,0,0,0,0,0,0,0,0,0,0
2005,USA,22.5,-142.5,0,0,0,0,0,0,0,0,0,0
2005,USA,27.5,-147.5,0,0,0,0,0,0,0,0,0,0
2005,USA,27.5,-142.5,0,0,0,0,0,0,0,0,0,0
2005,USA,32.5,-147.5,0,0,0,0,0,0,0,0,0,0
2005,KOR,-7.5,-147.5,0,0,0,0,0,0,0.17,0,0,0
2005,KOR,-7.5,-137.5,0,0,0,0,0,0,0.08,0,0,0
2005,KOR,-7.5,-132.5,0,0,0,0,0,0,0.35,0,0,0
2005,KOR,-7.5,-127.5,0,0,0,0,0,0,0.14,0,0,0
2005,KOR,-2.5,-147.5,0,0,0,0,0,0,0.05,0,0,0
2005,KOR,2.5,-147.5,0,0,0,0,0,0,0.3,0,0,0
2005,KOR,2.5,-142.5,0,0,0,0,0,0,0.38,0,0,0
2005,KOR,2.5,-132.5,0,0,0,0,0,0,0.07,0,0,0
2005,KOR,2.5,-127.5,0,0,0,0,0,0,0.31,0,0,0
2005,PYF,-17.5,-147.5,0,0,0,0.16,0,0,0.52,0,0,0
2005,PYF,-12.5,-147.5,0,0,0,1.08,0,0,2.37,0,0,0
2005,PYF,-12.5,-142.5,0,0,0,0.28,0,0,0.51,0,0,0
2005,PYF,-12.5,-137.5,0,0,0,0.06,0,0,0.08,0,0,0
2005,PYF,-7.5,-147.5,0,0,0,0.1,0,0,0.22,0,0,0
2005,PYF,-7.5,-142.5,0,0,0,0.5,0,0,1.16,0,0,0
2005,PYF,-7.5,-137.5,0,0,0,0.83,0,0,0.4,0,0,0
2005,TWN,-22.5,-112.5,0,0,0,0,0,0,0.29,0,0,0
2005,TWN,-17.5,-112.5,0,0,0,0,0,0,0.26,0,0,0
2005,TWN,-17.5,-107.5,0,0,0,0,0,0,0.15,0,0,0
2005,TWN,-17.5,-92.5,0,0,0,0,0,0,0.07,0,0,0
2005,TWN,-17.5,-87.5,0,0,0,0,0,0,0.14,0,0,0
2005,TWN,-12.5,-147.5,0,0,0,0,0,0,0.73,0,0,0
2005,TWN,-12.5,-142.5,0,0,0,0,0,0,4.04,0,0,0
2005,TWN,-12.5,-132.5,0,0,0,0,0,0,2.79,0,0,0
2005,TWN,-12.5,-127.5,0,0,0,0,0,0,1.53,0,0,0
2005,TWN,-12.5,-122.5,0,0,0,0,0,0,0.48,0,0,0
2005,TWN,-12.5,-117.5,0,0,0,0,0,0,0.16,0,0,0
2005,TWN,-12.5,-112.5,0,0,0,0,0,0,0.06,0,0,0
2005,TWN,-12.5,-107.5,0,0,0,0,0,0,0.07,0,0,0
2005,TWN,-12.5,-102.5,0,0,0,0,0,0,0.13,0,0,0
2005,TWN,-12.5,-97.5,0,0,0,0,0,0,1.11,0,0,0
2005,TWN,-12.5,-92.5,0,0,0,0,0,0,0.29,0,0,0
2005,TWN,-7.5,-147.5,0,0,0,0,0,0,12.03,0,0,0
2005,TWN,-7.5,-142.5,0,0,0,0,0,0,0.5,0,0,0
2005,TWN,-7.5,-137.5,0,0,0,0,0,0,1.32,0,0,0
2005,TWN,-7.5,-132.5,0,0,0,0,0,0,3.57,0,0,0
2005,TWN,-7.5,-127.5,0,0,0,0,0,0,0.35,0,0,0
2005,TWN,-7.5,-122.5,0,0,0,0,0,0,0.13,0,0,0
2005,TWN,-7.5,-102.5,0,0,0,0,0,0,6.00E-03,0,0,0
2005,TWN,-2.5,-147.5,0,0,0,0,0,0,0.35,0,0,0
2005,TWN,-2.5,-142.5,0,0,0,0,0,0,0.1,0,0,0
2005,TWN,-2.5,-137.5,0,0,0,0,0,0,0.35,0,0,0
2005,TWN,2.5,-147.5,0,0,0,0,0,0,1.3,0,0,0
2005,TWN,2.5,-142.5,0,0,0,0,0,0,0.69,0,0,0
2005,TWN,7.5,-147.5,0,0,0,0,0,0,1.13,0,0,0
2005,TWN,7.5,-142.5,0,0,0,0,0,0,1.57,0,0,0
2005,USA,22.5,-147.5,0,0,0,0,0,0,0,0,0,0
2005,KOR,-17.5,-117.5,0,0,0,0,0,0,0.08,0,0,0
2005,KOR,-12.5,-132.5,0,0,0,0,0,0,0.03,0,0,0
2005,KOR,-12.5,-127.5,0,0,0,0,0,0,0.3,0,0,0
2005,KOR,-7.5,-147.5,0,0,0,0,0,0,0.04,0,0,0
2005,KOR,-7.5,-142.5,0,0,0,0,0,0,0.1,0,0,0
2005,KOR,-7.5,-132.5,0,0,0,0,0,0,0.03,0,0,0
2005,KOR,-2.5,-142.5,0,0,0,0,0,0,0.13,0,0,0
2005,KOR,-2.5,-137.5,0,0,0,0,0,0,0.13,0,0,0
2005,KOR,7.5,-147.5,0,0,0,0,0,0,0.12,0,0,0
2005,PYF,-17.5,-147.5,0,0,0,0.06,0,0,1,0,0,0
2005,PYF,-17.5,-142.5,0,0,0,0.38,0,0,0.8,0,0,0
2005,PYF,-12.5,-147.5,0,0,0,0.33,0,0,1.58,0,0,0
2005,PYF,-12.5,-142.5,0,0,0,0.1,0,0,0.61,0,0,0
2005,PYF,-12.5,-137.5,0,0,0,0,0,0,0.04,0,0,0
2005,PYF,-12.5,-132.5,0,0,0,0.05,0,0,0.04,0,0,0
2005,PYF,-7.5,-142.5,0,0,0,0.17,0,0,0.5,0,0,0
2005,TWN,-22.5,-132.5,0,0,0,0,0,0,0.04,0,0,0
2005,TWN,-22.5,-127.5,0,0,0,0,0,0,0.08,0,0,0
2005,TWN,-22.5,-122.5,0,0,0,0,0,0,0.35,0,0,0
2005,TWN,-17.5,-132.5,0,0,0,0,0,0,1.74,0,0,0
2005,TWN,-17.5,-127.5,0,0,0,0,0,0,2.98,0,0,0
2005,TWN,-17.5,-122.5,0,0,0,0,0,0,1.71,0,0,0
2005,TWN,-17.5,-117.5,0,0,0,0,0,0,2.55,0,0,0
2005,TWN,-17.5,-112.5,0,0,0,0,0,0,1.53,0,0,0
2005,TWN,-17.5,-107.5,0,0,0,0,0,0,0.09,0,0,0
2005,TWN,-17.5,-102.5,0,0,0,0,0,0,0.05,0,0,0
2005,TWN,-17.5,-97.5,0,0,0,0,0,0,0.24,0,0,0
2005,TWN,-17.5,-92.5,0,0,0,0,0,0,0.25,0,0,0
2005,TWN,-12.5,-147.5,0,0,0,0,0,0,0.03,0,0,0
2005,TWN,-12.5,-132.5,0,0,0,0,0,0,2.37,0,0,0
2005,TWN,-12.5,-127.5,0,0,0,0,0,0,0.17,0,0,0
2005,TWN,-12.5,-117.5,0,0,0,0,0,0,0.08,0,0,0
2005,TWN,-12.5,-112.5,0,0,0,0,0,0,0.18,0,0,0
2005,TWN,-12.5,-102.5,0,0,0,0,0,0,0.1,0,0,0
2005,TWN,-12.5,-97.5,0,0,0,0,0,0,0.53,0,0,0
2005,TWN,-12.5,-92.5,0,0,0,0,0,0,0.07,0,0,0
2005,TWN,-7.5,-147.5,0,0,0,0,0,0,8.39,0,0,0
2005,TWN,-7.5,-142.5,0,0,0,0,0,0,1.37,0,0,0
2005,TWN,-7.5,-137.5,0,0,0,0,0,0,0.64,0,0,0
2005,TWN,-7.5,-132.5,0,0,0,0,0,0,0.38,0,0,0
2005,TWN,-7.5,-117.5,0,0,0,0,0,0,0.07,0,0,0
2005,TWN,-7.5,-112.5,0,0,0,0,0,0,0.26,0,0,0
2005,TWN,-2.5,-147.5,0,0,0,0,0,0,6.9,0,0,0
2005,TWN,-2.5,-142.5,0,0,0,0,0,0,3.31,0,0,0
2005,TWN,-2.5,-137.5,0,0,0,0,0,0,0.36,0,0,0
2005,TWN,2.5,-147.5,0,0,0,0,0,0,0.11,0,0,0
2005,TWN,2.5,-142.5,0,0,0,0,0,0,0.36,0,0,0
2005,TWN,2.5,-137.5,0,0,0,0,0,0,0.76,0,0,0
2005,TWN,2.5,-132.5,0,0,0,0,0,0,0.04,0,0,0
2005,TWN,7.5,-137.5,0,0,0,0,0,0,0.01,0,0,0
2005,KOR,-12.5,-127.5,0,0,0,0,0,0,0.07,0,0,0
2005,KOR,-12.5,-122.5,0,0,0,0,0,0,0.2,0,0,0
2005,KOR,7.5,-147.5,0,0,0,0,0,0,0.5,0,0,0
2005,PYF,-22.5,-147.5,0,0,0,0.29,0,0,0.08,0,0,0
2005,PYF,-17.5,-147.5,0,0,0,0.62,0,0,2.59,0,0,0
2005,PYF,-17.5,-142.5,0,0,0,0.84,0,0,0.66,0,0,0
2005,PYF,-12.5,-147.5,0,0,0,0.13,0,0,0.4,0,0,0
2005,PYF,-12.5,-142.5,0,0,0,0.11,0,0,0.55,0,0,0
2005,PYF,-12.5,-132.5,0,0,0,0.04,0,0,0,0,0,0
2005,PYF,-12.5,-127.5,0,0,0,0,0,0,0.03,0,0,0
2005,PYF,-7.5,-142.5,0,0,0,0,0,0,0.44,0,0,0
2005,PYF,-7.5,-137.5,0,0,0,0.05,0,0,0,0,0,0
2005,PYF,-7.5,-132.5,0,0,0,0,0,0,0.03,0,0,0
2005,PYF,-7.5,-127.5,0,0,0,0,0,0,0.03,0,0,0
2005,TWN,-22.5,-132.5,0,0,0,0,0,0,0.09,0,0,0
2005,TWN,-22.5,-127.5,0,0,0,0,0,0,0.17,0,0,0
2005,TWN,-22.5,-122.5,0,0,0,0,0,0,0.07,0,0,0
2005,TWN,-22.5,-117.5,0,0,0,0,0,0,1.18,0,0,0
2005,TWN,-17.5,-132.5,0,0,0,0,0,0,0.18,0,0,0
2005,TWN,-17.5,-127.5,0,0,0,0,0,0,7.2,0,0,0
2005,TWN,-17.5,-122.5,0,0,0,0,0,0,6.59,0,0,0
2005,TWN,-17.5,-117.5,0,0,0,0,0,0,7.04,0,0,0
2005,TWN,-17.5,-112.5,0,0,0,0,0,0,1.67,0,0,0
2005,TWN,-17.5,-107.5,0,0,0,0,0,0,1.22,0,0,0
2005,TWN,-17.5,-102.5,0,0,0,0,0,0,0.16,0,0,0
2005,TWN,-12.5,-147.5,0,0,0,0,0,0,1.71,0,0,0
2005,TWN,-12.5,-142.5,0,0,0,0,0,0,4.08,0,0,0
2005,TWN,-12.5,-132.5,0,0,0,0,0,0,3.86,0,0,0
2005,TWN,-12.5,-127.5,0,0,0,0,0,0,0.28,0,0,0
2005,TWN,-12.5,-117.5,0,0,0,0,0,0,1.21,0,0,0
2005,TWN,-12.5,-107.5,0,0,0,0,0,0,0.61,0,0,0
2005,TWN,-7.5,-147.5,0,0,0,0,0,0,14.92,0,0,0
2005,TWN,-7.5,-142.5,0,0,0,0,0,0,4.73,0,0,0
2005,TWN,-7.5,-107.5,0,0,0,0,0,0,0.05,0,0,0
2005,TWN,-2.5,-147.5,0,0,0,0,0,0,0.98,0,0,0
2005,TWN,7.5,-127.5,0,0,0,0,0,0,0.02,0,0,0
2005,TWN,37.5,-147.5,0,0,0,0,0,0,1.92,0,0,0
2005,USA,37.5,-147.5,0,0,0,0,0,0,0,0,0,0
2005,USA,37.5,-142.5,0,0,0,0,0,0,0,0,0,0
2005,KOR,-12.5,-122.5,0,0,0,0,0,0,0.12,0,0,0
2005,KOR,-7.5,-122.5,0,0,0,0,0,0,0.02,0,0,0
2005,PYF,-22.5,-147.5,0,0,0,1.98,0,0,0.58,0,0,0
2005,PYF,-17.5,-147.5,0,0,0,0.7,0,0,1.05,0,0,0
2005,PYF,-17.5,-142.5,0,0,0,0.15,0,0,0,0,0,0
2005,PYF,-12.5,-147.5,0,0,0,0.13,0,0,0.96,0,0,0
2005,PYF,-12.5,-142.5,0,0,0,0.1,0,0,1.04,0,0,0
2005,PYF,-12.5,-137.5,0,0,0,0.19,0,0,0.06,0,0,0
2005,PYF,-12.5,-132.5,0,0,0,0,0,0,0.03,0,0,0
2005,PYF,-7.5,-142.5,0,0,0,0,0,0,0.06,0,0,0
2005,TWN,-22.5,-117.5,0,0,0,0,0,0,0.87,0,0,0
2005,TWN,-22.5,-112.5,0,0,0,0,0,0,0.12,0,0,0
2005,TWN,-17.5,-132.5,0,0,0,0,0,0,1.17,0,0,0
2005,TWN,-17.5,-127.5,0,0,0,0,0,0,0.91,0,0,0
2005,TWN,-17.5,-122.5,0,0,0,0,0,0,6.29,0,0,0
2005,TWN,-17.5,-117.5,0,0,0,0,0,0,8.46,0,0,0
2005,TWN,-17.5,-112.5,0,0,0,0,0,0,4.82,0,0,0
2005,TWN,-17.5,-107.5,0,0,0,0,0,0,0.84,0,0,0
2005,TWN,-17.5,-102.5,0,0,0,0,0,0,0.62,0,0,0
2005,TWN,-12.5,-147.5,0,0,0,0,0,0,1.68,0,0,0
2005,TWN,-12.5,-137.5,0,0,0,0,0,0,1.89,0,0,0
2005,TWN,-12.5,-132.5,0,0,0,0,0,0,4.31,0,0,0
2005,TWN,-12.5,-127.5,0,0,0,0,0,0,0.01,0,0,0
2005,TWN,-12.5,-122.5,0,0,0,0,0,0,0.83,0,0,0
2005,TWN,-12.5,-117.5,0,0,0,0,0,0,0.16,0,0,0
2005,TWN,-12.5,-112.5,0,0,0,0,0,0,0.1,0,0,0
2005,TWN,-12.5,-107.5,0,0,0,0,0,0,0.95,0,0,0
2005,TWN,-12.5,-102.5,0,0,0,0,0,0,0.23,0,0,0
2005,TWN,-7.5,-147.5,0,0,0,0,0,0,19.54,0,0,0
2005,TWN,-7.5,-142.5,0,0,0,0,0,0,1.34,0,0,0
2005,TWN,-7.5,-137.5,0,0,0,0,0,0,0.21,0,0,0
2005,TWN,-7.5,-132.5,0,0,0,0,0,0,4.77,0,0,0
2005,TWN,-7.5,-127.5,0,0,0,0,0,0,0.14,0,0,0
2005,TWN,-7.5,-122.5,0,0,0,0,0,0,0.15,0,0,0
2005,TWN,-7.5,-117.5,0,0,0,0,0,0,0.02,0,0,0
2005,TWN,-2.5,-147.5,0,0,0,0,0,0,0.25,0,0,0
2005,TWN,-2.5,-142.5,0,0,0,0,0,0,0.19,0,0,0
2005,TWN,-2.5,-137.5,0,0,0,0,0,0,0.09,0,0,0
2005,TWN,2.5,-147.5,0,0,0,0,0,0,0.27,0,0,0
2005,TWN,7.5,-147.5,0,0,0,0,0,0,1.07,0,0,0
2005,TWN,7.5,-142.5,0,0,0,0,0,0,0.31,0,0,0
2005,TWN,32.5,-147.5,0,0,0,0,0,0,0.53,0,0,0
2005,USA,37.5,-147.5,0,0,0,0,0,0,0,0,0,0
2006,KOR,-17.5,-102.5,0,0,0,0,0,0,0.34,0,0,0
2006,KOR,-12.5,-127.5,0,0,0,0,0,0,2.11,0,0,0
2006,KOR,-12.5,-122.5,0,0,0,0,0,0,1.54,0,0,0
2006,KOR,-12.5,-117.5,0,0,0,0,0,0,0.1,0,0,0
2006,KOR,-12.5,-112.5,0,0,0,0,0,0,0.51,0,0,0
2006,KOR,-12.5,-107.5,0,0,0,0,0,0,0.03,0,0,0
2006,KOR,-7.5,-132.5,0,0,0,0,0,0,0.2,0,0,0
2006,KOR,-7.5,-122.5,0,0,0,0,0,0,0.12,0,0,0
2006,KOR,-7.5,-112.5,0,0,0,0,0,0,0.1,0,0,0
2006,KOR,-7.5,-107.5,0,0,0,0,0,0,0.12,0,0,0
2006,PYF,-27.5,-147.5,0,0,0,0.08,0,0,0.56,0,0,0
2006,PYF,-22.5,-147.5,0,0,0,0.17,0,0,0.12,0,0,0
2006,PYF,-17.5,-147.5,0,0,0,0,0,0,0.85,0,0,0
2006,PYF,-17.5,-142.5,0,0,0,0,0,0,0.36,0,0,0
2006,PYF,-12.5,-147.5,0,0,0,0,0,0,1.34,0,0,0
2006,PYF,-12.5,-142.5,0,0,0,0,0,0,1.51,0,0,0
2006,PYF,-12.5,-137.5,0,0,0,0,0,0,0.1,0,0,0
2006,TWN,-17.5,-132.5,0,0,0,0,0,0,4.55,0,0,0
2006,TWN,-17.5,-127.5,0,0,0,0,0,0,1.05,0,0,0
2006,TWN,-17.5,-122.5,0,0,0,0,0,0,6.1,0,0,0
2006,TWN,-17.5,-117.5,0,0,0,0,0,0,0.49,0,0,0
2006,TWN,-17.5,-112.5,0,0,0,0,0,0,0.47,0,0,0
2006,TWN,-17.5,-107.5,0,0,0,0,0,0,1.33,0,0,0
2006,TWN,-17.5,-102.5,0,0,0,0,0,0,0.46,0,0,0
2006,TWN,-12.5,-147.5,0,0,0,0,0,0,0.09,0,0,0
2006,TWN,-12.5,-142.5,0,0,0,0,0,0,0.57,0,0,0
2006,TWN,-12.5,-132.5,0,0,0,0,0,0,0.87,0,0,0
2006,TWN,-12.5,-127.5,0,0,0,0,0,0,1.11,0,0,0
2006,TWN,-12.5,-122.5,0,0,0,0,0,0,1.68,0,0,0
2006,TWN,-12.5,-117.5,0,0,0,0,0,0,0.07,0,0,0
2006,TWN,-12.5,-112.5,0,0,0,0,0,0,0.11,0,0,0
2006,TWN,-12.5,-107.5,0,0,0,0,0,0,0.23,0,0,0
2006,TWN,-7.5,-147.5,0,0,0,0,0,0,15.62,0,0,0
2006,TWN,-7.5,-142.5,0,0,0,0,0,0,3.4,0,0,0
2006,TWN,-7.5,-137.5,0,0,0,0,0,0,2.89,0,0,0
2006,TWN,-7.5,-132.5,0,0,0,0,0,0,1.78,0,0,0
2006,TWN,-7.5,-127.5,0,0,0,0,0,0,0.68,0,0,0
2006,TWN,-7.5,-107.5,0,0,0,0,0,0,0.21,0,0,0
2006,TWN,-2.5,-147.5,0,0,0,0,0,0,3.3,0,0,0
2006,TWN,-2.5,-142.5,0,0,0,0,0,0,1.73,0,0,0
2006,TWN,2.5,-147.5,0,0,0,0,0,0,1.6,0,0,0
2006,TWN,2.5,-142.5,0,0,0,0,0,0,3.87,0,0,0
2006,TWN,2.5,-137.5,0,0,0,0,0,0,0.64,0,0,0
2006,TWN,2.5,-117.5,0,0,0,0,0,0,0.15,0,0,0
2006,TWN,2.5,-112.5,0,0,0,0,0,0,0.08,0,0,0
2006,TWN,7.5,-147.5,0,0,0,0,0,0,1.9,0,0,0
2006,TWN,7.5,-122.5,0,0,0,0,0,0,0.12,0,0,0
2006,TWN,7.5,-117.5,0,0,0,0,0,0,0.3,0,0,0
2006,TWN,32.5,-147.5,0,0,0,0,0,0,26.66,0,0,0
2006,TWN,32.5,-142.5,0,0,0,0,0,0,5.16,0,0,0
2006,USA,32.5,-147.5,0,0,0,0,0,0,0,0,0,0
2006,KOR,-12.5,-147.5,0,0,0,0,0,0,0.06,0,0,0
2006,KOR,-12.5,-112.5,0,0,0,0,0,0,0.08,0,0,0
2006,KOR,-7.5,-147.5,0,0,0,0,0,0,0.03,0,0,0
2006,KOR,-7.5,-137.5,0,0,0,0,0,0,0.01,0,0,0
2006,KOR,-7.5,-132.5,0,0,0,0,0,0,0.29,0,0,0
2006,KOR,-7.5,-127.5,0,0,0,0,0,0,0.18,0,0,0
2006,KOR,-7.5,-122.5,0,0,0,0,0,0,0.05,0,0,0
2006,KOR,-7.5,-112.5,0,0,0,0,0,0,0.06,0,0,0
2006,KOR,-2.5,-132.5,0,0,0,0,0,0,0.07,0,0,0
2006,KOR,2.5,-147.5,0,0,0,0,0,0,0.05,0,0,0
2006,KOR,2.5,-137.5,0,0,0,0,0,0,0.04,0,0,0
2006,KOR,2.5,-127.5,0,0,0,0,0,0,0.05,0,0,0
2006,KOR,2.5,-122.5,0,0,0,0,0,0,0.03,0,0,0
2006,KOR,7.5,-147.5,0,0,0,0,0,0,0.13,0,0,0
2006,KOR,7.5,-142.5,0,0,0,0,0,0,0.05,0,0,0
2006,KOR,17.5,-137.5,0,0,0,0,0,0,0.22,0,0,0
2006,KOR,17.5,-132.5,0,0,0,0,0,0,0.16,0,0,0
2006,PYF,-22.5,-147.5,0,0,0,0,0,0,0.52,0,0,0
2006,PYF,-17.5,-147.5,0,0,0,0,0,0,0.81,0,0,0
2006,PYF,-17.5,-142.5,0,0,0,0,0,0,0.64,0,0,0
2006,PYF,-12.5,-147.5,0,0,0,0.06,0,0,2.03,0,0,0
2006,PYF,-12.5,-142.5,0,0,0,0.22,0,0,1.57,0,0,0
2006,PYF,-7.5,-147.5,0,0,0,0.03,0,0,0.2,0,0,0
2006,PYF,-7.5,-142.5,0,0,0,0,0,0,0.12,0,0,0
2006,TWN,-42.5,-122.5,0,0,0,0,0,0,0.04,0,0,0
2006,TWN,-37.5,-122.5,0,0,0,0,0,0,0.66,0,0,0
2006,TWN,-37.5,-117.5,0,0,0,0,0,0,2.94,0,0,0
2006,TWN,-37.5,-112.5,0,0,0,0,0,0,0.69,0,0,0
2006,TWN,-17.5,-132.5,0,0,0,0,0,0,0.38,0,0,0
2006,TWN,-12.5,-147.5,0,0,0,0,0,0,0.02,0,0,0
2006,TWN,-12.5,-142.5,0,0,0,0,0,0,0.7,0,0,0
2006,TWN,-12.5,-132.5,0,0,0,0,0,0,2.04,0,0,0
2006,TWN,-12.5,-112.5,0,0,0,0,0,0,0.05,0,0,0
2006,TWN,-12.5,-107.5,0,0,0,0,0,0,0.12,0,0,0
2006,TWN,-7.5,-147.5,0,0,0,0,0,0,9.87,0,0,0
2006,TWN,-7.5,-142.5,0,0,0,0,0,0,1.76,0,0,0
2006,TWN,-7.5,-137.5,0,0,0,0,0,0,0.07,0,0,0
2006,TWN,-7.5,-107.5,0,0,0,0,0,0,0.33,0,0,0
2006,TWN,-2.5,-147.5,0,0,0,0,0,0,2.04,0,0,0
2006,TWN,-2.5,-142.5,0,0,0,0,0,0,1.13,0,0,0
2006,TWN,-2.5,-137.5,0,0,0,0,0,0,1.63,0,0,0
2006,TWN,-2.5,-132.5,0,0,0,0,0,0,0.09,0,0,0
2006,TWN,2.5,-147.5,0,0,0,0,0,0,7.38,0,0,0
2006,TWN,2.5,-142.5,0,0,0,0,0,0,3.43,0,0,0
2006,TWN,2.5,-137.5,0,0,0,0,0,0,0.76,0,0,0
2006,TWN,2.5,-117.5,0,0,0,0,0,0,0.21,0,0,0
2006,TWN,2.5,-112.5,0,0,0,0,0,0,0.03,0,0,0
2006,TWN,2.5,-107.5,0,0,0,0,0,0,0.05,0,0,0
2006,TWN,7.5,-147.5,0,0,0,0,0,0,0.87,0,0,0
2006,TWN,7.5,-142.5,0,0,0,0,0,0,0.07,0,0,0
2006,TWN,12.5,-127.5,0,0,0,0,0,0,0.47,0,0,0
2006,TWN,12.5,-122.5,0,0,0,0,0,0,2.04,0,0,0
2006,TWN,12.5,-117.5,0,0,0,0,0,0,0.27,0,0,0
2006,TWN,27.5,-147.5,0,0,0,0,0,0,1.33,0,0,0
2006,TWN,27.5,-142.5,0,0,0,0,0,0,0.05,0,0,0
2006,TWN,27.5,-137.5,0,0,0,0,0,0,2.82,0,0,0
2006,TWN,32.5,-147.5,0,0,0,0,0,0,9.04,0,0,0
2006,TWN,32.5,-142.5,0,0,0,0,0,0,3.01,0,0,0
2006,TWN,32.5,-137.5,0,0,0,0,0,0,2.73,0,0,0
2006,KOR,-7.5,-137.5,0,0,0,0,0,0,0.02,0,0,0
2006,KOR,-7.5,-122.5,0,0,0,0,0,0,0.24,0,0,0
2006,KOR,-2.5,-137.5,0,0,0,0,0,0,0.09,0,0,0
2006,KOR,2.5,-147.5,0,0,0,0,0,0,0.07,0,0,0
2006,KOR,2.5,-142.5,0,0,0,0,0,0,0.04,0,0,0
2006,KOR,2.5,-137.5,0,0,0,0,0,0,0.1,0,0,0
2006,KOR,2.5,-127.5,0,0,0,0,0,0,0.01,0,0,0
2006,KOR,7.5,-142.5,0,0,0,0,0,0,0.07,0,0,0
2006,KOR,7.5,-132.5,0,0,0,0,0,0,0.04,0,0,0
2006,KOR,17.5,-137.5,0,0,0,0,0,0,0.61,0,0,0
2006,KOR,17.5,-132.5,0,0,0,0,0,0,0.27,0,0,0
2006,KOR,22.5,-137.5,0,0,0,0,0,0,0.12,0,0,0
2006,PYF,-22.5,-142.5,0,0,0,0,0,0,0.24,0,0,0
2006,PYF,-17.5,-147.5,0,0,0,0,0,0,1.44,0,0,0
2006,PYF,-17.5,-142.5,0,0,0,0,0,0,0.26,0,0,0
2006,PYF,-12.5,-147.5,0,0,0,0.05,0,0,1.15,0,0,0
2006,PYF,-12.5,-142.5,0,0,0,0,0,0,1.29,0,0,0
2006,PYF,-12.5,-137.5,0,0,0,0.06,0,0,0.34,0,0,0
2006,PYF,-7.5,-137.5,0,0,0,0.03,0,0,0.12,0,0,0
2006,TWN,-42.5,-137.5,0,0,0,0,0,0,2.46,0,0,0
2006,TWN,-42.5,-132.5,0,0,0,0,0,0,5.41,0,0,0
2006,TWN,-42.5,-127.5,0,0,0,0,0,0,1.66,0,0,0
2006,TWN,-42.5,-122.5,0,0,0,0,0,0,0.12,0,0,0
2006,TWN,-42.5,-117.5,0,0,0,0,0,0,0.32,0,0,0
2006,TWN,-37.5,-142.5,0,0,0,0,0,0,4.97,0,0,0
2006,TWN,-37.5,-137.5,0,0,0,0,0,0,10.59,0,0,0
2006,TWN,-37.5,-132.5,0,0,0,0,0,0,1.59,0,0,0
2006,TWN,-37.5,-127.5,0,0,0,0,0,0,4.93,0,0,0
2006,TWN,-37.5,-122.5,0,0,0,0,0,0,4.6,0,0,0
2006,TWN,-37.5,-117.5,0,0,0,0,0,0,0.8,0,0,0
2006,TWN,-17.5,-102.5,0,0,0,0,0,0,0.08,0,0,0
2006,TWN,-12.5,-112.5,0,0,0,0,0,0,0.15,0,0,0
2006,TWN,-12.5,-107.5,0,0,0,0,0,0,0.56,0,0,0
2006,TWN,-12.5,-102.5,0,0,0,0,0,0,0.05,0,0,0
2006,TWN,-7.5,-147.5,0,0,0,0,0,0,7.07,0,0,0
2006,TWN,-7.5,-142.5,0,0,0,0,0,0,0.51,0,0,0
2006,TWN,-7.5,-137.5,0,0,0,0,0,0,0.29,0,0,0
2006,TWN,-7.5,-112.5,0,0,0,0,0,0,0.03,0,0,0
2006,TWN,-2.5,-147.5,0,0,0,0,0,0,12.29,0,0,0
2006,TWN,-2.5,-142.5,0,0,0,0,0,0,0.42,0,0,0
2006,TWN,-2.5,-137.5,0,0,0,0,0,0,0.16,0,0,0
2006,TWN,-2.5,-132.5,0,0,0,0,0,0,0.13,0,0,0
2006,TWN,-2.5,-122.5,0,0,0,0,0,0,0.04,0,0,0
2006,TWN,-2.5,-117.5,0,0,0,0,0,0,0.05,0,0,0
2006,TWN,2.5,-147.5,0,0,0,0,0,0,0.67,0,0,0
2006,TWN,2.5,-142.5,0,0,0,0,0,0,2.38,0,0,0
2006,TWN,2.5,-137.5,0,0,0,0,0,0,1.23,0,0,0
2006,TWN,2.5,-132.5,0,0,0,0,0,0,0.31,0,0,0
2006,TWN,2.5,-117.5,0,0,0,0,0,0,0.01,0,0,0
2006,TWN,7.5,-147.5,0,0,0,0,0,0,0.11,0,0,0
2006,TWN,7.5,-142.5,0,0,0,0,0,0,0.9,0,0,0
2006,TWN,7.5,-137.5,0,0,0,0,0,0,0.19,0,0,0
2006,TWN,7.5,-132.5,0,0,0,0,0,0,0.34,0,0,0
2006,TWN,7.5,-117.5,0,0,0,0,0,0,0.14,0,0,0
2006,TWN,12.5,-122.5,0,0,0,0,0,0,0.02,0,0,0
2006,TWN,27.5,-147.5,0,0,0,0,0,0,8.89,0,0,0
2006,TWN,27.5,-142.5,0,0,0,0,0,0,3.65,0,0,0
2006,TWN,27.5,-137.5,0,0,0,0,0,0,2.62,0,0,0
2006,TWN,27.5,-132.5,0,0,0,0,0,0,0.87,0,0,0
2006,TWN,32.5,-147.5,0,0,0,0,0,0,5.51,0,0,0
2006,TWN,32.5,-142.5,0,0,0,0,0,0,0.72,0,0,0
2006,TWN,32.5,-137.5,0,0,0,0,0,0,0.2,0,0,0
2006,USA,17.5,-147.5,0,0,0,0,0,0,0,0,0,0
2006,KOR,-2.5,-147.5,0,0,0,0,0,0,0.07,0,0,0
2006,KOR,2.5,-142.5,0,0,0,0,0,0,0.02,0,0,0
2006,KOR,2.5,-137.5,0,0,0,0,0,0,0.05,0,0,0
2006,KOR,2.5,-132.5,0,0,0,0,0,0,0.17,0,0,0
2006,KOR,7.5,-137.5,0,0,0,0,0,0,0.06,0,0,0
2006,KOR,7.5,-132.5,0,0,0,0,0,0,0.03,0,0,0
2006,PYF,-22.5,-147.5,0,0,0,0.34,0,0,0.76,0,0,0
2006,PYF,-22.5,-142.5,0,0,0,0,0,0,1.8,0,0,0
2006,PYF,-17.5,-147.5,0,0,0,0.22,0,0,2.99,0,0,0
2006,PYF,-17.5,-142.5,0,0,0,0,0,0,0.74,0,0,0
2006,PYF,-12.5,-147.5,0,0,0,0,0,0,1.37,0,0,0
2006,PYF,-12.5,-142.5,0,0,0,0.03,0,0,0.78,0,0,0
2006,PYF,-12.5,-137.5,0,0,0,0.11,0,0,0.22,0,0,0
2006,PYF,-7.5,-147.5,0,0,0,0,0,0,0.2,0,0,0
2006,PYF,-7.5,-142.5,0,0,0,0.11,0,0,1.13,0,0,0
2006,TWN,-42.5,-147.5,0,0,0,0,0,0,2.6,0,0,0
2006,TWN,-42.5,-142.5,0,0,0,0,0,0,3.96,0,0,0
2006,TWN,-42.5,-137.5,0,0,0,0,0,0,11.71,0,0,0
2006,TWN,-42.5,-132.5,0,0,0,0,0,0,1.31,0,0,0
2006,TWN,-37.5,-147.5,0,0,0,0,0,0,0.31,0,0,0
2006,TWN,-37.5,-142.5,0,0,0,0,0,0,3.72,0,0,0
2006,TWN,-37.5,-137.5,0,0,0,0,0,0,1.13,0,0,0
2006,TWN,-37.5,-132.5,0,0,0,0,0,0,1.02,0,0,0
2006,TWN,-32.5,-147.5,0,0,0,0,0,0,0.1,0,0,0
2006,TWN,-27.5,-147.5,0,0,0,0,0,0,0.19,0,0,0
2006,TWN,-17.5,-97.5,0,0,0,0,0,0,0.18,0,0,0
2006,TWN,-12.5,-102.5,0,0,0,0,0,0,0.18,0,0,0
2006,TWN,-12.5,-97.5,0,0,0,0,0,0,0.18,0,0,0
2006,TWN,-7.5,-147.5,0,0,0,0,0,0,0.51,0,0,0
2006,TWN,-7.5,-142.5,0,0,0,0,0,0,0.04,0,0,0
2006,TWN,-2.5,-147.5,0,0,0,0,0,0,9.47,0,0,0
2006,TWN,-2.5,-142.5,0,0,0,0,0,0,0.89,0,0,0
2006,TWN,-2.5,-82.5,0,0,0,0,0,0,0.03,0,0,0
2006,TWN,2.5,-147.5,0,0,0,0,0,0,1.55,0,0,0
2006,TWN,2.5,-142.5,0,0,0,0,0,0,0.22,0,0,0
2006,TWN,2.5,-137.5,0,0,0,0,0,0,1.33,0,0,0
2006,TWN,2.5,-132.5,0,0,0,0,0,0,2.19,0,0,0
2006,TWN,2.5,-127.5,0,0,0,0,0,0,3.04,0,0,0
2006,TWN,7.5,-137.5,0,0,0,0,0,0,0.31,0,0,0
2006,TWN,7.5,-132.5,0,0,0,0,0,0,0.48,0,0,0
2006,TWN,7.5,-127.5,0,0,0,0,0,0,1.8,0,0,0
2006,TWN,27.5,-147.5,0,0,0,0,0,0,8.95,0,0,0
2006,TWN,27.5,-142.5,0,0,0,0,0,0,2.06,0,0,0
2006,TWN,27.5,-137.5,0,0,0,0,0,0,1.1,0,0,0
2006,TWN,32.5,-147.5,0,0,0,0,0,0,23.75,0,0,0
2006,TWN,32.5,-142.5,0,0,0,0,0,0,0.19,0,0,0
2006,KOR,-2.5,-147.5,0,0,0,0,0,0,0.04,0,0,0
2006,KOR,-2.5,-132.5,0,0,0,0,0,0,0.09,0,0,0
2006,KOR,2.5,-147.5,0,0,0,0,0,0,0.28,0,0,0
2006,KOR,2.5,-137.5,0,0,0,0,0,0,0.03,0,0,0
2006,KOR,2.5,-132.5,0,0,0,0,0,0,0.14,0,0,0
2006,KOR,7.5,-132.5,0,0,0,0,0,0,0.05,0,0,0
2006,PYF,-22.5,-142.5,0,0,0,0,0,0,1.72,0,0,0
2006,PYF,-17.5,-147.5,0,0,0,0,0,0,1.13,0,0,0
2006,PYF,-17.5,-142.5,0,0,0,0,0,0,0.36,0,0,0
2006,PYF,-12.5,-147.5,0,0,0,0.34,0,0,3.21,0,0,0
2006,PYF,-12.5,-142.5,0,0,0,0.34,0,0,1.12,0,0,0
2006,PYF,-12.5,-137.5,0,0,0,0.17,0,0,2.01,0,0,0
2006,PYF,-7.5,-147.5,0,0,0,0,0,0,0.19,0,0,0
2006,PYF,-7.5,-142.5,0,0,0,0,0,0,0.09,0,0,0
2006,PYF,-7.5,-137.5,0,0,0,0.05,0,0,0.2,0,0,0
2006,TWN,-37.5,-147.5,0,0,0,0,0,0,0.73,0,0,0
2006,TWN,-37.5,-142.5,0,0,0,0,0,0,0.19,0,0,0
2006,TWN,-37.5,-137.5,0,0,0,0,0,0,0.92,0,0,0
2006,TWN,-32.5,-147.5,0,0,0,0,0,0,5.09,0,0,0
2006,TWN,-32.5,-142.5,0,0,0,0,0,0,0.43,0,0,0
2006,TWN,-32.5,-137.5,0,0,0,0,0,0,0.32,0,0,0
2006,TWN,-32.5,-132.5,0,0,0,0,0,0,13.6,0,0,0
2006,TWN,-32.5,-127.5,0,0,0,0,0,0,1.08,0,0,0
2006,TWN,-32.5,-122.5,0,0,0,0,0,0,0.74,0,0,0
2006,TWN,-27.5,-132.5,0,0,0,0,0,0,1.04,0,0,0
2006,TWN,-22.5,-82.5,0,0,0,0,0,0,0.23,0,0,0
2006,TWN,-17.5,-82.5,0,0,0,0,0,0,0.07,0,0,0
2006,TWN,-12.5,-127.5,0,0,0,0,0,0,0.88,0,0,0
2006,TWN,-7.5,-147.5,0,0,0,0,0,0,0.7,0,0,0
2006,TWN,-7.5,-142.5,0,0,0,0,0,0,0.49,0,0,0
2006,TWN,-7.5,-137.5,0,0,0,0,0,0,0.69,0,0,0
2006,TWN,-7.5,-132.5,0,0,0,0,0,0,2.05,0,0,0
2006,TWN,-7.5,-127.5,0,0,0,0,0,0,6.98,0,0,0
2006,TWN,-7.5,-122.5,0,0,0,0,0,0,0.23,0,0,0
2006,TWN,-2.5,-147.5,0,0,0,0,0,0,1.88,0,0,0
2006,TWN,-2.5,-142.5,0,0,0,0,0,0,1.96,0,0,0
2006,TWN,-2.5,-137.5,0,0,0,0,0,0,0.74,0,0,0
2006,TWN,-2.5,-132.5,0,0,0,0,0,0,2.55,0,0,0
2006,TWN,-2.5,-127.5,0,0,0,0,0,0,0.6,0,0,0
2006,TWN,2.5,-147.5,0,0,0,0,0,0,2.7,0,0,0
2006,TWN,2.5,-142.5,0,0,0,0,0,0,1.74,0,0,0
2006,TWN,2.5,-137.5,0,0,0,0,0,0,4.31,0,0,0
2006,TWN,2.5,-132.5,0,0,0,0,0,0,0.9,0,0,0
2006,TWN,2.5,-127.5,0,0,0,0,0,0,0.56,0,0,0
2006,TWN,7.5,-147.5,0,0,0,0,0,0,1.22,0,0,0
2006,TWN,7.5,-142.5,0,0,0,0,0,0,0.05,0,0,0
2006,TWN,7.5,-137.5,0,0,0,0,0,0,0.87,0,0,0
2006,TWN,7.5,-132.5,0,0,0,0,0,0,0.79,0,0,0
2006,TWN,7.5,-127.5,0,0,0,0,0,0,0.62,0,0,0
2006,TWN,27.5,-147.5,0,0,0,0,0,0,19.18,0,0,0
2006,TWN,27.5,-142.5,0,0,0,0,0,0,2.65,0,0,0
2006,TWN,27.5,-137.5,0,0,0,0,0,0,0.71,0,0,0
2006,TWN,32.5,-147.5,0,0,0,0,0,0,29.23,0,0,0
2006,TWN,32.5,-142.5,0,0,0,0,0,0,18.41,0,0,0
2006,KOR,-12.5,-132.5,0,0,0,0,0,0,0.05,0,0,0
2006,KOR,-7.5,-147.5,0,0,0,0,0,0,0.08,0,0,0
2006,KOR,-7.5,-132.5,0,0,0,0,0,0,0.15,0,0,0
2006,KOR,-2.5,-147.5,0,0,0,0,0,0,0.06,0,0,0
2006,KOR,-2.5,-142.5,0,0,0,0,0,0,0.07,0,0,0
2006,KOR,-2.5,-132.5,0,0,0,0,0,0,0.08,0,0,0
2006,KOR,2.5,-147.5,0,0,0,0,0,0,0.06,0,0,0
2006,KOR,2.5,-132.5,0,0,0,0,0,0,0.07,0,0,0
2006,KOR,2.5,-127.5,0,0,0,0,0,0,0.13,0,0,0
2006,PYF,-17.5,-147.5,0,0,0,0.11,0,0,2.16,0,0,0
2006,PYF,-17.5,-142.5,0,0,0,0,0,0,0.2,0,0,0
2006,PYF,-12.5,-147.5,0,0,0,0.05,0,0,2.07,0,0,0
2006,PYF,-12.5,-142.5,0,0,0,0.16,0,0,1.44,0,0,0
2006,PYF,-12.5,-137.5,0,0,0,0,0,0,0.04,0,0,0
2006,TWN,-37.5,-127.5,0,0,0,0,0,0,0.06,0,0,0
2006,TWN,-32.5,-132.5,0,0,0,0,0,0,0.21,0,0,0
2006,TWN,-32.5,-122.5,0,0,0,0,0,0,0.13,0,0,0
2006,TWN,-32.5,-112.5,0,0,0,0,0,0,0.6,0,0,0
2006,TWN,-27.5,-147.5,0,0,0,0,0,0,0.48,0,0,0
2006,TWN,-27.5,-137.5,0,0,0,0,0,0,2.5,0,0,0
2006,TWN,-27.5,-132.5,0,0,0,0,0,0,1.93,0,0,0
2006,TWN,-22.5,-87.5,0,0,0,0,0,0,0.03,0,0,0
2006,TWN,-22.5,-82.5,0,0,0,0,0,0,0.14,0,0,0
2006,TWN,-17.5,-92.5,0,0,0,0,0,0,0.47,0,0,0
2006,TWN,-17.5,-87.5,0,0,0,0,0,0,0.05,0,0,0
2006,TWN,-12.5,-137.5,0,0,0,0,0,0,0.18,0,0,0
2006,TWN,-12.5,-132.5,0,0,0,0,0,0,12.01,0,0,0
2006,TWN,-12.5,-127.5,0,0,0,0,0,0,9.9,0,0,0
2006,TWN,-12.5,-122.5,0,0,0,0,0,0,0.34,0,0,0
2006,TWN,-12.5,-97.5,0,0,0,0,0,0,0.25,0,0,0
2006,TWN,-12.5,-92.5,0,0,0,0,0,0,1.15,0,0,0
2006,TWN,-7.5,-147.5,0,0,0,0,0,0,0.29,0,0,0
2006,TWN,-7.5,-142.5,0,0,0,0,0,0,0.48,0,0,0
2006,TWN,-7.5,-137.5,0,0,0,0,0,0,3.61,0,0,0
2006,TWN,-7.5,-132.5,0,0,0,0,0,0,5.78,0,0,0
2006,TWN,-7.5,-127.5,0,0,0,0,0,0,4.96,0,0,0
2006,TWN,-7.5,-122.5,0,0,0,0,0,0,1.65,0,0,0
2006,TWN,-7.5,-107.5,0,0,0,0,0,0,3.04,0,0,0
2006,TWN,-2.5,-147.5,0,0,0,0,0,0,0.12,0,0,0
2006,TWN,-2.5,-142.5,0,0,0,0,0,0,0.23,0,0,0
2006,TWN,-2.5,-137.5,0,0,0,0,0,0,0.54,0,0,0
2006,TWN,-2.5,-132.5,0,0,0,0,0,0,0.44,0,0,0
2006,TWN,-2.5,-117.5,0,0,0,0,0,0,0.8,0,0,0
2006,TWN,-2.5,-112.5,0,0,0,0,0,0,0.73,0,0,0
2006,TWN,-2.5,-97.5,0,0,0,0,0,0,1.91,0,0,0
2006,TWN,2.5,-147.5,0,0,0,0,0,0,1.07,0,0,0
2006,TWN,2.5,-142.5,0,0,0,0,0,0,3.58,0,0,0
2006,TWN,2.5,-137.5,0,0,0,0,0,0,0.95,0,0,0
2006,TWN,2.5,-97.5,0,0,0,0,0,0,0.22,0,0,0
2006,TWN,7.5,-147.5,0,0,0,0,0,0,0.2,0,0,0
2006,TWN,7.5,-142.5,0,0,0,0,0,0,0.22,0,0,0
2006,TWN,7.5,-137.5,0,0,0,0,0,0,0.82,0,0,0
2006,TWN,32.5,-147.5,0,0,0,0,0,0,2.69,0,0,0
2006,TWN,32.5,-142.5,0,0,0,0,0,0,7.56,0,0,0
2006,TWN,32.5,-137.5,0,0,0,0,0,0,0.98,0,0,0
2006,TWN,32.5,-132.5,0,0,0,0,0,0,0.24,0,0,0
2006,USA,27.5,-147.5,0,0,0,0,0,0,0,0,0,0
2006,KOR,-12.5,-132.5,0,0,0,0,0,0,0.28,0,0,0
2006,KOR,-12.5,-127.5,0,0,0,0,0,0,0.03,0,0,0
2006,KOR,-12.5,-122.5,0,0,0,0,0,0,0.31,0,0,0
2006,KOR,-7.5,-132.5,0,0,0,0,0,0,0.55,0,0,0
2006,KOR,-7.5,-127.5,0,0,0,0,0,0,0.12,0,0,0
2006,KOR,2.5,-147.5,0,0,0,0,0,0,0.1,0,0,0
2006,KOR,2.5,-142.5,0,0,0,0,0,0,0.05,0,0,0
2006,KOR,2.5,-137.5,0,0,0,0,0,0,0.04,0,0,0
2006,KOR,2.5,-132.5,0,0,0,0,0,0,0.04,0,0,0
2006,KOR,2.5,-127.5,0,0,0,0,0,0,0.23,0,0,0
2006,KOR,7.5,-132.5,0,0,0,0,0,0,0.02,0,0,0
2006,PYF,-22.5,-147.5,0,0,0,0,0,0,0.2,0,0,0
2006,PYF,-22.5,-142.5,0,0,0,0.06,0,0,0.22,0,0,0
2006,PYF,-17.5,-147.5,0,0,0,0.4,0,0,0.89,0,0,0
2006,PYF,-17.5,-142.5,0,0,0,0,0,0,0.74,0,0,0
2006,PYF,-12.5,-147.5,0,0,0,0.1,0,0,0.45,0,0,0
2006,PYF,-12.5,-142.5,0,0,0,0.11,0,0,0.04,0,0,0
2006,PYF,-12.5,-137.5,0,0,0,0.12,0,0,0,0,0,0
2006,PYF,-7.5,-137.5,0,0,0,0,0,0,0.16,0,0,0
2006,TWN,-32.5,-117.5,0,0,0,0,0,0,0.47,0,0,0
2006,TWN,-27.5,-147.5,0,0,0,0,0,0,0.16,0,0,0
2006,TWN,-27.5,-137.5,0,0,0,0,0,0,0.19,0,0,0
2006,TWN,-27.5,-122.5,0,0,0,0,0,0,0.48,0,0,0
2006,TWN,-27.5,-117.5,0,0,0,0,0,0,0.35,0,0,0
2006,TWN,-22.5,-87.5,0,0,0,0,0,0,1.22,0,0,0
2006,TWN,-22.5,-82.5,0,0,0,0,0,0,0.53,0,0,0
2006,TWN,-17.5,-122.5,0,0,0,0,0,0,0.06,0,0,0
2006,TWN,-17.5,-97.5,0,0,0,0,0,0,1.69,0,0,0
2006,TWN,-17.5,-92.5,0,0,0,0,0,0,2.82,0,0,0
2006,TWN,-17.5,-87.5,0,0,0,0,0,0,5.69,0,0,0
2006,TWN,-12.5,-147.5,0,0,0,0,0,0,1.15,0,0,0
2006,TWN,-12.5,-142.5,0,0,0,0,0,0,0.3,0,0,0
2006,TWN,-12.5,-137.5,0,0,0,0,0,0,2.86,0,0,0
2006,TWN,-12.5,-132.5,0,0,0,0,0,0,5.8,0,0,0
2006,TWN,-12.5,-127.5,0,0,0,0,0,0,7.11,0,0,0
2006,TWN,-12.5,-122.5,0,0,0,0,0,0,1.35,0,0,0
2006,TWN,-12.5,-117.5,0,0,0,0,0,0,1.93,0,0,0
2006,TWN,-12.5,-112.5,0,0,0,0,0,0,0.15,0,0,0
2006,TWN,-12.5,-97.5,0,0,0,0,0,0,2.99,0,0,0
2006,TWN,-12.5,-92.5,0,0,0,0,0,0,2.55,0,0,0
2006,TWN,-7.5,-147.5,0,0,0,0,0,0,3.04,0,0,0
2006,TWN,-7.5,-142.5,0,0,0,0,0,0,1.62,0,0,0
2006,TWN,-7.5,-137.5,0,0,0,0,0,0,0.92,0,0,0
2006,TWN,-7.5,-132.5,0,0,0,0,0,0,4.09,0,0,0
2006,TWN,-7.5,-127.5,0,0,0,0,0,0,2.09,0,0,0
2006,TWN,-7.5,-122.5,0,0,0,0,0,0,0.35,0,0,0
2006,TWN,-7.5,-117.5,0,0,0,0,0,0,0.14,0,0,0
2006,TWN,-7.5,-112.5,0,0,0,0,0,0,0.58,0,0,0
2006,TWN,-7.5,-107.5,0,0,0,0,0,0,0.2,0,0,0
2006,TWN,-7.5,-102.5,0,0,0,0,0,0,1.42,0,0,0
2006,TWN,-2.5,-127.5,0,0,0,0,0,0,0.24,0,0,0
2006,TWN,-2.5,-122.5,0,0,0,0,0,0,0.73,0,0,0
2006,TWN,-2.5,-117.5,0,0,0,0,0,0,0.48,0,0,0
2006,TWN,2.5,-147.5,0,0,0,0,0,0,4.01,0,0,0
2006,TWN,2.5,-142.5,0,0,0,0,0,0,1.95,0,0,0
2006,TWN,2.5,-137.5,0,0,0,0,0,0,0.46,0,0,0
2006,TWN,2.5,-97.5,0,0,0,0,0,0,0.2,0,0,0
2006,TWN,7.5,-147.5,0,0,0,0,0,0,0.05,0,0,0
2006,TWN,7.5,-142.5,0,0,0,0,0,0,0.68,0,0,0
2006,TWN,32.5,-132.5,0,0,0,0,0,0,0.17,0,0,0
2006,USA,27.5,-147.5,0,0,0,0,0,0,0,0,0,0
2006,KOR,-12.5,-132.5,0,0,0,0,0,0,0.17,0,0,0
2006,KOR,-12.5,-127.5,0,0,0,0,0,0,0.34,0,0,0
2006,KOR,-12.5,-122.5,0,0,0,0,0,0,0.29,0,0,0
2006,KOR,-7.5,-132.5,0,0,0,0,0,0,0.06,0,0,0
2006,KOR,-7.5,-127.5,0,0,0,0,0,0,0.5,0,0,0
2006,KOR,-7.5,-122.5,0,0,0,0,0,0,0.04,0,0,0
2006,KOR,2.5,-142.5,0,0,0,0,0,0,0.07,0,0,0
2006,KOR,2.5,-137.5,0,0,0,0,0,0,0.09,0,0,0
2006,KOR,2.5,-132.5,0,0,0,0,0,0,0.06,0,0,0
2006,KOR,2.5,-127.5,0,0,0,0,0,0,0.13,0,0,0
2006,KOR,2.5,-122.5,0,0,0,0,0,0,0.1,0,0,0
2006,KOR,7.5,-127.5,0,0,0,0,0,0,0.21,0,0,0
2006,KOR,7.5,-122.5,0,0,0,0,0,0,0.03,0,0,0
2006,PYF,-22.5,-147.5,0,0,0,0.06,0,0,0.29,0,0,0
2006,PYF,-22.5,-142.5,0,0,0,0,0,0,0.13,0,0,0
2006,PYF,-17.5,-147.5,0,0,0,0.24,0,0,3.56,0,0,0
2006,PYF,-17.5,-142.5,0,0,0,0,0,0,0.12,0,0,0
2006,PYF,-12.5,-147.5,0,0,0,0.35,0,0,2.7,0,0,0
2006,PYF,-12.5,-142.5,0,0,0,0.37,0,0,0.29,0,0,0
2006,TWN,-32.5,-117.5,0,0,0,0,0,0,2.59,0,0,0
2006,TWN,-32.5,-112.5,0,0,0,0,0,0,1.17,0,0,0
2006,TWN,-27.5,-117.5,0,0,0,0,0,0,0.06,0,0,0
2006,TWN,-22.5,-82.5,0,0,0,0,0,0,0.04,0,0,0
2006,TWN,-17.5,-122.5,0,0,0,0,0,0,0.31,0,0,0
2006,TWN,-17.5,-117.5,0,0,0,0,0,0,0.09,0,0,0
2006,TWN,-17.5,-97.5,0,0,0,0,0,0,4.82,0,0,0
2006,TWN,-17.5,-92.5,0,0,0,0,0,0,2.42,0,0,0
2006,TWN,-17.5,-87.5,0,0,0,0,0,0,0.24,0,0,0
2006,TWN,-12.5,-147.5,0,0,0,0,0,0,0.67,0,0,0
2006,TWN,-12.5,-142.5,0,0,0,0,0,0,5.89,0,0,0
2006,TWN,-12.5,-137.5,0,0,0,0,0,0,0.03,0,0,0
2006,TWN,-12.5,-132.5,0,0,0,0,0,0,4.5,0,0,0
2006,TWN,-12.5,-127.5,0,0,0,0,0,0,5.69,0,0,0
2006,TWN,-12.5,-122.5,0,0,0,0,0,0,5.12,0,0,0
2006,TWN,-12.5,-117.5,0,0,0,0,0,0,0.56,0,0,0
2006,TWN,-12.5,-97.5,0,0,0,0,0,0,0.36,0,0,0
2006,TWN,-12.5,-92.5,0,0,0,0,0,0,3.07,0,0,0
2006,TWN,-7.5,-147.5,0,0,0,0,0,0,4.5,0,0,0
2006,TWN,-7.5,-142.5,0,0,0,0,0,0,2.64,0,0,0
2006,TWN,-7.5,-132.5,0,0,0,0,0,0,0.2,0,0,0
2006,TWN,-7.5,-127.5,0,0,0,0,0,0,1.9,0,0,0
2006,TWN,-2.5,-147.5,0,0,0,0,0,0,0.27,0,0,0
2006,TWN,-2.5,-142.5,0,0,0,0,0,0,0.06,0,0,0
2006,TWN,-2.5,-117.5,0,0,0,0,0,0,0.14,0,0,0
2006,TWN,2.5,-147.5,0,0,0,0,0,0,2.97,0,0,0
2006,TWN,2.5,-142.5,0,0,0,0,0,0,2.27,0,0,0
2006,TWN,2.5,-137.5,0,0,0,0,0,0,1.01,0,0,0
2006,TWN,2.5,-132.5,0,0,0,0,0,0,0.35,0,0,0
2006,TWN,7.5,-142.5,0,0,0,0,0,0,0.32,0,0,0
2006,KOR,-12.5,-132.5,0,0,0,0,0,0,0.65,0,0,0
2006,KOR,-12.5,-127.5,0,0,0,0,0,0,0.1,0,0,0
2006,KOR,-7.5,-132.5,0,0,0,0,0,0,0.31,0,0,0
2006,KOR,-7.5,-127.5,0,0,0,0,0,0,0.82,0,0,0
2006,KOR,-7.5,-122.5,0,0,0,0,0,0,0.07,0,0,0
2006,KOR,-2.5,-147.5,0,0,0,0,0,0,0.14,0,0,0
2006,KOR,-2.5,-142.5,0,0,0,0,0,0,0.1,0,0,0
2006,KOR,-2.5,-137.5,0,0,0,0,0,0,0.02,0,0,0
2006,KOR,-2.5,-132.5,0,0,0,0,0,0,0.05,0,0,0
2006,KOR,2.5,-132.5,0,0,0,0,0,0,0.11,0,0,0
2006,PYF,-22.5,-147.5,0,0,0,0.06,0,0,0,0,0,0
2006,PYF,-22.5,-142.5,0,0,0,0.17,0,0,0,0,0,0
2006,PYF,-17.5,-147.5,0,0,0,0.14,0,0,0.69,0,0,0
2006,PYF,-17.5,-142.5,0,0,0,7.00E-03,0,0,0,0,0,0
2006,PYF,-12.5,-147.5,0,0,0,0.54,0,0,3.23,0,0,0
2006,PYF,-12.5,-142.5,0,0,0,0.47,0,0,1.59,0,0,0
2006,TWN,-17.5,-132.5,0,0,0,0,0,0,0.33,0,0,0
2006,TWN,-17.5,-127.5,0,0,0,0,0,0,0.36,0,0,0
2006,TWN,-17.5,-97.5,0,0,0,0,0,0,1.6,0,0,0
2006,TWN,-17.5,-92.5,0,0,0,0,0,0,0.14,0,0,0
2006,TWN,-12.5,-147.5,0,0,0,0,0,0,0.85,0,0,0
2006,TWN,-12.5,-142.5,0,0,0,0,0,0,5.84,0,0,0
2006,TWN,-12.5,-137.5,0,0,0,0,0,0,0.21,0,0,0
2006,TWN,-12.5,-132.5,0,0,0,0,0,0,0.09,0,0,0
2006,TWN,-12.5,-127.5,0,0,0,0,0,0,7.08,0,0,0
2006,TWN,-12.5,-122.5,0,0,0,0,0,0,3.75,0,0,0
2006,TWN,-12.5,-97.5,0,0,0,0,0,0,1.19,0,0,0
2006,TWN,-12.5,-92.5,0,0,0,0,0,0,0.1,0,0,0
2006,TWN,-7.5,-147.5,0,0,0,0,0,0,3.3,0,0,0
2006,TWN,-7.5,-142.5,0,0,0,0,0,0,4.61,0,0,0
2006,TWN,-7.5,-127.5,0,0,0,0,0,0,0.45,0,0,0
2006,TWN,-2.5,-147.5,0,0,0,0,0,0,1.72,0,0,0
2006,TWN,-2.5,-142.5,0,0,0,0,0,0,2.2,0,0,0
2006,TWN,2.5,-147.5,0,0,0,0,0,0,0.07,0,0,0
2006,TWN,2.5,-142.5,0,0,0,0,0,0,0.83,0,0,0
2006,TWN,2.5,-137.5,0,0,0,0,0,0,1.33,0,0,0
2006,KOR,-17.5,-127.5,0,0,0,0,0,0,0.2,0,0,0
2006,KOR,-12.5,-132.5,0,0,0,0,0,0,1.11,0,0,0
2006,KOR,-12.5,-127.5,0,0,0,0,0,0,2.42,0,0,0
2006,KOR,-12.5,-122.5,0,0,0,0,0,0,0.97,0,0,0
2006,KOR,-12.5,-117.5,0,0,0,0,0,0,0.29,0,0,0
2006,KOR,-7.5,-137.5,0,0,0,0,0,0,0.18,0,0,0
2006,KOR,-7.5,-132.5,0,0,0,0,0,0,0.14,0,0,0
2006,KOR,-7.5,-127.5,0,0,0,0,0,0,0.68,0,0,0
2006,KOR,-2.5,-147.5,0,0,0,0,0,0,0.07,0,0,0
2006,KOR,-2.5,-142.5,0,0,0,0,0,0,0.05,0,0,0
2006,KOR,-2.5,-137.5,0,0,0,0,0,0,0.03,0,0,0
2006,PYF,-22.5,-147.5,0,0,0,0.96,0,0,0.57,0,0,0
2006,PYF,-22.5,-142.5,0,0,0,1.05,0,0,1.04,0,0,0
2006,PYF,-17.5,-147.5,0,0,0,0.24,0,0,3.38,0,0,0
2006,PYF,-12.5,-147.5,0,0,0,0.14,0,0,1.18,0,0,0
2006,PYF,-12.5,-142.5,0,0,0,0.16,0,0,0.56,0,0,0
2006,TWN,-32.5,-147.5,0,0,0,0,0,0,11.86,0,0,0
2006,TWN,-32.5,-142.5,0,0,0,0,0,0,1.29,0,0,0
2006,TWN,-32.5,-137.5,0,0,0,0,0,0,0.61,0,0,0
2006,TWN,-17.5,-127.5,0,0,0,0,0,0,6.2,0,0,0
2006,TWN,-17.5,-122.5,0,0,0,0,0,0,0.86,0,0,0
2006,TWN,-17.5,-102.5,0,0,0,0,0,0,0.21,0,0,0
2006,TWN,-12.5,-147.5,0,0,0,0,0,0,0.91,0,0,0
2006,TWN,-12.5,-142.5,0,0,0,0,0,0,0.31,0,0,0
2006,TWN,-12.5,-137.5,0,0,0,0,0,0,0.09,0,0,0
2006,TWN,-12.5,-132.5,0,0,0,0,0,0,0.85,0,0,0
2006,TWN,-12.5,-127.5,0,0,0,0,0,0,8.89,0,0,0
2006,TWN,-12.5,-122.5,0,0,0,0,0,0,9.62,0,0,0
2006,TWN,-12.5,-112.5,0,0,0,0,0,0,0.48,0,0,0
2006,TWN,-12.5,-107.5,0,0,0,0,0,0,2.57,0,0,0
2006,TWN,-12.5,-102.5,0,0,0,0,0,0,4.29,0,0,0
2006,TWN,-7.5,-147.5,0,0,0,0,0,0,3.55,0,0,0
2006,TWN,-7.5,-142.5,0,0,0,0,0,0,2.08,0,0,0
2006,TWN,-7.5,-127.5,0,0,0,0,0,0,0.17,0,0,0
2006,TWN,-7.5,-122.5,0,0,0,0,0,0,0.05,0,0,0
2006,TWN,-2.5,-147.5,0,0,0,0,0,0,4.14,0,0,0
2006,TWN,-2.5,-142.5,0,0,0,0,0,0,0.79,0,0,0
2006,TWN,-2.5,-137.5,0,0,0,0,0,0,4.15,0,0,0
2006,TWN,-2.5,-132.5,0,0,0,0,0,0,0.18,0,0,0
2006,TWN,2.5,-142.5,0,0,0,0,0,0,0.64,0,0,0
2006,TWN,2.5,-137.5,0,0,0,0,0,0,1.26,0,0,0
2006,TWN,2.5,-132.5,0,0,0,0,0,0,0.2,0,0,0
2006,KOR,-12.5,-132.5,0,0,0,0,0,0,0.12,0,0,0
2006,KOR,-12.5,-127.5,0,0,0,0,0,0,0.55,0,0,0
2006,KOR,-12.5,-122.5,0,0,0,0,0,0,1.11,0,0,0
2006,KOR,-12.5,-117.5,0,0,0,0,0,0,1,0,0,0
2006,KOR,-7.5,-137.5,0,0,0,0,0,0,0.03,0,0,0
2006,KOR,-7.5,-132.5,0,0,0,0,0,0,0.05,0,0,0
2006,KOR,-7.5,-127.5,0,0,0,0,0,0,0.59,0,0,0
2006,KOR,-7.5,-122.5,0,0,0,0,0,0,0.35,0,0,0
2006,KOR,-7.5,-117.5,0,0,0,0,0,0,0.66,0,0,0
2006,KOR,-7.5,-112.5,0,0,0,0,0,0,0.05,0,0,0
2006,PYF,-32.5,-142.5,0,0,0,0.28,0,0,0,0,0,0
2006,PYF,-27.5,-147.5,0,0,0,0.35,0,0,0,0,0,0
2006,PYF,-27.5,-142.5,0,0,0,0.66,0,0,0,0,0,0
2006,PYF,-22.5,-147.5,0,0,0,0.41,0,0,0,0,0,0
2006,PYF,-17.5,-147.5,0,0,0,1.57,0,0,3.83,0,0,0
2006,PYF,-12.5,-147.5,0,0,0,0.42,0,0,1.16,0,0,0
2006,PYF,-12.5,-142.5,0,0,0,0,0,0,2.12,0,0,0
2006,PYF,-12.5,-137.5,0,0,0,0,0,0,0.08,0,0,0
2006,TWN,-32.5,-142.5,0,0,0,0,0,0,2.58,0,0,0
2006,TWN,-22.5,-132.5,0,0,0,0,0,0,0.4,0,0,0
2006,TWN,-22.5,-127.5,0,0,0,0,0,0,1,0,0,0
2006,TWN,-22.5,-122.5,0,0,0,0,0,0,0.63,0,0,0
2006,TWN,-17.5,-127.5,0,0,0,0,0,0,1.46,0,0,0
2006,TWN,-17.5,-122.5,0,0,0,0,0,0,5.43,0,0,0
2006,TWN,-12.5,-132.5,0,0,0,0,0,0,0.23,0,0,0
2006,TWN,-12.5,-127.5,0,0,0,0,0,0,6.91,0,0,0
2006,TWN,-12.5,-122.5,0,0,0,0,0,0,4.15,0,0,0
2006,TWN,-12.5,-117.5,0,0,0,0,0,0,2.53,0,0,0
2006,TWN,-12.5,-112.5,0,0,0,0,0,0,1.35,0,0,0
2006,TWN,-12.5,-107.5,0,0,0,0,0,0,1.15,0,0,0
2006,TWN,-12.5,-102.5,0,0,0,0,0,0,0.29,0,0,0
2006,TWN,-7.5,-137.5,0,0,0,0,0,0,4.72,0,0,0
2006,TWN,-7.5,-127.5,0,0,0,0,0,0,4.43,0,0,0
2006,TWN,-7.5,-122.5,0,0,0,0,0,0,2,0,0,0
2006,TWN,-7.5,-117.5,0,0,0,0,0,0,0.11,0,0,0
2006,TWN,-7.5,-112.5,0,0,0,0,0,0,1.02,0,0,0
2006,TWN,-2.5,-147.5,0,0,0,0,0,0,0.83,0,0,0
2006,TWN,-2.5,-142.5,0,0,0,0,0,0,0.56,0,0,0
2006,TWN,-2.5,-137.5,0,0,0,0,0,0,12.86,0,0,0
2006,TWN,-2.5,-132.5,0,0,0,0,0,0,2.25,0,0,0
2006,TWN,-2.5,-127.5,0,0,0,0,0,0,2.33,0,0,0
2006,TWN,2.5,-147.5,0,0,0,0,0,0,1.02,0,0,0
2006,TWN,2.5,-142.5,0,0,0,0,0,0,1.6,0,0,0
2006,TWN,2.5,-137.5,0,0,0,0,0,0,2.17,0,0,0
2006,KOR,-12.5,-127.5,0,0,0,0,0,0,0.11,0,0,0
2006,KOR,-12.5,-122.5,0,0,0,0,0,0,0.74,0,0,0
2006,KOR,-12.5,-117.5,0,0,0,0,0,0,0.02,0,0,0
2006,KOR,-12.5,-112.5,0,0,0,0,0,0,0.06,0,0,0
2006,KOR,-7.5,-127.5,0,0,0,0,0,0,0.11,0,0,0
2006,KOR,-7.5,-117.5,0,0,0,0,0,0,0.72,0,0,0
2006,KOR,-7.5,-112.5,0,0,0,0,0,0,0.2,0,0,0
2006,KOR,-7.5,-107.5,0,0,0,0,0,0,0.01,0,0,0
2006,PYF,-32.5,-147.5,0,0,0,0.19,0,0,0,0,0,0
2006,PYF,-27.5,-147.5,0,0,0,0.5,0,0,0,0,0,0
2006,PYF,-22.5,-147.5,0,0,0,1,0,0,0.2,0,0,0
2006,PYF,-22.5,-142.5,0,0,0,0,0,0,0.12,0,0,0
2006,PYF,-17.5,-147.5,0,0,0,0.56,0,0,3.84,0,0,0
2006,PYF,-17.5,-142.5,0,0,0,0,0,0,0.17,0,0,0
2006,PYF,-12.5,-147.5,0,0,0,0.2,0,0,1.4,0,0,0
2006,PYF,-12.5,-137.5,0,0,0,0,0,0,0.72,0,0,0
2006,TWN,-17.5,-132.5,0,0,0,0,0,0,0.11,0,0,0
2006,TWN,-17.5,-127.5,0,0,0,0,0,0,3.69,0,0,0
2006,TWN,-17.5,-122.5,0,0,0,0,0,0,5.02,0,0,0
2006,TWN,-17.5,-117.5,0,0,0,0,0,0,0.75,0,0,0
2006,TWN,-12.5,-127.5,0,0,0,0,0,0,0.25,0,0,0
2006,TWN,-12.5,-122.5,0,0,0,0,0,0,0.26,0,0,0
2006,TWN,-12.5,-117.5,0,0,0,0,0,0,0.55,0,0,0
2006,TWN,-12.5,-112.5,0,0,0,0,0,0,0.2,0,0,0
2006,TWN,-7.5,-132.5,0,0,0,0,0,0,0.25,0,0,0
2006,TWN,-7.5,-127.5,0,0,0,0,0,0,1.43,0,0,0
2006,TWN,-7.5,-122.5,0,0,0,0,0,0,0.37,0,0,0
2006,TWN,-7.5,-112.5,0,0,0,0,0,0,1.52,0,0,0
2006,TWN,-2.5,-147.5,0,0,0,0,0,0,4.69,0,0,0
2006,TWN,-2.5,-142.5,0,0,0,0,0,0,6.21,0,0,0
2006,TWN,-2.5,-137.5,0,0,0,0,0,0,11.37,0,0,0
2006,TWN,-2.5,-132.5,0,0,0,0,0,0,10.24,0,0,0
2006,TWN,-2.5,-127.5,0,0,0,0,0,0,0.91,0,0,0
2006,TWN,2.5,-147.5,0,0,0,0,0,0,4.72,0,0,0
2006,TWN,2.5,-142.5,0,0,0,0,0,0,3.4,0,0,0
2006,TWN,2.5,-137.5,0,0,0,0,0,0,0.34,0,0,0
2006,TWN,7.5,-147.5,0,0,0,0,0,0,2.84,0,0,0
2006,TWN,32.5,-147.5,0,0,0,0,0,0,6,0,0,0
2006,TWN,37.5,-147.5,0,0,0,0,0,0,1.01,0,0,0
2007,KOR,-12.5,-122.5,0,0,0,0,0,0,0.13,0,0,0
2007,KOR,-12.5,-117.5,0,0,0,0,0,0,0.06,0,0,0
2007,KOR,-12.5,-112.5,0,0,0,0,0,0,0.13,0,0,0
2007,KOR,-12.5,-107.5,0,0,0,0,0,0,0.05,0,0,0
2007,KOR,-12.5,-102.5,0,0,0,0,0,0,0.08,0,0,0
2007,KOR,-7.5,-132.5,0,0,0,0,0,0,0.01,0,0,0
2007,KOR,-2.5,-137.5,0,0,0,0,0,0,0.07,0,0,0
2007,KOR,-2.5,-107.5,0,0,0,0,0,0,0.02,0,0,0
2007,KOR,2.5,-142.5,0,0,0,0,0,0,0.03,0,0,0
2007,KOR,7.5,-147.5,0,0,0,0,0,0,0.02,0,0,0
2007,PYF,-22.5,-147.5,0,0,0,0.17,0,0,0,0,0,0
2007,PYF,-22.5,-142.5,0,0,0,0.11,0,0,0,0,0,0
2007,PYF,-17.5,-147.5,0,0,0,0,0,0,0.85,0,0,0
2007,PYF,-17.5,-142.5,0,0,0,0,0,0,3.24,0,0,0
2007,PYF,-12.5,-147.5,0,0,0,0,0,0,3.05,0,0,0
2007,PYF,-12.5,-142.5,0,0,0,0,0,0,0.2,0,0,0
2007,TWN,-17.5,-127.5,0,0,0,0,0,0,0.77,0,0,0
2007,TWN,-17.5,-122.5,0,0,0,0,0,0,4.45,0,0,0
2007,TWN,-17.5,-117.5,0,0,0,0,0,0,2.66,0,0,0
2007,TWN,-12.5,-137.5,0,0,0,0,0,0,0.04,0,0,0
2007,TWN,-12.5,-132.5,0,0,0,0,0,0,1.4,0,0,0
2007,TWN,-7.5,-147.5,0,0,0,0,0,0,0.25,0,0,0
2007,TWN,-7.5,-137.5,0,0,0,0,0,0,0.41,0,0,0
2007,TWN,-7.5,-132.5,0,0,0,0,0,0,1.24,0,0,0
2007,TWN,-2.5,-147.5,0,0,0,0,0,0,0.42,0,0,0
2007,TWN,-2.5,-137.5,0,0,0,0,0,0,0.09,0,0,0
2007,TWN,-2.5,-132.5,0,0,0,0,0,0,0.97,0,0,0
2007,TWN,2.5,-147.5,0,0,0,0,0,0,7.43,0,0,0
2007,TWN,2.5,-142.5,0,0,0,0,0,0,0.43,0,0,0
2007,TWN,2.5,-137.5,0,0,0,0,0,0,3.06,0,0,0
2007,TWN,7.5,-147.5,0,0,0,0,0,0,5.27,0,0,0
2007,TWN,32.5,-147.5,0,0,0,0,0,0,0.35,0,0,0
2007,TWN,32.5,-142.5,0,0,0,0,0,0,7.97,0,0,0
2007,USA,22.5,-147.5,0,0,0,0,0,0,0,0,0,0
2007,USA,32.5,-147.5,0,0,0,0,0,0,0,0,0,0
2007,USA,32.5,-142.5,0,0,0,0,0,0,0,0,0,0
2007,KOR,-12.5,-122.5,0,0,0,0,0,0,0.02,0,0,0
2007,KOR,-12.5,-112.5,0,0,0,0,0,0,0.03,0,0,0
2007,KOR,-12.5,-107.5,0,0,0,0,0,0,0.12,0,0,0
2007,KOR,-12.5,-102.5,0,0,0,0,0,0,0.03,0,0,0
2007,KOR,-7.5,-132.5,0,0,0,0,0,0,0.06,0,0,0
2007,KOR,-7.5,-122.5,0,0,0,0,0,0,0.18,0,0,0
2007,KOR,-7.5,-107.5,0,0,0,0,0,0,0.08,0,0,0
2007,KOR,-2.5,-132.5,0,0,0,0,0,0,0.09,0,0,0
2007,KOR,2.5,-137.5,0,0,0,0,0,0,0.02,0,0,0
2007,PYF,-22.5,-147.5,0,0,0,0,0,0,0.44,0,0,0
2007,PYF,-17.5,-147.5,0,0,0,0.09,0,0,2.37,0,0,0
2007,PYF,-17.5,-142.5,0,0,0,0,0,0,0.8,0,0,0
2007,PYF,-12.5,-147.5,0,0,0,0.32,0,0,4.18,0,0,0
2007,PYF,-12.5,-142.5,0,0,0,0,0,0,1.26,0,0,0
2007,PYF,-12.5,-137.5,0,0,0,0,0,0,0.12,0,0,0
2007,TWN,-42.5,-112.5,0,0,0,0,0,0,0.26,0,0,0
2007,TWN,-17.5,-142.5,0,0,0,0,0,0,0.18,0,0,0
2007,TWN,-17.5,-132.5,0,0,0,0,0,0,2.81,0,0,0
2007,TWN,-17.5,-127.5,0,0,0,0,0,0,0.18,0,0,0
2007,TWN,-17.5,-122.5,0,0,0,0,0,0,3.28,0,0,0
2007,TWN,-12.5,-147.5,0,0,0,0,0,0,0.3,0,0,0
2007,TWN,-12.5,-142.5,0,0,0,0,0,0,0.14,0,0,0
2007,TWN,-12.5,-137.5,0,0,0,0,0,0,0.09,0,0,0
2007,TWN,-12.5,-132.5,0,0,0,0,0,0,1.85,0,0,0
2007,TWN,-7.5,-147.5,0,0,0,0,0,0,3.49,0,0,0
2007,TWN,-7.5,-142.5,0,0,0,0,0,0,0.2,0,0,0
2007,TWN,-7.5,-137.5,0,0,0,0,0,0,0.3,0,0,0
2007,TWN,-7.5,-132.5,0,0,0,0,0,0,0.55,0,0,0
2007,TWN,-2.5,-147.5,0,0,0,0,0,0,1.35,0,0,0
2007,TWN,2.5,-147.5,0,0,0,0,0,0,0.35,0,0,0
2007,TWN,2.5,-142.5,0,0,0,0,0,0,0.08,0,0,0
2007,TWN,7.5,-147.5,0,0,0,0,0,0,0.8,0,0,0
2007,TWN,7.5,-142.5,0,0,0,0,0,0,0.33,0,0,0
2007,TWN,12.5,-142.5,0,0,0,0,0,0,0.07,0,0,0
2007,TWN,17.5,-142.5,0,0,0,0,0,0,0.12,0,0,0
2007,TWN,17.5,-137.5,0,0,0,0,0,0,0.22,0,0,0
2007,TWN,17.5,-132.5,0,0,0,0,0,0,0.21,0,0,0
2007,TWN,22.5,-147.5,0,0,0,0,0,0,0.15,0,0,0
2007,TWN,27.5,-147.5,0,0,0,0,0,0,7.53,0,0,0
2007,TWN,27.5,-142.5,0,0,0,0,0,0,9.88,0,0,0
2007,TWN,27.5,-137.5,0,0,0,0,0,0,9.62,0,0,0
2007,TWN,32.5,-147.5,0,0,0,0,0,0,34.88,0,0,0
2007,TWN,32.5,-142.5,0,0,0,0,0,0,18.68,0,0,0
2007,TWN,32.5,-137.5,0,0,0,0,0,0,2.26,0,0,0
2007,USA,17.5,-147.5,0,0,0,0,0,0,0,0,0,0
2007,USA,22.5,-147.5,0,0,0,0,0,0,0,0,0,0
2007,USA,27.5,-147.5,0,0,0,0,0,0,0,0,0,0
2007,USA,32.5,-147.5,0,0,0,0,0,0,0,0,0,0
2007,KOR,-12.5,-107.5,0,0,0,0,0,0,0.03,0,0,0
2007,KOR,-7.5,-132.5,0,0,0,0,0,0,0.15,0,0,0
2007,KOR,-7.5,-127.5,0,0,0,0,0,0,0.08,0,0,0
2007,KOR,-7.5,-122.5,0,0,0,0,0,0,0.09,0,0,0
2007,KOR,-7.5,-117.5,0,0,0,0,0,0,0.18,0,0,0
2007,KOR,-7.5,-112.5,0,0,0,0,0,0,0.03,0,0,0
2007,KOR,-7.5,-107.5,0,0,0,0,0,0,0.01,0,0,0
2007,KOR,-2.5,-132.5,0,0,0,0,0,0,0.08,0,0,0
2007,KOR,2.5,-137.5,0,0,0,0,0,0,0.06,0,0,0
2007,PYF,-22.5,-147.5,0,0,0,0.04,0,0,0,0,0,0
2007,PYF,-17.5,-147.5,0,0,0,0.05,0,0,0.88,0,0,0
2007,PYF,-17.5,-142.5,0,0,0,0,0,0,0.18,0,0,0
2007,PYF,-12.5,-147.5,0,0,0,0,0,0,4.43,0,0,0
2007,PYF,-12.5,-142.5,0,0,0,0.13,0,0,2.08,0,0,0
2007,PYF,-12.5,-137.5,0,0,0,0.05,0,0,0,0,0,0
2007,TWN,-42.5,-117.5,0,0,0,0,0,0,0.7,0,0,0
2007,TWN,-42.5,-112.5,0,0,0,0,0,0,0.74,0,0,0
2007,TWN,-37.5,-117.5,0,0,0,0,0,0,0.26,0,0,0
2007,TWN,-17.5,-137.5,0,0,0,0,0,0,0.07,0,0,0
2007,TWN,-17.5,-132.5,0,0,0,0,0,0,0.49,0,0,0
2007,TWN,-12.5,-147.5,0,0,0,0,0,0,0.36,0,0,0
2007,TWN,-12.5,-142.5,0,0,0,0,0,0,2.22,0,0,0
2007,TWN,-12.5,-132.5,0,0,0,0,0,0,2.76,0,0,0
2007,TWN,-7.5,-147.5,0,0,0,0,0,0,5.71,0,0,0
2007,TWN,-7.5,-142.5,0,0,0,0,0,0,0.19,0,0,0
2007,TWN,-7.5,-137.5,0,0,0,0,0,0,0.63,0,0,0
2007,TWN,-7.5,-132.5,0,0,0,0,0,0,1.1,0,0,0
2007,TWN,-2.5,-147.5,0,0,0,0,0,0,0.64,0,0,0
2007,TWN,-2.5,-142.5,0,0,0,0,0,0,0.08,0,0,0
2007,TWN,-2.5,-137.5,0,0,0,0,0,0,1.38,0,0,0
2007,TWN,2.5,-142.5,0,0,0,0,0,0,0.09,0,0,0
2007,TWN,2.5,-137.5,0,0,0,0,0,0,0.04,0,0,0
2007,TWN,7.5,-147.5,0,0,0,0,0,0,0.77,0,0,0
2007,TWN,27.5,-147.5,0,0,0,0,0,0,3.68,0,0,0
2007,TWN,27.5,-142.5,0,0,0,0,0,0,0.42,0,0,0
2007,TWN,27.5,-137.5,0,0,0,0,0,0,2.19,0,0,0
2007,TWN,32.5,-147.5,0,0,0,0,0,0,10.87,0,0,0
2007,TWN,32.5,-142.5,0,0,0,0,0,0,4.5,0,0,0
2007,TWN,32.5,-137.5,0,0,0,0,0,0,2.85,0,0,0
2007,USA,17.5,-147.5,0,0,0,0,0,0,0,0,0,0
2007,USA,22.5,-147.5,0,0,0,0,0,0,0,0,0,0
2007,USA,27.5,-147.5,0,0,0,0,0,0,0,0,0,0
2007,USA,32.5,-147.5,0,0,0,0,0,0,0,0,0,0
2007,KOR,-7.5,-122.5,0,0,0,0,0,0,0.04,0,0,0
2007,KOR,-7.5,-117.5,0,0,0,0,0,0,0.03,0,0,0
2007,KOR,-7.5,-112.5,0,0,0,0,0,0,0.07,0,0,0
2007,KOR,-7.5,-107.5,0,0,0,0,0,0,0.08,0,0,0
2007,KOR,-7.5,-102.5,0,0,0,0,0,0,0.02,0,0,0
2007,KOR,-2.5,-132.5,0,0,0,0,0,0,0.04,0,0,0
2007,KOR,-2.5,-102.5,0,0,0,0,0,0,0.08,0,0,0
2007,KOR,2.5,-137.5,0,0,0,0,0,0,0.03,0,0,0
2007,KOR,2.5,-132.5,0,0,0,0,0,0,0.19,0,0,0
2007,KOR,7.5,-132.5,0,0,0,0,0,0,0.07,0,0,0
2007,PYF,-22.5,-147.5,0,0,0,0.08,0,0,2.16,0,0,0
2007,PYF,-22.5,-142.5,0,0,0,0,0,0,0.48,0,0,0
2007,PYF,-17.5,-147.5,0,0,0,0.04,0,0,3.74,0,0,0
2007,PYF,-17.5,-142.5,0,0,0,0,0,0,0.24,0,0,0
2007,PYF,-12.5,-147.5,0,0,0,0.08,0,0,1.95,0,0,0
2007,PYF,-12.5,-142.5,0,0,0,0.4,0,0,5.67,0,0,0
2007,PYF,-12.5,-137.5,0,0,0,0,0,0,0.75,0,0,0
2007,TWN,-32.5,-142.5,0,0,0,0,0,0,0.16,0,0,0
2007,TWN,-32.5,-137.5,0,0,0,0,0,0,1.08,0,0,0
2007,TWN,-32.5,-132.5,0,0,0,0,0,0,0.56,0,0,0
2007,TWN,-7.5,-147.5,0,0,0,0,0,0,0.84,0,0,0
2007,TWN,-2.5,-147.5,0,0,0,0,0,0,1.96,0,0,0
2007,TWN,-2.5,-142.5,0,0,0,0,0,0,0.09,0,0,0
2007,TWN,-2.5,-137.5,0,0,0,0,0,0,0.1,0,0,0
2007,TWN,2.5,-147.5,0,0,0,0,0,0,0.1,0,0,0
2007,TWN,2.5,-142.5,0,0,0,0,0,0,0.21,0,0,0
2007,TWN,7.5,-147.5,0,0,0,0,0,0,0.2,0,0,0
2007,TWN,27.5,-137.5,0,0,0,0,0,0,3.26,0,0,0
2007,TWN,32.5,-142.5,0,0,0,0,0,0,0.41,0,0,0
2007,TWN,32.5,-137.5,0,0,0,0,0,0,3.77,0,0,0
2007,USA,17.5,-147.5,0,0,0,0,0,0,0,0,0,0
2007,USA,22.5,-147.5,0,0,0,0,0,0,0,0,0,0
2007,KOR,-12.5,-127.5,0,0,0,0,0,0,0.06,0,0,0
2007,KOR,-12.5,-107.5,0,0,0,0,0,0,0.09,0,0,0
2007,KOR,-7.5,-132.5,0,0,0,0,0,0,0.08,0,0,0
2007,KOR,-7.5,-127.5,0,0,0,0,0,0,0.05,0,0,0
2007,KOR,-7.5,-107.5,0,0,0,0,0,0,0.08,0,0,0
2007,KOR,2.5,-132.5,0,0,0,0,0,0,0.03,0,0,0
2007,KOR,2.5,-127.5,0,0,0,0,0,0,0.08,0,0,0
2007,KOR,2.5,-117.5,0,0,0,0,0,0,0.06,0,0,0
2007,KOR,12.5,-137.5,0,0,0,0,0,0,0.22,0,0,0
2007,KOR,12.5,-132.5,0,0,0,0,0,0,1.79,0,0,0
2007,KOR,12.5,-127.5,0,0,0,0,0,0,3.11,0,0,0
2007,PYF,-17.5,-147.5,0,0,0,0,0,0,1.49,0,0,0
2007,PYF,-12.5,-147.5,0,0,0,0.01,0,0,2.75,0,0,0
2007,PYF,-12.5,-142.5,0,0,0,0.26,0,0,1.29,0,0,0
2007,PYF,-12.5,-137.5,0,0,0,0.05,0,0,0.25,0,0,0
2007,TWN,-32.5,-147.5,0,0,0,0,0,0,0.91,0,0,0
2007,TWN,-32.5,-137.5,0,0,0,0,0,0,0.93,0,0,0
2007,TWN,-7.5,-147.5,0,0,0,0,0,0,1.16,0,0,0
2007,TWN,-7.5,-132.5,0,0,0,0,0,0,0.3,0,0,0
2007,TWN,-2.5,-147.5,0,0,0,0,0,0,3.37,0,0,0
2007,TWN,-2.5,-142.5,0,0,0,0,0,0,0.11,0,0,0
2007,TWN,-2.5,-132.5,0,0,0,0,0,0,0.17,0,0,0
2007,TWN,2.5,-147.5,0,0,0,0,0,0,0.03,0,0,0
2007,TWN,2.5,-137.5,0,0,0,0,0,0,0.16,0,0,0
2007,TWN,27.5,-137.5,0,0,0,0,0,0,1.37,0,0,0
2007,TWN,32.5,-142.5,0,0,0,0,0,0,0.44,0,0,0
2007,TWN,32.5,-137.5,0,0,0,0,0,0,4.56,0,0,0
2007,USA,22.5,-147.5,0,0,0,0,0,0,0,0,0,0
2007,USA,22.5,-142.5,0,0,0,0,0,0,0,0,0,0
2007,USA,27.5,-147.5,0,0,0,0,0,0,0,0,0,0
2007,USA,27.5,-142.5,0,0,0,0,0,0,0,0,0,0
2007,KOR,-12.5,-117.5,0,0,0,0,0,0,0.1,0,0,0
2007,KOR,-7.5,-132.5,0,0,0,0,0,0,0.1,0,0,0
2007,KOR,-7.5,-112.5,0,0,0,0,0,0,0.05,0,0,0
2007,KOR,-7.5,-107.5,0,0,0,0,0,0,0.09,0,0,0
2007,KOR,2.5,-132.5,0,0,0,0,0,0,0.04,0,0,0
2007,KOR,2.5,-127.5,0,0,0,0,0,0,0.03,0,0,0
2007,KOR,7.5,-102.5,0,0,0,0,0,0,2.89,0,0,0
2007,KOR,7.5,-97.5,0,0,0,0,0,0,0.43,0,0,0
2007,KOR,12.5,-102.5,0,0,0,0,0,0,4.12,0,0,0
2007,KOR,12.5,-97.5,0,0,0,0,0,0,5.89,0,0,0
2007,KOR,12.5,-92.5,0,0,0,0,0,0,1.42,0,0,0
2007,PYF,-22.5,-147.5,0,0,0,0,0,0,1.34,0,0,0
2007,PYF,-17.5,-147.5,0,0,0,0.06,0,0,1.66,0,0,0
2007,PYF,-12.5,-147.5,0,0,0,0.34,0,0,1.09,0,0,0
2007,PYF,-12.5,-142.5,0,0,0,0.62,0,0,1.32,0,0,0
2007,TWN,-27.5,-147.5,0,0,0,0,0,0,0.37,0,0,0
2007,TWN,-12.5,-147.5,0,0,0,0,0,0,0.41,0,0,0
2007,TWN,-7.5,-147.5,0,0,0,0,0,0,1.13,0,0,0
2007,TWN,-7.5,-137.5,0,0,0,0,0,0,0.32,0,0,0
2007,TWN,-7.5,-132.5,0,0,0,0,0,0,0.47,0,0,0
2007,TWN,-2.5,-147.5,0,0,0,0,0,0,1.71,0,0,0
2007,TWN,-2.5,-137.5,0,0,0,0,0,0,0.6,0,0,0
2007,TWN,2.5,-147.5,0,0,0,0,0,0,0.03,0,0,0
2007,TWN,2.5,-142.5,0,0,0,0,0,0,0.22,0,0,0
2007,USA,27.5,-147.5,0,0,0,0,0,0,0,0,0,0
2007,KOR,-12.5,-117.5,0,0,0,0,0,0,0.13,0,0,0
2007,KOR,-7.5,-132.5,0,0,0,0,0,0,0.03,0,0,0
2007,KOR,-7.5,-122.5,0,0,0,0,0,0,0.08,0,0,0
2007,KOR,2.5,-142.5,0,0,0,0,0,0,0.12,0,0,0
2007,KOR,7.5,-142.5,0,0,0,0,0,0,0.04,0,0,0
2007,KOR,12.5,-127.5,0,0,0,0,0,0,8.37,0,0,0
2007,KOR,12.5,-122.5,0,0,0,0,0,0,3.23,0,0,0
2007,KOR,12.5,-117.5,0,0,0,0,0,0,9.1,0,0,0
2007,KOR,12.5,-97.5,0,0,0,0,0,0,0.59,0,0,0
2007,KOR,17.5,-117.5,0,0,0,0,0,0,0.48,0,0,0
2007,KOR,17.5,-112.5,0,0,0,0,0,0,1.92,0,0,0
2007,PYF,-22.5,-147.5,0,0,0,0.19,0,0,0,0,0,0
2007,PYF,-17.5,-147.5,0,0,0,0.45,0,0,2.52,0,0,0
2007,PYF,-17.5,-142.5,0,0,0,0.06,0,0,0,0,0,0
2007,PYF,-12.5,-147.5,0,0,0,0.06,0,0,0.63,0,0,0
2007,PYF,-12.5,-142.5,0,0,0,0,0,0,2.55,0,0,0
2007,PYF,-12.5,-137.5,0,0,0,0.06,0,0,0.55,0,0,0
2007,TWN,-27.5,-137.5,0,0,0,0,0,0,2.48,0,0,0
2007,TWN,-12.5,-147.5,0,0,0,0,0,0,5.08,0,0,0
2007,TWN,-12.5,-132.5,0,0,0,0,0,0,0.75,0,0,0
2007,TWN,-7.5,-147.5,0,0,0,0,0,0,8.69,0,0,0
2007,TWN,-7.5,-142.5,0,0,0,0,0,0,0.02,0,0,0
2007,TWN,-2.5,-147.5,0,0,0,0,0,0,1.41,0,0,0
2007,USA,22.5,-147.5,0,0,0,0,0,0,0,0,0,0
2007,USA,27.5,-147.5,0,0,0,0,0,0,0,0,0,0
2007,USA,27.5,-142.5,0,0,0,0,0,0,0,0,0,0
2007,KOR,12.5,-127.5,0,0,0,0,0,0,1.77,0,0,0
2007,KOR,12.5,-122.5,0,0,0,0,0,0,28.78,0,0,0
2007,PYF,-22.5,-147.5,0,0,0,0.04,0,0,0,0,0,0
2007,PYF,-22.5,-142.5,0,0,0,0.07,0,0,0,0,0,0
2007,PYF,-17.5,-147.5,0,0,0,0.04,0,0,1.36,0,0,0
2007,PYF,-17.5,-142.5,0,0,0,0.03,0,0,0.11,0,0,0
2007,PYF,-12.5,-147.5,0,0,0,0.46,0,0,0.8,0,0,0
2007,PYF,-12.5,-142.5,0,0,0,0.06,0,0,4.8,0,0,0
2007,PYF,-12.5,-137.5,0,0,0,0.06,0,0,0.83,0,0,0
2007,TWN,-12.5,-147.5,0,0,0,0,0,0,3.2,0,0,0
2007,TWN,-7.5,-147.5,0,0,0,0,0,0,2.21,0,0,0
2007,TWN,-7.5,-142.5,0,0,0,0,0,0,0.5,0,0,0
2007,TWN,-7.5,-137.5,0,0,0,0,0,0,0.12,0,0,0
2007,TWN,-7.5,-132.5,0,0,0,0,0,0,1.11,0,0,0
2007,TWN,-2.5,-147.5,0,0,0,0,0,0,2.63,0,0,0
2007,USA,22.5,-147.5,0,0,0,0,0,0,0,0,0,0
2007,USA,22.5,-142.5,0,0,0,0,0,0,0,0,0,0
2007,USA,27.5,-147.5,0,0,0,0,0,0,0,0,0,0
2007,USA,27.5,-142.5,0,0,0,0,0,0,0,0,0,0
2007,USA,32.5,-147.5,0,0,0,0,0,0,0,0,0,0
2007,KOR,12.5,-122.5,0,0,0,0,0,0,2.12,0,0,0
2007,KOR,12.5,-117.5,0,0,0,0,0,0,1.5,0,0,0
2007,KOR,12.5,-112.5,0,0,0,0,0,0,3.02,0,0,0
2007,KOR,12.5,-107.5,0,0,0,0,0,0,1.64,0,0,0
2007,KOR,17.5,-117.5,0,0,0,0,0,0,1.32,0,0,0
2007,PYF,-17.5,-147.5,0,0,0,0.3,0,0,0.56,0,0,0
2007,PYF,-17.5,-142.5,0,0,0,0,0,0,0.08,0,0,0
2007,PYF,-17.5,-137.5,0,0,0,0,0,0,0.3,0,0,0
2007,PYF,-12.5,-147.5,0,0,0,0.38,0,0,1.94,0,0,0
2007,PYF,-12.5,-142.5,0,0,0,0.11,0,0,1.67,0,0,0
2007,TWN,-32.5,-147.5,0,0,0,0,0,0,7.66,0,0,0
2007,TWN,-32.5,-142.5,0,0,0,0,0,0,6.53,0,0,0
2007,TWN,-32.5,-137.5,0,0,0,0,0,0,4.02,0,0,0
2007,TWN,-7.5,-147.5,0,0,0,0,0,0,2.27,0,0,0
2007,TWN,-2.5,-147.5,0,0,0,0,0,0,4.12,0,0,0
2007,USA,22.5,-147.5,0,0,0,0,0,0,0,0,0,0
2007,USA,22.5,-142.5,0,0,0,0,0,0,0,0,0,0
2007,USA,27.5,-147.5,0,0,0,0,0,0,0,0,0,0
2007,USA,27.5,-142.5,0,0,0,0,0,0,0,0,0,0
2007,KOR,7.5,-112.5,0,0,0,0,0,0,0.54,0,0,0
2007,KOR,12.5,-122.5,0,0,0,0,0,0,7.35,0,0,0
2007,KOR,12.5,-117.5,0,0,0,0,0,0,2.85,0,0,0
2007,KOR,12.5,-112.5,0,0,0,0,0,0,4.05,0,0,0
2007,PYF,-22.5,-147.5,0,0,0,0.24,0,0,0.12,0,0,0
2007,PYF,-17.5,-147.5,0,0,0,0.14,0,0,1.5,0,0,0
2007,PYF,-12.5,-147.5,0,0,0,0.29,0,0,1.36,0,0,0
2007,PYF,-12.5,-142.5,0,0,0,0.18,0,0,0.4,0,0,0
2007,TWN,-32.5,-147.5,0,0,0,0,0,0,0.31,0,0,0
2007,TWN,-32.5,-137.5,0,0,0,0,0,0,2.15,0,0,0
2007,TWN,-32.5,-132.5,0,0,0,0,0,0,2.48,0,0,0
2007,TWN,-32.5,-127.5,0,0,0,0,0,0,9.15,0,0,0
2007,TWN,-27.5,-137.5,0,0,0,0,0,0,0.17,0,0,0
2007,TWN,-22.5,-127.5,0,0,0,0,0,0,0.22,0,0,0
2007,TWN,-17.5,-132.5,0,0,0,0,0,0,0.36,0,0,0
2007,TWN,-17.5,-127.5,0,0,0,0,0,0,2.08,0,0,0
2007,TWN,-17.5,-122.5,0,0,0,0,0,0,0.36,0,0,0
2007,TWN,-12.5,-147.5,0,0,0,0,0,0,0.42,0,0,0
2007,TWN,-12.5,-142.5,0,0,0,0,0,0,1.13,0,0,0
2007,TWN,-12.5,-132.5,0,0,0,0,0,0,0.2,0,0,0
2007,TWN,-7.5,-147.5,0,0,0,0,0,0,6.37,0,0,0
2007,TWN,-7.5,-142.5,0,0,0,0,0,0,0.44,0,0,0
2007,TWN,-2.5,-147.5,0,0,0,0,0,0,13.14,0,0,0
2007,TWN,-2.5,-142.5,0,0,0,0,0,0,0.24,0,0,0
2007,KOR,12.5,-132.5,0,0,0,0,0,0,6.31,0,0,0
2007,KOR,12.5,-127.5,0,0,0,0,0,0,19.32,0,0,0
2007,KOR,12.5,-122.5,0,0,0,0,0,0,15.35,0,0,0
2007,PYF,-22.5,-147.5,0,0,0,1.01,0,0,1.34,0,0,0
2007,PYF,-22.5,-142.5,0,0,0,0.04,0,0,0.08,0,0,0
2007,PYF,-17.5,-147.5,0,0,0,0.55,0,0,1.78,0,0,0
2007,PYF,-12.5,-147.5,0,0,0,0.16,0,0,0.48,0,0,0
2007,PYF,-12.5,-142.5,0,0,0,0.04,0,0,0.28,0,0,0
2007,PYF,-12.5,-137.5,0,0,0,0,0,0,0.08,0,0,0
2007,TWN,-32.5,-127.5,0,0,0,0,0,0,0.63,0,0,0
2007,TWN,-22.5,-122.5,0,0,0,0,0,0,0.58,0,0,0
2007,TWN,-17.5,-132.5,0,0,0,0,0,0,0.17,0,0,0
2007,TWN,-17.5,-127.5,0,0,0,0,0,0,1.32,0,0,0
2007,TWN,-17.5,-122.5,0,0,0,0,0,0,9.21,0,0,0
2007,TWN,-17.5,-117.5,0,0,0,0,0,0,2.81,0,0,0
2007,TWN,-12.5,-147.5,0,0,0,0,0,0,0.37,0,0,0
2007,TWN,-12.5,-142.5,0,0,0,0,0,0,0.29,0,0,0
2007,TWN,-7.5,-147.5,0,0,0,0,0,0,8.62,0,0,0
2007,TWN,-7.5,-142.5,0,0,0,0,0,0,0.49,0,0,0
2007,TWN,-7.5,-137.5,0,0,0,0,0,0,1.16,0,0,0
2007,TWN,-7.5,-132.5,0,0,0,0,0,0,0.05,0,0,0
2007,TWN,-2.5,-147.5,0,0,0,0,0,0,26.16,0,0,0
2007,TWN,-2.5,-142.5,0,0,0,0,0,0,2.28,0,0,0
2007,TWN,2.5,-147.5,0,0,0,0,0,0,0.28,0,0,0
2007,TWN,7.5,-147.5,0,0,0,0,0,0,1.82,0,0,0
2007,KOR,12.5,-132.5,0,0,0,0,0,0,25.48,0,0,0
2007,KOR,12.5,-127.5,0,0,0,0,0,0,10.67,0,0,0
2007,PYF,-22.5,-147.5,0,0,0,0.35,0,0,0.15,0,0,0
2007,PYF,-22.5,-142.5,0,0,0,0.15,0,0,0,0,0,0
2007,PYF,-17.5,-147.5,0,0,0,0.61,0,0,1.26,0,0,0
2007,PYF,-17.5,-142.5,0,0,0,0,0,0,0.26,0,0,0
2007,PYF,-12.5,-147.5,0,0,0,0,0,0,0.2,0,0,0
2007,TWN,-17.5,-132.5,0,0,0,0,0,0,4.79,0,0,0
2007,TWN,-17.5,-127.5,0,0,0,0,0,0,4.68,0,0,0
2007,TWN,-17.5,-122.5,0,0,0,0,0,0,6.78,0,0,0
2007,TWN,-17.5,-117.5,0,0,0,0,0,0,3.37,0,0,0
2007,TWN,-12.5,-147.5,0,0,0,0,0,0,0.73,0,0,0
2007,TWN,-12.5,-142.5,0,0,0,0,0,0,0.89,0,0,0
2007,TWN,-12.5,-132.5,0,0,0,0,0,0,0.52,0,0,0
2007,TWN,-7.5,-147.5,0,0,0,0,0,0,3.27,0,0,0
2007,TWN,-7.5,-142.5,0,0,0,0,0,0,0.14,0,0,0
2007,TWN,-7.5,-137.5,0,0,0,0,0,0,0.58,0,0,0
2007,TWN,-7.5,-132.5,0,0,0,0,0,0,4.02,0,0,0
2007,TWN,-2.5,-147.5,0,0,0,0,0,0,32.06,0,0,0
2007,TWN,-2.5,-142.5,0,0,0,0,0,0,8.29,0,0,0
2007,TWN,-2.5,-137.5,0,0,0,0,0,0,2.43,0,0,0
2007,TWN,2.5,-147.5,0,0,0,0,0,0,6.06,0,0,0
2007,TWN,7.5,-147.5,0,0,0,0,0,0,7.27,0,0,0
2007,USA,37.5,-147.5,0,0,0,0,0,0,0,0,0,0
2008,CHN,-12.5,-132.5,10.82,0,0,0,0,0,0,2.7,0,0
2008,CHN,-7.5,-132.5,20.45,0,0,0,0,0,0,5.11,0,0
2008,CHN,-7.5,-112.5,1.87,0,0,0,0,0,0,0.56,0,0
2008,CHN,-2.5,-147.5,2.09,0,0,0,0,0,0,0.62,0,0
2008,KOR,-12.5,-127.5,0,0,0,0,0,0,0.28,0,0,0
2008,KOR,-12.5,-122.5,0,0,0,0,0,0,0.06,0,0,0
2008,KOR,-12.5,-117.5,0,0,0,0,0,0,0.04,0,0,0
2008,PYF,-22.5,-147.5,0,0,0,0.17,0,0,0.56,0,0,0
2008,PYF,-22.5,-142.5,0,0,0,0,0,0,0.52,0,0,0
2008,PYF,-22.5,-137.5,0,0,0,0.05,0,0,0,0,0,0
2008,PYF,-17.5,-147.5,0,0,0,0.05,0,0,1.65,0,0,0
2008,PYF,-17.5,-142.5,0,0,0,0.25,0,0,2.14,0,0,0
2008,PYF,-12.5,-147.5,0,0,0,0,0,0,1.18,0,0,0
2008,PYF,-12.5,-142.5,0,0,0,0.03,0,0,1.58,0,0,0
2008,TWN,-17.5,-132.5,0,0,0,0,0,0,2.36,0,0,0
2008,TWN,-17.5,-127.5,0,0,0,0,0,0,14.68,0,0,0
2008,TWN,-17.5,-122.5,0,0,0,0,0,0,3.38,0,0,0
2008,TWN,-12.5,-147.5,0,0,0,0,0,0,0.15,0,0,0
2008,TWN,-12.5,-142.5,0,0,0,0,0,0,0.61,0,0,0
2008,TWN,-12.5,-132.5,0,0,0,0,0,0,1.42,0,0,0
2008,TWN,-7.5,-147.5,0,0,0,0,0,0,6.72,0,0,0
2008,TWN,-7.5,-142.5,0,0,0,0,0,0,1.16,0,0,0
2008,TWN,-7.5,-137.5,0,0,0,0,0,0,0.64,0,0,0
2008,TWN,-7.5,-132.5,0,0,0,0,0,0,1.63,0,0,0
2008,TWN,-2.5,-147.5,0,0,0,0,0,0,1.82,0,0,0
2008,TWN,-2.5,-142.5,0,0,0,0,0,0,3.5,0,0,0
2008,TWN,2.5,-147.5,0,0,0,0,0,0,2.71,0,0,0
2008,USA,22.5,-147.5,0,0,0,0,0,0,0,0,0,0
2008,USA,32.5,-147.5,0,0,0,0,0,0,0,0,0,0
2008,USA,32.5,-142.5,0,0,0,0,0,0,0,0,0,0
2008,USA,37.5,-147.5,0,0,0,0,0,0,0,0,0,0
2008,CHN,-12.5,-132.5,11.73,0,0,0,0,0,0,2.93,0,0
2008,CHN,-7.5,-132.5,16.92,0,0,0,0,0,0,4.23,0,0
2008,CHN,-2.5,-137.5,1.94,0,0,0,0,0,0,0.51,0,0
2008,KOR,-12.5,-117.5,0,0,0,0,0,0,0.1,0,0,0
2008,KOR,-7.5,-132.5,0,0,0,0,0,0,0.09,0,0,0
2008,KOR,-7.5,-127.5,0,0,0,0,0,0,0.31,0,0,0
2008,KOR,-7.5,-122.5,0,0,0,0,0,0,0.43,0,0,0
2008,KOR,-7.5,-117.5,0,0,0,0,0,0,0.05,0,0,0
2008,PYF,-22.5,-147.5,0,0,0,0,0,0,0.24,0,0,0
2008,PYF,-22.5,-142.5,0,0,0,0,0,0,0.28,0,0,0
2008,PYF,-17.5,-147.5,0,0,0,0,0,0,1.33,0,0,0
2008,PYF,-17.5,-142.5,0,0,0,0,0,0,0.96,0,0,0
2008,PYF,-12.5,-147.5,0,0,0,0,0,0,3.87,0,0,0
2008,PYF,-12.5,-142.5,0,0,0,0,0,0,3.64,0,0,0
2008,TWN,-32.5,-127.5,0,0,0,0,0,0,0.09,0,0,0
2008,TWN,-32.5,-122.5,0,0,0,0,0,0,0.42,0,0,0
2008,TWN,-22.5,-122.5,0,0,0,0,0,0,0.2,0,0,0
2008,TWN,-17.5,-132.5,0,0,0,0,0,0,0.55,0,0,0
2008,TWN,-17.5,-127.5,0,0,0,0,0,0,1.96,0,0,0
2008,TWN,-17.5,-122.5,0,0,0,0,0,0,1.98,0,0,0
2008,TWN,-17.5,-117.5,0,0,0,0,0,0,15.28,0,0,0
2008,TWN,-17.5,-107.5,0,0,0,0,0,0,0.33,0,0,0
2008,TWN,-12.5,-147.5,0,0,0,0,0,0,0.1,0,0,0
2008,TWN,-7.5,-147.5,0,0,0,0,0,0,1.85,0,0,0
2008,TWN,-7.5,-142.5,0,0,0,0,0,0,0.42,0,0,0
2008,TWN,-7.5,-132.5,0,0,0,0,0,0,3.1,0,0,0
2008,TWN,-2.5,-147.5,0,0,0,0,0,0,1.07,0,0,0
2008,TWN,-2.5,-142.5,0,0,0,0,0,0,0.57,0,0,0
2008,TWN,2.5,-142.5,0,0,0,0,0,0,2.61,0,0,0
2008,USA,17.5,-147.5,0,0,0,0,0,0,0,0,0,0
2008,USA,32.5,-147.5,0,0,0,0,0,0,0,0,0,0
2008,CHN,-12.5,-107.5,1.91,0,0,0,0,0,0,0.49,0,0
2008,CHN,-7.5,-132.5,5.68,0,0,0,0,0,0,1.42,0,0
2008,CHN,-7.5,-127.5,11.09,0,0,0,0,0,0,3.07,0,0
2008,KOR,-12.5,-122.5,0,0,0,0,0,0,0.03,0,0,0
2008,KOR,-7.5,-122.5,0,0,0,0,0,0,0.02,0,0,0
2008,KOR,-7.5,-117.5,0,0,0,0,0,0,0.05,0,0,0
2008,KOR,2.5,-137.5,0,0,0,0,0,0,0.11,0,0,0
2008,KOR,2.5,-132.5,0,0,0,0,0,0,0.39,0,0,0
2008,PYF,-17.5,-147.5,0,0,0,0,0,0,1.6,0,0,0
2008,PYF,-17.5,-142.5,0,0,0,0,0,0,0.18,0,0,0
2008,PYF,-12.5,-147.5,0,0,0,0,0,0,0.2,0,0,0
2008,PYF,-12.5,-142.5,0,0,0,0.25,0,0,2.3,0,0,0
2008,PYF,-12.5,-137.5,0,0,0,0,0,0,0.26,0,0,0
2008,TWN,-37.5,-122.5,0,0,0,0,0,0,0.51,0,0,0
2008,TWN,-37.5,-117.5,0,0,0,0,0,0,0.27,0,0,0
2008,TWN,-32.5,-127.5,0,0,0,0,0,0,0.15,0,0,0
2008,TWN,-32.5,-122.5,0,0,0,0,0,0,1.35,0,0,0
2008,TWN,-32.5,-117.5,0,0,0,0,0,0,3.43,0,0,0
2008,TWN,-32.5,-112.5,0,0,0,0,0,0,2.85,0,0,0
2008,TWN,-27.5,-127.5,0,0,0,0,0,0,0.17,0,0,0
2008,TWN,-27.5,-122.5,0,0,0,0,0,0,0.15,0,0,0
2008,TWN,-27.5,-117.5,0,0,0,0,0,0,0.42,0,0,0
2008,TWN,-17.5,-132.5,0,0,0,0,0,0,0.41,0,0,0
2008,TWN,-17.5,-117.5,0,0,0,0,0,0,7.38,0,0,0
2008,TWN,-12.5,-147.5,0,0,0,0,0,0,0.07,0,0,0
2008,TWN,-12.5,-132.5,0,0,0,0,0,0,0.14,0,0,0
2008,TWN,-7.5,-147.5,0,0,0,0,0,0,2.39,0,0,0
2008,TWN,-7.5,-132.5,0,0,0,0,0,0,1.14,0,0,0
2008,TWN,-2.5,-147.5,0,0,0,0,0,0,5.47,0,0,0
2008,TWN,2.5,-147.5,0,0,0,0,0,0,0.39,0,0,0
2008,TWN,2.5,-142.5,0,0,0,0,0,0,0.31,0,0,0
2008,TWN,7.5,-142.5,0,0,0,0,0,0,0.04,0,0,0
2008,TWN,32.5,-147.5,0,0,0,0,0,0,0.26,0,0,0
2008,USA,22.5,-147.5,0,0,0,0,0,0,0,0,0,0
2008,USA,27.5,-147.5,0,0,0,0,0,0,0,0,0,0
2008,USA,32.5,-147.5,0,0,0,0,0,0,0,0,0,0
2008,CHN,-12.5,-107.5,2.68,0,0,0,0,0,0,0.67,0,0
2008,CHN,-2.5,-147.5,1.64,0,0,0,0,0,0,0.41,0,0
2008,CHN,-2.5,-127.5,1.63,0,0,0,0,0,0,0.41,0,0
2008,KOR,2.5,-147.5,0,0,0,0,0,0,0.19,0,0,0
2008,KOR,2.5,-142.5,0,0,0,0,0,0,0.93,0,0,0
2008,KOR,2.5,-132.5,0,0,0,0,0,0,0.21,0,0,0
2008,KOR,7.5,-142.5,0,0,0,0,0,0,0.06,0,0,0
2008,KOR,7.5,-137.5,0,0,0,0,0,0,0.43,0,0,0
2008,KOR,7.5,-132.5,0,0,0,0,0,0,0.29,0,0,0
2008,PYF,-17.5,-147.5,0,0,0,0,0,0,0.57,0,0,0
2008,PYF,-17.5,-142.5,0,0,0,0.07,0,0,0.64,0,0,0
2008,PYF,-12.5,-147.5,0,0,0,0,0,0,0.37,0,0,0
2008,PYF,-12.5,-142.5,0,0,0,0,0,0,3.64,0,0,0
2008,PYF,-12.5,-137.5,0,0,0,0,0,0,1.04,0,0,0
2008,TWN,-32.5,-132.5,0,0,0,0,0,0,0.5,0,0,0
2008,TWN,-32.5,-127.5,0,0,0,0,0,0,0.79,0,0,0
2008,TWN,-32.5,-117.5,0,0,0,0,0,0,5.41,0,0,0
2008,TWN,-32.5,-112.5,0,0,0,0,0,0,3.51,0,0,0
2008,TWN,-27.5,-132.5,0,0,0,0,0,0,0.08,0,0,0
2008,TWN,-7.5,-147.5,0,0,0,0,0,0,0.39,0,0,0
2008,TWN,-2.5,-147.5,0,0,0,0,0,0,4.08,0,0,0
2008,TWN,-2.5,-142.5,0,0,0,0,0,0,0.03,0,0,0
2008,TWN,2.5,-147.5,0,0,0,0,0,0,0.84,0,0,0
2008,TWN,2.5,-142.5,0,0,0,0,0,0,0.96,0,0,0
2008,TWN,7.5,-142.5,0,0,0,0,0,0,2.77,0,0,0
2008,TWN,27.5,-142.5,0,0,0,0,0,0,0.18,0,0,0
2008,TWN,27.5,-137.5,0,0,0,0,0,0,1.29,0,0,0
2008,TWN,32.5,-147.5,0,0,0,0,0,0,0.03,0,0,0
2008,TWN,32.5,-142.5,0,0,0,0,0,0,0.27,0,0,0
2008,TWN,32.5,-137.5,0,0,0,0,0,0,0.63,0,0,0
2008,USA,27.5,-147.5,0,0,0,0,0,0,0,0,0,0
2008,CHN,-2.5,-147.5,1.88,0,0,0,0,0,0,0.47,0,0
2008,KOR,-7.5,-132.5,0,0,0,0,0,0,0.04,0,0,0
2008,KOR,2.5,-147.5,0,0,0,0,0,0,0.42,0,0,0
2008,KOR,2.5,-142.5,0,0,0,0,0,0,0.03,0,0,0
2008,KOR,2.5,-137.5,0,0,0,0,0,0,0.38,0,0,0
2008,KOR,2.5,-132.5,0,0,0,0,0,0,0.16,0,0,0
2008,KOR,2.5,-127.5,0,0,0,0,0,0,0.03,0,0,0
2008,KOR,7.5,-142.5,0,0,0,0,0,0,0.02,0,0,0
2008,KOR,7.5,-137.5,0,0,0,0,0,0,0.27,0,0,0
2008,KOR,7.5,-132.5,0,0,0,0,0,0,0.19,0,0,0
2008,PYF,-22.5,-147.5,0,0,0,0,0,0,0.33,0,0,0
2008,PYF,-22.5,-142.5,0,0,0,0,0,0,0.1,0,0,0
2008,PYF,-17.5,-147.5,0,0,0,0,0,0,1.16,0,0,0
2008,PYF,-17.5,-142.5,0,0,0,0,0,0,1.54,0,0,0
2008,PYF,-12.5,-147.5,0,0,0,0.21,0,0,1.61,0,0,0
2008,PYF,-12.5,-142.5,0,0,0,0,0,0,0.87,0,0,0
2008,TWN,-32.5,-147.5,0,0,0,0,0,0,0.29,0,0,0
2008,TWN,-32.5,-142.5,0,0,0,0,0,0,0.4,0,0,0
2008,TWN,-32.5,-137.5,0,0,0,0,0,0,1.78,0,0,0
2008,TWN,-32.5,-122.5,0,0,0,0,0,0,5.46,0,0,0
2008,TWN,-32.5,-117.5,0,0,0,0,0,0,4.28,0,0,0
2008,TWN,-27.5,-147.5,0,0,0,0,0,0,0.08,0,0,0
2008,TWN,-27.5,-137.5,0,0,0,0,0,0,0.27,0,0,0
2008,TWN,-17.5,-132.5,0,0,0,0,0,0,7.94,0,0,0
2008,TWN,-12.5,-132.5,0,0,0,0,0,0,28.33,0,0,0
2008,TWN,-7.5,-147.5,0,0,0,0,0,0,0.88,0,0,0
2008,TWN,-2.5,-147.5,0,0,0,0,0,0,2.08,0,0,0
2008,TWN,2.5,-147.5,0,0,0,0,0,0,1.23,0,0,0
2008,TWN,2.5,-142.5,0,0,0,0,0,0,0.66,0,0,0
2008,TWN,2.5,-137.5,0,0,0,0,0,0,0.27,0,0,0
2008,TWN,7.5,-147.5,0,0,0,0,0,0,1.6,0,0,0
2008,TWN,7.5,-142.5,0,0,0,0,0,0,5.47,0,0,0
2008,TWN,27.5,-137.5,0,0,0,0,0,0,0.16,0,0,0
2008,TWN,32.5,-142.5,0,0,0,0,0,0,2.57,0,0,0
2008,TWN,32.5,-137.5,0,0,0,0,0,0,2.4,0,0,0
2008,USA,27.5,-147.5,0,0,0,0,0,0,0,0,0,0
2008,CHN,-12.5,-132.5,12.78,0,0,0,0,0,0,3.19,0,0
2008,CHN,-7.5,-132.5,2.5,0,0,0,0,0,0,0.62,0,0
2008,CHN,7.5,-132.5,3.78,0,0,0,0,0,0,0.94,0,0
2008,KOR,-7.5,-137.5,0,0,0,0,0,0,0.16,0,0,0
2008,KOR,-7.5,-132.5,0,0,0,0,0,0,0.09,0,0,0
2008,KOR,-2.5,-142.5,0,0,0,0,0,0,0.09,0,0,0
2008,KOR,-2.5,-137.5,0,0,0,0,0,0,0.07,0,0,0
2008,KOR,2.5,-142.5,0,0,0,0,0,0,0.08,0,0,0
2008,KOR,2.5,-132.5,0,0,0,0,0,0,0.47,0,0,0
2008,KOR,7.5,-147.5,0,0,0,0,0,0,0.03,0,0,0
2008,KOR,7.5,-142.5,0,0,0,0,0,0,0.16,0,0,0
2008,KOR,7.5,-137.5,0,0,0,0,0,0,0.19,0,0,0
2008,KOR,7.5,-132.5,0,0,0,0,0,0,0.02,0,0,0
2008,PYF,-22.5,-147.5,0,0,0,0.04,0,0,0.44,0,0,0
2008,PYF,-17.5,-147.5,0,0,0,0.09,0,0,2.77,0,0,0
2008,PYF,-17.5,-142.5,0,0,0,0.04,0,0,0,0,0,0
2008,PYF,-12.5,-147.5,0,0,0,0,0,0,0.04,0,0,0
2008,PYF,-12.5,-142.5,0,0,0,0.04,0,0,0.02,0,0,0
2008,TWN,-32.5,-147.5,0,0,0,0,0,0,0.26,0,0,0
2008,TWN,-32.5,-142.5,0,0,0,0,0,0,1.76,0,0,0
2008,TWN,-32.5,-137.5,0,0,0,0,0,0,7.38,0,0,0
2008,TWN,-32.5,-132.5,0,0,0,0,0,0,2.51,0,0,0
2008,TWN,-32.5,-122.5,0,0,0,0,0,0,6.42,0,0,0
2008,TWN,-27.5,-147.5,0,0,0,0,0,0,0.76,0,0,0
2008,TWN,-27.5,-132.5,0,0,0,0,0,0,4.13,0,0,0
2008,TWN,-17.5,-132.5,0,0,0,0,0,0,3.34,0,0,0
2008,TWN,-12.5,-147.5,0,0,0,0,0,0,0.11,0,0,0
2008,TWN,-12.5,-142.5,0,0,0,0,0,0,0.16,0,0,0
2008,TWN,-12.5,-137.5,0,0,0,0,0,0,0.29,0,0,0
2008,TWN,-12.5,-132.5,0,0,0,0,0,0,6.37,0,0,0
2008,TWN,-7.5,-147.5,0,0,0,0,0,0,4.45,0,0,0
2008,TWN,-7.5,-137.5,0,0,0,0,0,0,0.66,0,0,0
2008,TWN,-7.5,-132.5,0,0,0,0,0,0,2.72,0,0,0
2008,TWN,-2.5,-147.5,0,0,0,0,0,0,0.67,0,0,0
2008,TWN,-2.5,-142.5,0,0,0,0,0,0,1.07,0,0,0
2008,TWN,-2.5,-137.5,0,0,0,0,0,0,0.29,0,0,0
2008,TWN,2.5,-142.5,0,0,0,0,0,0,0.82,0,0,0
2008,TWN,17.5,-147.5,0,0,0,0,0,0,0.27,0,0,0
2008,TWN,32.5,-142.5,0,0,0,0,0,0,0.93,0,0,0
2008,TWN,32.5,-137.5,0,0,0,0,0,0,3.34,0,0,0
2008,USA,27.5,-147.5,0,0,0,0,0,0,0,0,0,0
2008,USA,27.5,-142.5,0,0,0,0,0,0,0,0,0,0
2008,USA,32.5,-147.5,0,0,0,0,0,0,0,0,0,0
2008,CHN,-12.5,-132.5,53.3,0,0,0,0,0,0,14.32,0,0
2008,CHN,-12.5,-127.5,12.17,0,0,0,0,0,0,3.04,0,0
2008,CHN,-7.5,-147.5,1.23,0,0,0,0,0,0,0.3,0,0
2008,KOR,2.5,-142.5,0,0,0,0,0,0,0.17,0,0,0
2008,KOR,2.5,-137.5,0,0,0,0,0,0,0.89,0,0,0
2008,KOR,2.5,-132.5,0,0,0,0,0,0,0.35,0,0,0
2008,KOR,7.5,-137.5,0,0,0,0,0,0,0.15,0,0,0
2008,PYF,-22.5,-147.5,0,0,0,0.25,0,0,1.53,0,0,0
2008,PYF,-17.5,-147.5,0,0,0,0.15,0,0,3.26,0,0,0
2008,PYF,-17.5,-142.5,0,0,0,0.04,0,0,0.45,0,0,0
2008,PYF,-12.5,-147.5,0,0,0,0,0,0,0.28,0,0,0
2008,PYF,-12.5,-142.5,0,0,0,0,0,0,0.08,0,0,0
2008,TWN,-37.5,-147.5,0,0,0,0,0,0,0.66,0,0,0
2008,TWN,-32.5,-147.5,0,0,0,0,0,0,0.18,0,0,0
2008,TWN,-32.5,-142.5,0,0,0,0,0,0,1.63,0,0,0
2008,TWN,-27.5,-147.5,0,0,0,0,0,0,0.08,0,0,0
2008,TWN,-17.5,-132.5,0,0,0,0,0,0,1.48,0,0,0
2008,TWN,-12.5,-147.5,0,0,0,0,0,0,0.25,0,0,0
2008,TWN,-12.5,-137.5,0,0,0,0,0,0,0.26,0,0,0
2008,TWN,-12.5,-132.5,0,0,0,0,0,0,5.8,0,0,0
2008,TWN,-7.5,-147.5,0,0,0,0,0,0,0.22,0,0,0
2008,TWN,17.5,-137.5,0,0,0,0,0,0,0.32,0,0,0
2008,TWN,22.5,-142.5,0,0,0,0,0,0,0.62,0,0,0
2008,TWN,22.5,-137.5,0,0,0,0,0,0,1.64,0,0,0
2008,USA,22.5,-142.5,0,0,0,0,0,0,0,0,0,0
2008,USA,27.5,-147.5,0,0,0,0,0,0,0,0,0,0
2008,USA,27.5,-142.5,0,0,0,0,0,0,0,0,0,0
2008,USA,32.5,-147.5,0,0,0,0,0,0,0,0,0,0
2008,USA,32.5,-142.5,0,0,0,0,0,0,0,0,0,0
2008,CHN,-12.5,-147.5,2.91,0,0,0,0,0,0,0.73,0,0
2008,CHN,-12.5,-132.5,4.02,0,0,0,0,0,0,1,0,0
2008,CHN,-7.5,-147.5,1.47,0,0,0,0,0,0,0.37,0,0
2008,CHN,-7.5,-142.5,0.1,0,0,0,0,0,0,0.03,0,0
2008,CHN,-2.5,-142.5,3.5,0,0,0,0,0,0,0.97,0,0
2008,CHN,2.5,-142.5,1.68,0,0,0,0,0,0,0.42,0,0
2008,KOR,-2.5,-137.5,0,0,0,0,0,0,0.1,0,0,0
2008,KOR,2.5,-147.5,0,0,0,0,0,0,0.03,0,0,0
2008,KOR,2.5,-137.5,0,0,0,0,0,0,0.07,0,0,0
2008,KOR,2.5,-132.5,0,0,0,0,0,0,0.72,0,0,0
2008,KOR,7.5,-137.5,0,0,0,0,0,0,0.12,0,0,0
2008,KOR,7.5,-132.5,0,0,0,0,0,0,0.16,0,0,0
2008,PYF,-22.5,-147.5,0,0,0,0,0,0,0.09,0,0,0
2008,PYF,-17.5,-147.5,0,0,0,0,0,0,0.96,0,0,0
2008,PYF,-17.5,-142.5,0,0,0,0,0,0,0.8,0,0,0
2008,PYF,-12.5,-147.5,0,0,0,0.11,0,0,1.39,0,0,0
2008,PYF,-12.5,-142.5,0,0,0,0.11,0,0,0.16,0,0,0
2008,TWN,-17.5,-132.5,0,0,0,0,0,0,5.28,0,0,0
2008,TWN,-12.5,-147.5,0,0,0,0,0,0,0.29,0,0,0
2008,TWN,-12.5,-132.5,0,0,0,0,0,0,1.34,0,0,0
2008,TWN,-7.5,-147.5,0,0,0,0,0,0,2.54,0,0,0
2008,TWN,-2.5,-147.5,0,0,0,0,0,0,1.69,0,0,0
2008,TWN,2.5,-147.5,0,0,0,0,0,0,3.75,0,0,0
2008,TWN,7.5,-147.5,0,0,0,0,0,0,3.52,0,0,0
2008,TWN,17.5,-137.5,0,0,0,0,0,0,0.11,0,0,0
2008,USA,17.5,-147.5,0,0,0,0,0,0,0,0,0,0
2008,USA,17.5,-142.5,0,0,0,0,0,0,0,0,0,0
2008,USA,22.5,-147.5,0,0,0,0,0,0,0,0,0,0
2008,USA,22.5,-142.5,0,0,0,0,0,0,0,0,0,0
2008,USA,27.5,-147.5,0,0,0,0,0,0,0,0,0,0
2008,USA,27.5,-142.5,0,0,0,0,0,0,0,0,0,0
2008,USA,32.5,-147.5,0,0,0,0,0,0,0,0,0,0
2008,USA,32.5,-142.5,0,0,0,0,0,0,0,0,0,0
2008,CHN,-7.5,-142.5,13.43,0,0,0,0,0,0,3.35,0,0
2008,CHN,-2.5,-147.5,0.37,0,0,0,0,0,0,0.09,0,0
2008,CHN,-2.5,-142.5,0.16,0,0,0,0,0,0,0.04,0,0
2008,KOR,-12.5,-132.5,0,0,0,0,0,0,0.01,0,0,0
2008,KOR,-7.5,-137.5,0,0,0,0,0,0,0.47,0,0,0
2008,KOR,-7.5,-132.5,0,0,0,0,0,0,0.94,0,0,0
2008,KOR,-2.5,-137.5,0,0,0,0,0,0,0.07,0,0,0
2008,KOR,-2.5,-132.5,0,0,0,0,0,0,0.09,0,0,0
2008,PYF,-17.5,-147.5,0,0,0,0.1,0,0,0.12,0,0,0
2008,PYF,-17.5,-142.5,0,0,0,0,0,0,0.08,0,0,0
2008,PYF,-12.5,-147.5,0,0,0,0.1,0,0,0.64,0,0,0
2008,PYF,-12.5,-142.5,0,0,0,0.14,0,0,0.4,0,0,0
2008,TWN,-17.5,-132.5,0,0,0,0,0,0,0.06,0,0,0
2008,TWN,-12.5,-132.5,0,0,0,0,0,0,7,0,0,0
2008,TWN,-7.5,-147.5,0,0,0,0,0,0,1.11,0,0,0
2008,TWN,-7.5,-132.5,0,0,0,0,0,0,0.7,0,0,0
2008,TWN,2.5,-147.5,0,0,0,0,0,0,2.33,0,0,0
2008,TWN,2.5,-142.5,0,0,0,0,0,0,0.29,0,0,0
2008,TWN,7.5,-147.5,0,0,0,0,0,0,0.82,0,0,0
2008,TWN,22.5,-137.5,0,0,0,0,0,0,0.26,0,0,0
2008,USA,17.5,-147.5,0,0,0,0,0,0,0,0,0,0
2008,USA,17.5,-142.5,0,0,0,0,0,0,0,0,0,0
2008,USA,22.5,-147.5,0,0,0,0,0,0,0,0,0,0
2008,USA,22.5,-142.5,0,0,0,0,0,0,0,0,0,0
2008,USA,27.5,-147.5,0,0,0,0,0,0,0,0,0,0
2008,USA,27.5,-142.5,0,0,0,0,0,0,0,0,0,0
2008,CHN,-12.5,-147.5,2.18,0,0,0,0,0,0,0.54,0,0
2008,CHN,-7.5,-147.5,0.36,0,0,0,0,0,0,0.09,0,0
2008,CHN,-7.5,-142.5,0.85,0,0,0,0,0,0,0.21,0,0
2008,CHN,-2.5,-147.5,1.76,0,0,0,0,0,0,0.44,0,0
2008,CHN,-2.5,-142.5,7.29,0,0,0,0,0,0,1.82,0,0
2008,KOR,-12.5,-132.5,0,0,0,0,0,0,0.26,0,0,0
2008,KOR,-7.5,-142.5,0,0,0,0,0,0,0.11,0,0,0
2008,KOR,-7.5,-137.5,0,0,0,0,0,0,0.16,0,0,0
2008,KOR,-7.5,-132.5,0,0,0,0,0,0,0.1,0,0,0
2008,KOR,-7.5,-127.5,0,0,0,0,0,0,0.08,0,0,0
2008,KOR,-2.5,-147.5,0,0,0,0,0,0,0.92,0,0,0
2008,PYF,-17.5,-147.5,0,0,0,0.34,0,0,2.06,0,0,0
2008,PYF,-17.5,-142.5,0,0,0,0,0,0,0.08,0,0,0
2008,PYF,-12.5,-147.5,0,0,0,0.41,0,0,1.69,0,0,0
2008,PYF,-12.5,-142.5,0,0,0,0.6,0,0,0.66,0,0,0
2008,TWN,-17.5,-132.5,0,0,0,0,0,0,4.55,0,0,0
2008,TWN,-17.5,-127.5,0,0,0,0,0,0,0.39,0,0,0
2008,TWN,-17.5,-122.5,0,0,0,0,0,0,0.34,0,0,0
2008,TWN,-12.5,-147.5,0,0,0,0,0,0,0.15,0,0,0
2008,TWN,-12.5,-142.5,0,0,0,0,0,0,3.5,0,0,0
2008,TWN,-12.5,-132.5,0,0,0,0,0,0,0.21,0,0,0
2008,TWN,-7.5,-147.5,0,0,0,0,0,0,0.55,0,0,0
2008,TWN,22.5,-137.5,0,0,0,0,0,0,3.61,0,0,0
2008,USA,17.5,-147.5,0,0,0,0,0,0,0,0,0,0
2008,USA,17.5,-142.5,0,0,0,0,0,0,0,0,0,0
2008,USA,22.5,-147.5,0,0,0,0,0,0,0,0,0,0
2008,USA,22.5,-142.5,0,0,0,0,0,0,0,0,0,0
2008,USA,27.5,-147.5,0,0,0,0,0,0,0,0,0,0
2008,CHN,-7.5,-147.5,4.28,0,0,0,0,0,0,0.97,0,0
2008,CHN,-2.5,-147.5,2.37,0,0,0,0,0,0,0.49,0,0
2008,KOR,-12.5,-127.5,0,0,0,0,0,0,0.11,0,0,0
2008,KOR,-7.5,-132.5,0,0,0,0,0,0,0.18,0,0,0
2008,PYF,-22.5,-147.5,0,0,0,0.57,0,0,0.76,0,0,0
2008,PYF,-17.5,-147.5,0,0,0,0.57,0,0,3.14,0,0,0
2008,PYF,-17.5,-142.5,0,0,0,0,0,0,0.16,0,0,0
2008,PYF,-12.5,-147.5,0,0,0,0,0,0,0.28,0,0,0
2008,TWN,-22.5,-132.5,0,0,0,0,0,0,0.18,0,0,0
2008,TWN,-22.5,-127.5,0,0,0,0,0,0,0.35,0,0,0
2008,TWN,-22.5,-122.5,0,0,0,0,0,0,0.63,0,0,0
2008,TWN,-17.5,-132.5,0,0,0,0,0,0,0.76,0,0,0
2008,TWN,-17.5,-127.5,0,0,0,0,0,0,2.17,0,0,0
2008,TWN,-17.5,-122.5,0,0,0,0,0,0,0.3,0,0,0
2008,TWN,-12.5,-132.5,0,0,0,0,0,0,0.2,0,0,0
2008,TWN,-7.5,-147.5,0,0,0,0,0,0,0.18,0,0,0
2008,TWN,-7.5,-132.5,0,0,0,0,0,0,0.02,0,0,0
2008,TWN,-2.5,-147.5,0,0,0,0,0,0,6.74,0,0,0
2008,TWN,22.5,-137.5,0,0,0,0,0,0,0.86,0,0,0
2008,USA,22.5,-147.5,0,0,0,0,0,0,0,0,0,0
2008,USA,37.5,-147.5,0,0,0,0,0,0,0,0,0,0
2008,USA,37.5,-142.5,0,0,0,0,0,0,0,0,0,0
2008,USA,37.5,-137.5,0,0,0,0,0,0,0,0,0,0
2008,USA,37.5,-132.5,0,0,0,0,0,0,0,0,0,0
2008,CHN,-12.5,-132.5,1.58,0,0,0,0,0,0,0.41,0,0
2008,CHN,-12.5,-112.5,6.65,0,0,0,0,0,0,2.06,0,0
2008,CHN,-7.5,-137.5,87.24,0,0,0,0,0,0,21.81,0,0
2008,CHN,-7.5,-132.5,13.37,0,0,0,0,0,0,3.34,0,0
2008,KOR,-12.5,-127.5,0,0,0,0,0,0,0.13,0,0,0
2008,KOR,-12.5,-122.5,0,0,0,0,0,0,0.04,0,0,0
2008,KOR,-7.5,-132.5,0,0,0,0,0,0,0.08,0,0,0
2008,PYF,-22.5,-147.5,0,0,0,0.16,0,0,0,0,0,0
2008,PYF,-17.5,-147.5,0,0,0,0.4,0,0,2.92,0,0,0
2008,PYF,-17.5,-142.5,0,0,0,0.06,0,0,1.76,0,0,0
2008,PYF,-12.5,-147.5,0,0,0,0.13,0,0,1,0,0,0
2008,PYF,-12.5,-142.5,0,0,0,0,0,0,0.17,0,0,0
2008,TWN,-22.5,-127.5,0,0,0,0,0,0,0.28,0,0,0
2008,TWN,-22.5,-117.5,0,0,0,0,0,0,0.28,0,0,0
2008,TWN,-17.5,-127.5,0,0,0,0,0,0,2.23,0,0,0
2008,TWN,-17.5,-122.5,0,0,0,0,0,0,0.27,0,0,0
2008,TWN,-17.5,-117.5,0,0,0,0,0,0,0.08,0,0,0
2008,TWN,-7.5,-147.5,0,0,0,0,0,0,1.78,0,0,0
2008,TWN,17.5,-142.5,0,0,0,0,0,0,0.51,0,0,0
2008,TWN,17.5,-137.5,0,0,0,0,0,0,0.07,0,0,0
2008,TWN,22.5,-142.5,0,0,0,0,0,0,0.5,0,0,0
2008,TWN,22.5,-137.5,0,0,0,0,0,0,1.03,0,0,0
2008,USA,37.5,-147.5,0,0,0,0,0,0,0,0,0,0
2008,USA,37.5,-142.5,0,0,0,0,0,0,0,0,0,0
2008,USA,37.5,-137.5,0,0,0,0,0,0,0,0,0,0
2008,USA,37.5,-132.5,0,0,0,0,0,0,0,0,0,0
2009,BLZ,2.5,-112.5,4.2,0,11.89,0,0,0,0,0,0,0
2009,BLZ,2.5,-102.5,14.12,0,38.72,0,0,0,0,0,0,0
2009,BLZ,7.5,-122.5,1.82,3.26,0,0,0,0,0,0,0,0
2009,BLZ,7.5,-117.5,1.71,0,12.7,0,0,0,0,0,0,0
2009,BLZ,7.5,-112.5,6.79,0,10.28,0,0,0,0,0,0,0
2009,BLZ,7.5,-107.5,0.3,0,8.24,0,0,0,0,0,0,0
2009,BLZ,7.5,-102.5,6.11,0,24.74,0,0,0,0,0,0,0
2009,BLZ,12.5,-117.5,10.86,1.36,4.35,0.2,31.5,0,0,0,0,0
2009,BLZ,12.5,-112.5,5.66,0,13.65,0,7.64,0,0,0,0,0
2009,BLZ,12.5,-107.5,5.39,0,9.85,0,0,0,0,0,0,0
2009,BLZ,12.5,-102.5,0,0,0.98,0,0,0,0,0,0,0
2009,CHN,-12.5,-137.5,3.86,0,0,0,1.85,0,0,0.62,0,0
2009,CHN,-12.5,-132.5,2.66,0,0,0,1.26,0,0,0.39,0,0
2009,CHN,-7.5,-142.5,2.03,0,0,0,0.85,0,0,0.36,0,0
2009,CHN,-7.5,-137.5,2.2,0,0,0,1.36,0,0,0.42,0,0
2009,CHN,-7.5,-132.5,1.32,0,0,0,0.69,0,0,0.26,0,0
2009,CHN,-7.5,-112.5,2.56,0,0,0,1.56,0,0,0.52,0,0
2009,CHN,-2.5,-142.5,1.99,0,0,0,0.44,0,0,0.25,0,0
2009,CHN,-2.5,-137.5,1.58,0,0,0,0.48,0,0,0.32,0,0
2009,CHN,-2.5,-132.5,2.01,0,0,0,0.75,0,0,0.41,0,0
2009,KOR,-12.5,-132.5,0,0,0,0,0,0,0.48,0,0,0
2009,KOR,-12.5,-127.5,0,0,0,0,0,0,0.68,0,0,0
2009,KOR,-12.5,-122.5,0,0,0,0,0,0,2.13,0,0,0
2009,KOR,-12.5,-117.5,0,0,0,0,0,0,0.34,0,0,0
2009,KOR,-7.5,-122.5,0,0,0,0,0,0,0.19,0,0,0
2009,KOR,-7.5,-117.5,0,0,0,0,0,0,0.22,0,0,0
2009,PYF,-22.5,-147.5,0,0,0,0.07,0,0,1.3,0,0,0
2009,PYF,-22.5,-142.5,0,0,0,0,0,0,2.7,0,0,0
2009,PYF,-17.5,-147.5,0,0,0,0.36,0,0,3.28,0,0,0
2009,PYF,-17.5,-142.5,0,0,0,0.06,0,0,2.04,0,0,0
2009,PYF,-12.5,-147.5,0,0,0,0.07,0,0,4.04,0,0,0
2009,PYF,-12.5,-142.5,0,0,0,0,0,0,2.01,0,0,0
2009,PYF,-12.5,-137.5,0,0,0,0.07,0,0,0.64,0,0,0
2009,PYF,-7.5,-147.5,0,0,0,0.07,0,0,0,0,0,0
2009,TWN,-17.5,-132.5,0,0,0,0,0,0,2.21,0,0,0
2009,TWN,-17.5,-127.5,0,0,0,0,0,0,1.92,0,0,0
2009,TWN,-12.5,-147.5,0,0,0,0,0,0,0.28,0,0,0
2009,TWN,-7.5,-147.5,0,0,0,0,0,0,2.41,0,0,0
2009,TWN,17.5,-142.5,0,0,0,0,0,0,0.43,0,0,0
2009,TWN,17.5,-137.5,0,0,0,0,0,0,0.23,0,0,0
2009,TWN,17.5,-132.5,0,0,0,0,0,0,0.6,0,0,0
2009,TWN,22.5,-142.5,0,0,0,0,0,0,0.38,0,0,0
2009,TWN,22.5,-137.5,0,0,0,0,0,0,0.04,0,0,0
2009,TWN,22.5,-132.5,0,0,0,0,0,0,0.28,0,0,0
2009,USA,32.5,-147.5,0,0,0,0,0,0,0,0,0,0
2009,USA,37.5,-147.5,0,0,0,0,0,0,0,0,0,0
2009,USA,37.5,-142.5,0,0,0,0,0,0,0,0,0,0
2009,USA,37.5,-137.5,0,0,0,0,0,0,0,0,0,0
2009,BLZ,2.5,-107.5,1.29,0,5.1,0,0,0,0,0,0,0
2009,BLZ,2.5,-102.5,10.16,0,17.94,0,0,0,0,0,0,0
2009,BLZ,7.5,-122.5,3.7,2.84,0,0,0,0,0,0,0,0
2009,BLZ,7.5,-117.5,1.03,0,2.35,0,0,0,0,0,0,0
2009,BLZ,7.5,-102.5,2.58,0,0.91,0,0,0,0,0,0,0
2009,BLZ,7.5,-97.5,0.17,0,0.06,0,0,0,0,0,0,0
2009,BLZ,7.5,-82.5,4.3,0,2.9,0,0,0,0,0,0,0
2009,BLZ,12.5,-117.5,6.15,0.55,0,0.14,15.35,0,0,0,0,0
2009,BLZ,12.5,-112.5,5.36,0,14.29,0,0,0,0,0,0,1.18
2009,BLZ,12.5,-107.5,0,0,4.9,0,0,0,0,0,0,0
2009,BLZ,12.5,-102.5,6.64,0,24.51,0,0,0,0,0,0,0
2009,BLZ,12.5,-97.5,0.9,0,4.58,0,0,0,0,0,0,0
2009,BLZ,12.5,-87.5,2.36,0,5.95,0,0,0,0,0,0,0
2009,CHN,-12.5,-137.5,1.65,0,0,0,0.85,0,0,0.39,0,0
2009,CHN,-7.5,-147.5,1.84,0,0,0,0.89,0,0,0.33,0,0
2009,CHN,-7.5,-142.5,1.46,0,0,0,0.56,0,0,0.45,0,0
2009,CHN,-7.5,-137.5,1.63,0,0,0,0.66,0,0,0.39,0,0
2009,CHN,-7.5,-132.5,1.54,0,0,0,0.78,0,0,0.36,0,0
2009,CHN,-7.5,-117.5,2.3,0,0,0,1.15,0,0,0.41,0,0
2009,CHN,-7.5,-112.5,1.62,0,0,0,0.78,0,0,0.26,0,0
2009,CHN,-7.5,-107.5,1.12,0,0,0,0.55,0,0,0.22,0,0
2009,CHN,-2.5,-142.5,1.54,0,0,0,0.49,0,0,0.29,0,0
2009,CHN,-2.5,-137.5,1.16,0,0,0,0.42,0,0,0.28,0,0
2009,CHN,-2.5,-132.5,1.59,0,0,0,0.88,0,0,0.48,0,0
2009,KOR,-12.5,-122.5,0,0,0,0,0,0,2.85,0,0,0
2009,KOR,-12.5,-117.5,0,0,0,0,0,0,1.04,0,0,0
2009,KOR,-7.5,-132.5,0,0,0,0,0,0,0.01,0,0,0
2009,KOR,-7.5,-127.5,0,0,0,0,0,0,1.59,0,0,0
2009,KOR,-7.5,-122.5,0,0,0,0,0,0,0.45,0,0,0
2009,KOR,-7.5,-117.5,0,0,0,0,0,0,1.25,0,0,0
2009,KOR,-7.5,-112.5,0,0,0,0,0,0,0.03,0,0,0
2009,PYF,-22.5,-147.5,0,0,0,0,0,0,0.14,0,0,0
2009,PYF,-22.5,-142.5,0,0,0,0.05,0,0,0.34,0,0,0
2009,PYF,-17.5,-147.5,0,0,0,0,0,0,2.42,0,0,0
2009,PYF,-17.5,-142.5,0,0,0,0.89,0,0,16.13,0,0,0
2009,PYF,-17.5,-137.5,0,0,0,0,0,0,0.75,0,0,0
2009,PYF,-12.5,-147.5,0,0,0,0.1,0,0,0.63,0,0,0
2009,PYF,-12.5,-142.5,0,0,0,0,0,0,6.2,0,0,0
2009,PYF,-12.5,-137.5,0,0,0,0,0,0,0.08,0,0,0
2009,TWN,-17.5,-132.5,0,0,0,0,0,0,0.93,0,0,0
2009,TWN,-7.5,-147.5,0,0,0,0,0,0,1.6,0,0,0
2009,TWN,-2.5,-147.5,0,0,0,0,0,0,0.8,0,0,0
2009,TWN,17.5,-142.5,0,0,0,0,0,0,0.28,0,0,0
2009,TWN,17.5,-137.5,0,0,0,0,0,0,0.77,0,0,0
2009,TWN,17.5,-132.5,0,0,0,0,0,0,0.31,0,0,0
2009,USA,22.5,-147.5,0,0,0,0,0,0,0,0,0,0
2009,USA,32.5,-147.5,0,0,0,0,0,0,0,0,0,0
2009,USA,32.5,-142.5,0,0,0,0,0,0,0,0,0,0
2009,BLZ,-12.5,-92.5,3.3,0,0,0,3.15,0,0,0,0,0
2009,BLZ,2.5,-102.5,1.81,0,5.2,0,0,0,0,0,0,0
2009,BLZ,2.5,-87.5,1.84,0,5.28,0,0,0,0,0,0,0
2009,BLZ,7.5,-112.5,9.2,1.86,2.24,0,0,0,0,0,0,0
2009,BLZ,7.5,-102.5,0,0,8.96,0,0,0,0,0,0,0
2009,BLZ,7.5,-92.5,1.73,0,4.96,0,0,0,0,0,0,0
2009,BLZ,7.5,-82.5,0.31,0,0.89,0,0,0,0,0,0,0
2009,BLZ,12.5,-112.5,17.98,0,9.37,0,0,0,0,0,0,0
2009,BLZ,12.5,-102.5,0.62,0.32,13.98,0.04,1.15,0,0,0,0,0
2009,BLZ,12.5,-92.5,3.45,0,0,0,7.4,0,0,0,0,0
2009,BLZ,12.5,-87.5,1.81,0,5.12,0,0,0,0,0,0,0
2009,BLZ,17.5,-112.5,1.24,0,12.82,0,0,0,0,0,0,0
2009,BLZ,17.5,-107.5,3.92,0,8.89,0,0,0,0,0,0,0
2009,BLZ,17.5,-97.5,0.9,0,7.59,0,0,0,0,0,0,0
2009,CHN,-12.5,-147.5,1.03,0,0,0,0.33,0,0,0.29,0,0
2009,CHN,-12.5,-142.5,1.12,0,0,0,0.3,0,0,0.19,0,0
2009,CHN,-12.5,-137.5,0.85,0,0,0,0.07,0,0,0.22,0,0
2009,CHN,-12.5,-127.5,1.36,0,0,0,0.55,0,0,0.39,0,0
2009,CHN,-7.5,-147.5,1.04,0,0,0,0.35,0,0,0.25,0,0
2009,CHN,-7.5,-117.5,1.68,0,0,0,0.74,0,0,0.38,0,0
2009,CHN,-7.5,-112.5,4.96,0,0,0,2.56,0,0,1.02,0,0
2009,CHN,-2.5,-147.5,1.13,0,0,0,0.4,0,0,0.44,0,0
2009,CHN,-2.5,-142.5,0.66,0,0,0,0.16,0,0,0.25,0,0
2009,CHN,-2.5,-137.5,0.98,0,0,0,0.15,0,0,0.26,0,0
2009,CHN,-2.5,-132.5,1.03,0,0,0,0.18,0,0,0.29,0,0
2009,CHN,-2.5,-127.5,1.12,0,0,0,0.45,0,0,0.25,0,0
2009,CHN,-2.5,-122.5,1.12,0,0,0,0.55,0,0,0.29,0,0
2009,CHN,2.5,-147.5,1.13,0,0,0,0.55,0,0,0.36,0,0
2009,KOR,-12.5,-122.5,0,0,0,0,0,0,0.68,0,0,0
2009,KOR,-12.5,-117.5,0,0,0,0,0,0,0.06,0,0,0
2009,KOR,-12.5,-112.5,0,0,0,0,0,0,0.74,0,0,0
2009,KOR,-7.5,-132.5,0,0,0,0,0,0,0.07,0,0,0
2009,KOR,-7.5,-127.5,0,0,0,0,0,0,0.86,0,0,0
2009,KOR,-7.5,-122.5,0,0,0,0,0,0,0.17,0,0,0
2009,KOR,-7.5,-117.5,0,0,0,0,0,0,2.5,0,0,0
2009,KOR,-7.5,-112.5,0,0,0,0,0,0,0.47,0,0,0
2009,KOR,-7.5,-107.5,0,0,0,0,0,0,0.41,0,0,0
2009,KOR,-2.5,-147.5,0,0,0,0,0,0,0.11,0,0,0
2009,KOR,-2.5,-132.5,0,0,0,0,0,0,0.07,0,0,0
2009,KOR,-2.5,-127.5,0,0,0,0,0,0,0.12,0,0,0
2009,KOR,2.5,-147.5,0,0,0,0,0,0,0.11,0,0,0
2009,KOR,2.5,-122.5,0,0,0,0,0,0,0.18,0,0,0
2009,PYF,-22.5,-147.5,0,0,0,0,0,0,0.2,0,0,0
2009,PYF,-22.5,-142.5,0,0,0,0,0,0,0.05,0,0,0
2009,PYF,-17.5,-147.5,0,0,0,0.1,0,0,2.52,0,0,0
2009,PYF,-17.5,-142.5,0,0,0,0,0,0,9.93,0,0,0
2009,PYF,-12.5,-147.5,0,0,0,0,0,0,0.78,0,0,0
2009,PYF,-12.5,-142.5,0,0,0,0,0,0,2.42,0,0,0
2009,PYF,-12.5,-137.5,0,0,0,0,0,0,0.04,0,0,0
2009,TWN,-32.5,-142.5,0,0,0,0,0,0,0.07,0,0,0
2009,TWN,-32.5,-137.5,0,0,0,0,0,0,0.15,0,0,0
2009,TWN,-27.5,-137.5,0,0,0,0,0,0,0.55,0,0,0
2009,TWN,-2.5,-147.5,0,0,0,0,0,0,3.86,0,0,0
2009,TWN,-2.5,-142.5,0,0,0,0,0,0,0.06,0,0,0
2009,TWN,2.5,-147.5,0,0,0,0,0,0,0.08,0,0,0
2009,TWN,17.5,-142.5,0,0,0,0,0,0,0.31,0,0,0
2009,TWN,17.5,-132.5,0,0,0,0,0,0,0.46,0,0,0
2009,USA,17.5,-147.5,0,0,0,0,0,0,0,0,0,0
2009,USA,22.5,-147.5,0,0,0,0,0,0,0,0,0,0
2009,USA,22.5,-142.5,0,0,0,0,0,0,0,0,0,0
2009,USA,27.5,-147.5,0,0,0,0,0,0,0,0,0,0
2009,BLZ,-2.5,-102.5,3.4,0,0,0,6.12,0,0,0,0,0
2009,BLZ,2.5,-117.5,3.39,0,7.4,0,0,0,0,0,0,0
2009,BLZ,2.5,-112.5,3.7,0,4.89,0,0,0,0,0,0,0.27
2009,BLZ,2.5,-107.5,1.84,0,8.42,0,0,0,0,0,0,0
2009,BLZ,2.5,-102.5,3.77,0,7.91,0,0,0,0,0,0,0
2009,BLZ,2.5,-97.5,5.04,0,3.21,0,0,0,0,0,0,0
2009,BLZ,2.5,-92.5,8.66,0,12.53,0,0,0,0,0,0,0
2009,BLZ,7.5,-107.5,3.54,0,8.02,0,0,0,0,0,0,0
2009,BLZ,7.5,-97.5,3.91,0,2.44,0,0,0,0,0,0,0
2009,BLZ,7.5,-82.5,4.4,0,4.01,0,0,0,0,0,0,0
2009,BLZ,12.5,-112.5,9.81,0,28.55,0,0,0,0,0,0,0
2009,BLZ,12.5,-107.5,3.19,0,9.01,0,0,0,0,0,0,0
2009,BLZ,12.5,-102.5,6.01,3.14,11.46,0,0,0,0,0,0,0
2009,BLZ,17.5,-102.5,1.32,0,13.25,0,0,0,0,0,0,0
2009,CHN,-7.5,-147.5,2.86,0,0,0,1.56,0,0,0.55,0,0
2009,CHN,-7.5,-142.5,1.33,0,0,0,0.51,0,0,0.52,0,0
2009,CHN,-7.5,-137.5,1.88,0,0,0,0.85,0,0,0.78,0,0
2009,CHN,-7.5,-132.5,3.55,0,0,0,2.25,0,0,0.96,0,0
2009,CHN,-7.5,-127.5,2.89,0,0,0,1.75,0,0,0.78,0,0
2009,CHN,-7.5,-122.5,3.89,0,0,0,2.21,0,0,0.65,0,0
2009,CHN,-2.5,-147.5,0.99,0,0,0,0.3,0,0,0.29,0,0
2009,CHN,-2.5,-142.5,1.02,0,0,0,0.33,0,0,0.22,0,0
2009,CHN,-2.5,-137.5,0.75,0,0,0,0.11,0,0,0.23,0,0
2009,CHN,-2.5,-132.5,0.78,0,0,0,0.19,0,0,0.36,0,0
2009,CHN,-2.5,-127.5,1.52,0,0,0,0.55,0,0,0.39,0,0
2009,CHN,2.5,-147.5,1.26,0,0,0,0.49,0,0,0.3,0,0
2009,CHN,2.5,-142.5,1.46,0,0,0,0.74,0,0,0.45,0,0
2009,CHN,7.5,-147.5,1.75,0,0,0,0.66,0,0,0.33,0,0
2009,KOR,2.5,-147.5,0,0,0,0,0,0,0.5,0,0,0
2009,KOR,2.5,-142.5,0,0,0,0,0,0,0.5,0,0,0
2009,KOR,2.5,-137.5,0,0,0,0,0,0,2.24,0,0,0
2009,KOR,2.5,-132.5,0,0,0,0,0,0,2.15,0,0,0
2009,KOR,2.5,-127.5,0,0,0,0,0,0,0.55,0,0,0
2009,KOR,2.5,-122.5,0,0,0,0,0,0,0.21,0,0,0
2009,KOR,7.5,-132.5,0,0,0,0,0,0,0.66,0,0,0
2009,PYF,-22.5,-147.5,0,0,0,0,0,0,0.25,0,0,0
2009,PYF,-17.5,-147.5,0,0,0,0.16,0,0,4.51,0,0,0
2009,PYF,-17.5,-142.5,0,0,0,0,0,0,5.55,0,0,0
2009,PYF,-12.5,-147.5,0,0,0,0.13,0,0,6.29,0,0,0
2009,PYF,-12.5,-142.5,0,0,0,0,0,0,7.36,0,0,0
2009,PYF,-12.5,-137.5,0,0,0,0,0,0,0.18,0,0,0
2009,TWN,-32.5,-132.5,0,0,0,0,0,0,0.34,0,0,0
2009,TWN,-32.5,-127.5,0,0,0,0,0,0,0.11,0,0,0
2009,TWN,-27.5,-137.5,0,0,0,0,0,0,0.43,0,0,0
2009,TWN,-17.5,-132.5,0,0,0,0,0,0,1.19,0,0,0
2009,TWN,-2.5,-147.5,0,0,0,0,0,0,0.2,0,0,0
2009,TWN,2.5,-147.5,0,0,0,0,0,0,5.1,0,0,0
2009,USA,17.5,-142.5,0,0,0,0,0,0,0,0,0,0
2009,USA,22.5,-147.5,0,0,0,0,0,0,0,0,0,0
2009,USA,22.5,-142.5,0,0,0,0,0,0,0,0,0,0
2009,BLZ,2.5,-112.5,4.32,0,6.72,0,0,0,0,0,0,0
2009,BLZ,2.5,-107.5,10.81,0,23.15,0,0,0,0,0,0,0
2009,BLZ,2.5,-102.5,4.66,0,6.94,0,0,0,0,0,0,0
2009,BLZ,2.5,-97.5,7.74,1.35,5.58,0.08,11.7,0,0,0,0,0.3
2009,BLZ,7.5,-127.5,2.17,0,0,0,9.02,0,0,0,0,0
2009,BLZ,7.5,-122.5,5.42,0,9.03,0,0,0,0,0,0,0
2009,BLZ,7.5,-117.5,5.87,0,5.05,0,0,0,0,0,0,0
2009,BLZ,7.5,-107.5,4.22,0,4.23,0,0,0,0,0,0,0
2009,BLZ,7.5,-97.5,2.22,0.82,5.38,0,0,0,0,0,0,0
2009,BLZ,7.5,-92.5,1.51,0,3.74,0,0,0,0,0,0,0
2009,BLZ,12.5,-142.5,6.32,0,15.15,0,0,0,0,0,0,0
2009,BLZ,12.5,-117.5,5.17,0,7.99,0,0,0,0,0,0,0
2009,BLZ,12.5,-102.5,1.57,0,10.6,0,0,0,0,0,0,0
2009,BLZ,12.5,-97.5,2.84,0,11.17,0,0,0,0,0,0,0
2009,BLZ,17.5,-107.5,3.66,0,5.83,0,0,0,0,0,0,0
2009,CHN,-12.5,-147.5,1.88,0,0,0,1.12,0,0,0.39,0,0
2009,CHN,-12.5,-142.5,1.99,0,0,0,1.23,0,0,0.75,0,0
2009,CHN,-12.5,-137.5,2.96,0,0,0,1.89,0,0,0.78,0,0
2009,CHN,-7.5,-147.5,1.88,0,0,0,0.93,0,0,0.41,0,0
2009,CHN,-7.5,-142.5,2.25,0,0,0,1.32,0,0,0.39,0,0
2009,CHN,-7.5,-137.5,1.89,0,0,0,0.89,0,0,0.56,0,0
2009,CHN,-7.5,-132.5,2.46,0,0,0,1.23,0,0,0.55,0,0
2009,CHN,-7.5,-127.5,1.43,0,0,0,0.64,0,0,0.49,0,0
2009,CHN,-2.5,-147.5,1.66,0,0,0,0.62,0,0,0.68,0,0
2009,CHN,-2.5,-142.5,1.46,0,0,0,0.58,0,0,0.55,0,0
2009,CHN,-2.5,-137.5,1.55,0,0,0,0.7,0,0,0.55,0,0
2009,CHN,-2.5,-132.5,1.66,0,0,0,0.69,0,0,0.58,0,0
2009,CHN,-2.5,-127.5,2.85,0,0,0,0.88,0,0,0.39,0,0
2009,KOR,-2.5,-142.5,0,0,0,0,0,0,0.18,0,0,0
2009,KOR,-2.5,-137.5,0,0,0,0,0,0,0.1,0,0,0
2009,KOR,2.5,-147.5,0,0,0,0,0,0,1.04,0,0,0
2009,KOR,2.5,-142.5,0,0,0,0,0,0,1.38,0,0,0
2009,KOR,2.5,-137.5,0,0,0,0,0,0,2.38,0,0,0
2009,KOR,7.5,-147.5,0,0,0,0,0,0,0.31,0,0,0
2009,KOR,7.5,-137.5,0,0,0,0,0,0,0.11,0,0,0
2009,PYF,-22.5,-147.5,0,0,0,0.18,0,0,0.6,0,0,0
2009,PYF,-17.5,-147.5,0,0,0,0,0,0,4.75,0,0,0
2009,PYF,-17.5,-142.5,0,0,0,0,0,0,8.88,0,0,0
2009,PYF,-12.5,-147.5,0,0,0,0,0,0,3.82,0,0,0
2009,PYF,-12.5,-142.5,0,0,0,0.1,0,0,2.95,0,0,0
2009,PYF,-12.5,-137.5,0,0,0,0,0,0,0.06,0,0,0
2009,TWN,-32.5,-147.5,0,0,0,0,0,0,0.24,0,0,0
2009,TWN,-32.5,-142.5,0,0,0,0,0,0,0.84,0,0,0
2009,TWN,-32.5,-137.5,0,0,0,0,0,0,0.69,0,0,0
2009,TWN,-7.5,-147.5,0,0,0,0,0,0,0.36,0,0,0
2009,TWN,-2.5,-147.5,0,0,0,0,0,0,0.46,0,0,0
2009,TWN,-2.5,-142.5,0,0,0,0,0,0,0.57,0,0,0
2009,TWN,2.5,-147.5,0,0,0,0,0,0,2.26,0,0,0
2009,TWN,2.5,-142.5,0,0,0,0,0,0,0.08,0,0,0
2009,TWN,7.5,-147.5,0,0,0,0,0,0,0.04,0,0,0
2009,USA,17.5,-147.5,0,0,0,0,0,0,0,0,0,0
2009,USA,17.5,-142.5,0,0,0,0,0,0,0,0,0,0
2009,USA,22.5,-147.5,0,0,0,0,0,0,0,0,0,0
2009,USA,22.5,-142.5,0,0,0,0,0,0,0,0,0,0
2009,USA,27.5,-147.5,0,0,0,0,0,0,0,0,0,0
2009,USA,27.5,-142.5,0,0,0,0,0,0,0,0,0,0
2009,BLZ,2.5,-107.5,20.94,0,22.16,0,0,0,0,0,0,0
2009,BLZ,2.5,-102.5,10.77,1.2,13.75,0.09,7.5,0,0,0,0,0.28
2009,BLZ,2.5,-97.5,0.43,0,0,0,0,0,0,0,0,0
2009,BLZ,7.5,-117.5,13.49,0,11.49,0,6.95,0,0,0,0,0
2009,BLZ,7.5,-112.5,2.48,0,12.74,0,0,0,0,0,0,0
2009,BLZ,7.5,-107.5,8.06,0,14.84,0,0,0,0,0,0,0
2009,BLZ,7.5,-102.5,2.94,0,5.43,0,0,0,0,0,0,0
2009,BLZ,7.5,-87.5,0.5,0,12.23,0,0,0,0,0,0,0
2009,BLZ,12.5,-97.5,0.87,0,8.87,0,0,0,0,0,0,0
2009,BLZ,17.5,-97.5,2.11,0,4.71,0,0,0,0,0,0,0
2009,CHN,-7.5,-142.5,2.13,0,0,0,1.12,0,0,0.45,0,0
2009,CHN,-7.5,-137.5,2.56,0,0,0,1.25,0,0,0.48,0,0
2009,CHN,-7.5,-132.5,3.29,0,0,0,1.72,0,0,0.97,0,0
2009,CHN,-2.5,-147.5,3.29,0,0,0,1.75,0,0,0.16,0,0
2009,CHN,-2.5,-142.5,2.16,0,0,0,1.02,0,0,0.08,0,0
2009,CHN,-2.5,-137.5,2.92,0,0,0,1.89,0,0,0.09,0,0
2009,CHN,-2.5,-132.5,4.68,0,0,0,3.12,0,0,1.12,0,0
2009,CHN,2.5,-147.5,2.01,0,0,0,1,0,0,0.38,0,0
2009,CHN,2.5,-142.5,2.06,0,0,0,1.32,0,0,0.59,0,0
2009,KOR,2.5,-142.5,0,0,0,0,0,0,2.65,0,0,0
2009,KOR,2.5,-137.5,0,0,0,0,0,0,3.01,0,0,0
2009,KOR,2.5,-132.5,0,0,0,0,0,0,1.12,0,0,0
2009,KOR,2.5,-112.5,0,0,0,0,0,0,0.2,0,0,0
2009,KOR,7.5,-137.5,0,0,0,0,0,0,0.09,0,0,0
2009,PYF,-22.5,-147.5,0,0,0,0.09,0,0,0.1,0,0,0
2009,PYF,-22.5,-142.5,0,0,0,0.1,0,0,0,0,0,0
2009,PYF,-17.5,-147.5,0,0,0,0.06,0,0,5.33,0,0,0
2009,PYF,-17.5,-142.5,0,0,0,0,0,0,1.47,0,0,0
2009,PYF,-12.5,-147.5,0,0,0,0,0,0,2.98,0,0,0
2009,PYF,-12.5,-142.5,0,0,0,0.06,0,0,0,0,0,0
2009,TWN,-32.5,-147.5,0,0,0,0,0,0,0.58,0,0,0
2009,TWN,-32.5,-142.5,0,0,0,0,0,0,0.09,0,0,0
2009,TWN,-7.5,-147.5,0,0,0,0,0,0,0.98,0,0,0
2009,TWN,-2.5,-147.5,0,0,0,0,0,0,1.93,0,0,0
2009,TWN,-2.5,-142.5,0,0,0,0,0,0,2.03,0,0,0
2009,TWN,2.5,-147.5,0,0,0,0,0,0,0.07,0,0,0
2009,USA,22.5,-147.5,0,0,0,0,0,0,0,0,0,0
2009,USA,22.5,-142.5,0,0,0,0,0,0,0,0,0,0
2009,USA,27.5,-147.5,0,0,0,0,0,0,0,0,0,0
2009,USA,27.5,-142.5,0,0,0,0,0,0,0,0,0,0
2009,USA,27.5,-137.5,0,0,0,0,0,0,0,0,0,0
2009,BLZ,2.5,-117.5,2.84,0,7.36,0,0,0,0,0,0,0
2009,BLZ,2.5,-112.5,5.07,0,12.54,0,0,0,0,0,0,0
2009,BLZ,2.5,-107.5,11.5,0,24.01,0.2,0,0,0,0,0,0
2009,BLZ,2.5,-102.5,0.82,0,10.92,0,0,0,0,0,0,0
2009,BLZ,2.5,-92.5,5.12,0,8.11,0,0,0,0,0,0,0
2009,BLZ,7.5,-112.5,6.53,0,3.95,0,10.51,0,0,0,0,0
2009,BLZ,7.5,-107.5,4.56,0,8.26,0,0,0,0,0,0,0
2009,BLZ,7.5,-97.5,2.44,0,18.42,0,0,0,0,0,0,0
2009,BLZ,12.5,-102.5,3.53,0,9.02,0,0,0,0,0,0,0
2009,BLZ,17.5,-107.5,4.35,0,6.82,0,0,0,0,0,0,0
2009,CHN,-17.5,-132.5,2.66,0,0,0,1.25,0,0,1.03,0,0
2009,CHN,-12.5,-137.5,2.23,0,0,0,1.12,0,0,0.22,0,0
2009,CHN,-12.5,-132.5,2.01,0,0,0,1.03,0,0,0.08,0,0
2009,CHN,-12.5,-127.5,2.88,0,0,0,1.62,0,0,0.16,0,0
2009,CHN,-7.5,-147.5,1.55,0,0,0,0.74,0,0,0.95,0,0
2009,CHN,-7.5,-142.5,2.55,0,0,0,1.56,0,0,0.09,0,0
2009,CHN,-7.5,-137.5,1.16,0,0,0,0.52,0,0,0.78,0,0
2009,CHN,-7.5,-132.5,2.01,0,0,0,1.02,0,0,0.06,0,0
2009,CHN,-2.5,-147.5,1.54,0,0,0,0.98,0,0,0.55,0,0
2009,CHN,-2.5,-142.5,3.38,0,0,0,1.74,0,0,0.25,0,0
2009,CHN,-2.5,-137.5,1.99,0,0,0,1.25,0,0,0.55,0,0
2009,CHN,2.5,-142.5,2.28,0,0,0,1.36,0,0,0.77,0,0
2009,KOR,2.5,-147.5,0,0,0,0,0,0,1.66,0,0,0
2009,KOR,2.5,-142.5,0,0,0,0,0,0,2.07,0,0,0
2009,KOR,2.5,-137.5,0,0,0,0,0,0,3.61,0,0,0
2009,KOR,2.5,-132.5,0,0,0,0,0,0,2.36,0,0,0
2009,KOR,7.5,-147.5,0,0,0,0,0,0,0.02,0,0,0
2009,KOR,7.5,-142.5,0,0,0,0,0,0,0.11,0,0,0
2009,KOR,7.5,-137.5,0,0,0,0,0,0,0.8,0,0,0
2009,KOR,7.5,-132.5,0,0,0,0,0,0,1.42,0,0,0
2009,PYF,-22.5,-147.5,0,0,0,0.1,0,0,0.31,0,0,0
2009,PYF,-17.5,-147.5,0,0,0,0.3,0,0,2.36,0,0,0
2009,PYF,-17.5,-142.5,0,0,0,0,0,0,0.12,0,0,0
2009,PYF,-12.5,-147.5,0,0,0,0.15,0,0,2.28,0,0,0
2009,PYF,-12.5,-142.5,0,0,0,0.07,0,0,0.43,0,0,0
2009,TWN,-12.5,-147.5,0,0,0,0,0,0,2.13,0,0,0
2009,TWN,-12.5,-142.5,0,0,0,0,0,0,0.11,0,0,0
2009,TWN,-12.5,-132.5,0,0,0,0,0,0,0.01,0,0,0
2009,TWN,-7.5,-147.5,0,0,0,0,0,0,2.97,0,0,0
2009,TWN,-2.5,-147.5,0,0,0,0,0,0,0.18,0,0,0
2009,TWN,-2.5,-142.5,0,0,0,0,0,0,0.59,0,0,0
2009,USA,7.5,-147.5,0,0,0,0,0,0,0,0,0,0
2009,USA,22.5,-147.5,0,0,0,0,0,0,0,0,0,0
2009,USA,22.5,-142.5,0,0,0,0,0,0,0,0,0,0
2009,USA,22.5,-137.5,0,0,0,0,0,0,0,0,0,0
2009,USA,27.5,-147.5,0,0,0,0,0,0,0,0,0,0
2009,USA,27.5,-142.5,0,0,0,0,0,0,0,0,0,0
2009,USA,32.5,-147.5,0,0,0,0,0,0,0,0,0,0
2009,BLZ,2.5,-122.5,0.68,0,7.51,0,0,0,0,0,0,0
2009,BLZ,2.5,-112.5,4.35,0,19.09,0,0,0,0,0,0,0
2009,BLZ,2.5,-107.5,9.73,0,18.21,0.19,0,0,0,0,0,0
2009,BLZ,7.5,-107.5,0.21,0,14.52,0,0,0,0,0,0,0
2009,BLZ,7.5,-97.5,5.48,0,0,0,7.69,0,0,0,0,0
2009,BLZ,7.5,-92.5,2.6,0,6.05,0,0,0,0,0,0,0
2009,BLZ,7.5,-82.5,2.36,0,9.92,0,0,0,0,0,0,0
2009,BLZ,12.5,-117.5,2.52,0,6.07,0,0,0,0,0,0,0
2009,BLZ,12.5,-112.5,4.59,0,15.13,0,0,0,0,0,0,0
2009,BLZ,12.5,-102.5,5.17,0,10.52,0,0,0,0,0,0,0
2009,BLZ,17.5,-107.5,5.02,0,8.46,0,0,0,0,0,0,0
2009,CHN,-12.5,-137.5,3.35,0,0,0,1.99,0,0,0.99,0,0
2009,CHN,-12.5,-132.5,1.12,0,0,0,0.38,0,0,0.09,0,0
2009,CHN,-7.5,-142.5,1.44,0,0,0,0.55,0,0,0.07,0,0
2009,CHN,-7.5,-137.5,1.16,0,0,0,0.55,0,0,0.22,0,0
2009,CHN,-7.5,-132.5,1.99,0,0,0,0.99,0,0,0.15,0,0
2009,CHN,-2.5,-147.5,3.24,0,0,0,1.95,0,0,1.36,0,0
2009,CHN,-2.5,-142.5,2.66,0,0,0,1.56,0,0,1.12,0,0
2009,CHN,-2.5,-137.5,2.55,0,0,0,1.25,0,0,0.55,0,0
2009,CHN,-2.5,-132.5,1.99,0,0,0,1.03,0,0,0.99,0,0
2009,CHN,2.5,-147.5,4.25,0,0,0,2.55,0,0,0.89,0,0
2009,CHN,2.5,-142.5,2.21,0,0,0,0.88,0,0,1.52,0,0
2009,KOR,-2.5,-147.5,0,0,0,0,0,0,1.78,0,0,0
2009,KOR,-2.5,-142.5,0,0,0,0,0,0,1.09,0,0,0
2009,KOR,-2.5,-137.5,0,0,0,0,0,0,0.73,0,0,0
2009,KOR,2.5,-147.5,0,0,0,0,0,0,0.7,0,0,0
2009,KOR,2.5,-142.5,0,0,0,0,0,0,0.95,0,0,0
2009,KOR,2.5,-137.5,0,0,0,0,0,0,3.35,0,0,0
2009,KOR,7.5,-147.5,0,0,0,0,0,0,1,0,0,0
2009,KOR,7.5,-142.5,0,0,0,0,0,0,0.6,0,0,0
2009,KOR,7.5,-137.5,0,0,0,0,0,0,1.04,0,0,0
2009,PYF,-17.5,-147.5,0,0,0,0.28,0,0,0.84,0,0,0
2009,PYF,-12.5,-147.5,0,0,0,0.24,0,0,1.54,0,0,0
2009,PYF,-12.5,-142.5,0,0,0,0.21,0,0,0.56,0,0,0
2009,TWN,-27.5,-137.5,0,0,0,0,0,0,1.74,0,0,0
2009,TWN,-27.5,-132.5,0,0,0,0,0,0,0.52,0,0,0
2009,TWN,-27.5,-127.5,0,0,0,0,0,0,1.16,0,0,0
2009,TWN,-27.5,-122.5,0,0,0,0,0,0,0.41,0,0,0
2009,TWN,-17.5,-127.5,0,0,0,0,0,0,0.5,0,0,0
2009,TWN,-12.5,-147.5,0,0,0,0,0,0,1.15,0,0,0
2009,TWN,-12.5,-142.5,0,0,0,0,0,0,0.74,0,0,0
2009,TWN,-12.5,-132.5,0,0,0,0,0,0,0.07,0,0,0
2009,TWN,-7.5,-147.5,0,0,0,0,0,0,0.26,0,0,0
2009,TWN,-2.5,-147.5,0,0,0,0,0,0,1.28,0,0,0
2009,USA,27.5,-147.5,0,0,0,0,0,0,0,0,0,0
2009,USA,32.5,-147.5,0,0,0,0,0,0,0,0,0,0
2009,BLZ,2.5,-122.5,0.75,0,7.03,0,0,0,0,0,0,0
2009,BLZ,2.5,-107.5,7.95,0,4.29,0,0,0,0,0,0,0
2009,BLZ,2.5,-102.5,2.96,0,15.17,0,0,0,0,0,0,0
2009,BLZ,2.5,-97.5,3,0,12.09,0,0,0,0,0,0,0
2009,BLZ,2.5,-82.5,1.55,0,12.88,0,0,0,0,0,0,0
2009,BLZ,7.5,-112.5,2.43,0,12.97,0,0,0,0,0,0,0
2009,BLZ,7.5,-107.5,1.08,0,15.92,0,0,0,0,0,0,0
2009,BLZ,7.5,-102.5,1.53,0,11.09,0,0,0,0,0,0,0
2009,BLZ,7.5,-97.5,1.92,0,5.48,0,0,0,0,0,0,0
2009,BLZ,7.5,-87.5,0,0,3.2,0,0,0,0,0,0,0
2009,BLZ,12.5,-107.5,0.95,0,11.12,0,0,0,0,0,0,0
2009,BLZ,12.5,-102.5,0,0,21.03,0,0,0,0,0,0,0
2009,BLZ,12.5,-97.5,0,0,4.3,0,0,0,0,0,0,0
2009,BLZ,12.5,-87.5,1.97,0,1.34,0,0,0,0,0,0,0
2009,BLZ,17.5,-107.5,0.64,0,2.55,0,0,0,0,0,0,0
2009,CHN,-12.5,-132.5,3.88,0,0,0,2.33,0,0,1.25,0,0
2009,CHN,-12.5,-127.5,3.99,0,0,0,2.11,0,0,1.56,0,0
2009,CHN,-12.5,-122.5,4.45,0,0,0,2.55,0,0,1.12,0,0
2009,CHN,-7.5,-132.5,1.85,0,0,0,0.88,0,0,0.08,0,0
2009,CHN,-7.5,-127.5,2.89,0,0,0,1.55,0,0,0.15,0,0
2009,CHN,-2.5,-147.5,1.25,0,0,0,0.66,0,0,1.25,0,0
2009,CHN,-2.5,-142.5,1.56,0,0,0,0.75,0,0,1.02,0,0
2009,CHN,-2.5,-137.5,1.56,0,0,0,0.95,0,0,0.56,0,0
2009,CHN,-2.5,-132.5,1.26,0,0,0,0.71,0,0,0.45,0,0
2009,CHN,2.5,-147.5,1.26,0,0,0,0.55,0,0,0.08,0,0
2009,CHN,2.5,-142.5,1.99,0,0,0,0.85,0,0,0.18,0,0
2009,CHN,2.5,-137.5,1.66,0,0,0,0.75,0,0,0.08,0,0
2009,CHN,2.5,-132.5,4.23,0,0,0,2.55,0,0,0.08,0,0
2009,CHN,2.5,-127.5,2.99,0,0,0,1.96,0,0,0.05,0,0
2009,KOR,-7.5,-142.5,0,0,0,0,0,0,0.02,0,0,0
2009,KOR,-7.5,-137.5,0,0,0,0,0,0,1.69,0,0,0
2009,KOR,-7.5,-132.5,0,0,0,0,0,0,0.13,0,0,0
2009,KOR,-2.5,-147.5,0,0,0,0,0,0,0.21,0,0,0
2009,KOR,-2.5,-142.5,0,0,0,0,0,0,10.56,0,0,0
2009,KOR,-2.5,-137.5,0,0,0,0,0,0,4.16,0,0,0
2009,KOR,2.5,-147.5,0,0,0,0,0,0,0.87,0,0,0
2009,KOR,2.5,-142.5,0,0,0,0,0,0,0.24,0,0,0
2009,KOR,2.5,-137.5,0,0,0,0,0,0,0.33,0,0,0
2009,KOR,7.5,-147.5,0,0,0,0,0,0,0.11,0,0,0
2009,PYF,-17.5,-147.5,0,0,0,0.05,0,0,0.7,0,0,0
2009,PYF,-17.5,-142.5,0,0,0,0,0,0,0.24,0,0,0
2009,PYF,-12.5,-147.5,0,0,0,0.1,0,0,1.01,0,0,0
2009,PYF,-12.5,-142.5,0,0,0,0,0,0,0.25,0,0,0
2009,TWN,-32.5,-127.5,0,0,0,0,0,0,0.94,0,0,0
2009,TWN,-32.5,-122.5,0,0,0,0,0,0,0.12,0,0,0
2009,TWN,-22.5,-122.5,0,0,0,0,0,0,0.21,0,0,0
2009,TWN,-17.5,-132.5,0,0,0,0,0,0,0.32,0,0,0
2009,TWN,-17.5,-127.5,0,0,0,0,0,0,3.19,0,0,0
2009,TWN,-17.5,-122.5,0,0,0,0,0,0,17.18,0,0,0
2009,TWN,-17.5,-117.5,0,0,0,0,0,0,2.82,0,0,0
2009,TWN,-12.5,-147.5,0,0,0,0,0,0,6.23,0,0,0
2009,TWN,-12.5,-142.5,0,0,0,0,0,0,2.14,0,0,0
2009,TWN,-12.5,-127.5,0,0,0,0,0,0,0.09,0,0,0
2009,TWN,-7.5,-147.5,0,0,0,0,0,0,0.91,0,0,0
2009,TWN,-2.5,-147.5,0,0,0,0,0,0,20.85,0,0,0
2009,TWN,-2.5,-132.5,0,0,0,0,0,0,0.12,0,0,0
2009,USA,17.5,-147.5,0,0,0,0,0,0,0,0,0,0
2009,USA,22.5,-147.5,0,0,0,0,0,0,0,0,0,0
2009,USA,22.5,-142.5,0,0,0,0,0,0,0,0,0,0
2009,USA,27.5,-147.5,0,0,0,0,0,0,0,0,0,0
2009,USA,27.5,-142.5,0,0,0,0,0,0,0,0,0,0
2009,USA,32.5,-142.5,0,0,0,0,0,0,0,0,0,0
2009,BLZ,2.5,-112.5,0.85,0,8.64,0,0,0,0,0,0,0
2009,BLZ,2.5,-102.5,5.16,0,22.52,0,0,0,0,0,0,0
2009,BLZ,7.5,-112.5,2.55,0,28.24,0,0,0,0,0,0,0
2009,BLZ,7.5,-102.5,3.84,0,52.24,0,0,0,0,0,0,0
2009,BLZ,7.5,-87.5,0.34,0,4.43,0,0,0,0,0,0,0
2009,BLZ,12.5,-117.5,0.85,0,14.49,0,0,0,0,0,0,0
2009,BLZ,12.5,-112.5,0,0,22.05,0,0,0,0,0,0,0
2009,BLZ,12.5,-107.5,0.38,0,23.67,0,0,0,0,0,0,0
2009,BLZ,12.5,-92.5,0,0,16.95,0,0,0,0,0,0,0
2009,CHN,-12.5,-142.5,1.74,0,0,0,0.74,0,0,0.76,0,0
2009,CHN,-12.5,-137.5,2.44,0,0,0,1.12,0,0,0.08,0,0
2009,CHN,-12.5,-132.5,2.66,0,0,0,1.55,0,0,0.12,0,0
2009,CHN,-7.5,-147.5,3.06,0,0,0,1.74,0,0,0.06,0,0
2009,CHN,-7.5,-142.5,2.25,0,0,0,1.34,0,0,0.04,0,0
2009,CHN,-7.5,-137.5,3.85,0,0,0,1.95,0,0,0.75,0,0
2009,CHN,-7.5,-132.5,1.68,0,0,0,0.84,0,0,0.44,0,0
2009,CHN,-2.5,-137.5,3.99,0,0,0,1.35,0,0,0.85,0,0
2009,CHN,-2.5,-132.5,2.15,0,0,0,1.22,0,0,1.03,0,0
2009,KOR,-12.5,-132.5,0,0,0,0,0,0,0.04,0,0,0
2009,KOR,-7.5,-147.5,0,0,0,0,0,0,0.84,0,0,0
2009,KOR,-7.5,-142.5,0,0,0,0,0,0,0.34,0,0,0
2009,KOR,-7.5,-137.5,0,0,0,0,0,0,0.6,0,0,0
2009,KOR,-7.5,-132.5,0,0,0,0,0,0,0.01,0,0,0
2009,KOR,-2.5,-147.5,0,0,0,0,0,0,3.95,0,0,0
2009,KOR,-2.5,-142.5,0,0,0,0,0,0,7.21,0,0,0
2009,KOR,-2.5,-137.5,0,0,0,0,0,0,1.12,0,0,0
2009,PYF,-22.5,-147.5,0,0,0,0.25,0,0,0,0,0,0
2009,PYF,-17.5,-147.5,0,0,0,0.37,0,0,1.33,0,0,0
2009,PYF,-17.5,-142.5,0,0,0,0.07,0,0,1.1,0,0,0
2009,PYF,-12.5,-147.5,0,0,0,0.14,0,0,0.9,0,0,0
2009,PYF,-12.5,-142.5,0,0,0,0.04,0,0,0.48,0,0,0
2009,TWN,-22.5,-117.5,0,0,0,0,0,0,0.9,0,0,0
2009,TWN,-17.5,-127.5,0,0,0,0,0,0,1.77,0,0,0
2009,TWN,-17.5,-122.5,0,0,0,0,0,0,10.12,0,0,0
2009,TWN,-17.5,-117.5,0,0,0,0,0,0,27.05,0,0,0
2009,TWN,-17.5,-112.5,0,0,0,0,0,0,6.45,0,0,0
2009,TWN,-12.5,-147.5,0,0,0,0,0,0,6.55,0,0,0
2009,TWN,-12.5,-142.5,0,0,0,0,0,0,1.83,0,0,0
2009,TWN,-7.5,-147.5,0,0,0,0,0,0,1.42,0,0,0
2009,TWN,-2.5,-147.5,0,0,0,0,0,0,7.61,0,0,0
2009,USA,17.5,-147.5,0,0,0,0,0,0,0,0,0,0
2009,USA,22.5,-147.5,0,0,0,0,0,0,0,0,0,0
2009,USA,22.5,-142.5,0,0,0,0,0,0,0,0,0,0
2009,USA,27.5,-147.5,0,0,0,0,0,0,0,0,0,0
2009,USA,27.5,-142.5,0,0,0,0,0,0,0,0,0,0
2009,USA,32.5,-147.5,0,0,0,0,0,0,0,0,0,0
2009,USA,32.5,-142.5,0,0,0,0,0,0,0,0,0,0
2009,BLZ,2.5,-117.5,11.09,0,13.09,0,0,0,0,0,0,0
2009,BLZ,2.5,-102.5,0.19,0,11.56,0,0,0,0,0,0,0
2009,BLZ,7.5,-112.5,3.34,0,14.06,0,0,0,0,0,0,0
2009,BLZ,7.5,-102.5,0,0,28.23,0,0,0,0,0,0,0
2009,BLZ,7.5,-97.5,0.51,0,0,0,0,0,0,0,0,0
2009,BLZ,12.5,-117.5,0.2,0,24.64,0,12.81,0,0,0,0,0
2009,BLZ,12.5,-112.5,0,0,15.66,0,0,0,0,0,0,0
2009,BLZ,12.5,-107.5,4.59,0,32.95,0,0,0,0,0,0,0
2009,CHN,-7.5,-137.5,2.99,0,0,0,1.85,0,0,1.62,0,0
2009,CHN,-7.5,-132.5,3.22,0,0,0,1.62,0,0,0.51,0,0
2009,CHN,-7.5,-127.5,3.25,0,0,0,1.45,0,0,0.55,0,0
2009,CHN,-2.5,-147.5,3.55,0,0,0,0.99,0,0,0.13,0,0
2009,CHN,-2.5,-142.5,1.33,0,0,0,0.74,0,0,0.05,0,0
2009,CHN,-2.5,-137.5,2.11,0,0,0,0.98,0,0,0.06,0,0
2009,CHN,-2.5,-132.5,1.12,0,0,0,0.45,0,0,0.13,0,0
2009,KOR,-12.5,-132.5,0,0,0,0,0,0,1.55,0,0,0
2009,KOR,-12.5,-127.5,0,0,0,0,0,0,3.38,0,0,0
2009,KOR,-12.5,-122.5,0,0,0,0,0,0,0.11,0,0,0
2009,KOR,-7.5,-137.5,0,0,0,0,0,0,0.26,0,0,0
2009,KOR,-7.5,-132.5,0,0,0,0,0,0,0.42,0,0,0
2009,KOR,-2.5,-147.5,0,0,0,0,0,0,0.09,0,0,0
2009,KOR,-2.5,-142.5,0,0,0,0,0,0,0.6,0,0,0
2009,KOR,-2.5,-137.5,0,0,0,0,0,0,3.83,0,0,0
2009,KOR,2.5,-147.5,0,0,0,0,0,0,1.34,0,0,0
2009,KOR,7.5,-147.5,0,0,0,0,0,0,0.09,0,0,0
2009,PYF,-22.5,-147.5,0,0,0,0.89,0,0,0,0,0,0
2009,PYF,-17.5,-147.5,0,0,0,0.67,0,0,3.07,0,0,0
2009,PYF,-17.5,-142.5,0,0,0,0.66,0,0,1.3,0,0,0
2009,PYF,-12.5,-147.5,0,0,0,0,0,0,0.19,0,0,0
2009,PYF,-12.5,-142.5,0,0,0,0,0,0,0.62,0,0,0
2009,TWN,-22.5,-127.5,0,0,0,0,0,0,6.74,0,0,0
2009,TWN,-22.5,-122.5,0,0,0,0,0,0,11.56,0,0,0
2009,TWN,-22.5,-117.5,0,0,0,0,0,0,4.01,0,0,0
2009,TWN,-17.5,-132.5,0,0,0,0,0,0,3.17,0,0,0
2009,TWN,-17.5,-127.5,0,0,0,0,0,0,18.5,0,0,0
2009,TWN,-17.5,-122.5,0,0,0,0,0,0,15.75,0,0,0
2009,TWN,-17.5,-117.5,0,0,0,0,0,0,1.71,0,0,0
2009,TWN,-12.5,-147.5,0,0,0,0,0,0,3.38,0,0,0
2009,TWN,-12.5,-142.5,0,0,0,0,0,0,0.45,0,0,0
2009,TWN,-7.5,-147.5,0,0,0,0,0,0,1.91,0,0,0
2009,TWN,-2.5,-147.5,0,0,0,0,0,0,5.67,0,0,0
2009,TWN,-2.5,-142.5,0,0,0,0,0,0,2.03,0,0,0
2009,TWN,2.5,-147.5,0,0,0,0,0,0,2.01,0,0,0
2009,USA,22.5,-147.5,0,0,0,0,0,0,0,0,0,0
2009,USA,27.5,-147.5,0,0,0,0,0,0,0,0,0,0
2009,USA,27.5,-142.5,0,0,0,0,0,0,0,0,0,0
2009,USA,32.5,-147.5,0,0,0,0,0,0,0,0,0,0
2009,BLZ,2.5,-117.5,0.5,0,7.84,0,0,0,0,0,0,0
2009,BLZ,2.5,-107.5,15.38,0,7.21,0,0,0,0,0,0,0
2009,BLZ,2.5,-102.5,0,0,30.5,0,0,0,0,0,0,0
2009,BLZ,7.5,-107.5,0.67,0,1.8,0,0,0,0,0,0,0
2009,BLZ,7.5,-102.5,0,0,23.2,0,0,0,0,0,0,0
2009,BLZ,7.5,-97.5,0,0,14.46,0,0,0,0,0,0,0
2009,BLZ,7.5,-87.5,0,0,3.89,0,0,0,0,0,0,0
2009,BLZ,12.5,-107.5,0,0,20.76,0,0,0,0,0,0,0
2009,BLZ,12.5,-97.5,0.55,0,17.14,0,0,0,0,0,0,0
2009,BLZ,12.5,-92.5,0,0,21.31,0,0,0,0,0,0,0
2009,BLZ,12.5,-87.5,0,0,23.34,0,0,0,0,0,0,0
2009,CHN,-7.5,-147.5,3.22,0,0,0,1.39,0,0,0.55,0,0
2009,CHN,-7.5,-142.5,2.01,0,0,0,0.88,0,0,0.77,0,0
2009,CHN,-7.5,-137.5,1.33,0,0,0,1.03,0,0,0.33,0,0
2009,CHN,-7.5,-132.5,1.55,0,0,0,1.26,0,0,0.18,0,0
2009,CHN,-2.5,-132.5,1.74,0,0,0,1.93,0,0,0.49,0,0
2009,CHN,2.5,-132.5,2.45,0,0,0,1.95,0,0,0.16,0,0
2009,CHN,7.5,-137.5,3.22,0,0,0,2.01,0,0,0.74,0,0
2009,KOR,-12.5,-127.5,0,0,0,0,0,0,0.14,0,0,0
2009,KOR,-12.5,-122.5,0,0,0,0,0,0,6.32,0,0,0
2009,KOR,-12.5,-117.5,0,0,0,0,0,0,2.59,0,0,0
2009,KOR,-2.5,-147.5,0,0,0,0,0,0,0.48,0,0,0
2009,KOR,-2.5,-142.5,0,0,0,0,0,0,0.82,0,0,0
2009,KOR,-2.5,-137.5,0,0,0,0,0,0,0.36,0,0,0
2009,KOR,2.5,-147.5,0,0,0,0,0,0,1.16,0,0,0
2009,KOR,7.5,-147.5,0,0,0,0,0,0,0.49,0,0,0
2009,PYF,-22.5,-147.5,0,0,0,0.27,0,0,0.17,0,0,0
2009,PYF,-17.5,-147.5,0,0,0,0.62,0,0,2.35,0,0,0
2009,PYF,-17.5,-142.5,0,0,0,0.17,0,0,3.07,0,0,0
2009,PYF,-12.5,-147.5,0,0,0,0,0,0,0.05,0,0,0
2009,PYF,-12.5,-142.5,0,0,0,0,0,0,0.3,0,0,0
2009,TWN,-22.5,-127.5,0,0,0,0,0,0,1.57,0,0,0
2009,TWN,-22.5,-122.5,0,0,0,0,0,0,7.54,0,0,0
2009,TWN,-22.5,-117.5,0,0,0,0,0,0,5.5,0,0,0
2009,TWN,-17.5,-127.5,0,0,0,0,0,0,15.7,0,0,0
2009,TWN,-17.5,-122.5,0,0,0,0,0,0,10.91,0,0,0
2009,TWN,-17.5,-117.5,0,0,0,0,0,0,4.92,0,0,0
2009,TWN,-12.5,-147.5,0,0,0,0,0,0,1.33,0,0,0
2009,TWN,-7.5,-142.5,0,0,0,0,0,0,0.08,0,0,0
2009,TWN,-7.5,-132.5,0,0,0,0,0,0,0.48,0,0,0
2009,TWN,-2.5,-147.5,0,0,0,0,0,0,14.16,0,0,0
2009,TWN,-2.5,-142.5,0,0,0,0,0,0,2.73,0,0,0
2009,TWN,-2.5,-137.5,0,0,0,0,0,0,1.04,0,0,0
2009,TWN,-2.5,-132.5,0,0,0,0,0,0,0.79,0,0,0
2009,TWN,2.5,-147.5,0,0,0,0,0,0,1.16,0,0,0
2009,TWN,2.5,-142.5,0,0,0,0,0,0,0.15,0,0,0
2009,TWN,7.5,-147.5,0,0,0,0,0,0,0.06,0,0,0
2009,USA,22.5,-147.5,0,0,0,0,0,0,0,0,0,0
2009,USA,22.5,-142.5,0,0,0,0,0,0,0,0,0,0
2009,USA,27.5,-147.5,0,0,0,0,0,0,0,0,0,0
2009,USA,27.5,-142.5,0,0,0,0,0,0,0,0,0,0
2009,USA,32.5,-147.5,0,0,0,0,0,0,0,0,0,0
2009,USA,32.5,-142.5,0,0,0,0,0,0,0,0,0,0
2009,USA,37.5,-147.5,0,0,0,0,0,0,0,0,0,0
2009,USA,37.5,-142.5,0,0,0,0,0,0,0,0,0,0
2009,USA,37.5,-137.5,0,0,0,0,0,0,0,0,0,0
2009,USA,37.5,-132.5,0,0,0,0,0,0,0,0,0,0
2010,BLZ,2.5,-102.5,0,0,13.13,0,0,0,0,0,0,0
2010,BLZ,7.5,-112.5,4.26,0,24.47,0,0,0.08,0,0,0,0
2010,BLZ,7.5,-107.5,0,0,29.62,0,0,0,0,0,0,0
2010,BLZ,7.5,-102.5,0,0,47.99,0,0,0,0,0,0,0
2010,BLZ,7.5,-87.5,1.13,0,15.9,0,0,0,0,0,0,0
2010,BLZ,12.5,-122.5,1.63,0,32.17,0,0,0,0,0,0,0
2010,BLZ,12.5,-117.5,0.58,0,15.65,0,0,0.12,0,0,0,0
2010,BLZ,12.5,-112.5,0.19,0,42.25,0,0,0.36,0,0,0,0
2010,BLZ,12.5,-102.5,3.9,0,33.21,0,0,0,0,0,0,0
2010,BLZ,12.5,-87.5,3.3,0,4.71,0,0,0,0,0,0,0
2010,CHN,-12.5,-127.5,1.23,0,0,0,0.24,0,0,0.12,0,0
2010,CHN,-12.5,-122.5,1.63,0,0,0,0.25,0,0,0.18,0,0
2010,CHN,-7.5,-147.5,3.06,0,0,0,0.45,0,0,0.14,0,0
2010,CHN,-7.5,-137.5,1.03,0,0,0,0.36,0,0,0.19,0,0
2010,CHN,-7.5,-132.5,1.6,0,0,0,0.26,0,0,0.11,0,0
2010,CHN,-2.5,-147.5,1.03,0,0,0,0.16,0,0,0.02,0,0
2010,CHN,-2.5,-137.5,6.11,0,0,0,0.93,0,0,2.1,0,0
2010,CHN,-2.5,-132.5,3.35,0,0,0,0.45,0,0,0.41,0,0
2010,CHN,2.5,-132.5,1.14,0,0,0,0.32,0,0,0.06,0,0
2010,KOR,-17.5,-122.5,0,0,0,0,0,0,0.27,0,0,0
2010,KOR,-12.5,-132.5,0,0,0,0,0,0,0.19,0,0,0
2010,KOR,-12.5,-127.5,0,0,0,0,0,0,5.22,0,0,0
2010,KOR,-12.5,-122.5,0,0,0,0,0,0,5.56,0,0,0
2010,KOR,-12.5,-117.5,0,0,0,0,0,0,0.48,0,0,0
2010,KOR,-7.5,-132.5,0,0,0,0,0,0,0.12,0,0,0
2010,KOR,-7.5,-127.5,0,0,0,0,0,0,2.45,0,0,0
2010,KOR,-7.5,-122.5,0,0,0,0,0,0,0.91,0,0,0
2010,KOR,-2.5,-142.5,0,0,0,0,0,0,0.57,0,0,0
2010,KOR,-2.5,-137.5,0,0,0,0,0,0,1.51,0,0,0
2010,KOR,2.5,-147.5,0,0,0,0,0,0,1.6,0,0,0
2010,KOR,2.5,-142.5,0,0,0,0,0,0,0.66,0,0,0
2010,PYF,-17.5,-147.5,0,0,0,0.04,0,0,1.27,0,0,0
2010,PYF,-17.5,-142.5,0,0,0,0.22,0,0,3.81,0,0,0
2010,PYF,-12.5,-147.5,0,0,0,0,0,0,2.94,0,0,0
2010,PYF,-12.5,-142.5,0,0,0,0.07,0,0,3.78,0,0,0
2010,TWN,-22.5,-127.5,0,0,0,0,0,0,1.76,0,0,0
2010,TWN,-17.5,-132.5,0,0,0,0,0,0,13.43,0,0,0
2010,TWN,-17.5,-127.5,0,0,0,0,0,0,5.12,0,0,0
2010,TWN,-17.5,-122.5,0,0,0,0,0,0,1.15,0,0,0
2010,TWN,-17.5,-117.5,0,0,0,0,0,0,1.72,0,0,0
2010,TWN,-12.5,-132.5,0,0,0,0,0,0,20.27,0,0,0
2010,TWN,-7.5,-147.5,0,0,0,0,0,0,2.84,0,0,0
2010,TWN,-7.5,-142.5,0,0,0,0,0,0,0.77,0,0,0
2010,TWN,-7.5,-137.5,0,0,0,0,0,0,0.54,0,0,0
2010,TWN,-7.5,-132.5,0,0,0,0,0,0,1.03,0,0,0
2010,TWN,-2.5,-147.5,0,0,0,0,0,0,4.96,0,0,0
2010,TWN,-2.5,-142.5,0,0,0,0,0,0,9.8,0,0,0
2010,TWN,-2.5,-137.5,0,0,0,0,0,0,1.74,0,0,0
2010,TWN,-2.5,-132.5,0,0,0,0,0,0,0.11,0,0,0
2010,TWN,2.5,-147.5,0,0,0,0,0,0,0.75,0,0,0
2010,TWN,27.5,-142.5,0,0,0,0,0,0,0.12,0,0,0
2010,USA,22.5,-147.5,0,0,0,0,0,0,0,0,0,0
2010,USA,27.5,-147.5,0,0,0,0,0,0,0,0,0,0
2010,USA,32.5,-147.5,0,0,0,0,0,0,0,0,0,0
2010,USA,32.5,-142.5,0,0,0,0,0,0,0,0,0,0
2010,USA,32.5,-137.5,0,0,0,0,0,0,0,0,0,0
2010,USA,37.5,-137.5,0,0,0,0,0,0,0,0,0,0
2010,BLZ,2.5,-102.5,0,0,9.02,0,0,0,0,0,0,0
2010,BLZ,7.5,-117.5,7.07,0,43.81,0,0,0,0,0,0,0
2010,BLZ,7.5,-112.5,0.49,0,11.96,0,0,0.09,0,0,0,0
2010,BLZ,7.5,-107.5,2.24,0,23.34,0,0,0,0,0,0,0
2010,BLZ,7.5,-92.5,0.27,0,0.44,0,0,0,0,0,0,0
2010,BLZ,7.5,-87.5,0,0,6.78,0,0,0.04,0,0,0,0
2010,BLZ,7.5,-82.5,0.03,0,4.8,0,0,0.14,0,0,0,0
2010,BLZ,12.5,-112.5,0.68,0,11.36,0,0,0,0,0,0,0
2010,BLZ,12.5,-102.5,3.65,0,35.97,0,0,0.35,0,0,0,0
2010,BLZ,12.5,-92.5,0.92,0,19.59,0,0,0.03,0,0,0,0
2010,BLZ,12.5,-87.5,0,0,9.27,0,0,0.15,0,0,0,0
2010,BLZ,12.5,-82.5,0.06,0,7.33,0,0,0,0,0,0,0
2010,CHN,-12.5,-137.5,0.52,0,0,0,0.08,0,0,0.23,0,0
2010,CHN,-12.5,-112.5,1.09,0,0,0,0.23,0,0,0.62,0,0
2010,CHN,-7.5,-132.5,3.48,0,0,0,0.68,0,0,1.89,0,0
2010,CHN,-7.5,-127.5,2.28,0,0,0,0.39,0,0,0.95,0,0
2010,CHN,-2.5,-132.5,1.82,0,0,0,0.35,0,0,0.76,0,0
2010,KOR,-12.5,-127.5,0,0,0,0,0,0,1.52,0,0,0
2010,KOR,-12.5,-122.5,0,0,0,0,0,0,0.91,0,0,0
2010,KOR,-7.5,-137.5,0,0,0,0,0,0,0.14,0,0,0
2010,KOR,-7.5,-132.5,0,0,0,0,0,0,0.24,0,0,0
2010,KOR,-7.5,-127.5,0,0,0,0,0,0,5.17,0,0,0
2010,KOR,-7.5,-122.5,0,0,0,0,0,0,5.05,0,0,0
2010,KOR,-2.5,-142.5,0,0,0,0,0,0,0.57,0,0,0
2010,KOR,-2.5,-137.5,0,0,0,0,0,0,1.18,0,0,0
2010,KOR,-2.5,-127.5,0,0,0,0,0,0,0.4,0,0,0
2010,KOR,2.5,-147.5,0,0,0,0,0,0,0.92,0,0,0
2010,KOR,2.5,-142.5,0,0,0,0,0,0,1.4,0,0,0
2010,KOR,2.5,-137.5,0,0,0,0,0,0,0.43,0,0,0
2010,PYF,-17.5,-147.5,0,0,0,0,0,0,1.54,0,0,0
2010,PYF,-17.5,-142.5,0,0,0,0.1,0,0,2.11,0,0,0
2010,PYF,-12.5,-147.5,0,0,0,0.26,0,0,2.78,0,0,0
2010,PYF,-12.5,-142.5,0,0,0,0,0,0,0.12,0,0,0
2010,TWN,-42.5,-122.5,0,0,0,0,0,0,0.22,0,0,0
2010,TWN,-32.5,-127.5,0,0,0,0,0,0,0.13,0,0,0
2010,TWN,-22.5,-127.5,0,0,0,0,0,0,0.42,0,0,0
2010,TWN,-17.5,-132.5,0,0,0,0,0,0,1.62,0,0,0
2010,TWN,-17.5,-127.5,0,0,0,0,0,0,3.62,0,0,0
2010,TWN,-12.5,-142.5,0,0,0,0,0,0,1.15,0,0,0
2010,TWN,-12.5,-132.5,0,0,0,0,0,0,2.01,0,0,0
2010,TWN,-7.5,-147.5,0,0,0,0,0,0,4.45,0,0,0
2010,TWN,-7.5,-142.5,0,0,0,0,0,0,0.24,0,0,0
2010,TWN,-7.5,-137.5,0,0,0,0,0,0,2.27,0,0,0
2010,TWN,-7.5,-132.5,0,0,0,0,0,0,2.15,0,0,0
2010,TWN,-2.5,-147.5,0,0,0,0,0,0,6.21,0,0,0
2010,TWN,-2.5,-142.5,0,0,0,0,0,0,3.2,0,0,0
2010,TWN,-2.5,-137.5,0,0,0,0,0,0,0.79,0,0,0
2010,TWN,2.5,-147.5,0,0,0,0,0,0,1.63,0,0,0
2010,TWN,2.5,-132.5,0,0,0,0,0,0,0.22,0,0,0
2010,TWN,7.5,-147.5,0,0,0,0,0,0,3.05,0,0,0
2010,TWN,22.5,-142.5,0,0,0,0,0,0,0.16,0,0,0
2010,TWN,27.5,-147.5,0,0,0,0,0,0,7.54,0,0,0
2010,TWN,27.5,-142.5,0,0,0,0,0,0,24.83,0,0,0
2010,TWN,27.5,-137.5,0,0,0,0,0,0,2.29,0,0,0
2010,TWN,32.5,-147.5,0,0,0,0,0,0,0.3,0,0,0
2010,TWN,32.5,-142.5,0,0,0,0,0,0,3.88,0,0,0
2010,USA,22.5,-147.5,0,0,0,0,0,0,0,0,0,0
2010,USA,27.5,-147.5,0,0,0,0,0,0,0,0,0,0
2010,USA,32.5,-147.5,0,0,0,0,0,0,0,0,0,0
2010,USA,32.5,-142.5,0,0,0,0,0,0,0,0,0,0
2010,USA,32.5,-137.5,0,0,0,0,0,0,0,0,0,0
2010,BLZ,2.5,-117.5,3.93,0,9.76,0,0,0,0,0,0,0
2010,BLZ,2.5,-102.5,1.29,0,9.02,0,0,0,0,0,0,0
2010,BLZ,7.5,-117.5,0.43,0,20.37,0,0,0,0,0,0,0
2010,BLZ,7.5,-107.5,0.35,0,10.44,0,0,0,0,0,0,0
2010,BLZ,7.5,-102.5,2.83,0,33.41,0,0,0.17,0,0,0,0
2010,BLZ,7.5,-92.5,0.78,0,17.71,0,0,0,0,0,0,0
2010,BLZ,7.5,-87.5,5.19,0,31.32,0,0,0,0,0,0,0
2010,BLZ,7.5,-82.5,0.58,0,15.58,0,0,0,0,0,0,0
2010,BLZ,12.5,-107.5,0,0,0.48,0,0,0.49,0,0,0,0
2010,BLZ,12.5,-102.5,0.53,0,13.36,0,0,0,0,0,0,0
2010,BLZ,12.5,-97.5,0.42,0,15.5,0,0,0,0,0,0,0
2010,BLZ,12.5,-87.5,0,0,9.98,0,0,0.18,0,0,0,0
2010,CHN,-12.5,-147.5,0.57,0,0,0,0.08,0,0,0.08,0,0
2010,CHN,-7.5,-142.5,0.35,0,0,0,0.29,0,0,0.04,0,0
2010,CHN,-7.5,-132.5,0.58,0,0,0,0.08,0,0,0.12,0,0
2010,CHN,-2.5,-147.5,2.19,0,0,0,0.38,0,0,0.1,0,0
2010,CHN,-2.5,-142.5,2.34,0,0,0,0.45,0,0,0.25,0,0
2010,CHN,-2.5,-132.5,0.45,0,0,0,0.17,0,0,0.09,0,0
2010,CHN,2.5,-147.5,1.41,0,0,0,0.39,0,0,0.2,0,0
2010,CHN,2.5,-142.5,1.14,0,0,0,0.22,0,0,0.08,0,0
2010,CHN,2.5,-132.5,1.08,0,0,0,0.17,0,0,0.24,0,0
2010,CHN,2.5,-127.5,0.78,0,0,0,0,0,0,0.12,0,0
2010,CHN,2.5,-102.5,1.04,0,0,0,0.17,0,0,0.48,0,0
2010,KOR,-7.5,-127.5,0,0,0,0,0,0,0.4,0,0,0
2010,KOR,-7.5,-122.5,0,0,0,0,0,0,1.06,0,0,0
2010,KOR,-2.5,-142.5,0,0,0,0,0,0,0.2,0,0,0
2010,KOR,-2.5,-137.5,0,0,0,0,0,0,1.49,0,0,0
2010,KOR,-2.5,-132.5,0,0,0,0,0,0,0.06,0,0,0
2010,KOR,-2.5,-127.5,0,0,0,0,0,0,6.98,0,0,0
2010,KOR,-2.5,-122.5,0,0,0,0,0,0,0.21,0,0,0
2010,KOR,2.5,-147.5,0,0,0,0,0,0,1.29,0,0,0
2010,KOR,2.5,-142.5,0,0,0,0,0,0,6.47,0,0,0
2010,KOR,2.5,-137.5,0,0,0,0,0,0,2.05,0,0,0
2010,KOR,2.5,-132.5,0,0,0,0,0,0,0.28,0,0,0
2010,KOR,7.5,-147.5,0,0,0,0,0,0,0.34,0,0,0
2010,KOR,7.5,-142.5,0,0,0,0,0,0,0.76,0,0,0
2010,PYF,-17.5,-147.5,0,0,0,0,0,0,3.73,0,0,0
2010,PYF,-17.5,-142.5,0,0,0,0.27,0,0,7.36,0,0,0
2010,PYF,-12.5,-147.5,0,0,0,0.11,0,0,2.67,0,0,0
2010,PYF,-12.5,-142.5,0,0,0,0,0,0,1.22,0,0,0
2010,PYF,-12.5,-137.5,0,0,0,0,0,0,0.15,0,0,0
2010,TWN,-32.5,-137.5,0,0,0,0,0,0,0.17,0,0,0
2010,TWN,-32.5,-132.5,0,0,0,0,0,0,1.63,0,0,0
2010,TWN,-32.5,-127.5,0,0,0,0,0,0,1.17,0,0,0
2010,TWN,-32.5,-122.5,0,0,0,0,0,0,0.17,0,0,0
2010,TWN,-17.5,-132.5,0,0,0,0,0,0,0.45,0,0,0
2010,TWN,-12.5,-137.5,0,0,0,0,0,0,0.03,0,0,0
2010,TWN,-12.5,-132.5,0,0,0,0,0,0,1.88,0,0,0
2010,TWN,-7.5,-147.5,0,0,0,0,0,0,2.64,0,0,0
2010,TWN,-7.5,-142.5,0,0,0,0,0,0,0.2,0,0,0
2010,TWN,-7.5,-137.5,0,0,0,0,0,0,0.05,0,0,0
2010,TWN,-2.5,-147.5,0,0,0,0,0,0,1.45,0,0,0
2010,TWN,-2.5,-142.5,0,0,0,0,0,0,1.91,0,0,0
2010,TWN,-2.5,-137.5,0,0,0,0,0,0,0.21,0,0,0
2010,TWN,2.5,-147.5,0,0,0,0,0,0,2.48,0,0,0
2010,TWN,2.5,-142.5,0,0,0,0,0,0,1.17,0,0,0
2010,TWN,2.5,-137.5,0,0,0,0,0,0,0.48,0,0,0
2010,TWN,2.5,-132.5,0,0,0,0,0,0,0.27,0,0,0
2010,TWN,7.5,-147.5,0,0,0,0,0,0,0.61,0,0,0
2010,TWN,7.5,-132.5,0,0,0,0,0,0,0.14,0,0,0
2010,TWN,27.5,-147.5,0,0,0,0,0,0,8.52,0,0,0
2010,TWN,27.5,-142.5,0,0,0,0,0,0,13.42,0,0,0
2010,TWN,27.5,-137.5,0,0,0,0,0,0,7.13,0,0,0
2010,TWN,32.5,-147.5,0,0,0,0,0,0,0.61,0,0,0
2010,USA,22.5,-147.5,0,0,0,0,0,0,0,0,0,0
2010,USA,27.5,-147.5,0,0,0,0,0,0,0,0,0,0
2010,USA,27.5,-142.5,0,0,0,0,0,0,0,0,0,0
2010,USA,32.5,-142.5,0,0,0,0,0,0,0,0,0,0
2010,USA,32.5,-137.5,0,0,0,0,0,0,0,0,0,0
2010,BLZ,2.5,-102.5,2.07,0,17.31,0,0,0,0,0,0,0
2010,BLZ,2.5,-87.5,0,0,1.58,0,0,0,0,0,0,0
2010,BLZ,7.5,-112.5,1.64,0,10.64,0,0,0,0,0,0,0
2010,BLZ,7.5,-107.5,8.23,0,19.8,0,0,0,0,0,0,0
2010,BLZ,7.5,-102.5,4.16,0,16.43,0,0,0,0,0,0,0
2010,BLZ,7.5,-97.5,0.22,0,16.82,0,0,0.14,0,0,0,0
2010,BLZ,7.5,-87.5,2.29,0,28.88,0,0,0.43,0,0,0,0
2010,BLZ,12.5,-102.5,0.11,0,7.12,0,0,0,0,0,0,0
2010,BLZ,12.5,-97.5,0.6,0,31.84,0,0,0,0,0,0,0
2010,BLZ,12.5,-87.5,2.72,0,36.57,0,0,0.26,0,0,0,0
2010,CHN,-7.5,-147.5,3.15,0,0,0,0.66,0,0,0.14,0,0
2010,CHN,-7.5,-102.5,1.35,0,0,0,0.21,0,0,0.12,0,0
2010,CHN,-2.5,-147.5,1.9,0,0,0,0.31,0,0,0.08,0,0
2010,CHN,2.5,-147.5,2.06,0,0,0,0.13,0,0,0.1,0,0
2010,CHN,2.5,-142.5,0.79,0,0,0,0.13,0,0,0.12,0,0
2010,CHN,2.5,-137.5,0.78,0,0,0,0.13,0,0,0.03,0,0
2010,KOR,-2.5,-147.5,0,0,0,0,0,0,0.29,0,0,0
2010,KOR,-2.5,-127.5,0,0,0,0,0,0,14.8,0,0,0
2010,KOR,2.5,-147.5,0,0,0,0,0,0,1.09,0,0,0
2010,KOR,2.5,-142.5,0,0,0,0,0,0,4.29,0,0,0
2010,KOR,2.5,-137.5,0,0,0,0,0,0,3.5,0,0,0
2010,KOR,2.5,-127.5,0,0,0,0,0,0,0.68,0,0,0
2010,KOR,7.5,-147.5,0,0,0,0,0,0,4.13,0,0,0
2010,KOR,7.5,-142.5,0,0,0,0,0,0,4.25,0,0,0
2010,KOR,7.5,-137.5,0,0,0,0,0,0,1.91,0,0,0
2010,PYF,-22.5,-147.5,0,0,0,0.06,0,0,0,0,0,0
2010,PYF,-17.5,-147.5,0,0,0,0.06,0,0,0.99,0,0,0
2010,PYF,-17.5,-142.5,0,0,0,0.06,0,0,1.86,0,0,0
2010,PYF,-12.5,-147.5,0,0,0,0,0,0,2.62,0,0,0
2010,PYF,-12.5,-142.5,0,0,0,0,0,0,2.4,0,0,0
2010,TWN,-32.5,-147.5,0,0,0,0,0,0,0.79,0,0,0
2010,TWN,-32.5,-137.5,0,0,0,0,0,0,1.94,0,0,0
2010,TWN,-32.5,-132.5,0,0,0,0,0,0,2.27,0,0,0
2010,TWN,-32.5,-127.5,0,0,0,0,0,0,2.22,0,0,0
2010,TWN,-27.5,-122.5,0,0,0,0,0,0,1.35,0,0,0
2010,TWN,-12.5,-147.5,0,0,0,0,0,0,0.25,0,0,0
2010,TWN,-7.5,-147.5,0,0,0,0,0,0,1.54,0,0,0
2010,TWN,-2.5,-147.5,0,0,0,0,0,0,0.02,0,0,0
2010,TWN,-2.5,-142.5,0,0,0,0,0,0,0.15,0,0,0
2010,TWN,-2.5,-137.5,0,0,0,0,0,0,0.27,0,0,0
2010,TWN,2.5,-147.5,0,0,0,0,0,0,5.06,0,0,0
2010,TWN,2.5,-142.5,0,0,0,0,0,0,1.14,0,0,0
2010,TWN,2.5,-137.5,0,0,0,0,0,0,0.12,0,0,0
2010,TWN,2.5,-132.5,0,0,0,0,0,0,0.53,0,0,0
2010,TWN,7.5,-147.5,0,0,0,0,0,0,4.38,0,0,0
2010,TWN,7.5,-142.5,0,0,0,0,0,0,3.13,0,0,0
2010,TWN,7.5,-132.5,0,0,0,0,0,0,0.17,0,0,0
2010,TWN,27.5,-142.5,0,0,0,0,0,0,1.94,0,0,0
2010,TWN,27.5,-137.5,0,0,0,0,0,0,1.03,0,0,0
2010,TWN,27.5,-132.5,0,0,0,0,0,0,0.33,0,0,0
2010,USA,22.5,-147.5,0,0,0,0,0,0,0,0,0,0
2010,USA,22.5,-142.5,0,0,0,0,0,0,0,0,0,0
2010,USA,27.5,-147.5,0,0,0,0,0,0,0,0,0,0
2010,USA,32.5,-147.5,0,0,0,0,0,0,0,0,0,0
2010,USA,32.5,-142.5,0,0,0,0,0,0,0,0,0,0
2010,BLZ,2.5,-107.5,0.84,0,6.02,0,0,0,0,0,0,0
2010,BLZ,2.5,-102.5,1.25,0,11.92,0,0,0,0,0,0,0
2010,BLZ,2.5,-87.5,0.92,0,10.58,0,0,0,0,0,0,0
2010,BLZ,2.5,-82.5,3.12,0,8.22,0,0,0,0,0,0,0
2010,BLZ,7.5,-117.5,4.12,0,6.79,0,0,0,0,0,0,0
2010,BLZ,7.5,-112.5,2.01,0,17.23,0,0,0.58,0,0,0,0
2010,BLZ,7.5,-107.5,5.42,0,23.21,0,0,0,0,0,0,0
2010,BLZ,7.5,-102.5,1.35,0,53.45,0,0,0.15,0,0,0,0
2010,BLZ,7.5,-97.5,2.77,0,16.36,0,0,0,0,0,0,0
2010,BLZ,7.5,-87.5,1.26,0,14.36,0,0,0,0,0,0,0
2010,BLZ,7.5,-82.5,1.27,0,8.7,0,0,0,0,0,0,0
2010,BLZ,12.5,-97.5,1.14,0,7.99,0,0,0,0,0,0,0
2010,BLZ,12.5,-87.5,0.79,0,2.94,0,0,0,0,0,0,0
2010,CHN,-7.5,-147.5,1.13,0,0,0,0.17,0,0,0.18,0,0
2010,CHN,-7.5,-137.5,1.42,0,0,0,0.21,0,0,0.23,0,0
2010,CHN,-7.5,-97.5,1.44,0,0,0,0.23,0,0,0.52,0,0
2010,CHN,-2.5,-147.5,0.48,0,0,0,0,0,0,0.11,0,0
2010,CHN,-2.5,-142.5,0.79,0,0,0,0.14,0,0,0.14,0,0
2010,CHN,2.5,-147.5,1.27,0,0,0,0.31,0,0,0.63,0,0
2010,CHN,2.5,-137.5,0.79,0,0,0,0.13,0,0,0.48,0,0
2010,CHN,2.5,-132.5,1.81,0,0,0,0.29,0,0,0.28,0,0
2010,KOR,-7.5,-122.5,0,0,0,0,0,0,0.37,0,0,0
2010,KOR,-7.5,-117.5,0,0,0,0,0,0,1.25,0,0,0
2010,KOR,-7.5,-112.5,0,0,0,0,0,0,1.9,0,0,0
2010,KOR,-2.5,-142.5,0,0,0,0,0,0,0.05,0,0,0
2010,KOR,-2.5,-137.5,0,0,0,0,0,0,0.62,0,0,0
2010,KOR,-2.5,-117.5,0,0,0,0,0,0,2.08,0,0,0
2010,KOR,2.5,-147.5,0,0,0,0,0,0,0.03,0,0,0
2010,KOR,2.5,-142.5,0,0,0,0,0,0,3.32,0,0,0
2010,KOR,2.5,-137.5,0,0,0,0,0,0,4.01,0,0,0
2010,KOR,2.5,-132.5,0,0,0,0,0,0,1.58,0,0,0
2010,KOR,2.5,-127.5,0,0,0,0,0,0,1.98,0,0,0
2010,KOR,2.5,-122.5,0,0,0,0,0,0,3.25,0,0,0
2010,KOR,2.5,-117.5,0,0,0,0,0,0,4.49,0,0,0
2010,KOR,7.5,-147.5,0,0,0,0,0,0,0.4,0,0,0
2010,KOR,7.5,-142.5,0,0,0,0,0,0,0.87,0,0,0
2010,KOR,7.5,-137.5,0,0,0,0,0,0,2.06,0,0,0
2010,KOR,7.5,-132.5,0,0,0,0,0,0,0.75,0,0,0
2010,KOR,7.5,-127.5,0,0,0,0,0,0,0.39,0,0,0
2010,KOR,7.5,-122.5,0,0,0,0,0,0,0.05,0,0,0
2010,KOR,7.5,-117.5,0,0,0,0,0,0,0.06,0,0,0
2010,PYF,-22.5,-147.5,0,0,0,0.04,0,0,0,0,0,0
2010,PYF,-17.5,-147.5,0,0,0,0.04,0,0,0.08,0,0,0
2010,PYF,-17.5,-142.5,0,0,0,0,0,0,0.1,0,0,0
2010,PYF,-12.5,-147.5,0,0,0,0,0,0,2.13,0,0,0
2010,PYF,-12.5,-142.5,0,0,0,0.2,0,0,3.82,0,0,0
2010,TWN,-32.5,-147.5,0,0,0,0,0,0,1.42,0,0,0
2010,TWN,-32.5,-142.5,0,0,0,0,0,0,4.88,0,0,0
2010,TWN,-12.5,-142.5,0,0,0,0,0,0,0.04,0,0,0
2010,TWN,-7.5,-147.5,0,0,0,0,0,0,7.36,0,0,0
2010,TWN,-7.5,-142.5,0,0,0,0,0,0,0.04,0,0,0
2010,TWN,-7.5,-137.5,0,0,0,0,0,0,0.74,0,0,0
2010,TWN,-7.5,-132.5,0,0,0,0,0,0,3.97,0,0,0
2010,TWN,-2.5,-147.5,0,0,0,0,0,0,2.53,0,0,0
2010,TWN,-2.5,-142.5,0,0,0,0,0,0,1.29,0,0,0
2010,TWN,-2.5,-137.5,0,0,0,0,0,0,0.06,0,0,0
2010,TWN,-2.5,-132.5,0,0,0,0,0,0,0.39,0,0,0
2010,TWN,2.5,-147.5,0,0,0,0,0,0,2.59,0,0,0
2010,TWN,2.5,-142.5,0,0,0,0,0,0,3.13,0,0,0
2010,TWN,2.5,-137.5,0,0,0,0,0,0,0.13,0,0,0
2010,TWN,7.5,-147.5,0,0,0,0,0,0,2.57,0,0,0
2010,TWN,7.5,-142.5,0,0,0,0,0,0,0.32,0,0,0
2010,USA,22.5,-147.5,0,0,0,0,0,0,0,0,0,0
2010,USA,27.5,-147.5,0,0,0,0,0,0,0,0,0,0
2010,BLZ,2.5,-117.5,2.93,0,6.29,0,0,0,0,0,0,0
2010,BLZ,2.5,-112.5,5.17,0,12.91,0,0,0,0,0,0,0
2010,BLZ,2.5,-107.5,1.86,0,5.64,0,0,0,0,0,0,0
2010,BLZ,2.5,-102.5,0.87,0,9.71,0,0,0,0,0,0,0
2010,BLZ,2.5,-97.5,6.18,0,4.65,0,0,0,0,0,0,0
2010,BLZ,2.5,-87.5,0.7,0,10.27,0,0,0.08,0,0,0,0
2010,BLZ,2.5,-82.5,0.34,0,9.3,0,0,0,0,0,0,0
2010,BLZ,7.5,-112.5,4.95,0,16.61,0,0,0,0,0,0,0
2010,BLZ,7.5,-107.5,1.06,0,2.65,0,0,0,0,0,0,0
2010,BLZ,7.5,-102.5,1.42,0,15.39,0,0,0.56,0,0,0,0
2010,BLZ,7.5,-97.5,0,0,11.79,0,0,0,0,0,0,0
2010,BLZ,7.5,-87.5,1.61,0,14.64,0,0,0,0,0,0,0
2010,BLZ,7.5,-82.5,1.03,0,7.2,0,0,0,0,0,0,0
2010,BLZ,12.5,-112.5,2.41,0,15.84,0,0,0,0,0,0,0
2010,BLZ,12.5,-102.5,0.14,0,10.19,0,0,0,0,0,0,0
2010,CHN,-12.5,-132.5,5.21,0,0,0,0.94,0,0,1.91,0,0
2010,CHN,-12.5,-97.5,0.33,0,0,0,0.08,0,0,0.34,0,0
2010,CHN,7.5,-142.5,0.14,0,0,0,0.08,0,0,0.28,0,0
2010,CHN,7.5,-137.5,0.62,0,0,0,0,0,0,3.18,0,0
2010,CHN,7.5,-132.5,1.92,0,0,0,0.38,0,0,1.06,0,0
2010,CHN,12.5,-142.5,0.27,0,0,0,0.08,0,0,0.3,0,0
2010,CHN,12.5,-132.5,0.53,0,0,0,0.16,0,0,2.74,0,0
2010,KOR,-12.5,-132.5,0,0,0,0,0,0,0.41,0,0,0
2010,KOR,-7.5,-137.5,0,0,0,0,0,0,1.6,0,0,0
2010,KOR,-7.5,-132.5,0,0,0,0,0,0,6.34,0,0,0
2010,KOR,-7.5,-127.5,0,0,0,0,0,0,6.17,0,0,0
2010,KOR,-7.5,-122.5,0,0,0,0,0,0,8.47,0,0,0
2010,KOR,-7.5,-117.5,0,0,0,0,0,0,0.22,0,0,0
2010,KOR,-2.5,-147.5,0,0,0,0,0,0,0.04,0,0,0
2010,KOR,-2.5,-127.5,0,0,0,0,0,0,1.07,0,0,0
2010,KOR,-2.5,-117.5,0,0,0,0,0,0,0.01,0,0,0
2010,KOR,2.5,-147.5,0,0,0,0,0,0,1.92,0,0,0
2010,KOR,2.5,-142.5,0,0,0,0,0,0,1.14,0,0,0
2010,KOR,2.5,-137.5,0,0,0,0,0,0,0.31,0,0,0
2010,KOR,2.5,-127.5,0,0,0,0,0,0,2.04,0,0,0
2010,KOR,2.5,-122.5,0,0,0,0,0,0,0.03,0,0,0
2010,KOR,2.5,-112.5,0,0,0,0,0,0,0.26,0,0,0
2010,KOR,7.5,-147.5,0,0,0,0,0,0,2.32,0,0,0
2010,KOR,7.5,-142.5,0,0,0,0,0,0,1.11,0,0,0
2010,KOR,7.5,-132.5,0,0,0,0,0,0,0.08,0,0,0
2010,KOR,7.5,-127.5,0,0,0,0,0,0,0.01,0,0,0
2010,PYF,-17.5,-147.5,0,0,0,0.06,0,0,0.99,0,0,0
2010,PYF,-17.5,-142.5,0,0,0,0,0,0,0.1,0,0,0
2010,PYF,-12.5,-147.5,0,0,0,0.37,0,0,2.27,0,0,0
2010,PYF,-12.5,-142.5,0,0,0,0,0,0,0.67,0,0,0
2010,TWN,-12.5,-147.5,0,0,0,0,0,0,6.21,0,0,0
2010,TWN,-12.5,-142.5,0,0,0,0,0,0,0.12,0,0,0
2010,TWN,-12.5,-137.5,0,0,0,0,0,0,0.36,0,0,0
2010,TWN,-12.5,-132.5,0,0,0,0,0,0,15.75,0,0,0
2010,TWN,-7.5,-147.5,0,0,0,0,0,0,7.36,0,0,0
2010,TWN,-7.5,-142.5,0,0,0,0,0,0,2.41,0,0,0
2010,TWN,-7.5,-137.5,0,0,0,0,0,0,0.65,0,0,0
2010,TWN,-7.5,-132.5,0,0,0,0,0,0,1.84,0,0,0
2010,TWN,-2.5,-147.5,0,0,0,0,0,0,4,0,0,0
2010,USA,27.5,-147.5,0,0,0,0,0,0,0,0,0,0
2010,USA,27.5,-142.5,0,0,0,0,0,0,0,0,0,0
2010,BLZ,2.5,-112.5,0.18,0,7.8,0,0,0,0,0,0,0
2010,BLZ,2.5,-107.5,5.41,0,5.02,0,0,0,0,0,0,0
2010,BLZ,2.5,-102.5,12.4,0,39.85,0,0,0,0,0,0,0
2010,BLZ,2.5,-97.5,2.7,0,15.07,0,0,0,0,0,0,0
2010,BLZ,2.5,-82.5,0,0,2.22,0,0,0,0,0,0,0
2010,BLZ,7.5,-112.5,1.48,0,9.27,0,0,0,0,0,0,0
2010,BLZ,7.5,-102.5,1.38,0,6.87,0,0,0,0,0,0,0
2010,BLZ,7.5,-87.5,2.15,0,11.74,0,0,0,0,0,0,0
2010,BLZ,7.5,-82.5,0.05,0,5.55,0,0,0,0,0,0,0
2010,BLZ,12.5,-112.5,0.6,0,13.67,0,0,0,0,0,0,0
2010,CHN,-12.5,-132.5,1.85,0,0,0,0.26,0,0,0.26,0,0
2010,CHN,-7.5,-137.5,0.75,0,0,0,0.16,0,0,0.26,0,0
2010,CHN,-7.5,-132.5,7.53,0,0,0,1.04,0,0,1.04,0,0
2010,KOR,-12.5,-132.5,0,0,0,0,0,0,6.35,0,0,0
2010,KOR,-12.5,-127.5,0,0,0,0,0,0,8.04,0,0,0
2010,KOR,-7.5,-137.5,0,0,0,0,0,0,0.6,0,0,0
2010,KOR,-7.5,-132.5,0,0,0,0,0,0,4.42,0,0,0
2010,KOR,-7.5,-127.5,0,0,0,0,0,0,10.72,0,0,0
2010,KOR,-2.5,-132.5,0,0,0,0,0,0,1.62,0,0,0
2010,KOR,2.5,-147.5,0,0,0,0,0,0,1.25,0,0,0
2010,KOR,2.5,-142.5,0,0,0,0,0,0,0.52,0,0,0
2010,KOR,2.5,-137.5,0,0,0,0,0,0,0.75,0,0,0
2010,KOR,2.5,-132.5,0,0,0,0,0,0,7.47,0,0,0
2010,KOR,2.5,-127.5,0,0,0,0,0,0,1.56,0,0,0
2010,KOR,7.5,-147.5,0,0,0,0,0,0,0.81,0,0,0
2010,KOR,7.5,-142.5,0,0,0,0,0,0,0.79,0,0,0
2010,KOR,7.5,-137.5,0,0,0,0,0,0,0.83,0,0,0
2010,KOR,7.5,-132.5,0,0,0,0,0,0,2.85,0,0,0
2010,PYF,-22.5,-147.5,0,0,0,0.08,0,0,0,0,0,0
2010,PYF,-17.5,-147.5,0,0,0,0.44,0,0,6.37,0,0,0
2010,PYF,-17.5,-142.5,0,0,0,0.11,0,0,0,0,0,0
2010,PYF,-12.5,-147.5,0,0,0,0,0,0,1,0,0,0
2010,PYF,-12.5,-142.5,0,0,0,0,0,0,0.8,0,0,0
2010,TWN,-12.5,-147.5,0,0,0,0,0,0,1.85,0,0,0
2010,TWN,-12.5,-137.5,0,0,0,0,0,0,7.68,0,0,0
2010,TWN,-12.5,-132.5,0,0,0,0,0,0,21.46,0,0,0
2010,TWN,-7.5,-147.5,0,0,0,0,0,0,3.58,0,0,0
2010,TWN,-7.5,-142.5,0,0,0,0,0,0,0.74,0,0,0
2010,TWN,-7.5,-137.5,0,0,0,0,0,0,2.43,0,0,0
2010,TWN,-7.5,-132.5,0,0,0,0,0,0,6.58,0,0,0
2010,TWN,-2.5,-142.5,0,0,0,0,0,0,0.01,0,0,0
2010,TWN,-2.5,-137.5,0,0,0,0,0,0,2.97,0,0,0
2010,TWN,-2.5,-132.5,0,0,0,0,0,0,0.11,0,0,0
2010,USA,27.5,-147.5,0,0,0,0,0,0,0,0,0,0
2010,BLZ,2.5,-112.5,8.3,0,13.72,0,0,0,0,0,0,0
2010,BLZ,2.5,-107.5,0.6,0,5.04,0,0,0,0,0,0,0
2010,BLZ,2.5,-102.5,2.54,0,5.24,0,0,0,0,0,0,0
2010,BLZ,2.5,-97.5,1.53,0,10.49,0,0,0,0,0,0,0
2010,BLZ,2.5,-92.5,0,0,9.67,0,0,0,0,0,0,0
2010,BLZ,2.5,-82.5,2.49,0,13.69,0,0,0,0,0,0,0
2010,BLZ,7.5,-102.5,4.19,0,17.65,0,0,0,0,0,0,0
2010,BLZ,7.5,-97.5,1.52,0,6.97,0,0,0,0,0,0,0
2010,BLZ,7.5,-92.5,0.09,0,8.09,0,0,0,0,0,0,0
2010,BLZ,7.5,-87.5,2.58,0,13.9,0,0,0,0,0,0,0
2010,BLZ,7.5,-82.5,0.36,0,5.42,0,0,0,0,0,0,0
2010,BLZ,12.5,-112.5,0.79,0,15.14,0,0,0,0,0,0,0
2010,CHN,-17.5,-92.5,0.15,0,0,0,0,0,0,0.49,0,0
2010,CHN,-12.5,-142.5,0.14,0,0,0,0,0,0,0.42,0,0
2010,CHN,-12.5,-132.5,8.54,0,0,0,2.02,0,0,3.79,0,0
2010,CHN,-7.5,-142.5,0.58,0,0,0,0.08,0,0,0.45,0,0
2010,CHN,-7.5,-132.5,1.24,0,0,0,0.16,0,0,0.18,0,0
2010,CHN,7.5,-147.5,0.5,0,0,0,0.17,0,0,0.49,0,0
2010,CHN,7.5,-137.5,0.44,0,0,0,0.08,0,0,0.3,0,0
2010,CHN,12.5,-147.5,0.33,0,0,0,0.04,0,0,1.98,0,0
2010,CHN,12.5,-142.5,0.18,0,0,0,0.11,0,0,0.55,0,0
2010,CHN,12.5,-137.5,0.42,0,0,0,0.07,0,0,2.74,0,0
2010,CHN,12.5,-132.5,0.58,0,0,0,0.08,0,0,0.31,0,0
2010,CHN,12.5,-127.5,0.16,0,0,0,0.08,0,0,0.48,0,0
2010,CHN,12.5,-122.5,0.22,0,0,0,0.08,0,0,0.61,0,0
2010,KOR,-12.5,-137.5,0,0,0,0,0,0,0.11,0,0,0
2010,KOR,-12.5,-132.5,0,0,0,0,0,0,0.16,0,0,0
2010,KOR,-7.5,-137.5,0,0,0,0,0,0,0.75,0,0,0
2010,KOR,-7.5,-132.5,0,0,0,0,0,0,4.03,0,0,0
2010,KOR,-7.5,-127.5,0,0,0,0,0,0,2.57,0,0,0
2010,KOR,-2.5,-137.5,0,0,0,0,0,0,0.9,0,0,0
2010,KOR,-2.5,-132.5,0,0,0,0,0,0,0.36,0,0,0
2010,KOR,-2.5,-127.5,0,0,0,0,0,0,1.43,0,0,0
2010,KOR,2.5,-147.5,0,0,0,0,0,0,3.02,0,0,0
2010,KOR,2.5,-142.5,0,0,0,0,0,0,4.17,0,0,0
2010,KOR,2.5,-137.5,0,0,0,0,0,0,14.57,0,0,0
2010,KOR,2.5,-132.5,0,0,0,0,0,0,11.3,0,0,0
2010,KOR,2.5,-127.5,0,0,0,0,0,0,1.84,0,0,0
2010,KOR,7.5,-147.5,0,0,0,0,0,0,4.51,0,0,0
2010,KOR,7.5,-142.5,0,0,0,0,0,0,4.56,0,0,0
2010,KOR,7.5,-137.5,0,0,0,0,0,0,13.17,0,0,0
2010,KOR,7.5,-132.5,0,0,0,0,0,0,14.87,0,0,0
2010,KOR,7.5,-127.5,0,0,0,0,0,0,1.58,0,0,0
2010,PYF,-22.5,-147.5,0,0,0,0.33,0,0,0.13,0,0,0
2010,PYF,-17.5,-147.5,0,0,0,0.22,0,0,3.3,0,0,0
2010,PYF,-12.5,-147.5,0,0,0,0.1,0,0,2.01,0,0,0
2010,TWN,-27.5,-147.5,0,0,0,0,0,0,4.23,0,0,0
2010,TWN,-27.5,-142.5,0,0,0,0,0,0,0.22,0,0,0
2010,TWN,-27.5,-137.5,0,0,0,0,0,0,6.88,0,0,0
2010,TWN,-27.5,-132.5,0,0,0,0,0,0,4,0,0,0
2010,TWN,-12.5,-147.5,0,0,0,0,0,0,3.55,0,0,0
2010,TWN,-12.5,-142.5,0,0,0,0,0,0,2.92,0,0,0
2010,TWN,-12.5,-137.5,0,0,0,0,0,0,5,0,0,0
2010,TWN,-12.5,-132.5,0,0,0,0,0,0,13.72,0,0,0
2010,TWN,-7.5,-147.5,0,0,0,0,0,0,12.68,0,0,0
2010,TWN,-7.5,-142.5,0,0,0,0,0,0,2.11,0,0,0
2010,TWN,-7.5,-132.5,0,0,0,0,0,0,1.26,0,0,0
2010,TWN,-2.5,-147.5,0,0,0,0,0,0,9.8,0,0,0
2010,TWN,-2.5,-142.5,0,0,0,0,0,0,5.66,0,0,0
2010,TWN,-2.5,-137.5,0,0,0,0,0,0,4.73,0,0,0
2010,TWN,-2.5,-132.5,0,0,0,0,0,0,12.83,0,0,0
2010,USA,22.5,-142.5,0,0,0,0,0,0,0,0,0,0
2010,USA,27.5,-147.5,0,0,0,0,0,0,0,0,0,0
2010,USA,32.5,-147.5,0,0,0,0,0,0,0,0,0,0
2010,BLZ,2.5,-112.5,7.2,0,5.93,0,0,0,0,0,0,0
2010,BLZ,2.5,-107.5,0.48,0,0.73,0,0,0,0,0,0,0
2010,BLZ,2.5,-102.5,1.26,0,18.7,0,0,0,0,0,0,0
2010,BLZ,2.5,-97.5,5.18,0,3.46,0,0,0,0,0,0,0
2010,BLZ,7.5,-102.5,4.59,0,42.59,0,0,0,0,0,0,0
2010,BLZ,7.5,-97.5,2.63,0,13.39,0,0,0,0,0,0,0
2010,BLZ,7.5,-87.5,1.82,0,12.23,0,0,0,0,0,0,0
2010,BLZ,7.5,-82.5,4.41,0,12.28,0,0,0,0,0,0,0
2010,BLZ,12.5,-97.5,0,0,4.92,0,0,0,0,0,0,0
2010,CHN,-12.5,-137.5,0.65,0,0,0,0.4,0,0,0.17,0,0
2010,CHN,-12.5,-132.5,11.48,0,0,0,1.17,0,0,2.44,0,0
2010,CHN,-12.5,-102.5,0.14,0,0,0,0.38,0,0,0.12,0,0
2010,CHN,-7.5,-132.5,9.05,0,0,0,0.94,0,0,0.94,0,0
2010,KOR,-12.5,-132.5,0,0,0,0,0,0,0.77,0,0,0
2010,KOR,-12.5,-127.5,0,0,0,0,0,0,11.24,0,0,0
2010,KOR,-12.5,-122.5,0,0,0,0,0,0,7.97,0,0,0
2010,KOR,-7.5,-147.5,0,0,0,0,0,0,0.76,0,0,0
2010,KOR,-7.5,-137.5,0,0,0,0,0,0,2.29,0,0,0
2010,KOR,-7.5,-132.5,0,0,0,0,0,0,1.74,0,0,0
2010,KOR,-7.5,-127.5,0,0,0,0,0,0,9.58,0,0,0
2010,KOR,-7.5,-122.5,0,0,0,0,0,0,0.81,0,0,0
2010,KOR,-2.5,-147.5,0,0,0,0,0,0,0.3,0,0,0
2010,KOR,-2.5,-142.5,0,0,0,0,0,0,0.65,0,0,0
2010,KOR,-2.5,-137.5,0,0,0,0,0,0,0.57,0,0,0
2010,KOR,-2.5,-127.5,0,0,0,0,0,0,2.42,0,0,0
2010,KOR,-2.5,-122.5,0,0,0,0,0,0,0.32,0,0,0
2010,KOR,2.5,-147.5,0,0,0,0,0,0,0.54,0,0,0
2010,KOR,2.5,-142.5,0,0,0,0,0,0,1.57,0,0,0
2010,KOR,2.5,-137.5,0,0,0,0,0,0,0.85,0,0,0
2010,KOR,2.5,-132.5,0,0,0,0,0,0,2.87,0,0,0
2010,KOR,7.5,-147.5,0,0,0,0,0,0,0.6,0,0,0
2010,KOR,7.5,-142.5,0,0,0,0,0,0,0.09,0,0,0
2010,KOR,7.5,-137.5,0,0,0,0,0,0,0.85,0,0,0
2010,KOR,7.5,-132.5,0,0,0,0,0,0,2.84,0,0,0
2010,PYF,-22.5,-147.5,0,0,0,0.07,0,0,0,0,0,0
2010,PYF,-17.5,-147.5,0,0,0,0.73,0,0,1.84,0,0,0
2010,PYF,-17.5,-142.5,0,0,0,0.13,0,0,0.35,0,0,0
2010,PYF,-12.5,-147.5,0,0,0,0.18,0,0,2.02,0,0,0
2010,PYF,-12.5,-142.5,0,0,0,0.12,0,0,0.82,0,0,0
2010,TWN,-32.5,-147.5,0,0,0,0,0,0,4.71,0,0,0
2010,TWN,-27.5,-147.5,0,0,0,0,0,0,0.25,0,0,0
2010,TWN,-27.5,-142.5,0,0,0,0,0,0,0.34,0,0,0
2010,TWN,-27.5,-137.5,0,0,0,0,0,0,0.93,0,0,0
2010,TWN,-22.5,-132.5,0,0,0,0,0,0,0.44,0,0,0
2010,TWN,-17.5,-132.5,0,0,0,0,0,0,5.02,0,0,0
2010,TWN,-17.5,-127.5,0,0,0,0,0,0,2.9,0,0,0
2010,TWN,-12.5,-147.5,0,0,0,0,0,0,2.38,0,0,0
2010,TWN,-12.5,-142.5,0,0,0,0,0,0,2.97,0,0,0
2010,TWN,-12.5,-137.5,0,0,0,0,0,0,3.78,0,0,0
2010,TWN,-12.5,-132.5,0,0,0,0,0,0,24.98,0,0,0
2010,TWN,-7.5,-147.5,0,0,0,0,0,0,2.99,0,0,0
2010,TWN,-7.5,-142.5,0,0,0,0,0,0,2.42,0,0,0
2010,TWN,-7.5,-137.5,0,0,0,0,0,0,0.05,0,0,0
2010,TWN,-7.5,-132.5,0,0,0,0,0,0,2.45,0,0,0
2010,TWN,-2.5,-147.5,0,0,0,0,0,0,1.64,0,0,0
2010,TWN,-2.5,-142.5,0,0,0,0,0,0,4.22,0,0,0
2010,TWN,-2.5,-137.5,0,0,0,0,0,0,1.04,0,0,0
2010,USA,22.5,-147.5,0,0,0,0,0,0,0,0,0,0
2010,USA,22.5,-142.5,0,0,0,0,0,0,0,0,0,0
2010,USA,27.5,-147.5,0,0,0,0,0,0,0,0,0,0
2010,USA,27.5,-142.5,0,0,0,0,0,0,0,0,0,0
2010,USA,32.5,-147.5,0,0,0,0,0,0,0,0,0,0
2010,BLZ,2.5,-107.5,4.55,0,3.59,0,0,0,0,0,0,0
2010,BLZ,7.5,-102.5,1.1,0,15.67,0,0,0,0,0,0,0
2010,BLZ,7.5,-97.5,2.7,0,16.76,0,0,0,0,0,0,0
2010,BLZ,7.5,-92.5,0.52,0,18.32,0,0,0,0,0,0,0
2010,BLZ,7.5,-87.5,0.31,0,11.14,0,0,0,0,0,0,0
2010,BLZ,12.5,-107.5,0,0,7.18,0,0,0,0,0,0,0
2010,BLZ,12.5,-102.5,7.38,0,5.19,0,0,0,0,0,0,0
2010,BLZ,12.5,-92.5,6.63,0,2.86,0,0,0,0,0,0,0
2010,BLZ,12.5,-87.5,6.27,0,2.7,0,0,0,0,0,0,0
2010,CHN,-12.5,-132.5,0.79,0,0,0,0.15,0,0,0.08,0,0
2010,CHN,-12.5,-107.5,0.23,0,0,0,0,0,0,0.2,0,0
2010,CHN,-7.5,-142.5,0.25,0,0,0,0.25,0,0,0.12,0,0
2010,CHN,-7.5,-137.5,0.14,0,0,0,0,0,0,0.06,0,0
2010,CHN,-7.5,-132.5,2.26,0,0,0,0.48,0,0,0.22,0,0
2010,CHN,-2.5,-137.5,0.15,0,0,0,0.33,0,0,0.13,0,0
2010,CHN,7.5,-142.5,0.33,0,0,0,0,0,0,0.41,0,0
2010,CHN,7.5,-137.5,0.92,0,0,0,0,0,0,0.88,0,0
2010,CHN,12.5,-142.5,0.32,0,0,0,0,0,0,0.34,0,0
2010,CHN,12.5,-132.5,0.41,0,0,0,0,0,0,0.87,0,0
2010,CHN,12.5,-122.5,0.14,0,0,0,0,0,0,0.44,0,0
2010,KOR,-12.5,-132.5,0,0,0,0,0,0,4.48,0,0,0
2010,KOR,-12.5,-127.5,0,0,0,0,0,0,4.91,0,0,0
2010,KOR,-12.5,-122.5,0,0,0,0,0,0,1.01,0,0,0
2010,KOR,-7.5,-147.5,0,0,0,0,0,0,1.31,0,0,0
2010,KOR,-7.5,-142.5,0,0,0,0,0,0,0.48,0,0,0
2010,KOR,-7.5,-137.5,0,0,0,0,0,0,2.35,0,0,0
2010,KOR,-7.5,-132.5,0,0,0,0,0,0,7.9,0,0,0
2010,KOR,-7.5,-127.5,0,0,0,0,0,0,9.07,0,0,0
2010,KOR,-2.5,-147.5,0,0,0,0,0,0,0.77,0,0,0
2010,KOR,-2.5,-142.5,0,0,0,0,0,0,1.29,0,0,0
2010,KOR,-2.5,-137.5,0,0,0,0,0,0,1.24,0,0,0
2010,KOR,-2.5,-132.5,0,0,0,0,0,0,0.65,0,0,0
2010,KOR,-2.5,-127.5,0,0,0,0,0,0,0.1,0,0,0
2010,KOR,2.5,-147.5,0,0,0,0,0,0,0.03,0,0,0
2010,PYF,-22.5,-147.5,0,0,0,0.06,0,0,0,0,0,0
2010,PYF,-17.5,-147.5,0,0,0,1.16,0,0,2.87,0,0,0
2010,PYF,-17.5,-142.5,0,0,0,0.12,0,0,1.93,0,0,0
2010,PYF,-12.5,-147.5,0,0,0,0.12,0,0,0.3,0,0,0
2010,PYF,-12.5,-142.5,0,0,0,0.06,0,0,1.29,0,0,0
2010,TWN,-32.5,-147.5,0,0,0,0,0,0,0.23,0,0,0
2010,TWN,-32.5,-142.5,0,0,0,0,0,0,2.04,0,0,0
2010,TWN,-32.5,-137.5,0,0,0,0,0,0,1.84,0,0,0
2010,TWN,-32.5,-132.5,0,0,0,0,0,0,7.71,0,0,0
2010,TWN,-32.5,-127.5,0,0,0,0,0,0,0.53,0,0,0
2010,TWN,-22.5,-132.5,0,0,0,0,0,0,0.24,0,0,0
2010,TWN,-22.5,-127.5,0,0,0,0,0,0,4.52,0,0,0
2010,TWN,-22.5,-122.5,0,0,0,0,0,0,0.21,0,0,0
2010,TWN,-17.5,-132.5,0,0,0,0,0,0,1.64,0,0,0
2010,TWN,-17.5,-127.5,0,0,0,0,0,0,9.98,0,0,0
2010,TWN,-17.5,-122.5,0,0,0,0,0,0,8.68,0,0,0
2010,TWN,-12.5,-147.5,0,0,0,0,0,0,1.71,0,0,0
2010,TWN,-12.5,-142.5,0,0,0,0,0,0,3.13,0,0,0
2010,TWN,-12.5,-137.5,0,0,0,0,0,0,2.06,0,0,0
2010,TWN,-12.5,-132.5,0,0,0,0,0,0,10.47,0,0,0
2010,TWN,-7.5,-147.5,0,0,0,0,0,0,1.78,0,0,0
2010,TWN,-7.5,-142.5,0,0,0,0,0,0,0.35,0,0,0
2010,TWN,-7.5,-137.5,0,0,0,0,0,0,0.28,0,0,0
2010,TWN,-7.5,-132.5,0,0,0,0,0,0,0.1,0,0,0
2010,TWN,-2.5,-147.5,0,0,0,0,0,0,6.17,0,0,0
2010,TWN,-2.5,-142.5,0,0,0,0,0,0,0.27,0,0,0
2010,TWN,-2.5,-137.5,0,0,0,0,0,0,0.45,0,0,0
2010,TWN,-2.5,-132.5,0,0,0,0,0,0,0.12,0,0,0
2010,TWN,22.5,-132.5,0,0,0,0,0,0,0.7,0,0,0
2010,USA,22.5,-147.5,0,0,0,0,0,0,0,0,0,0
2010,USA,22.5,-142.5,0,0,0,0,0,0,0,0,0,0
2010,USA,27.5,-147.5,0,0,0,0,0,0,0,0,0,0
2010,USA,27.5,-142.5,0,0,0,0,0,0,0,0,0,0
2010,BLZ,2.5,-97.5,0.73,0,8.35,0,0,0,0,0,0,0
2010,BLZ,7.5,-112.5,0,0,9.62,0,0,0,0,0,0,0
2010,BLZ,7.5,-87.5,0.05,0,3.4,0,0,0,0,0,0,0
2010,BLZ,7.5,-82.5,1.02,0,2.2,0,0,0,0,0,0,0
2010,BLZ,12.5,-117.5,6.03,0,4.7,0,0,0,0,0,0,0
2010,BLZ,12.5,-112.5,9.31,0,9.79,0,0,0,0,0,0,0
2010,BLZ,12.5,-102.5,0.21,0,8.4,0,0,0,0,0,0,0
2010,BLZ,12.5,-97.5,1.3,0,14,0,0,0,0,0,0,0
2010,BLZ,12.5,-87.5,0.63,0,3.96,0,0,0,0,0,0,0
2010,BLZ,17.5,-117.5,6.64,0,3,0,0,0,0,0,0,0
2010,CHN,-12.5,-137.5,1.33,0,0,0,0.21,0,0,0.09,0,0
2010,CHN,-12.5,-132.5,6.72,0,0,0,1.15,0,0,0.4,0,0
2010,CHN,-2.5,-147.5,0.58,0,0,0,0.08,0,0,0.21,0,0
2010,CHN,7.5,-137.5,0.33,0,0,0,0,0,0,0.38,0,0
2010,CHN,7.5,-127.5,0.81,0,0,0,0,0,0,0.86,0,0
2010,CHN,7.5,-122.5,0.22,0,0,0,0,0,0,0.45,0,0
2010,CHN,12.5,-132.5,0.7,0,0,0,0,0,0,0.89,0,0
2010,KOR,-12.5,-132.5,0,0,0,0,0,0,4.1,0,0,0
2010,KOR,-12.5,-127.5,0,0,0,0,0,0,18.22,0,0,0
2010,KOR,-12.5,-122.5,0,0,0,0,0,0,7.38,0,0,0
2010,KOR,-12.5,-117.5,0,0,0,0,0,0,0.06,0,0,0
2010,KOR,-7.5,-147.5,0,0,0,0,0,0,1.35,0,0,0
2010,KOR,-7.5,-137.5,0,0,0,0,0,0,1.55,0,0,0
2010,KOR,-7.5,-132.5,0,0,0,0,0,0,0.21,0,0,0
2010,KOR,-7.5,-127.5,0,0,0,0,0,0,0.68,0,0,0
2010,KOR,-7.5,-122.5,0,0,0,0,0,0,0.12,0,0,0
2010,KOR,-2.5,-147.5,0,0,0,0,0,0,4.98,0,0,0
2010,PYF,-22.5,-147.5,0,0,0,0.05,0,0,0.83,0,0,0
2010,PYF,-17.5,-147.5,0,0,0,2.01,0,0,3.62,0,0,0
2010,PYF,-17.5,-142.5,0,0,0,0.37,0,0,2.71,0,0,0
2010,PYF,-12.5,-147.5,0,0,0,0,0,0,0.5,0,0,0
2010,PYF,-12.5,-142.5,0,0,0,0.06,0,0,1.12,0,0,0
2010,TWN,-32.5,-132.5,0,0,0,0,0,0,1.13,0,0,0
2010,TWN,-22.5,-132.5,0,0,0,0,0,0,0.83,0,0,0
2010,TWN,-22.5,-127.5,0,0,0,0,0,0,1.51,0,0,0
2010,TWN,-22.5,-122.5,0,0,0,0,0,0,7.47,0,0,0
2010,TWN,-22.5,-117.5,0,0,0,0,0,0,0.76,0,0,0
2010,TWN,-17.5,-132.5,0,0,0,0,0,0,2.55,0,0,0
2010,TWN,-17.5,-127.5,0,0,0,0,0,0,12.63,0,0,0
2010,TWN,-17.5,-122.5,0,0,0,0,0,0,2.74,0,0,0
2010,TWN,-12.5,-147.5,0,0,0,0,0,0,0.36,0,0,0
2010,TWN,-12.5,-142.5,0,0,0,0,0,0,1.43,0,0,0
2010,TWN,-12.5,-137.5,0,0,0,0,0,0,3.85,0,0,0
2010,TWN,-12.5,-132.5,0,0,0,0,0,0,6.4,0,0,0
2010,TWN,-7.5,-147.5,0,0,0,0,0,0,4.56,0,0,0
2010,TWN,-7.5,-142.5,0,0,0,0,0,0,0.35,0,0,0
2010,TWN,-7.5,-132.5,0,0,0,0,0,0,0.14,0,0,0
2010,TWN,-2.5,-147.5,0,0,0,0,0,0,14.48,0,0,0
2010,TWN,-2.5,-142.5,0,0,0,0,0,0,3.32,0,0,0
2010,TWN,-2.5,-137.5,0,0,0,0,0,0,1.39,0,0,0
2010,TWN,2.5,-147.5,0,0,0,0,0,0,1.71,0,0,0
2010,TWN,7.5,-147.5,0,0,0,0,0,0,2.14,0,0,0
2010,TWN,12.5,-147.5,0,0,0,0,0,0,0.1,0,0,0
2010,TWN,22.5,-137.5,0,0,0,0,0,0,0.17,0,0,0
2010,TWN,22.5,-132.5,0,0,0,0,0,0,0.52,0,0,0
2010,USA,17.5,-147.5,0,0,0,0,0,0,0,0,0,0
2010,USA,17.5,-142.5,0,0,0,0,0,0,0,0,0,0
2010,USA,22.5,-147.5,0,0,0,0,0,0,0,0,0,0
2010,USA,22.5,-142.5,0,0,0,0,0,0,0,0,0,0
2010,USA,22.5,-137.5,0,0,0,0,0,0,0,0,0,0
2010,USA,27.5,-147.5,0,0,0,0,0,0,0,0,0,0
2010,USA,37.5,-142.5,0,0,0,0,0,0,0,0,0,0
2010,USA,37.5,-137.5,0,0,0,0,0,0,0,0,0,0
2010,BLZ,7.5,-117.5,11.39,0,3.59,0,0,0,0,0,0,0
2010,BLZ,7.5,-102.5,3.96,0,7.33,0,0,0,0,0,0,0
2010,BLZ,7.5,-87.5,0.87,0,3.53,0,0,0,0,0,0,0
2010,BLZ,12.5,-112.5,0.59,0,3.86,0,0,0,0,0,0,0
2010,BLZ,12.5,-107.5,5.31,0,2.45,0,0,0,0,0,0,0
2010,BLZ,12.5,-102.5,1.73,0,26.02,0,0,0,0,0,0,0
2010,BLZ,12.5,-97.5,0.71,0,1.3,0,0,0,0,0,0,0
2010,BLZ,12.5,-87.5,0,0,10.26,0,0,0,0,0,0,0
2010,BLZ,17.5,-107.5,6.07,0,2.71,0,0,0,0,0,0,0
2010,CHN,-12.5,-132.5,10.72,0,0,0,1.85,0,0,0.98,0,0
2010,CHN,-12.5,-117.5,2.29,0,0,0,0.29,0,0,0.25,0,0
2010,KOR,-17.5,-122.5,0,0,0,0,0,0,0.38,0,0,0
2010,KOR,-12.5,-132.5,0,0,0,0,0,0,1.25,0,0,0
2010,KOR,-12.5,-127.5,0,0,0,0,0,0,17.56,0,0,0
2010,KOR,-12.5,-122.5,0,0,0,0,0,0,22.81,0,0,0
2010,KOR,-12.5,-117.5,0,0,0,0,0,0,4.23,0,0,0
2010,KOR,-7.5,-147.5,0,0,0,0,0,0,0.3,0,0,0
2010,KOR,-7.5,-142.5,0,0,0,0,0,0,0.04,0,0,0
2010,KOR,-7.5,-137.5,0,0,0,0,0,0,1.34,0,0,0
2010,KOR,-7.5,-132.5,0,0,0,0,0,0,5.91,0,0,0
2010,KOR,-7.5,-127.5,0,0,0,0,0,0,1.74,0,0,0
2010,KOR,-7.5,-122.5,0,0,0,0,0,0,0.07,0,0,0
2010,KOR,-7.5,-117.5,0,0,0,0,0,0,0.33,0,0,0
2010,KOR,-2.5,-147.5,0,0,0,0,0,0,0.43,0,0,0
2010,KOR,-2.5,-142.5,0,0,0,0,0,0,0.06,0,0,0
2010,KOR,-2.5,-132.5,0,0,0,0,0,0,0.3,0,0,0
2010,KOR,12.5,-127.5,0,0,0,0,0,0,0.08,0,0,0
2010,PYF,-22.5,-147.5,0,0,0,0.05,0,0,0.31,0,0,0
2010,PYF,-22.5,-142.5,0,0,0,0.05,0,0,0,0,0,0
2010,PYF,-17.5,-147.5,0,0,0,0.67,0,0,3.24,0,0,0
2010,PYF,-17.5,-142.5,0,0,0,0,0,0,0.77,0,0,0
2010,PYF,-12.5,-147.5,0,0,0,0,0,0,0.5,0,0,0
2010,PYF,-12.5,-142.5,0,0,0,0.05,0,0,1.3,0,0,0
2010,TWN,-22.5,-122.5,0,0,0,0,0,0,1.48,0,0,0
2010,TWN,-22.5,-117.5,0,0,0,0,0,0,3.04,0,0,0
2010,TWN,-17.5,-132.5,0,0,0,0,0,0,0.1,0,0,0
2010,TWN,-17.5,-127.5,0,0,0,0,0,0,2.61,0,0,0
2010,TWN,-17.5,-122.5,0,0,0,0,0,0,11.41,0,0,0
2010,TWN,-17.5,-117.5,0,0,0,0,0,0,0.24,0,0,0
2010,TWN,-12.5,-147.5,0,0,0,0,0,0,1.53,0,0,0
2010,TWN,-12.5,-142.5,0,0,0,0,0,0,3.42,0,0,0
2010,TWN,-12.5,-137.5,0,0,0,0,0,0,6.15,0,0,0
2010,TWN,-12.5,-132.5,0,0,0,0,0,0,2.54,0,0,0
2010,TWN,-7.5,-147.5,0,0,0,0,0,0,2.7,0,0,0
2010,TWN,-7.5,-142.5,0,0,0,0,0,0,0.18,0,0,0
2010,TWN,-7.5,-137.5,0,0,0,0,0,0,0.05,0,0,0
2010,TWN,-7.5,-132.5,0,0,0,0,0,0,0.01,0,0,0
2010,TWN,-2.5,-147.5,0,0,0,0,0,0,10.87,0,0,0
2010,TWN,-2.5,-142.5,0,0,0,0,0,0,4.36,0,0,0
2010,TWN,-2.5,-137.5,0,0,0,0,0,0,4.36,0,0,0
2010,TWN,-2.5,-132.5,0,0,0,0,0,0,0.78,0,0,0
2010,TWN,2.5,-147.5,0,0,0,0,0,0,0.76,0,0,0
2010,USA,17.5,-147.5,0,0,0,0,0,0,0,0,0,0
2010,USA,17.5,-142.5,0,0,0,0,0,0,0,0,0,0
2010,USA,22.5,-147.5,0,0,0,0,0,0,0,0,0,0
2010,USA,22.5,-142.5,0,0,0,0,0,0,0,0,0,0
2010,USA,22.5,-137.5,0,0,0,0,0,0,0,0,0,0
2010,USA,27.5,-147.5,0,0,0,0,0,0,0,0,0,0
2010,USA,27.5,-142.5,0,0,0,0,0,0,0,0,0,0
2010,USA,32.5,-147.5,0,0,0,0,0,0,0,0,0,0
2010,USA,32.5,-142.5,0,0,0,0,0,0,0,0,0,0
2010,USA,32.5,-137.5,0,0,0,0,0,0,0,0,0,0
2010,USA,37.5,-137.5,0,0,0,0,0,0,0,0,0,0
2011,BLZ,2.5,-102.5,2.73,0,12.19,0,0,0,0,0,0,0
2011,BLZ,2.5,-92.5,0.84,0,3.04,0,0,0,0,0,0,0
2011,BLZ,2.5,-87.5,0.83,0,0.48,0,0,0,0,0,0,0
2011,BLZ,7.5,-112.5,2.49,0,20.76,0,0,0,0,0,0,0
2011,BLZ,7.5,-102.5,7.05,0,15.63,0,0,0,0,0,0,0
2011,BLZ,7.5,-97.5,4.98,0,3.14,0,0,0,0,0,0,0
2011,BLZ,7.5,-92.5,0,0,0.63,0,0,0,0,0,0,0
2011,BLZ,7.5,-87.5,0.59,0,0.12,0,0,0,0,0,0,0
2011,BLZ,12.5,-102.5,2.54,0,24.98,0,0,0,0,0,0,0
2011,BLZ,12.5,-97.5,3.13,0,25.07,0,0,0,0,0,0,0
2011,BLZ,12.5,-87.5,0.19,0,3.28,0,0,0,0,0,0,0
2011,CHN,-12.5,-132.5,2.03,0,0,0,0,0,0,0.59,0,0
2011,CHN,-12.5,-127.5,1.34,0,0,0,0,0,0,0.29,0,0
2011,CHN,-12.5,-112.5,1.23,0,0,0,0,0,0,0.55,0,0
2011,CHN,-7.5,-147.5,2.36,0,0,0,0,0,0,0,0,0
2011,CHN,-7.5,-137.5,0.48,0,0,0,0,0,0,0.07,0,0
2011,CHN,-7.5,-132.5,0.84,0,0,0,0,0,0,0.17,0,0
2011,CHN,7.5,-142.5,2.29,0,0,0,0,0,0,5.91,0,0
2011,CHN,7.5,-137.5,0.19,0,0,0,0,0,0,0.12,0,0
2011,CHN,7.5,-132.5,2.63,0,0,0,0,0,0,0.71,0,0
2011,CHN,7.5,-127.5,0.36,0,0,0,0,0,0,0.8,0,0
2011,KOR,-17.5,-127.5,0,0,0,0,0,0,0.41,0,0,0
2011,KOR,-17.5,-122.5,0,0,0,0,0,0,1.74,0,0,0
2011,KOR,-17.5,-117.5,0,0,0,0,0,0,0.26,0,0,0
2011,KOR,-12.5,-132.5,0,0,0,0,0,0,3.64,0,0,0
2011,KOR,-12.5,-127.5,0,0,0,0,0,0,16.96,0,0,0
2011,KOR,-12.5,-122.5,1.27,0,0,0,0,0,21.39,0,0.13,0
2011,KOR,-12.5,-117.5,0,0,0,0,0,0,16.98,0,0,0
2011,KOR,-12.5,-112.5,0,0,0,0,0,0,0.16,0,0,0
2011,KOR,-7.5,-147.5,0,0,0,0,0,0,0.1,0,0,0
2011,KOR,-7.5,-142.5,0,0,0,0,0,0,0.23,0,0,0
2011,KOR,-7.5,-137.5,0,0,0,0,0,0,5.65,0,0,0
2011,KOR,-7.5,-132.5,0,0,0,0,0,0,12.94,0,0,0
2011,KOR,-7.5,-127.5,0.09,0,0,0,0,0,7.97,0,0,0.11
2011,KOR,-7.5,-122.5,0,0,0,0,0,0,5.69,0,0,0
2011,KOR,-7.5,-117.5,0,0,0,0,0,0,2.63,0,0,0
2011,KOR,-2.5,-147.5,0,0,0,0,0,0,0.09,0,0,0
2011,KOR,-2.5,-142.5,0,0,0,0,0,0,1.22,0,0,0
2011,KOR,-2.5,-137.5,0,0,0,0,0,0,3.82,0,0,0
2011,KOR,-2.5,-132.5,0,0,0,0,0,0,5.04,0,0,0
2011,KOR,-2.5,-127.5,0,0,0,0,0,0,0.22,0,0,0
2011,KOR,2.5,-147.5,0,0,0,0,0,0,0.17,0,0,0
2011,KOR,2.5,-137.5,0,0,0,0,0,0,0.06,0,0,0
2011,KOR,7.5,-147.5,0,0,0,0,0,0,0.19,0,0,0
2011,KOR,7.5,-137.5,0,0,0,0,0,0,0.6,0,0,0
2011,KOR,12.5,-127.5,0,0,0,0,0,0,0.08,0,0,0
2011,PYF,-22.5,-147.5,0,0,0,0.05,0,0,0.18,0,0,0
2011,PYF,-17.5,-147.5,0,0,0,0.11,0,0,4.8,0,0,0
2011,PYF,-17.5,-142.5,0,0,0,0.05,0,0,2.48,0,0,0
2011,PYF,-12.5,-147.5,0,0,0,0.12,0,0,0.78,0,0,0
2011,PYF,-12.5,-142.5,0,0,0,0,0,0,4.71,0,0,0
2011,PYF,-12.5,-137.5,0,0,0,0,0,0,0.3,0,0,0
2011,TWN,-22.5,-122.5,0,0,0,0,0,0,5.2,0,0,0
2011,TWN,-22.5,-117.5,0,0,0,0,0,0,19.64,0,0,0
2011,TWN,-22.5,-112.5,0,0,0,0,0,0,1.5,0,0,0
2011,TWN,-17.5,-132.5,0,0,0,0,0,0,1.02,0,0,0
2011,TWN,-17.5,-127.5,0,0,0,0,0,0,1.31,0,0,0
2011,TWN,-17.5,-122.5,0,0,0,0,0,0,3.57,0,0,0
2011,TWN,-17.5,-117.5,0,0,0,0,0,0,13.85,0,0,0
2011,TWN,-17.5,-112.5,0,0,0,0,0,0,3.21,0,0,0
2011,TWN,-12.5,-147.5,0,0,0,0,0,0,0.39,0,0,0
2011,TWN,-12.5,-137.5,0,0,0,0,0,0,4.07,0,0,0
2011,TWN,-12.5,-132.5,0,0,0,0,0,0,7.03,0,0,0
2011,TWN,-7.5,-147.5,0,0,0,0,0,0,6.86,0,0,0
2011,TWN,-7.5,-142.5,0,0,0,0,0,0,0.91,0,0,0
2011,TWN,-7.5,-137.5,0,0,0,0,0,0,4.33,0,0,0
2011,TWN,-7.5,-132.5,0,0,0,0,0,0,8.11,0,0,0
2011,TWN,-2.5,-142.5,0,0,0,0,0,0,2.68,0,0,0
2011,TWN,-2.5,-137.5,0,0,0,0,0,0,11.2,0,0,0
2011,TWN,7.5,-137.5,0,0,0,0,0,0,0.15,0,0,0
2011,TWN,27.5,-147.5,0,0,0,0,0,0,0.08,0,0,0
2011,TWN,32.5,-147.5,0,0,0,0,0,0,1.27,0,0,0
2011,USA,32.5,-147.5,0,0,0,0,0,0,0,0,0,0
2011,USA,32.5,-142.5,0,0,0,0,0,0,0,0,0,0
2011,USA,32.5,-137.5,0,0,0,0,0,0,0,0,0,0
2011,BLZ,2.5,-107.5,3.81,0,5.27,0,0,0,0,0,0,0
2011,BLZ,2.5,-102.5,1.53,0,8.74,0,0,0,0,0,0,0
2011,BLZ,2.5,-87.5,1.06,0.35,4.21,0,0,0.05,0,0,0,0
2011,BLZ,7.5,-107.5,3.68,0,30.24,0,0,0,0,0,0,0
2011,BLZ,7.5,-102.5,2.43,0,6.93,0,0,0,0,0,0,0
2011,BLZ,7.5,-97.5,0,0,0.69,0,0,0,0,0,0,0
2011,BLZ,7.5,-92.5,0.41,0,4.7,0,0,0,0,0,0,0
2011,BLZ,7.5,-87.5,3.52,0,1.16,0,0,0,0,0,0,0
2011,BLZ,12.5,-112.5,0.71,0,11.5,0,0,0,0,0,0,0
2011,BLZ,12.5,-102.5,3.76,0,20.42,0,0,0,0,0,0,0
2011,BLZ,12.5,-92.5,4.81,0,2.39,0,0,0,0,0,0,0
2011,BLZ,12.5,-87.5,0.73,0,1.86,0,0,0,0,0,0,0
2011,CHN,-12.5,-137.5,0,0,0,0,0,0,0,0.01,0,0
2011,CHN,-12.5,-132.5,3.84,0,0,0,0,0,0,0.29,0,0
2011,CHN,-7.5,-137.5,0,0,0,0,0,0,0,0.06,0,0
2011,CHN,-7.5,-107.5,0.47,0,0,0,0,0,0,0.12,0,0
2011,CHN,-2.5,-147.5,0.04,0,0,0,0,0,0,0.1,0,0
2011,CHN,-2.5,-142.5,0.25,0,0,0,0,0,0,0.1,0,0
2011,CHN,-2.5,-137.5,0.5,0,0,0,0,0,0,0.71,0,0
2011,CHN,-2.5,-132.5,0.55,0,0,0,0,0,0,0.05,0,0
2011,CHN,2.5,-147.5,0.66,0,0,0,0,0,0,2.34,0,0
2011,CHN,7.5,-142.5,2.95,0,0,0,0,0,0,1.04,0,0
2011,CHN,7.5,-132.5,3.74,0,0,0,0,0,0,1.1,0,0
2011,CHN,7.5,-127.5,1.21,0,0,0,0,0,0,3.46,0,0
2011,KOR,-17.5,-127.5,0,0,0,0,0,0,0.11,0,0,0
2011,KOR,-17.5,-122.5,0,0,0,0,0,0,0.43,0,0,0
2011,KOR,-12.5,-137.5,0,0,0,0,0,0,0.08,0,0,0
2011,KOR,-12.5,-132.5,0,0,0,0,0,0,10.45,0,0,0
2011,KOR,-12.5,-127.5,0,0,0,0,0,0,13.24,0,0,0
2011,KOR,-12.5,-122.5,0.18,0,0,0,0,0,6.88,0,0,0
2011,KOR,-12.5,-117.5,1.24,0,0,0,0,0,4.75,0,0.06,0.2
2011,KOR,-12.5,-112.5,0,0,0,0,0,0,0.21,0,0,0
2011,KOR,-7.5,-147.5,0,0,0,0,0,0,0.11,0,0,0
2011,KOR,-7.5,-142.5,0,0,0,0,0,0,0.12,0,0,0
2011,KOR,-7.5,-137.5,0.01,0,0,0,0,0,3.22,0,0,0.01
2011,KOR,-7.5,-132.5,0,0,0,0,0,0,6.62,0,0,0
2011,KOR,-7.5,-127.5,0.01,0,0,0,0,0,2.33,0,0,0
2011,KOR,-7.5,-122.5,0,0,0,0,0,0,4.39,0,0,0
2011,KOR,-7.5,-117.5,0,0,0,0,0,0,4.48,0,0,0
2011,KOR,-2.5,-147.5,0,0,0,0,0,0,1.17,0,0,0
2011,KOR,-2.5,-142.5,0,0,0,0,0,0,3.09,0,0,0
2011,KOR,-2.5,-137.5,0,0,0,0,0,0,5.46,0,0,0
2011,KOR,-2.5,-132.5,0,0,0,0,0,0,5.95,0,0,0
2011,KOR,-2.5,-122.5,0,0,0,0,0,0,0.18,0,0,0
2011,KOR,-2.5,-117.5,0,0,0,0,0,0,1.07,0,0,0
2011,KOR,2.5,-147.5,0,0,0,0,0,0,11.4,0,0,0
2011,KOR,2.5,-142.5,0,0,0,0,0,0,12.76,0,0,0
2011,KOR,2.5,-137.5,0,0,0,0,0,0,10.66,0,0,0
2011,KOR,2.5,-132.5,0,0,0,0,0,0,1.36,0,0,0
2011,KOR,2.5,-127.5,0,0,0,0,0,0,1.97,0,0,0
2011,KOR,2.5,-122.5,0,0,0,0,0,0,1.31,0,0,0
2011,KOR,2.5,-117.5,0,0,0,0,0,0,0.16,0,0,0
2011,KOR,7.5,-147.5,0,0,0,0,0,0,1.26,0,0,0
2011,KOR,7.5,-142.5,0,0,0,0,0,0,2.4,0,0,0
2011,KOR,7.5,-137.5,0,0,0,0,0,0,0.5,0,0,0
2011,KOR,12.5,-117.5,0,0,0,0,0,0,0.05,0,0,0
2011,PYF,-22.5,-147.5,0,0,0,0,0,0,1.02,0,0,0
2011,PYF,-22.5,-142.5,0,0,0,0,0,0,0.28,0,0,0
2011,PYF,-17.5,-147.5,0,0,0,0,0,0,2.56,0,0,0
2011,PYF,-17.5,-142.5,0,0,0,0,0,0,3.26,0,0,0
2011,PYF,-12.5,-147.5,0,0,0,0.05,0,0,3.69,0,0,0
2011,PYF,-12.5,-142.5,0,0,0,0,0,0,2.63,0,0,0
2011,TWN,-22.5,-127.5,0,0,0,0,0,0,1.03,0,0,0
2011,TWN,-22.5,-122.5,0,0,0,0,0,0,0.53,0,0,0
2011,TWN,-22.5,-117.5,0,0,0,0,0,0,0.3,0,0,0
2011,TWN,-17.5,-132.5,0,0,0,0,0,0,0.87,0,0,0
2011,TWN,-17.5,-127.5,0,0,0,0,0,0,0.1,0,0,0
2011,TWN,-12.5,-132.5,0,0,0,0,0,0,9.33,0,0,0
2011,TWN,-7.5,-147.5,0,0,0,0,0,0,0.68,0,0,0
2011,TWN,-7.5,-142.5,0,0,0,0,0,0,1.44,0,0,0
2011,TWN,-7.5,-137.5,0,0,0,0,0,0,0.14,0,0,0
2011,TWN,-2.5,-147.5,0,0,0,0,0,0,2.89,0,0,0
2011,TWN,-2.5,-142.5,0,0,0,0,0,0,2.43,0,0,0
2011,TWN,-2.5,-137.5,0,0,0,0,0,0,0.16,0,0,0
2011,TWN,2.5,-147.5,0,0,0,0,0,0,14.03,0,0,0
2011,TWN,2.5,-142.5,0,0,0,0,0,0,1.69,0,0,0
2011,TWN,22.5,-147.5,0,0,0,0,0,0,0.27,0,0,0
2011,TWN,27.5,-147.5,0,0,0,0,0,0,0.33,0,0,0
2011,TWN,32.5,-147.5,0,0,0,0,0,0,0.89,0,0,0
2011,USA,32.5,-147.5,0,0,0,0,0,0,0,0,0,0
2011,USA,32.5,-142.5,0,0,0,0,0,0,0,0,0,0
2011,BLZ,2.5,-102.5,2.63,3.2,7.68,0,0,0.45,0,0,0,0
2011,BLZ,7.5,-107.5,11.67,0,7.99,0,0,0,0,0,0,0
2011,BLZ,7.5,-102.5,8.5,0,19.2,0,0,0,0,0,0,0
2011,BLZ,7.5,-97.5,4.82,0,23.62,0,0,0,0,0,0,0
2011,BLZ,7.5,-87.5,5.39,0,8.06,0,0,0,0,0,0,0
2011,BLZ,12.5,-102.5,2.28,0,14.94,0,0,0,0,0,0,0
2011,BLZ,12.5,-97.5,2.36,0,21.8,0,0,0,0,0,0,0
2011,BLZ,12.5,-87.5,1,0,2,0,0,0,0,0,0,0
2011,CHN,-12.5,-132.5,0,0,0,0,0,0,0,0.06,0,0
2011,CHN,-7.5,-147.5,2.02,0,0,0,0,0,0,0,0,0
2011,CHN,-7.5,-132.5,0,0,0,0,0,0,0,0.38,0,0
2011,CHN,-2.5,-142.5,0.17,0,0,0,0,0,0,0.04,0,0
2011,CHN,-2.5,-137.5,0.23,0,0,0,0,0,0,0.07,0,0
2011,CHN,2.5,-147.5,6.69,0,0,0,0,0,0,0.95,0,0
2011,CHN,2.5,-142.5,0.12,0,0,0,0,0,0,0.33,0,0
2011,CHN,7.5,-142.5,0.23,0,0,0,0,0,0,0.14,0,0
2011,CHN,7.5,-137.5,19.02,0,0,0,0,0,0,2.5,0,0
2011,CHN,7.5,-127.5,8.1,0,0,0,0,0,0,1.56,0,0
2011,KOR,-12.5,-147.5,0,0,0,0,0,0,0.12,0,0,0
2011,KOR,-12.5,-137.5,0,0,0,0,0,0,0.08,0,0,0
2011,KOR,-12.5,-132.5,0,0,0,0,0,0,4.14,0,0,0
2011,KOR,-12.5,-127.5,0,0,0,0,0,0,1.32,0,0,0
2011,KOR,-7.5,-147.5,0,0,0,0,0,0,0.03,0,0,0
2011,KOR,-7.5,-142.5,0,0,0,0,0,0,0.04,0,0,0
2011,KOR,-7.5,-137.5,0.03,0,0,0,0,0,1.82,0,0,0
2011,KOR,-7.5,-132.5,0.07,0,0,0,0,0,1.63,0,0,0.02
2011,KOR,-7.5,-127.5,0,0,0,0,0,0,0.46,0,0,0
2011,KOR,-7.5,-122.5,0,0,0,0,0,0,0.32,0,0,0
2011,KOR,-2.5,-147.5,0,0,0,0,0,0,1.12,0,0,0.02
2011,KOR,-2.5,-142.5,0,0,0,0,0,0,5.5,0,0,0
2011,KOR,-2.5,-137.5,0.02,0,0,0,0,0,2.02,0,0,0
2011,KOR,-2.5,-132.5,0,0,0,0,0,0,2.91,0,0,0
2011,KOR,2.5,-147.5,0,0,0,0,0,0,9.5,0,0,0.34
2011,KOR,2.5,-142.5,0,0,0,0,0,0,10.7,0,0,0
2011,KOR,2.5,-137.5,0,0,0,0,0,0,4.37,0,0,0
2011,KOR,2.5,-132.5,0,0,0,0,0,0,1.01,0,0,0
2011,KOR,2.5,-127.5,0,0,0,0,0,0,0.2,0,0,0
2011,KOR,2.5,-122.5,0,0,0,0,0,0,0.1,0,0,0
2011,KOR,7.5,-147.5,0,0,0,0,0,0,1.5,0,0,0
2011,KOR,7.5,-137.5,0,0,0,0,0,0,0.49,0,0,0
2011,PYF,-22.5,-142.5,0,0,0,0,0,0,0.64,0,0,0
2011,PYF,-17.5,-147.5,0,0,0,0.06,0,0,2.68,0,0,0
2011,PYF,-17.5,-142.5,0,0,0,0.06,0,0,4.29,0,0,0
2011,PYF,-17.5,-137.5,0,0,0,0.06,0,0,0,0,0,0
2011,PYF,-12.5,-147.5,0,0,0,0,0,0,3.91,0,0,0
2011,PYF,-12.5,-142.5,0,0,0,0.18,0,0,5.38,0,0,0
2011,PYF,-12.5,-137.5,0,0,0,0,0,0,0.37,0,0,0
2011,TWN,-12.5,-137.5,0,0,0,0,0,0,0.2,0,0,0
2011,TWN,-12.5,-132.5,0,0,0,0,0,0,1.32,0,0,0
2011,TWN,-7.5,-147.5,0,0,0,0,0,0,10.29,0,0,0
2011,TWN,-7.5,-132.5,0,0,0,0,0,0,0.72,0,0,0
2011,TWN,-2.5,-147.5,0,0,0,0,0,0,5.08,0,0,0
2011,TWN,-2.5,-137.5,0,0,0,0,0,0,0.53,0,0,0
2011,TWN,2.5,-147.5,0,0,0,0,0,0,6.2,0,0,0
2011,TWN,2.5,-142.5,0,0,0,0,0,0,2.49,0,0,0
2011,TWN,7.5,-147.5,0,0,0,0,0,0,1.35,0,0,0
2011,TWN,27.5,-147.5,0,0,0,0,0,0,0.06,0,0,0
2011,TWN,32.5,-147.5,0,0,0,0,0,0,2.15,0,0,0
2011,USA,32.5,-147.5,0,0,0,0,0,0,0,0,0,0
2011,USA,32.5,-142.5,0,0,0,0,0,0,0,0,0,0
2011,BLZ,-2.5,-107.5,6.78,0,11.43,0,0,0,0,0,0,0
2011,BLZ,-2.5,-102.5,3.22,0,12.59,0,0,0,0,0,0,0
2011,BLZ,-2.5,-97.5,0.18,0,0.84,0,0,0,0,0,0,0
2011,BLZ,2.5,-107.5,2.95,2,0,0,0,0.13,0,0,0,0
2011,BLZ,2.5,-102.5,26.06,0,35.09,0,0,0,0,0,0,0
2011,BLZ,2.5,-97.5,7.52,0,6.13,0,0,0,0,0,0,0
2011,BLZ,7.5,-102.5,3.33,0,19.61,0,0,0,0,0,0,0
2011,BLZ,7.5,-97.5,2.51,0,2.51,0,0,0,0,0,0,0
2011,BLZ,12.5,-87.5,8.00E-03,0,1.41,0,0,0,0,0,0,0
2011,CHN,-12.5,-127.5,0.04,0,0,0,0,0,0,0.14,0,0
2011,CHN,-7.5,-127.5,0.11,0,0,0,0,0,0,0.16,0,0
2011,CHN,-2.5,-147.5,0.23,0,0,0,0,0,0,0.04,0,0
2011,CHN,-2.5,-142.5,0.15,0,0,0,0,0,0,0.4,0,0
2011,CHN,2.5,-147.5,1.24,0,0,0,0,0,0,0.12,0,0
2011,CHN,2.5,-142.5,0.25,0,0,0,0,0,0,0.25,0,0
2011,CHN,2.5,-137.5,0.08,0,0,0,0,0,0,0.38,0,0
2011,CHN,7.5,-137.5,17.55,0,0,0,0,0,0,2.27,0,0
2011,CHN,7.5,-132.5,5.45,0,0,0,0,0,0,0.89,0,0
2011,CHN,7.5,-127.5,4.02,0,0,0,0,0,0,0.4,0,0
2011,CHN,7.5,-122.5,5.02,0,0,0,0,0,0,0.98,0,0
2011,KOR,-2.5,-142.5,0,0,0,0,0,0,0.19,0,0,0
2011,KOR,2.5,-147.5,0,0,0,0,0,0,3.86,0,0,0
2011,KOR,2.5,-142.5,0,0,0,0,0,0,4.57,0,0,0
2011,KOR,2.5,-137.5,0,0,0,0,0,0,0.06,0,0,0
2011,KOR,2.5,-117.5,0,0,0,0,0,0,0.01,0,0,0
2011,KOR,7.5,-147.5,0,0,0,0,0,0,2.87,0,0,0
2011,KOR,7.5,-142.5,0,0,0,0,0,0,0.88,0,0,0
2011,PYF,-22.5,-147.5,0,0,0,0,0,0,0.64,0,0,0
2011,PYF,-22.5,-142.5,0,0,0,0,0,0,0.64,0,0,0
2011,PYF,-17.5,-147.5,0,0,0,0,0,0,2.55,0,0,0
2011,PYF,-17.5,-142.5,0,0,0,0.09,0,0,1.2,0,0,0
2011,PYF,-12.5,-147.5,0,0,0,0.09,0,0,4.63,0,0,0
2011,PYF,-12.5,-142.5,0,0,0,0,0,0,0.06,0,0,0
2011,TWN,-32.5,-147.5,0,0,0,0,0,0,3.28,0,0,0
2011,TWN,-7.5,-147.5,0,0,0,0,0,0,0.79,0,0,0
2011,TWN,-2.5,-147.5,0,0,0,0,0,0,1.16,0,0,0
2011,TWN,27.5,-147.5,0,0,0,0,0,0,0.43,0,0,0
2011,TWN,32.5,-147.5,0,0,0,0,0,0,0.76,0,0,0
2011,USA,22.5,-147.5,0,0,0,0,0,0,0,0,0,0
2011,USA,27.5,-147.5,0,0,0,0,0,0,0,0,0,0
2011,USA,32.5,-147.5,0,0,0,0,0,0,0,0,0,0
2011,BLZ,-2.5,-102.5,5.56,0,13.7,0,0,0,0,0,0,0
2011,BLZ,-2.5,-92.5,0.17,0,0.76,0,0,0,0,0,0,0
2011,BLZ,2.5,-117.5,3.18,0,8.94,0,0,0,0,0,0,0
2011,BLZ,2.5,-112.5,3.52,0,8.27,0,0,0,0,0,0,0
2011,BLZ,2.5,-107.5,15,8.55,13.05,0,0,0.18,0,0,0,0.41
2011,BLZ,2.5,-102.5,4.45,0,3.36,0,0,0,0,0,0,0
2011,BLZ,2.5,-97.5,8.16,0,6.72,0,0,0,0,0,0,0
2011,BLZ,2.5,-87.5,6.75,0,4.9,0,0,0,0,0,0,0
2011,BLZ,7.5,-97.5,5,0,3.16,0,0,0,0,0,0,0
2011,BLZ,12.5,-117.5,2.62,0,8,0,0,0,0,0,0,0
2011,BLZ,12.5,-102.5,0.73,0,12.2,0,0,0,0,0,0,0
2011,BLZ,12.5,-87.5,2.13,0,13,0,0,0,0,0,0,0
2011,CHN,-7.5,-137.5,0,0,0,0,0,0,0,0.1,0,0
2011,CHN,-7.5,-132.5,0,0,0,0,0,0,0,0.59,0,0
2011,CHN,-2.5,-147.5,0.12,0,0,0,0,0,0,0.04,0,0
2011,CHN,-2.5,-137.5,0.11,0,0,0,0,0,0,0.08,0,0
2011,CHN,2.5,-137.5,2.1,0,0,0,0,0,0,0.41,0,0
2011,CHN,2.5,-132.5,0.09,0,0,0,0,0,0,0.05,0,0
2011,CHN,7.5,-142.5,2.41,0,0,0,0,0,0,2.65,0,0
2011,CHN,7.5,-132.5,8.06,0,0,0,0,0,0,1.17,0,0
2011,CHN,7.5,-127.5,2.5,0,0,0,0,0,0,0.41,0,0
2011,CHN,7.5,-122.5,2.1,0,0,0,0,0,0,0.54,0,0
2011,CHN,12.5,-137.5,3.64,0,0,0,0,0,0,4.54,0,0
2011,KOR,-7.5,-122.5,0,0,0,0,0,0,0.35,0,0,0
2011,KOR,-2.5,-147.5,0,0,0,0,0,0,0.19,0,0,0
2011,KOR,-2.5,-142.5,0,0,0,0,0,0,1.65,0,0,0
2011,KOR,-2.5,-137.5,0,0,0,0,0,0,0.13,0,0,0
2011,KOR,2.5,-147.5,0,0,0,0,0,0,1.8,0,0,0
2011,KOR,2.5,-142.5,0,0,0,0,0,0,3.99,0,0,0
2011,KOR,2.5,-137.5,0,0,0,0,0,0,4.16,0,0,0
2011,KOR,2.5,-132.5,0,0,0,0,0,0,1.7,0,0,0
2011,KOR,2.5,-127.5,0,0,0,0,0,0,0.49,0,0,0
2011,KOR,7.5,-147.5,0,0,0,0,0,0,0.34,0,0,0
2011,KOR,7.5,-142.5,0,0,0,0,0,0,0.26,0,0,0
2011,KOR,7.5,-137.5,0,0,0,0,0,0,0.06,0,0,0
2011,KOR,7.5,-132.5,0,0,0,0,0,0,0.36,0,0,0
2011,KOR,7.5,-122.5,0,0,0,0,0,0,0.01,0,0,0
2011,PYF,-22.5,-147.5,0,0,0,0.05,0,0,0.07,0,0,0
2011,PYF,-22.5,-142.5,0,0,0,0.05,0,0,0,0,0,0
2011,PYF,-17.5,-147.5,0,0,0,0.05,0,0,2.89,0,0,0
2011,PYF,-17.5,-142.5,0,0,0,0,0,0,1.12,0,0,0
2011,PYF,-12.5,-147.5,0,0,0,0.1,0,0,4.33,0,0,0
2011,PYF,-12.5,-142.5,0,0,0,0,0,0,3.62,0,0,0
2011,TWN,-32.5,-147.5,0,0,0,0,0,0,4.22,0,0,0
2011,TWN,-32.5,-142.5,0,0,0,0,0,0,3.03,0,0,0
2011,TWN,-32.5,-137.5,0,0,0,0,0,0,3.47,0,0,0
2011,TWN,-27.5,-147.5,0,0,0,0,0,0,0.12,0,0,0
2011,TWN,-27.5,-127.5,0,0,0,0,0,0,0.16,0,0,0
2011,TWN,-2.5,-147.5,0,0,0,0,0,0,2.04,0,0,0
2011,TWN,-2.5,-142.5,0,0,0,0,0,0,2.3,0,0,0
2011,TWN,2.5,-147.5,0,0,0,0,0,0,0.43,0,0,0
2011,USA,22.5,-147.5,0,0,0,0,0,0,0,0,0,0
2011,USA,22.5,-142.5,0,0,0,0,0,0,0,0,0,0
2011,USA,27.5,-147.5,0,0,0,0,0,0,0,0,0,0
2011,USA,27.5,-142.5,0,0,0,0,0,0,0,0,0,0
2011,BLZ,-2.5,-112.5,1.6,2.5,0,0,0,0.39,0,0,0,0
2011,BLZ,2.5,-122.5,0.65,0,7.84,0,0,0,0,0,0,0
2011,BLZ,2.5,-117.5,2.59,0,8.38,0,0,0,0,0,0,0
2011,BLZ,2.5,-112.5,1.51,8.2,0,0,0,0.11,0,0,0,0
2011,BLZ,2.5,-107.5,10.49,0,9.26,0,0,0,0,0,0,0
2011,BLZ,2.5,-102.5,0.16,0,4.47,0,0,0,0,0,0,0
2011,BLZ,2.5,-97.5,4.03,0,18.6,0,0,0,0,0,0,0
2011,BLZ,2.5,-92.5,2.25,0,7.35,0,0,0,0,0,0,0
2011,BLZ,2.5,-87.5,5.77,0,10,0,0,0,0,0,0,0
2011,BLZ,7.5,-97.5,6.81,0,8.91,0,0,0,0,0,0,0
2011,BLZ,7.5,-92.5,3.13,0,9.23,0,0,0,0,0,0,0
2011,BLZ,7.5,-87.5,1.45,0,2.23,0,0,0,0,0,0,0
2011,BLZ,12.5,-92.5,0.21,0,0.74,0,0,0,0,0,0,0
2011,BLZ,12.5,-82.5,0.65,0,8.63,0,0,0,0,0,0,0
2011,CHN,-32.5,-147.5,0,0,0,0,0,0,0,0.42,0,0
2011,CHN,-27.5,-147.5,0,0,0,0,0,0,0,0.38,0,0
2011,CHN,-12.5,-132.5,10.22,0,0,0,0,0,0,0.14,0,0
2011,CHN,-7.5,-132.5,4.33,0,0,0,0,0,0,0.01,0,0
2011,CHN,-7.5,-127.5,0.08,0,0,0,0,0,0,0.15,0,0
2011,CHN,-2.5,-147.5,0.15,0,0,0,0,0,0,0.08,0,0
2011,CHN,-2.5,-142.5,0.34,0,0,0,0,0,0,0.04,0,0
2011,CHN,2.5,-142.5,0.04,0,0,0,0,0,0,0.14,0,0
2011,CHN,7.5,-132.5,3.21,0,0,0,0,0,0,0.42,0,0
2011,CHN,7.5,-127.5,3.33,0,0,0,0,0,0,0.44,0,0
2011,CHN,7.5,-122.5,3,0,0,0,0,0,0,0.35,0,0
2011,CHN,12.5,-127.5,3.14,0,0,0,0,0,0,0.35,0,0
2011,CHN,12.5,-122.5,6.17,0,0,0,0,0,0,0.6,0,0
2011,KOR,-2.5,-147.5,0,0,0,0,0,0,0.42,0,0,0
2011,KOR,-2.5,-142.5,0,0,0,0,0,0,0.1,0,0,0
2011,KOR,-2.5,-137.5,0,0,0,0,0,0,0.06,0,0,0
2011,KOR,-2.5,-132.5,0,0,0,0,0,0,0.06,0,0,0
2011,KOR,2.5,-147.5,0,0,0,0,0,0,2.51,0,0,0
2011,KOR,2.5,-142.5,0,0,0,0,0,0,4.32,0,0,0
2011,KOR,2.5,-137.5,0.2,0,0,0,0,0,4.71,0,0.01,1.48
2011,KOR,2.5,-132.5,0,0,0,0,0,0,4.27,0,0,0
2011,KOR,2.5,-127.5,0,0,0,0,0,0,6.96,0,0,0
2011,KOR,7.5,-147.5,0,0,0,0,0,0,0.96,0,0,0
2011,KOR,7.5,-142.5,0,0,0,0,0,0,1.01,0,0,0
2011,KOR,7.5,-137.5,0,0,0,0,0,0,0.96,0,0,0
2011,KOR,7.5,-132.5,0,0,0,0,0,0,0.94,0,0,0
2011,KOR,7.5,-127.5,0,0,0,0,0,0,1.31,0,0,0
2011,PYF,-22.5,-147.5,0,0,0,0.14,0,0,0.1,0,0,0
2011,PYF,-17.5,-147.5,0,0,0,0.72,0,0,8.98,0,0,0
2011,PYF,-17.5,-142.5,0,0,0,0,0,0,0.7,0,0,0
2011,PYF,-12.5,-147.5,0,0,0,0,0,0,1.1,0,0,0
2011,TWN,-32.5,-147.5,0,0,0,0,0,0,2.03,0,0,0
2011,TWN,-32.5,-142.5,0,0,0,0,0,0,0.35,0,0,0
2011,TWN,-32.5,-137.5,0,0,0,0,0,0,0.98,0,0,0
2011,TWN,-27.5,-137.5,0,0,0,0,0,0,1.54,0,0,0
2011,TWN,-27.5,-132.5,0,0,0,0,0,0,2.04,0,0,0
2011,TWN,-27.5,-127.5,0,0,0,0,0,0,0.17,0,0,0
2011,TWN,-12.5,-147.5,0,0,0,0,0,0,0.64,0,0,0
2011,TWN,-7.5,-147.5,0,0,0,0,0,0,0.61,0,0,0
2011,TWN,-2.5,-147.5,0,0,0,0,0,0,0.36,0,0,0
2011,TWN,-2.5,-142.5,0,0,0,0,0,0,3.93,0,0,0
2011,TWN,-2.5,-137.5,0,0,0,0,0,0,1.61,0,0,0
2011,TWN,2.5,-147.5,0,0,0,0,0,0,0.41,0,0,0
2011,USA,22.5,-147.5,0,0,0,0,0,0,0,0,0,0
2011,USA,22.5,-142.5,0,0,0,0,0,0,0,0,0,0
2011,USA,22.5,-137.5,0,0,0,0,0,0,0,0,0,0
2011,USA,27.5,-147.5,0,0,0,0,0,0,0,0,0,0
2011,BLZ,2.5,-117.5,6.47,11.65,7.18,0,0,1.39,0,0,0,0
2011,BLZ,2.5,-112.5,5.11,4.6,4.33,0,0,0.72,0,0,0,0.27
2011,BLZ,2.5,-107.5,15.55,0,36.39,0,0,0,0,0,0,0
2011,BLZ,2.5,-102.5,9.09,0,14.2,0,0,0,0,0,0,0
2011,BLZ,2.5,-87.5,0.53,0,1.73,0,0,0,0,0,0,0
2011,BLZ,2.5,-82.5,1.57,0,10.49,0,0,0,0,0,0,0
2011,BLZ,7.5,-87.5,0.66,0,1.64,0,0,0,0,0,0,0
2011,BLZ,7.5,-82.5,0.61,0,13.84,0,0,0,0,0,0,0
2011,BLZ,12.5,-87.5,2.03,0,4.85,0,0,0,0,0,0,0
2011,CHN,-7.5,-137.5,0.13,0,0,0,0,0,0,0.12,0,0
2011,CHN,-7.5,-132.5,1.01,0,0,0,0,0,0,0.37,0,0
2011,CHN,-2.5,-147.5,0.05,0,0,0,0,0,0,0.06,0,0
2011,CHN,-2.5,-132.5,0.07,0,0,0,0,0,0,0.34,0,0
2011,CHN,2.5,-147.5,0.15,0,0,0,0,0,0,0.05,0,0
2011,CHN,7.5,-132.5,9.17,0,0,0,0,0,0,3.38,0,0
2011,CHN,7.5,-127.5,3.58,0,0,0,0,0,0,0.58,0,0
2011,CHN,7.5,-122.5,2.24,0,0,0,0,0,0,3.62,0,0
2011,CHN,12.5,-122.5,3.01,0,0,0,0,0,0,7.15,0,0
2011,KOR,-7.5,-147.5,0,0,0,0,0,0,0.07,0,0,0
2011,KOR,-7.5,-142.5,0,0,0,0,0,0,0.09,0,0,0
2011,KOR,-2.5,-147.5,0,0,0,0,0,0,0.04,0,0,0
2011,KOR,2.5,-147.5,0.01,0,0,0,0,0,8.58,0,0,0.04
2011,KOR,2.5,-142.5,0.01,0,0,0,0,0,1.85,0,0,0.06
2011,KOR,2.5,-137.5,0,0,0,0.04,0,0,2.58,0,0,0
2011,KOR,2.5,-132.5,0,0,0,0,0,0,4.1,0,0,0
2011,KOR,2.5,-127.5,0,0,0,0,0,0,1.47,0,0,0
2011,KOR,7.5,-147.5,0,0,0,0,0,0,2.42,0,0,0
2011,KOR,7.5,-142.5,0.17,0,0,0,0,0,1.61,0,0,0
2011,KOR,7.5,-137.5,0.03,0,0,0,0,0,5.14,0,0,0
2011,KOR,7.5,-132.5,0,0,0,0,0,0,4.77,0,0,0
2011,KOR,7.5,-127.5,0,0,0,0,0,0,1.63,0,0,0
2011,PYF,-22.5,-147.5,0,0,0,0.11,0,0,0.13,0,0,0
2011,PYF,-17.5,-147.5,0,0,0,0.05,0,0,8.07,0,0,0
2011,PYF,-17.5,-142.5,0,0,0,0,0,0,2.54,0,0,0
2011,TWN,-32.5,-137.5,0,0,0,0,0,0,1.2,0,0,0
2011,TWN,-32.5,-132.5,0,0,0,0,0,0,0.1,0,0,0
2011,TWN,-32.5,-127.5,0,0,0,0,0,0,0.04,0,0,0
2011,TWN,-27.5,-147.5,0,0,0,0,0,0,2.25,0,0,0
2011,TWN,-27.5,-137.5,0,0,0,0,0,0,5.34,0,0,0
2011,TWN,-27.5,-132.5,0,0,0,0,0,0,0.63,0,0,0
2011,TWN,-27.5,-127.5,0,0,0,0,0,0,0.98,0,0,0
2011,TWN,-12.5,-147.5,0,0,0,0,0,0,1.38,0,0,0
2011,TWN,-7.5,-147.5,0,0,0,0,0,0,13.9,0,0,0
2011,TWN,-2.5,-147.5,0,0,0,0,0,0,0.75,0,0,0
2011,TWN,2.5,-147.5,0,0,0,0,0,0,0.75,0,0,0
2011,USA,22.5,-147.5,0,0,0,0,0,0,0,0,0,0
2011,USA,22.5,-142.5,0,0,0,0,0,0,0,0,0,0
2011,USA,27.5,-147.5,0,0,0,0,0,0,0,0,0,0
2011,USA,27.5,-142.5,0,0,0,0,0,0,0,0,0,0
2011,USA,32.5,-147.5,0,0,0,0,0,0,0,0,0,0
2011,BLZ,-2.5,-122.5,0.34,0,1.25,0,0,0,0,0,0,0
2011,BLZ,-2.5,-112.5,7.17,0,9.33,0,0,0,0,0,0,0
2011,BLZ,2.5,-122.5,2.26,0,11.72,0,0,0,0,0,0,0
2011,BLZ,2.5,-117.5,4.38,3.38,3.22,0,0,0.23,0,0,0,0
2011,BLZ,2.5,-107.5,13.39,0,36.57,0,0,0,0,0,0,0
2011,BLZ,2.5,-97.5,4.32,0,8.18,0,0,0,0,0,0,0
2011,BLZ,7.5,-107.5,5.16,0,13.44,0,0,0,0,0,0,0
2011,BLZ,7.5,-102.5,2.22,0,12.58,0,0,0,0,0,0,0
2011,BLZ,7.5,-87.5,7.31,9.35,5.68,0,0,1.11,0,0,0,0
2011,BLZ,12.5,-97.5,0.8,0,15.29,0,0,0,0,0,0,0
2011,BLZ,12.5,-87.5,0.14,0,6.63,0,0,0,0,0,0,0
2011,CHN,-12.5,-132.5,0.23,0,0,0,0,0,0,1.98,0,0
2011,CHN,-7.5,-132.5,3.55,0,0,0,0,0,0,2.12,0,0
2011,CHN,-7.5,-122.5,0.35,0,0,0,0,0,0,0.09,0,0
2011,CHN,-7.5,-117.5,0.14,0,0,0,0,0,0,0.22,0,0
2011,CHN,-2.5,-147.5,0.05,0,0,0,0,0,0,0.04,0,0
2011,CHN,2.5,-147.5,0.12,0,0,0,0,0,0,0.45,0,0
2011,CHN,7.5,-142.5,4.03,0,0,0,0,0,0,0.32,0,0
2011,CHN,7.5,-137.5,3.7,0,0,0,0,0,0,2.84,0,0
2011,CHN,7.5,-127.5,9.07,0,0,0,0,0,0,6,0,0
2011,CHN,7.5,-122.5,3.93,0,0,0,0,0,0,3.68,0,0
2011,CHN,12.5,-122.5,4.31,0,0,0,0,0,0,0.41,0,0
2011,KOR,-12.5,-132.5,0,0,0,0,0,0,0.78,0,0,0
2011,KOR,-12.5,-127.5,0,0,0,0,0,0,1.01,0,0,0
2011,KOR,-7.5,-137.5,0,0,0,0,0,0,0.96,0,0,0
2011,KOR,-7.5,-132.5,0,0,0,0,0,0,4.23,0,0,0
2011,KOR,-7.5,-127.5,0,0,0,0,0,0,0.54,0,0,0
2011,KOR,-2.5,-137.5,0,0,0,0,0,0,0.56,0,0,0
2011,KOR,-2.5,-132.5,0,0,0,0,0,0,0.05,0,0,0
2011,KOR,-2.5,-127.5,0,0,0,0,0,0,0.01,0,0,0
2011,KOR,2.5,-147.5,0,0,0,0,0,0,4.91,0,0,0
2011,KOR,2.5,-142.5,0,0,0,0,0,0,1.48,0,0,0
2011,KOR,2.5,-137.5,0,0,0,0,0,0,0.92,0,0,0
2011,KOR,2.5,-132.5,0,0,0,0.08,0,0,0.31,0,0,0
2011,KOR,7.5,-147.5,0,0,0,0,0,0,5.58,0,0,0
2011,KOR,7.5,-142.5,0,0,0,0,0,0,5.86,0,0,0
2011,KOR,7.5,-137.5,0,0,0,0,0,0,1.51,0,0,0
2011,KOR,7.5,-132.5,0,0,0,0,0,0,1.14,0,0,0
2011,PYF,-22.5,-147.5,0,0,0,0,0,0,0.06,0,0,0
2011,PYF,-22.5,-142.5,0,0,0,0.07,0,0,0,0,0,0
2011,PYF,-17.5,-147.5,0,0,0,0.93,0,0,6.24,0,0,0
2011,PYF,-17.5,-142.5,0,0,0,0.07,0,0,2.93,0,0,0
2011,PYF,-12.5,-147.5,0,0,0,0.07,0,0,0.92,0,0,0
2011,PYF,-12.5,-142.5,0,0,0,0,0,0,0.63,0,0,0
2011,TWN,-32.5,-137.5,0,0,0,0,0,0,0.91,0,0,0
2011,TWN,-32.5,-132.5,0,0,0,0,0,0,1.6,0,0,0
2011,TWN,-32.5,-127.5,0,0,0,0,0,0,0.14,0,0,0
2011,TWN,-27.5,-137.5,0,0,0,0,0,0,18.04,0,0,0
2011,TWN,-27.5,-132.5,0,0,0,0,0,0,16.82,0,0,0
2011,TWN,-27.5,-127.5,0,0,0,0,0,0,0.26,0,0,0
2011,TWN,-22.5,-132.5,0,0,0,0,0,0,0.02,0,0,0
2011,TWN,-17.5,-137.5,0,0,0,0,0,0,0.06,0,0,0
2011,TWN,-17.5,-132.5,0,0,0,0,0,0,2.7,0,0,0
2011,TWN,-17.5,-127.5,0,0,0,0,0,0,1.62,0,0,0
2011,TWN,-12.5,-147.5,0,0,0,0,0,0,9.14,0,0,0
2011,TWN,-12.5,-142.5,0,0,0,0,0,0,1.24,0,0,0
2011,TWN,-12.5,-137.5,0,0,0,0,0,0,14,0,0,0
2011,TWN,-12.5,-132.5,0,0,0,0,0,0,19.15,0,0,0
2011,TWN,-7.5,-147.5,0,0,0,0,0,0,8.72,0,0,0
2011,TWN,-7.5,-142.5,0,0,0,0,0,0,0.64,0,0,0
2011,TWN,-7.5,-132.5,0,0,0,0,0,0,1.04,0,0,0
2011,TWN,-2.5,-147.5,0,0,0,0,0,0,30.23,0,0,0
2011,TWN,-2.5,-142.5,0,0,0,0,0,0,0.47,0,0,0
2011,TWN,-2.5,-137.5,0,0,0,0,0,0,2.23,0,0,0
2011,TWN,7.5,-147.5,0,0,0,0,0,0,0.18,0,0,0
2011,TWN,12.5,-147.5,0,0,0,0,0,0,0.84,0,0,0
2011,TWN,17.5,-147.5,0,0,0,0,0,0,3.75,0,0,0
2011,TWN,17.5,-142.5,0,0,0,0,0,0,1.6,0,0,0
2011,TWN,17.5,-137.5,0,0,0,0,0,0,2.76,0,0,0
2011,TWN,22.5,-137.5,0,0,0,0,0,0,6.32,0,0,0
2011,TWN,22.5,-132.5,0,0,0,0,0,0,0.07,0,0,0
2011,USA,22.5,-147.5,0,0,0,0,0,0,0,0,0,0
2011,USA,22.5,-142.5,0,0,0,0,0,0,0,0,0,0
2011,USA,27.5,-147.5,0,0,0,0,0,0,0,0,0,0
2011,USA,27.5,-142.5,0,0,0,0,0,0,0,0,0,0
2011,USA,32.5,-147.5,0,0,0,0,0,0,0,0,0,0
2011,USA,32.5,-142.5,0,0,0,0,0,0,0,0,0,0
2011,BLZ,2.5,-122.5,6.92,0,18.56,0,0,0,0,0,0,0
2011,BLZ,2.5,-107.5,2.79,0,5.66,0,0,0,0,0,0,0
2011,BLZ,2.5,-102.5,1.42,0,8.59,0,0,0,0,0,0,0
2011,BLZ,2.5,-97.5,2.24,7.09,2.79,0,0,0.57,0,0,0,0
2011,BLZ,2.5,-87.5,1.96,0,4.35,0,0,0,0,0,0,0
2011,BLZ,7.5,-107.5,0.64,0,2.45,0,0,0,0,0,0,0
2011,BLZ,7.5,-102.5,12.64,0,36.29,0,0,0,0,0,0,0
2011,BLZ,7.5,-92.5,1.64,0,0.47,0,0,0,0,0,0,0
2011,BLZ,7.5,-87.5,3.08,0,3.95,0,0,0,0,0,0,0
2011,BLZ,12.5,-102.5,0.8,0,22.57,0,0,0,0,0,0,0
2011,BLZ,12.5,-87.5,0.52,0,2.17,0,0,0,0,0,0,0
2011,CHN,-17.5,-132.5,1.33,0,0,0,0,0,0,2.3,0,0
2011,CHN,-17.5,-127.5,0.06,0,0,0,0,0,0,0.35,0,0
2011,CHN,-17.5,-102.5,0.03,0,0,0,0,0,0,0.04,0,0
2011,CHN,-12.5,-132.5,1.59,0,0,0,0,0,0,1.67,0,0
2011,CHN,-12.5,-127.5,0.05,0,0,0,0,0,0,0.15,0,0
2011,CHN,-7.5,-147.5,1.35,0,0,0,0,0,0,0.43,0,0
2011,CHN,-7.5,-132.5,0.47,0,0,0,0,0,0,0.26,0,0
2011,CHN,2.5,-147.5,0.41,0,0,0,0,0,0,0.18,0,0
2011,CHN,7.5,-137.5,4.84,0,0,0,0,0,0,0.29,0,0
2011,CHN,7.5,-122.5,3.79,0,0,0,0,0,0,0.28,0,0
2011,CHN,12.5,-122.5,12.99,0,0,0,0,0,0,0.89,0,0
2011,KOR,-12.5,-132.5,0,0,0,0,0,0,0.56,0,0,0
2011,KOR,-12.5,-127.5,0,0,0,0,0,0,0.28,0,0,0
2011,KOR,-12.5,-122.5,0,0,0,0,0,0,0.05,0,0,0
2011,KOR,-7.5,-147.5,0,0,0,0,0,0,1.47,0,0,0
2011,KOR,-7.5,-142.5,0,0,0,0,0,0,0.49,0,0,0
2011,KOR,-7.5,-137.5,0.1,0,0,0,0,0,2.21,0,0,0
2011,KOR,-7.5,-132.5,0,0,0,0,0,0,3.22,0,0,0
2011,KOR,-7.5,-127.5,0,0,0,0,0,0,9.1,0,0,0
2011,KOR,-7.5,-122.5,0,0,0,0,0,0,1.25,0,0,0
2011,KOR,-2.5,-147.5,0,0,0,0,0,0,1.32,0,0,0
2011,KOR,-2.5,-142.5,0,0,0,0,0,0,1.33,0,0,0
2011,KOR,-2.5,-137.5,0,0,0,0,0,0,0.45,0,0,0
2011,KOR,-2.5,-122.5,0,0,0,0,0,0,0.02,0,0,0
2011,KOR,2.5,-147.5,0.02,0,0,0,0,0,4.83,0,0,0
2011,KOR,2.5,-142.5,0,0,0,0,0,0,0.24,0,0,0
2011,KOR,7.5,-147.5,0,0,0,0,0,0,5.71,0,0,0
2011,KOR,7.5,-142.5,0,0,0,0,0,0,0.49,0,0,0
2011,PYF,-22.5,-147.5,0,0,0,0.12,0,0,0,0,0,0
2011,PYF,-22.5,-142.5,0,0,0,0.06,0,0,0,0,0,0
2011,PYF,-17.5,-147.5,0,0,0,0.9,0,0,8.2,0,0,0
2011,PYF,-17.5,-142.5,0,0,0,0.09,0,0,0.71,0,0,0
2011,PYF,-12.5,-147.5,0,0,0,0,0,0,0.09,0,0,0
2011,PYF,-12.5,-142.5,0,0,0,0.06,0,0,0.74,0,0,0
2011,TWN,-27.5,-137.5,0,0,0,0,0,0,0.41,0,0,0
2011,TWN,-22.5,-132.5,0,0,0,0,0,0,0.12,0,0,0
2011,TWN,-22.5,-127.5,0,0,0,0,0,0,7.14,0,0,0
2011,TWN,-22.5,-122.5,0,0,0,0,0,0,0.16,0,0,0
2011,TWN,-17.5,-132.5,0,0,0,0,0,0,6.86,0,0,0
2011,TWN,-17.5,-127.5,0,0,0,0,0,0,8.92,0,0,0
2011,TWN,-17.5,-122.5,0,0,0,0,0,0,10.32,0,0,0
2011,TWN,-17.5,-117.5,0,0,0,0,0,0,0.54,0,0,0
2011,TWN,-12.5,-147.5,0,0,0,0,0,0,3.14,0,0,0
2011,TWN,-12.5,-137.5,0,0,0,0,0,0,3.01,0,0,0
2011,TWN,-12.5,-132.5,0,0,0,0,0,0,17.13,0,0,0
2011,TWN,-7.5,-147.5,0,0,0,0,0,0,7.36,0,0,0
2011,TWN,-2.5,-147.5,0,0,0,0,0,0,3.25,0,0,0
2011,TWN,17.5,-142.5,0,0,0,0,0,0,11.91,0,0,0
2011,TWN,17.5,-137.5,0,0,0,0,0,0,11.18,0,0,0
2011,TWN,22.5,-142.5,0,0,0,0,0,0,4.22,0,0,0
2011,TWN,22.5,-137.5,0,0,0,0,0,0,23.35,0,0,0
2011,USA,22.5,-147.5,0,0,0,0,0,0,0,0,0,0
2011,USA,22.5,-142.5,0,0,0,0,0,0,0,0,0,0
2011,USA,27.5,-147.5,0,0,0,0,0,0,0,0,0,0
2011,USA,27.5,-142.5,0,0,0,0,0,0,0,0,0,0
2011,USA,32.5,-147.5,0,0,0,0,0,0,0,0,0,0
2011,USA,32.5,-142.5,0,0,0,0,0,0,0,0,0,0
2011,BLZ,2.5,-122.5,2.78,0,11.01,0,0,0,0,0,0,0
2011,BLZ,2.5,-112.5,6.56,0,8.88,0,0,0,0,0,0,0
2011,BLZ,7.5,-127.5,0.95,0,2.16,0,0,0,0,0,0,0
2011,BLZ,7.5,-107.5,5.3,0,9.94,0,0,0,0,0,0,0
2011,BLZ,7.5,-102.5,3.4,0,4.32,0,0,0,0,0,0,0
2011,BLZ,7.5,-97.5,1.17,0,2.98,0,0,0,0,0,0,0
2011,BLZ,7.5,-92.5,2.37,0,1.93,0,0,0,0,0,0,0
2011,BLZ,7.5,-87.5,5.07,0,14.87,0,0,0,0,0,0,0
2011,BLZ,12.5,-112.5,0.31,0,11.43,0,0,0,0,0,0,0
2011,BLZ,12.5,-102.5,2.78,0,14.8,0,0,0,0,0,0,0
2011,BLZ,12.5,-92.5,1.96,0,4.02,0,0,0,0,0,0,0
2011,CHN,-32.5,-137.5,0.55,0,0,0,0,0,0,0,0,0
2011,CHN,-27.5,-132.5,0.62,0,0,0,0,0,0,0,0,0
2011,CHN,-27.5,-127.5,0.25,0,0,0,0,0,0,0.26,0,0
2011,CHN,-12.5,-132.5,0.39,0,0,0,0,0,0,0.15,0,0
2011,CHN,-12.5,-127.5,0.12,0,0,0,0,0,0,0.12,0,0
2011,CHN,-7.5,-147.5,0.42,0,0,0,0,0,0,0.12,0,0
2011,CHN,-7.5,-132.5,1.77,0,0,0,0,0,0,4.4,0,0
2011,CHN,-2.5,-147.5,0.45,0,0,0,0,0,0,0.03,0,0
2011,CHN,-2.5,-137.5,0.18,0,0,0,0,0,0,0.67,0,0
2011,CHN,-2.5,-132.5,0.32,0,0,0,0,0,0,0.04,0,0
2011,CHN,7.5,-127.5,2.5,0,0,0,0,0,0,2.84,0,0
2011,CHN,7.5,-122.5,3.05,0,0,0,0,0,0,3.25,0,0
2011,CHN,12.5,-132.5,2.65,0,0,0,0,0,0,3.62,0,0
2011,CHN,12.5,-122.5,5.2,0,0,0,0,0,0,0.59,0,0
2011,KOR,-17.5,-127.5,0,0,0,0,0,0,0.12,0,0,0
2011,KOR,-12.5,-137.5,0,0,0,0,0,0,0.37,0,0,0
2011,KOR,-12.5,-132.5,0.05,0,0,0,0,0,2.89,0,0,0
2011,KOR,-12.5,-127.5,0,0,0,0,0,0,5.48,0,0,0
2011,KOR,-12.5,-122.5,0,0,0,0,0,0,0.15,0,0,0
2011,KOR,-7.5,-147.5,0,0,0,0,0,0,0.86,0,0,0
2011,KOR,-7.5,-142.5,0,0,0,0,0,0,0.43,0,0,0
2011,KOR,-7.5,-137.5,0,0,0,0,0,0,1.27,0,0,0
2011,KOR,-7.5,-132.5,0.1,0,0,0,0,0,7.75,0,0,0
2011,KOR,-7.5,-127.5,0,0,0,0,0,0,2.28,0,0,0
2011,KOR,-7.5,-122.5,0,0,0,0,0,0,3.09,0,0,0
2011,KOR,-2.5,-147.5,0,0,0,0,0,0,8.5,0,0,0
2011,KOR,2.5,-147.5,0,0,0,0,0,0,0.03,0,0,0
2011,KOR,2.5,-142.5,0,0,0,0,0,0,0.06,0,0,0
2011,KOR,7.5,-147.5,0,0,0,0,0,0,0.16,0,0,0
2011,KOR,7.5,-142.5,0,0,0,0,0,0,1.07,0,0,0
2011,KOR,7.5,-137.5,0,0,0,0,0,0,0.04,0,0,0
2011,KOR,7.5,-132.5,0,0,0,0,0,0,0.03,0,0,0
2011,PYF,-22.5,-147.5,0,0,0,0.06,0,0,0,0,0,0
2011,PYF,-17.5,-147.5,0,0,0,0.45,0,0,1.16,0,0,0
2011,PYF,-17.5,-142.5,0,0,0,0.46,0,0,1.04,0,0,0
2011,PYF,-12.5,-147.5,0,0,0,0.26,0,0,1.48,0,0,0
2011,PYF,-12.5,-142.5,0,0,0,0,0,0,0.42,0,0,0
2011,TWN,-32.5,-122.5,0,0,0,0,0,0,5.37,0,0,0
2011,TWN,-32.5,-117.5,0,0,0,0,0,0,4.82,0,0,0
2011,TWN,-22.5,-127.5,0,0,0,0,0,0,0.85,0,0,0
2011,TWN,-22.5,-122.5,0,0,0,0,0,0,0.66,0,0,0
2011,TWN,-22.5,-117.5,0,0,0,0,0,0,0.22,0,0,0
2011,TWN,-17.5,-132.5,0,0,0,0,0,0,5.62,0,0,0
2011,TWN,-17.5,-127.5,0,0,0,0,0,0,7.43,0,0,0
2011,TWN,-17.5,-122.5,0,0,0,0,0,0,24.92,0,0,0
2011,TWN,-17.5,-117.5,0,0,0,0,0,0,7.03,0,0,0
2011,TWN,-12.5,-147.5,0,0,0,0,0,0,5.69,0,0,0
2011,TWN,-12.5,-142.5,0,0,0,0,0,0,3.81,0,0,0
2011,TWN,-12.5,-137.5,0,0,0,0,0,0,2.06,0,0,0
2011,TWN,-12.5,-132.5,0,0,0,0,0,0,23.75,0,0,0
2011,TWN,-7.5,-147.5,0,0,0,0,0,0,1.28,0,0,0
2011,TWN,-7.5,-132.5,0,0,0,0,0,0,0.18,0,0,0
2011,TWN,-2.5,-147.5,0,0,0,0,0,0,1.56,0,0,0
2011,TWN,17.5,-147.5,0,0,0,0,0,0,3.23,0,0,0
2011,TWN,17.5,-142.5,0,0,0,0,0,0,30.23,0,0,0
2011,TWN,17.5,-137.5,0,0,0,0,0,0,5.75,0,0,0
2011,TWN,22.5,-147.5,0,0,0,0,0,0,7.4,0,0,0
2011,TWN,22.5,-142.5,0,0,0,0,0,0,7.13,0,0,0
2011,TWN,22.5,-137.5,0,0,0,0,0,0,7.24,0,0,0
2011,USA,22.5,-147.5,0,0,0,0,0,0,0,0,0,0
2011,USA,22.5,-142.5,0,0,0,0,0,0,0,0,0,0
2011,USA,27.5,-147.5,0,0,0,0,0,0,0,0,0,0
2011,USA,27.5,-142.5,0,0,0,0,0,0,0,0,0,0
2011,USA,27.5,-137.5,0,0,0,0,0,0,0,0,0,0
2011,USA,32.5,-147.5,0,0,0,0,0,0,0,0,0,0
2011,USA,37.5,-137.5,0,0,0,0,0,0,0,0,0,0
2011,USA,37.5,-132.5,0,0,0,0,0,0,0,0,0,0
2011,USA,37.5,-127.5,0,0,0,0,0,0,0,0,0,0
2011,BLZ,2.5,-122.5,5.84,0,13.76,0,0,0,0,0,0,0
2011,BLZ,2.5,-102.5,6.39,0,14.23,0,0,0,0,0,0,0
2011,BLZ,7.5,-107.5,2.47,0,1.72,0,0,0,0,0,0,0
2011,BLZ,7.5,-87.5,6.61,0,5.87,0,0,0,0,0,0,0
2011,BLZ,12.5,-102.5,1.2,0,20.38,0,0,0,0,0,0,0
2011,BLZ,12.5,-97.5,7.47,0,14.17,0,0,0,0,0,0,0
2011,BLZ,12.5,-87.5,1.38,0,7.08,0,0,0,0,0,0,0
2011,CHN,-17.5,-127.5,0.04,0,0,0,0,0,0,0.12,0,0
2011,CHN,-17.5,-122.5,0.33,0,0,0,0,0,0,0.25,0,0
2011,CHN,-12.5,-137.5,1.68,0,0,0,0,0,0,0,0,0
2011,CHN,-12.5,-132.5,1.36,0,0,0,0,0,0,0.06,0,0
2011,CHN,-12.5,-122.5,0.06,0,0,0,0,0,0,0.26,0,0
2011,CHN,-7.5,-147.5,1.59,0,0,0,0,0,0,0.38,0,0
2011,CHN,-7.5,-142.5,0.21,0,0,0,0,0,0,0,0,0
2011,CHN,-7.5,-137.5,2.29,0,0,0,0,0,0,0.14,0,0
2011,CHN,-7.5,-132.5,0,0,0,0,0,0,0,0.76,0,0
2011,CHN,-2.5,-147.5,0.33,0,0,0,0,0,0,0.05,0,0
2011,CHN,7.5,-132.5,12.9,0,0,0,0,0,0,0.23,0,0
2011,CHN,12.5,-132.5,0.82,0,0,0,0,0,0,0.36,0,0
2011,KOR,-17.5,-127.5,0,0,0,0,0,0,0.51,0,0,0
2011,KOR,-12.5,-137.5,0,0,0,0,0,0,0.11,0,0,0
2011,KOR,-12.5,-132.5,0.07,0,0,0,0,0,7.15,0,0,0.26
2011,KOR,-12.5,-127.5,0.23,0,0,0.07,0,0,7.52,0,0.12,0.23
2011,KOR,-7.5,-147.5,0,0,0,0,0,0,0.03,0,0,0
2011,KOR,-7.5,-142.5,0,0,0,0,0,0,0.18,0,0,0
2011,KOR,-7.5,-132.5,0,0,0,0,0,0,0.34,0,0,0
2011,KOR,-2.5,-147.5,0,0,0,0,0,0,4.19,0,0,0
2011,KOR,-2.5,-142.5,0,0,0,0,0,0,0.88,0,0,0
2011,PYF,-22.5,-147.5,0,0,0,0.09,0,0,0.14,0,0,0
2011,PYF,-17.5,-147.5,0,0,0,0.59,0,0,1.9,0,0,0
2011,PYF,-17.5,-142.5,0,0,0,0.12,0,0,1.2,0,0,0
2011,PYF,-12.5,-147.5,0,0,0,0.13,0,0,2.21,0,0,0
2011,PYF,-12.5,-142.5,0,0,0,0.09,0,0,2.13,0,0,0
2011,TWN,-27.5,-117.5,0,0,0,0,0,0,0.1,0,0,0
2011,TWN,-22.5,-127.5,0,0,0,0,0,0,1.68,0,0,0
2011,TWN,-22.5,-122.5,0,0,0,0,0,0,25.4,0,0,0
2011,TWN,-22.5,-117.5,0,0,0,0,0,0,7.2,0,0,0
2011,TWN,-17.5,-132.5,0,0,0,0,0,0,0.13,0,0,0
2011,TWN,-17.5,-127.5,0,0,0,0,0,0,5.79,0,0,0
2011,TWN,-17.5,-122.5,0,0,0,0,0,0,9.23,0,0,0
2011,TWN,-17.5,-117.5,0,0,0,0,0,0,1.45,0,0,0
2011,TWN,-12.5,-147.5,0,0,0,0,0,0,4.24,0,0,0
2011,TWN,-12.5,-142.5,0,0,0,0,0,0,6.82,0,0,0
2011,TWN,-12.5,-137.5,0,0,0,0,0,0,1.84,0,0,0
2011,TWN,-12.5,-132.5,0,0,0,0,0,0,8.89,0,0,0
2011,TWN,-7.5,-147.5,0,0,0,0,0,0,8.73,0,0,0
2011,TWN,-7.5,-142.5,0,0,0,0,0,0,0.38,0,0,0
2011,TWN,-7.5,-132.5,0,0,0,0,0,0,0.05,0,0,0
2011,TWN,-2.5,-147.5,0,0,0,0,0,0,19.38,0,0,0
2011,TWN,-2.5,-142.5,0,0,0,0,0,0,4.79,0,0,0
2011,TWN,2.5,-147.5,0,0,0,0,0,0,9.99,0,0,0
2011,TWN,7.5,-147.5,0,0,0,0,0,0,2.27,0,0,0
2011,TWN,17.5,-147.5,0,0,0,0,0,0,1.28,0,0,0
2011,TWN,17.5,-142.5,0,0,0,0,0,0,2.38,0,0,0
2011,TWN,22.5,-147.5,0,0,0,0,0,0,4.07,0,0,0
2011,TWN,22.5,-142.5,0,0,0,0,0,0,14.75,0,0,0
2011,TWN,22.5,-137.5,0,0,0,0,0,0,1.07,0,0,0
2011,USA,17.5,-147.5,0,0,0,0,0,0,0,0,0,0
2011,USA,17.5,-142.5,0,0,0,0,0,0,0,0,0,0
2011,USA,22.5,-147.5,0,0,0,0,0,0,0,0,0,0
2011,USA,22.5,-142.5,0,0,0,0,0,0,0,0,0,0
2011,USA,27.5,-147.5,0,0,0,0,0,0,0,0,0,0
2011,USA,27.5,-142.5,0,0,0,0,0,0,0,0,0,0
2011,USA,37.5,-147.5,0,0,0,0,0,0,0,0,0,0
2011,USA,37.5,-142.5,0,0,0,0,0,0,0,0,0,0
2011,USA,37.5,-137.5,0,0,0,0,0,0,0,0,0,0
2011,BLZ,-7.5,-117.5,2.63,0,5.12,0,0,0,0,0,0,0
2011,BLZ,-2.5,-87.5,0.62,0,3.64,0,0,0,0,0,0,0
2011,BLZ,2.5,-117.5,1.27,0,1.48,0,0,0,0,0,0,0
2011,BLZ,2.5,-112.5,2.46,0,2.11,0,0,0,0,0,0,0
2011,BLZ,2.5,-102.5,16.28,0,24.6,0,0,0,0,0,0,0
2011,BLZ,2.5,-97.5,4.7,0,4.7,0,0,0,0,0,0,0
2011,BLZ,2.5,-92.5,1.67,0,2.43,0,0,0,0,0,0,0
2011,BLZ,2.5,-87.5,4.47,0,10,0,0,0,0,0,0,0
2011,BLZ,7.5,-102.5,2.62,0,15.39,0,0,0,0,0,0,0
2011,BLZ,7.5,-87.5,2.01,0,2.21,0,0,0,0,0,0,0
2011,BLZ,12.5,-87.5,0.48,0,9.44,0,0,0,0,0,0,0
2011,CHN,-22.5,-127.5,0.06,0,0,0,0,0,0,0.05,0,0
2011,CHN,-17.5,-127.5,0.03,0,0,0,0,0,0,0.06,0,0
2011,CHN,-17.5,-122.5,0.12,0,0,0,0,0,0,0.45,0,0
2011,CHN,-12.5,-137.5,1.79,0,0,0,0,0,0,0,0,0
2011,CHN,-12.5,-132.5,4,0,0,0,0,0,0,1.21,0,0
2011,CHN,-12.5,-127.5,0.05,0,0,0,0,0,0,0.12,0,0
2011,CHN,-12.5,-122.5,0.12,0,0,0,0,0,0,2.04,0,0
2011,CHN,-7.5,-147.5,50.44,0,0,0,0,0,0,4.31,0,0
2011,CHN,-7.5,-137.5,0.91,0,0,0,0,0,0,0,0,0
2011,CHN,-7.5,-132.5,14.37,0,0,0,0,0,0,0.43,0,0
2011,CHN,-2.5,-142.5,0.55,0,0,0,0,0,0,0.05,0,0
2011,CHN,-2.5,-132.5,0.04,0,0,0,0,0,0,0.07,0,0
2011,CHN,7.5,-137.5,16.52,0,0,0,0,0,0,0.93,0,0
2011,KOR,-17.5,-127.5,0.96,0,0,0,0,0,0.13,0,0.16,0.12
2011,KOR,-17.5,-122.5,0.3,0,0,0,0,0,0.11,0,0,0
2011,KOR,-17.5,-117.5,0,0,0,0,0,0,0.03,0,0,0
2011,KOR,-12.5,-147.5,0,0,0,0,0,0,0.02,0,0,0
2011,KOR,-12.5,-142.5,0,0,0,0,0,0,0.18,0,0,0
2011,KOR,-12.5,-137.5,0,0,0,0,0,0,0.12,0,0,0
2011,KOR,-12.5,-132.5,0,0,0,0,0,0,2.77,0,0,0
2011,KOR,-12.5,-127.5,0.46,0,0,0.13,0,0,9.45,0,0.14,0.07
2011,KOR,-12.5,-122.5,0.32,0,0,0,0,0,0.7,0,0.03,0
2011,KOR,-12.5,-117.5,0.06,0,0,0,0,0,0.39,0,0,0
2011,KOR,-7.5,-142.5,0,0,0,0,0,0,0.71,0,0,0
2011,KOR,-7.5,-137.5,0,0,0,0,0,0,1.24,0,0,0
2011,KOR,-7.5,-132.5,0.06,0,0,0,0,0,2.38,0,0,0.02
2011,KOR,-7.5,-127.5,0,0,0,0,0,0,0.08,0,0,0
2011,KOR,-7.5,-122.5,0.02,0,0,0,0,0,0,0,0,0
2011,KOR,-2.5,-147.5,0,0,0,0,0,0,6.26,0,0,0
2011,KOR,-2.5,-142.5,0,0,0,0,0,0,8.57,0,0.05,0.04
2011,KOR,-2.5,-137.5,0.06,0,0,0,0,0,2.81,0,0,0
2011,PYF,-22.5,-147.5,0,0,0,0.09,0,0,0,0,0,0
2011,PYF,-17.5,-147.5,0,0,0,0.13,0,0,1.8,0,0,0
2011,PYF,-17.5,-142.5,0,0,0,0,0,0,0.12,0,0,0
2011,PYF,-12.5,-147.5,0,0,0,0,0,0,0.32,0,0,0
2011,PYF,-12.5,-142.5,0,0,0,0.39,0,0,1.08,0,0,0
2011,TWN,-22.5,-132.5,0,0,0,0,0,0,1.71,0,0,0
2011,TWN,-22.5,-127.5,0,0,0,0,0,0,6.73,0,0,0
2011,TWN,-22.5,-122.5,0,0,0,0,0,0,9.82,0,0,0
2011,TWN,-22.5,-117.5,0,0,0,0,0,0,19.93,0,0,0
2011,TWN,-22.5,-112.5,0,0,0,0,0,0,4.73,0,0,0
2011,TWN,-17.5,-132.5,0,0,0,0,0,0,0.99,0,0,0
2011,TWN,-17.5,-127.5,0,0,0,0,0,0,2.89,0,0,0
2011,TWN,-17.5,-122.5,0,0,0,0,0,0,5.48,0,0,0
2011,TWN,-17.5,-117.5,0,0,0,0,0,0,0.8,0,0,0
2011,TWN,-12.5,-147.5,0,0,0,0,0,0,4.46,0,0,0
2011,TWN,-12.5,-142.5,0,0,0,0,0,0,5,0,0,0
2011,TWN,-12.5,-137.5,0,0,0,0,0,0,0.09,0,0,0
2011,TWN,-12.5,-132.5,0,0,0,0,0,0,2.18,0,0,0
2011,TWN,-12.5,-122.5,0,0,0,0,0,0,0.06,0,0,0
2011,TWN,-7.5,-147.5,0,0,0,0,0,0,17.37,0,0,0
2011,TWN,-7.5,-142.5,0,0,0,0,0,0,0.18,0,0,0
2011,TWN,-2.5,-147.5,0,0,0,0,0,0,31.66,0,0,0
2011,TWN,-2.5,-142.5,0,0,0,0,0,0,3.32,0,0,0
2011,TWN,27.5,-137.5,0,0,0,0,0,0,0.21,0,0,0
2011,TWN,32.5,-147.5,0,0,0,0,0,0,1.01,0,0,0
2011,TWN,32.5,-142.5,0,0,0,0,0,0,0.14,0,0,0
2011,USA,17.5,-147.5,0,0,0,0,0,0,0,0,0,0
2011,USA,17.5,-142.5,0,0,0,0,0,0,0,0,0,0
2011,USA,17.5,-137.5,0,0,0,0,0,0,0,0,0,0
2011,USA,17.5,-132.5,0,0,0,0,0,0,0,0,0,0
2011,USA,22.5,-147.5,0,0,0,0,0,0,0,0,0,0
2011,USA,22.5,-142.5,0,0,0,0,0,0,0,0,0,0
2011,USA,27.5,-147.5,0,0,0,0,0,0,0,0,0,0
2012,BLZ,-2.5,-92.5,8.9,5,0,0,0,0,0,0,0,0
2012,BLZ,2.5,-112.5,4.59,0,4.99,0,0,0,0,0,0,0
2012,BLZ,2.5,-107.5,21.87,0,10.66,0,0,0,0,0,0,0
2012,BLZ,2.5,-102.5,13.55,0,24.4,0,0,0,0,0,0,0
2012,BLZ,2.5,-87.5,0.42,0,0.67,0,0,0,0,0,0,0
2012,BLZ,7.5,-107.5,8.16,0,20,0,0,0,0,0,0,0
2012,BLZ,7.5,-87.5,3.87,0,2.55,0,0,0,0,0,0,0
2012,BLZ,12.5,-102.5,5.12,0,8.28,0,0,0,0,0,0,0
2012,CHN,-22.5,-127.5,0,0,0,0,0,0,0,0.07,0,0
2012,CHN,-22.5,-122.5,0,0,0,0,0,0,0,0.07,0,0
2012,CHN,-17.5,-132.5,0.39,0,0,0,0,0,0,0.17,0,0
2012,CHN,-17.5,-127.5,0,0,0,0,0,0,0,0.06,0,0
2012,CHN,-17.5,-122.5,0,0,0,0,0,0,0,0.03,0,0
2012,CHN,-12.5,-147.5,0.48,0,0,0,0,0,0,0.05,0,0
2012,CHN,-12.5,-142.5,0,0,0,0,0,0,0,0.03,0,0
2012,CHN,-12.5,-137.5,0.78,0,0,0,0,0,0,0.03,0,0
2012,CHN,-12.5,-132.5,7.83,0,0,0,0,0,0,0.1,0,0
2012,CHN,-12.5,-127.5,0.33,0,0,0,0,0,0,0,0,0
2012,CHN,-12.5,-122.5,0.54,0,0,0,0,0,0,0,0,0
2012,CHN,-12.5,-117.5,0,0,0,0,0,0,0,0.44,0,0
2012,CHN,-12.5,-112.5,0,0,0,0,0,0,0,1.17,0,0
2012,CHN,-12.5,-107.5,0,0,0,0,0,0,0,0.05,0,0
2012,CHN,-7.5,-147.5,0.54,0,0,0,0,0,0,0.11,0,0
2012,CHN,-7.5,-142.5,0,0,0,0,0,0,0,0.08,0,0
2012,CHN,-7.5,-137.5,0.24,0,0,0,0,0,0,0.45,0,0
2012,CHN,-7.5,-132.5,1.76,0,0,0,0,0,0,0.37,0,0
2012,CHN,-7.5,-127.5,0.25,0,0,0,0,0,0,0,0,0
2012,CHN,-7.5,-122.5,0.23,0,0,0,0,0,0,0,0,0
2012,CHN,-7.5,-117.5,0,0,0,0,0,0,0,0.04,0,0
2012,CHN,-7.5,-112.5,0,0,0,0,0,0,0,0.07,0,0
2012,CHN,-2.5,-147.5,0.02,0,0,0,0,0,0,0,0,0
2012,CHN,-2.5,-142.5,0,0,0,0,0,0,0,0.26,0,0
2012,CHN,-2.5,-137.5,0.18,0,0,0,0,0,0,0.15,0,0
2012,CHN,-2.5,-132.5,0.02,0,0,0,0,0,0,0.05,0,0
2012,CHN,2.5,-147.5,0.04,0,0,0,0,0,0,0,0,0
2012,CHN,7.5,-147.5,2.34,0,0,0,0,0,0,2.58,0,0
2012,CHN,7.5,-142.5,6.6,0,0,0,0,0,0,1.47,0,0
2012,CHN,7.5,-137.5,7.15,0,0,0,0,0,0,3.32,0,0
2012,CHN,7.5,-132.5,4.22,0,0,0,0,0,0,7.94,0,0
2012,CHN,12.5,-147.5,2.21,0,0,0,0,0,0,2.43,0,0
2012,CHN,12.5,-142.5,6.19,0,0,0,0,0,0,1.38,0,0
2012,CHN,12.5,-137.5,6.37,0,0,0,0,0,0,1.24,0,0
2012,CHN,12.5,-132.5,4.13,0,0,0,0,0,0,10.37,0,0
2012,KOR,-17.5,-132.5,0.01,0,0,0,0,0,0,0,0,0
2012,KOR,-17.5,-127.5,1.08,0,0,0,0,0,0.14,0,0.12,0.1
2012,KOR,-17.5,-122.5,0.17,0,0,0,0,0,0,0,0.1,0
2012,KOR,-12.5,-142.5,0.31,0,0,0,0,0,0,0,0,0
2012,KOR,-12.5,-132.5,1.68,0,0,0,0,0,2.71,0,0.36,0.17
2012,KOR,-12.5,-127.5,0.39,0,0,0,0,0,5.33,0,0.3,0.06
2012,KOR,-12.5,-122.5,1.84,0,0,0.33,0,0,3.41,0,0.19,0.51
2012,KOR,-7.5,-147.5,0.1,0,0,0,0,0,3.22,0,0.04,0.1
2012,KOR,-7.5,-142.5,0.3,0,0,0,0,0,3.41,0,0.1,0
2012,KOR,-7.5,-137.5,0,0,0,0,0,0,0.45,0,0,0
2012,KOR,-7.5,-132.5,0,0,0,0,0,0,0.22,0,0,0
2012,KOR,-7.5,-127.5,0,0,0,0,0,0,0.05,0,0,0
2012,KOR,-7.5,-122.5,0,0,0,0,0,0,0.07,0,0,0
2012,KOR,-2.5,-147.5,0.26,0,0,0,0,0,10.3,0,0.68,0.84
2012,KOR,-2.5,-142.5,0,0,0,0,0,0,3.88,0,0,0
2012,KOR,-2.5,-137.5,0,0,0,0,0,0,1.24,0,0,0
2012,KOR,2.5,-147.5,0.13,0,0,0,0,0,8.19,0,0.26,0.53
2012,KOR,2.5,-142.5,0,0,0,0,0,0,0.21,0,0,0
2012,KOR,7.5,-147.5,0.07,0,0,0,0,0,0.91,0,0,0.17
2012,KOR,7.5,-137.5,0,0,0,0,0,0,0.06,0,0,0
2012,PYF,-22.5,-142.5,0,0,0,0,0,0,0.32,0,0,0
2012,PYF,-17.5,-147.5,0,0,0,0.1,0,0,11.74,0,0,0
2012,PYF,-17.5,-142.5,0,0,0,0.1,0,0,2.82,0,0,0
2012,PYF,-12.5,-147.5,0,0,0,0,0,0,0.54,0,0,0
2012,PYF,-12.5,-142.5,0,0,0,0,0,0,2.47,0,0,0
2012,TWN,-22.5,-132.5,0,0,0,0,0,0,2.58,0,0,0
2012,TWN,-22.5,-127.5,0,0,0,0,0,0,2.31,0,0,0
2012,TWN,-22.5,-122.5,0,0,0,0,0,0,13,0,0,0
2012,TWN,-22.5,-117.5,0,0,0,0,0,0,20.25,0,0,0
2012,TWN,-22.5,-112.5,0,0,0,0,0,0,18.18,0,0,0
2012,TWN,-22.5,-107.5,0,0,0,0,0,0,2.94,0,0,0
2012,TWN,-17.5,-132.5,0,0,0,0,0,0,3.08,0,0,0
2012,TWN,-17.5,-127.5,0,0,0,0,0,0,3.48,0,0,0
2012,TWN,-17.5,-122.5,0,0,0,0,0,0,0.12,0,0,0
2012,TWN,-17.5,-112.5,0,0,0,0,0,0,3.16,0,0,0
2012,TWN,-17.5,-107.5,0,0,0,0,0,0,9.2,0,0,0
2012,TWN,-12.5,-147.5,0,0,0,0,0,0,4.66,0,0,0
2012,TWN,-12.5,-142.5,0,0,0,0,0,0,0.69,0,0,0
2012,TWN,-12.5,-137.5,0,0,0,0,0,0,0.15,0,0,0
2012,TWN,-12.5,-132.5,0,0,0,0,0,0,1.16,0,0,0
2012,TWN,-7.5,-147.5,0,0,0,0,0,0,17.18,0,0,0
2012,TWN,-7.5,-142.5,0,0,0,0,0,0,0.18,0,0,0
2012,TWN,-7.5,-132.5,0,0,0,0,0,0,0.37,0,0,0
2012,TWN,-2.5,-147.5,0,0,0,0,0,0,8.01,0,0,0
2012,TWN,2.5,-147.5,0,0,0,0,0,0,0.04,0,0,0
2012,TWN,2.5,-132.5,0,0,0,0,0,0,0.32,0,0,0
2012,TWN,32.5,-147.5,0,0,0,0,0,0,4.61,0,0,0
2012,USA,32.5,-147.5,0,0,0,0,0,0,0,0,0,0
2012,USA,32.5,-142.5,0,0,0,0,0,0,0,0,0,0
2012,USA,32.5,-137.5,0,0,0,0,0,0,0,0,0,0
2012,USA,37.5,-147.5,0,0,0,0,0,0,0,0,0,0
2012,BLZ,-2.5,-107.5,4.76,8.11,0,0,0,0,0,0,0,0
2012,BLZ,2.5,-112.5,8.32,0,10.32,0,0,0,0,0,0,0
2012,BLZ,2.5,-107.5,5.55,1.1,2.8,0,0,0,0,0,0,0
2012,BLZ,2.5,-102.5,7.78,0,5.73,0,0,0,0,0,0,0
2012,BLZ,7.5,-117.5,3.09,0,1.53,0,0,0,0,0,0,0
2012,BLZ,7.5,-112.5,3.98,0,4.61,0,0,0,0,0,0,0
2012,BLZ,7.5,-102.5,14.76,0,5.72,0,0,0,0,0,0,0
2012,BLZ,12.5,-112.5,6.64,0,25.23,0,0,0,0,0,0,0
2012,BLZ,12.5,-102.5,15.45,0,20.44,0,0,0,0,0,0,0
2012,BLZ,12.5,-87.5,3.68,0,3.41,0,0,0,0,0,0,0
2012,CHN,-12.5,-147.5,0.02,0,0,0,0,0,0,0,0,0
2012,CHN,-12.5,-142.5,0.21,0,0,0,0,0,0,0,0,0
2012,CHN,-12.5,-137.5,0.21,0,0,0,0,0,0,0,0,0
2012,CHN,-12.5,-132.5,0.21,0,0,0,0,0,0,0,0,0
2012,CHN,-12.5,-127.5,0.41,0,0,0,0,0,0,1.01,0,0
2012,CHN,-12.5,-122.5,0.02,0,0,0,0,0,0,0,0,0
2012,CHN,-12.5,-107.5,0.14,0,0,0,0,0,0,0,0,0
2012,CHN,-7.5,-147.5,0.5,0,0,0,0,0,0,0.21,0,0
2012,CHN,-7.5,-142.5,0.61,0,0,0,0,0,0,0,0,0
2012,CHN,-7.5,-137.5,0.77,0,0,0,0,0,0,0.1,0,0
2012,CHN,-7.5,-132.5,0.7,0,0,0,0,0,0,0.08,0,0
2012,CHN,-7.5,-127.5,0.26,0,0,0,0,0,0,0.07,0,0
2012,CHN,-7.5,-122.5,0.21,0,0,0,0,0,0,0.36,0,0
2012,CHN,-7.5,-107.5,0.27,0,0,0,0,0,0,0,0,0
2012,CHN,-2.5,-147.5,0.18,0,0,0,0,0,0,0.11,0,0
2012,CHN,-2.5,-142.5,0.06,0,0,0,0,0,0,0,0,0
2012,CHN,-2.5,-137.5,0.08,0,0,0,0,0,0,0.12,0,0
2012,CHN,-2.5,-132.5,0.06,0,0,0,0,0,0,0.14,0,0
2012,CHN,-2.5,-127.5,0.02,0,0,0,0,0,0,0,0,0
2012,CHN,2.5,-147.5,0.02,0,0,0,0,0,0,0,0,0
2012,CHN,7.5,-147.5,1.46,0,0,0,0,0,0,2.03,0,0
2012,CHN,7.5,-142.5,4.29,0,0,0,0,0,0,1.27,0,0
2012,CHN,7.5,-137.5,4.44,0,0,0,0,0,0,4.03,0,0
2012,CHN,7.5,-132.5,3.01,0,0,0,0,0,0,7.34,0,0
2012,CHN,12.5,-147.5,1.43,0,0,0,0,0,0,2.03,0,0
2012,CHN,12.5,-142.5,4.24,0,0,0,0,0,0,1.28,0,0
2012,CHN,12.5,-137.5,4.25,0,0,0,0,0,0,1.39,0,0
2012,CHN,12.5,-132.5,3.78,0,0,0,0,0,0,22.2,0,0
2012,KOR,-17.5,-127.5,0.4,0,0,0,0,0,0,0,0.06,0
2012,KOR,-12.5,-137.5,0.06,0,0,0,0,0,0,0,0,0
2012,KOR,-12.5,-132.5,1,0,0,0,0,0,1.02,0,0.1,0.19
2012,KOR,-12.5,-127.5,0.41,0,0,0,0,0,0.32,0,0,0
2012,KOR,-7.5,-147.5,0,0,0,0,0,0,0.1,0,0,0
2012,KOR,-7.5,-142.5,0.02,0,0,0,0,0,0.63,0,0.02,0
2012,KOR,-7.5,-137.5,0,0,0,0,0,0,9.65E-03,0,0,0
2012,KOR,-7.5,-132.5,0.02,0,0,0,0,0,0.01,0,0.17,0.02
2012,KOR,-7.5,-127.5,0.48,0,0,0,0,0,1.34,0,0.88,1.48
2012,KOR,-7.5,-122.5,0.03,0,0,0,0,0,0.02,0,0.04,0.03
2012,KOR,-2.5,-147.5,0.07,0,0,0,0,0,5.09,0,0,0.1
2012,KOR,-2.5,-142.5,0,0,0,0,0,0,2.33,0,0,0.03
2012,KOR,2.5,-147.5,0.13,0,0,0.01,0,0,10.8,0,0.13,0.95
2012,KOR,2.5,-142.5,0.3,0,0,0,0,0,8.43,0,0,0.65
2012,KOR,2.5,-137.5,0,0,0,0,0,0,5.79,0,0,0
2012,KOR,7.5,-147.5,0.6,0,0,0.03,0,0,2.35,0,0.05,0.68
2012,KOR,7.5,-142.5,0,0,0,0,0,0,0.79,0,0,0
2012,PYF,-22.5,-147.5,0,0,0,0,0,0,0.9,0,0,0
2012,PYF,-22.5,-142.5,0,0,0,0,0,0,0.58,0,0,0
2012,PYF,-17.5,-147.5,0,0,0,0.04,0,0,11.5,0,0,0
2012,PYF,-17.5,-142.5,0,0,0,0.05,0,0,1.19,0,0,0
2012,PYF,-17.5,-137.5,0,0,0,0,0,0,0.26,0,0,0
2012,PYF,-12.5,-147.5,0,0,0,0,0,0,0.94,0,0,0
2012,PYF,-12.5,-142.5,0,0,0,0,0,0,0.04,0,0,0
2012,TWN,-37.5,-142.5,0,0,0,0,0,0,0.06,0,0,0
2012,TWN,-32.5,-127.5,0,0,0,0,0,0,0.08,0,0,0
2012,TWN,-32.5,-122.5,0,0,0,0,0,0,0.25,0,0,0
2012,TWN,-32.5,-117.5,0,0,0,0,0,0,0.21,0,0,0
2012,TWN,-22.5,-132.5,0,0,0,0,0,0,0.13,0,0,0
2012,TWN,-22.5,-127.5,0,0,0,0,0,0,1.13,0,0,0
2012,TWN,-22.5,-122.5,0,0,0,0,0,0,14.58,0,0,0
2012,TWN,-22.5,-117.5,0,0,0,0,0,0,8.97,0,0,0
2012,TWN,-17.5,-132.5,0,0,0,0,0,0,6.32,0,0,0
2012,TWN,-17.5,-127.5,0,0,0,0,0,0,8.8,0,0,0
2012,TWN,-17.5,-122.5,0,0,0,0,0,0,0.05,0,0,0
2012,TWN,-12.5,-147.5,0,0,0,0,0,0,0.96,0,0,0
2012,TWN,-12.5,-142.5,0,0,0,0,0,0,2.08,0,0,0
2012,TWN,-12.5,-132.5,0,0,0,0,0,0,0.25,0,0,0
2012,TWN,-7.5,-147.5,0,0,0,0,0,0,10.41,0,0,0
2012,TWN,-7.5,-142.5,0,0,0,0,0,0,1.09,0,0,0
2012,TWN,-7.5,-137.5,0,0,0,0,0,0,0.03,0,0,0
2012,TWN,-7.5,-132.5,0,0,0,0,0,0,1.33,0,0,0
2012,TWN,-2.5,-147.5,0,0,0,0,0,0,5.38,0,0,0
2012,TWN,-2.5,-142.5,0,0,0,0,0,0,0.03,0,0,0
2012,TWN,-2.5,-137.5,0,0,0,0,0,0,0.02,0,0,0
2012,TWN,2.5,-137.5,0,0,0,0,0,0,0.51,0,0,0
2012,TWN,32.5,-147.5,0,0,0,0,0,0,1.2,0,0,0
2012,USA,32.5,-147.5,0,0,0,0,0,0,0,0,0,0
2012,USA,32.5,-142.5,0,0,0,0,0,0,0,0,0,0
2012,USA,32.5,-137.5,0,0,0,0,0,0,0,0,0,0
2012,BLZ,-2.5,-112.5,1.02,0.73,0,0,0,0,0,0,0,0
2012,BLZ,2.5,-112.5,4.72,1.65,10.4,0,0,0,0,0,0,0
2012,BLZ,2.5,-102.5,2.22,0,1.42,0,0,0,0,0,0,0
2012,BLZ,2.5,-87.5,1.73,0,2.47,0,0,0,0,0,0,0
2012,BLZ,7.5,-112.5,1.92,0,7.26,0,0,0,0,0,0,0
2012,BLZ,7.5,-107.5,8.26,0,7.95,0,0,0,0,0,0,0
2012,BLZ,7.5,-102.5,4.17,0,4.3,0,0,0,0,0,0,0
2012,BLZ,7.5,-92.5,11.29,0,1.03,0,0,0,0,0,0,0
2012,BLZ,7.5,-87.5,10.54,0,15.83,0,0,0,0,0,0,0
2012,BLZ,12.5,-87.5,3.04,0,4.07,0,0,0,0,0,0,0
2012,CHN,-12.5,-112.5,0.2,0,0,0,0,0,0,0,0,0
2012,CHN,-12.5,-107.5,0.2,0,0,0,0,0,0,0,0,0
2012,CHN,-7.5,-147.5,0.19,0,0,0,0,0,0,0.26,0,0
2012,CHN,-7.5,-142.5,0.2,0,0,0,0,0,0,0.29,0,0
2012,CHN,-7.5,-137.5,0.19,0,0,0,0,0,0,0.15,0,0
2012,CHN,-7.5,-132.5,0,0,0,0,0,0,0,0.08,0,0
2012,CHN,-7.5,-127.5,0,0,0,0,0,0,0,0.19,0,0
2012,CHN,-7.5,-112.5,0.18,0,0,0,0,0,0,0,0,0
2012,CHN,-7.5,-107.5,0.18,0,0,0,0,0,0,0,0,0
2012,CHN,-2.5,-147.5,0.5,0,0,0,0,0,0,0.25,0,0
2012,CHN,-2.5,-142.5,0.17,0,0,0,0,0,0,0.19,0,0
2012,CHN,-2.5,-137.5,0.21,0,0,0,0,0,0,0.1,0,0
2012,CHN,-2.5,-132.5,0,0,0,0,0,0,0,0.05,0,0
2012,CHN,-2.5,-127.5,0,0,0,0,0,0,0,0.14,0,0
2012,CHN,2.5,-142.5,0.04,0,0,0,0,0,0,0,0,0
2012,CHN,2.5,-137.5,0.08,0,0,0,0,0,0,0.03,0,0
2012,CHN,2.5,-132.5,0,0,0,0,0,0,0,0.21,0,0
2012,CHN,7.5,-147.5,1.23,0,0,0,0,0,0,1.62,0,0
2012,CHN,7.5,-142.5,3.83,0,0,0,0,0,0,3.68,0,0
2012,CHN,7.5,-137.5,3.94,0,0,0,0,0,0,5.6,0,0
2012,CHN,7.5,-132.5,2.34,0,0,0,0,0,0,0.82,0,0
2012,CHN,12.5,-147.5,1.17,0,0,0,0,0,0,1.86,0,0
2012,CHN,12.5,-142.5,3.89,0,0,0,0,0,0,7.03,0,0
2012,CHN,12.5,-137.5,3.8,0,0,0,0,0,0,5.37,0,0
2012,CHN,12.5,-132.5,2.26,0,0,0,0,0,0,0.77,0,0
2012,KOR,-12.5,-137.5,0.4,0,0,0,0,0,0,0,0.02,0.03
2012,KOR,-12.5,-132.5,0.68,0,0,0,0,0,0.26,0,0,0.03
2012,KOR,-7.5,-137.5,0.1,0,0,0,0,0,0,0,0,0
2012,KOR,-7.5,-132.5,0.08,0,0,0,0,0,0.04,0,0.29,2.41E-03
2012,KOR,-7.5,-127.5,0.05,0,0,0,0,0,0.03,0,0.11,0.13
2012,KOR,-7.5,-122.5,0,0,0,0,0,0,0.03,0,0.07,0.06
2012,KOR,-2.5,-147.5,0.03,0,0,0,0,0,7.07,0,0.35,0.22
2012,KOR,-2.5,-142.5,0,0,0,0,0,0,0.69,0,0,0
2012,KOR,-2.5,-137.5,0.01,0,0,0,0,0,0.24,0,0.1,0
2012,KOR,-2.5,-132.5,0.07,0,0,0,0,0,1.95,0,0.88,0.56
2012,KOR,2.5,-147.5,0.55,0,0,0,0,0,4.67,0,0.27,0.96
2012,KOR,2.5,-142.5,0.01,0,0,0,0,0,1.05,0,0,0.09
2012,KOR,2.5,-137.5,0.01,0,0,0,0,0,0.18,0,0.18,0.08
2012,KOR,7.5,-147.5,0.66,0,0,0,0,0,2.31,0,0.02,0.2
2012,KOR,7.5,-142.5,0.08,0,0,0,0,0,0.24,0,0.22,0.1
2012,PYF,-17.5,-147.5,0,0,0,0.18,0,0,9.81,0,0,0
2012,PYF,-17.5,-142.5,0,0,0,0,0,0,9.7,0,0,0
2012,PYF,-17.5,-137.5,0,0,0,0.05,0,0,0.07,0,0,0
2012,PYF,-12.5,-147.5,0,0,0,0,0,0,4.74,0,0,0
2012,PYF,-12.5,-142.5,0,0,0,0,0,0,0.77,0,0,0
2012,TWN,-32.5,-147.5,0,0,0,0,0,0,0.55,0,0,0
2012,TWN,-32.5,-137.5,0,0,0,0,0,0,0.3,0,0,0
2012,TWN,-32.5,-132.5,0,0,0,0,0,0,1.33,0,0,0
2012,TWN,-32.5,-127.5,0,0,0,0,0,0,0.37,0,0,0
2012,TWN,-32.5,-122.5,0,0,0,0,0,0,0.58,0,0,0
2012,TWN,-17.5,-127.5,0,0,0,0,0,0,0.08,0,0,0
2012,TWN,-12.5,-137.5,0,0,0,0,0,0,0.61,0,0,0
2012,TWN,-12.5,-132.5,0,0,0,0,0,0,2.5,0,0,0
2012,TWN,-7.5,-147.5,0,0,0,0,0,0,5.94,0,0,0
2012,TWN,-7.5,-142.5,0,0,0,0,0,0,1.15,0,0,0
2012,TWN,-2.5,-147.5,0,0,0,0,0,0,10.18,0,0,0
2012,TWN,-2.5,-142.5,0,0,0,0,0,0,1.19,0,0,0
2012,TWN,-2.5,-137.5,0,0,0,0,0,0,0.29,0,0,0
2012,TWN,2.5,-142.5,0,0,0,0,0,0,1.16,0,0,0
2012,USA,22.5,-147.5,0,0,0,0,0,0,0,0,0,0
2012,USA,32.5,-147.5,0,0,0,0,0,0,0,0,0,0
2012,BLZ,-2.5,-112.5,10.77,6.24,0,0,0,0,0,0,0,0
2012,BLZ,2.5,-117.5,0.1,1.25,0,0,0,0,0,0,0,0
2012,BLZ,2.5,-107.5,8.54,0,14.5,0,0,0,0,0,0,0
2012,BLZ,2.5,-102.5,9.43,0,19.68,0,0,0,0,0,0,0
2012,BLZ,2.5,-97.5,2.07,0,1.8,0,0,0,0,0,0,0
2012,BLZ,2.5,-87.5,6.88,0,5.3,0,0,0,0,0,0,0
2012,BLZ,7.5,-87.5,0.86,0,1.3,0,0,0,0,0,0,0
2012,CHN,-7.5,-147.5,0.03,0,0,0,0,0,0,0.04,0,0
2012,CHN,-7.5,-142.5,0.09,0,0,0,0,0,0,0.32,0,0
2012,CHN,-7.5,-137.5,0.04,0,0,0,0,0,0,0.24,0,0
2012,CHN,-7.5,-132.5,0.36,0,0,0,0,0,0,0,0,0
2012,CHN,-7.5,-107.5,0.19,0,0,0,0,0,0,0,0,0
2012,CHN,-7.5,-102.5,0.26,0,0,0,0,0,0,0,0,0
2012,CHN,-2.5,-147.5,0.22,0,0,0,0,0,0,0.06,0,0
2012,CHN,-2.5,-142.5,0.2,0,0,0,0,0,0,0.05,0,0
2012,CHN,-2.5,-137.5,0.09,0,0,0,0,0,0,0.03,0,0
2012,CHN,2.5,-147.5,0.04,0,0,0,0,0,0,0.02,0,0
2012,CHN,2.5,-142.5,0,0,0,0,0,0,0,0.04,0,0
2012,CHN,2.5,-137.5,0,0,0,0,0,0,0,0.1,0,0
2012,CHN,7.5,-147.5,1.28,0,0,0,0,0,0,1.93,0,0
2012,CHN,7.5,-142.5,4.37,0,0,0,0,0,0,8.39,0,0
2012,CHN,7.5,-137.5,4.39,0,0,0,0,0,0,8.74,0,0
2012,CHN,7.5,-132.5,2.62,0,0,0,0,0,0,0.82,0,0
2012,CHN,12.5,-147.5,1.26,0,0,0,0,0,0,1.91,0,0
2012,CHN,12.5,-142.5,4.34,0,0,0,0,0,0,9.25,0,0
2012,CHN,12.5,-137.5,5.3,0,0,0,0,0,0,17.83,0,0
2012,CHN,12.5,-132.5,2.55,0,0,0,0,0,0,0.8,0,0
2012,CHN,17.5,-142.5,0.13,0,0,0,0,0,0,0.03,0,0
2012,KOR,-7.5,-137.5,0.05,0,0,0,0,0,0,0,0,0.05
2012,KOR,-7.5,-132.5,0.1,0,0,0,0,0,0,0,0,0
2012,KOR,-2.5,-147.5,0,0,0,0,0,0,0.67,0,0,0.18
2012,KOR,-2.5,-142.5,0,0,0,0,0,0,0,0,0,0.13
2012,KOR,-2.5,-137.5,0,0,0,0,0,0,0,0,0,0.13
2012,KOR,2.5,-147.5,0.22,0,0,0,0,0,2.2,0,0.21,0.94
2012,KOR,7.5,-147.5,0.69,0,0,0.04,0,0,1.68,0,0.19,0.46
2012,KOR,7.5,-142.5,0.01,0,0,0,0,0,0.05,0,0.19,0.11
2012,PYF,-17.5,-147.5,0,0,0,0.07,0,0,10.71,0,0,0
2012,PYF,-17.5,-142.5,0,0,0,0.05,0,0,2.08,0,0,0
2012,PYF,-12.5,-147.5,0,0,0,0.14,0,0,4.2,0,0,0
2012,PYF,-12.5,-142.5,0,0,0,0.06,0,0,4.12,0,0,0
2012,TWN,-32.5,-147.5,0,0,0,0,0,0,0.4,0,0,0
2012,TWN,-32.5,-142.5,0,0,0,0,0,0,3.6,0,0,0
2012,TWN,-32.5,-137.5,0,0,0,0,0,0,3.42,0,0,0
2012,TWN,-32.5,-132.5,0,0,0,0,0,0,4.38,0,0,0
2012,TWN,-32.5,-127.5,0,0,0,0,0,0,0.59,0,0,0
2012,TWN,-27.5,-137.5,0,0,0,0,0,0,0.11,0,0,0
2012,TWN,-27.5,-132.5,0,0,0,0,0,0,0.8,0,0,0
2012,TWN,-7.5,-147.5,0,0,0,0,0,0,1.17,0,0,0
2012,TWN,-7.5,-142.5,0,0,0,0,0,0,0.47,0,0,0
2012,TWN,-7.5,-132.5,0,0,0,0,0,0,0.03,0,0,0
2012,TWN,-2.5,-147.5,0,0,0,0,0,0,4.09,0,0,0
2012,TWN,-2.5,-142.5,0,0,0,0,0,0,0.13,0,0,0
2012,TWN,-2.5,-137.5,0,0,0,0,0,0,0.73,0,0,0
2012,USA,17.5,-147.5,0,0,0,0,0,0,0,0,0,0
2012,USA,22.5,-147.5,0,0,0,0,0,0,0,0,0,0
2012,USA,22.5,-142.5,0,0,0,0,0,0,0,0,0,0
2012,USA,27.5,-147.5,0,0,0,0,0,0,0,0,0,0
2012,BLZ,2.5,-112.5,2.13,0,3.17,0,0,0,0,0,0,0
2012,BLZ,2.5,-107.5,2.34,2.85,3.32,0,0,0,0,0,0,0
2012,BLZ,2.5,-102.5,22.11,0,24.7,0,0,0,0,0,0,0
2012,BLZ,2.5,-92.5,2.59,0,1.44,0,0,0,0,0,0,0
2012,BLZ,2.5,-87.5,1.89,0,1.4,0,0,0,0,0,0,0
2012,BLZ,2.5,-82.5,4.95,4.15,0,0,0,0,0,0,0,0
2012,BLZ,7.5,-102.5,3.92,0,11.37,0,0,0,0,0,0,0
2012,BLZ,12.5,-87.5,0.31,0,2.91,0,0,0,0,0,0,0
2012,CHN,-32.5,-127.5,0.36,0,0,0,0,0,0,0.04,0,0
2012,CHN,-27.5,-132.5,0.9,0,0,0,0,0,0,0.06,0,0
2012,CHN,-27.5,-127.5,0.36,0,0,0,0,0,0,0.03,0,0
2012,CHN,-27.5,-122.5,0.08,0,0,0,0,0,0,0.77,0,0
2012,CHN,-17.5,-122.5,0.26,0,0,0,0,0,0,0,0,0
2012,CHN,-17.5,-117.5,0.02,0,0,0,0,0,0,0,0,0
2012,CHN,-17.5,-112.5,0.02,0,0,0,0,0,0,0,0,0
2012,CHN,-12.5,-147.5,0.29,0,0,0,0,0,0,0.03,0,0
2012,CHN,-12.5,-142.5,0.17,0,0,0,0,0,0,0.06,0,0
2012,CHN,-12.5,-137.5,0.18,0,0,0,0,0,0,0.08,0,0
2012,CHN,-12.5,-132.5,0.15,0,0,0,0,0,0,0.36,0,0
2012,CHN,-12.5,-122.5,0.04,0,0,0,0,0,0,0,0,0
2012,CHN,-12.5,-117.5,0.21,0,0,0,0,0,0,0,0,0
2012,CHN,-12.5,-112.5,0.13,0,0,0,0,0,0,0,0,0
2012,CHN,-7.5,-147.5,0.31,0,0,0,0,0,0,0.55,0,0
2012,CHN,-7.5,-142.5,0.22,0,0,0,0,0,0,0.03,0,0
2012,CHN,-7.5,-137.5,0.2,0,0,0,0,0,0,0.08,0,0
2012,CHN,-7.5,-132.5,0.18,0,0,0,0,0,0,0.04,0,0
2012,CHN,-7.5,-122.5,0.03,0,0,0,0,0,0,0,0,0
2012,CHN,-7.5,-117.5,0.15,0,0,0,0,0,0,0,0,0
2012,CHN,-7.5,-112.5,0.09,0,0,0,0,0,0,0,0,0
2012,CHN,-2.5,-147.5,0.17,0,0,0,0,0,0,0.35,0,0
2012,CHN,-2.5,-142.5,0.16,0,0,0,0,0,0,0.52,0,0
2012,CHN,-2.5,-137.5,0.1,0,0,0,0,0,0,0.45,0,0
2012,CHN,-2.5,-132.5,0.19,0,0,0,0,0,0,0.1,0,0
2012,CHN,2.5,-147.5,0.04,0,0,0,0,0,0,0.07,0,0
2012,CHN,2.5,-142.5,0.12,0,0,0,0,0,0,0.45,0,0
2012,CHN,2.5,-137.5,0.02,0,0,0,0,0,0,0.2,0,0
2012,CHN,2.5,-132.5,0.31,0,0,0,0,0,0,0.62,0,0
2012,CHN,7.5,-147.5,2.42,0,0,0,0,0,0,2.4,0,0
2012,CHN,7.5,-142.5,5.62,0,0,0,0,0,0,4.38,0,0
2012,CHN,7.5,-137.5,5.73,0,0,0,0,0,0,6.42,0,0
2012,CHN,7.5,-132.5,3.74,0,0,0,0,0,0,0.79,0,0
2012,CHN,12.5,-147.5,2.32,0,0,0,0,0,0,2.26,0,0
2012,CHN,12.5,-142.5,5.34,0,0,0,0,0,0,4.31,0,0
2012,CHN,12.5,-137.5,5.88,0,0,0,0,0,0,1.52,0,0
2012,CHN,12.5,-132.5,3.56,0,0,0,0,0,0,3.54,0,0
2012,KOR,-12.5,-147.5,0.05,0,0,0,0,0,0,0,0,0
2012,KOR,-7.5,-147.5,0.05,0,0,0.08,0,0,0,0,0,0
2012,KOR,-2.5,-147.5,0.02,0,0,0,0,0,0.17,0,0,0.06
2012,KOR,2.5,-147.5,0.17,0,0,0,0,0,1.33,0,0.1,0.13
2012,KOR,2.5,-142.5,0.33,0,0,0,0,0,0.49,0,0.13,0.52
2012,KOR,2.5,-137.5,0.04,0,0,0,0,0,0.21,0,0.03,0
2012,KOR,7.5,-147.5,9.65E-03,0,0,0,0,0,0.13,0,0,0.09
2012,KOR,7.5,-142.5,0,0,0,0,0,0,0.15,0,0,0.07
2012,KOR,7.5,-137.5,0.01,0,0,0,0,0,0.07,0,0,0.1
2012,PYF,-17.5,-147.5,0,0,0,0,0,0,5.18,0,0,0
2012,PYF,-17.5,-142.5,0,0,0,0.05,0,0,2.83,0,0,0
2012,PYF,-12.5,-147.5,0,0,0,0,0,0,2.6,0,0,0
2012,PYF,-12.5,-142.5,0,0,0,0,0,0,0.71,0,0,0
2012,TWN,-32.5,-147.5,0,0,0,0,0,0,0.05,0,0,0
2012,TWN,-32.5,-137.5,0,0,0,0,0,0,2.7,0,0,0
2012,TWN,-32.5,-132.5,0,0,0,0,0,0,9.94,0,0,0
2012,TWN,-32.5,-127.5,0,0,0,0,0,0,1.51,0,0,0
2012,TWN,-27.5,-147.5,0,0,0,0,0,0,0.46,0,0,0
2012,TWN,-27.5,-137.5,0,0,0,0,0,0,0.52,0,0,0
2012,TWN,-27.5,-132.5,0,0,0,0,0,0,1.44,0,0,0
2012,TWN,-27.5,-127.5,0,0,0,0,0,0,5.15,0,0,0
2012,TWN,-7.5,-147.5,0,0,0,0,0,0,10.61,0,0,0
2012,TWN,-7.5,-132.5,0,0,0,0,0,0,0.12,0,0,0
2012,TWN,-2.5,-147.5,0,0,0,0,0,0,3.27,0,0,0
2012,TWN,2.5,-147.5,0,0,0,0,0,0,0.14,0,0,0
2012,TWN,22.5,-142.5,0,0,0,0,0,0,0.36,0,0,0
2012,USA,17.5,-147.5,0,0,0,0,0,0,0,0,0,0
2012,USA,17.5,-142.5,0,0,0,0,0,0,0,0,0,0
2012,USA,22.5,-147.5,0,0,0,0,0,0,0,0,0,0
2012,USA,22.5,-142.5,0,0,0,0,0,0,0,0,0,0
2012,USA,27.5,-147.5,0,0,0,0,0,0,0,0,0,0
2012,BLZ,-2.5,-102.5,0.89,0,1.49,0,0,0,0,0,0,0
2012,BLZ,2.5,-102.5,6.52,6.99,12,0,0,0,0,0,0,0
2012,BLZ,2.5,-97.5,0.43,0,2.14,0,0,0,0,0,0,0
2012,BLZ,2.5,-87.5,2.48,0,4.19,0,0,0,0,0,0,0
2012,BLZ,7.5,-102.5,5.59,0,7.56,0,0,0,0,0,0,0
2012,BLZ,12.5,-112.5,0.64,0,8.67,0,0,0,0,0,0,0
2012,CHN,-32.5,-132.5,0.01,0,0,0,0,0,0,0.03,0,0
2012,CHN,-32.5,-127.5,0.03,0,0,0,0,0,0,0.04,0,0
2012,CHN,-32.5,-122.5,0.05,0,0,0,0,0,0,0.04,0,0
2012,CHN,-32.5,-117.5,0.15,0,0,0,0,0,0,0.04,0,0
2012,CHN,-27.5,-122.5,0.07,0,0,0,0,0,0,0.17,0,0
2012,CHN,-27.5,-117.5,0.03,0,0,0,0,0,0,0.07,0,0
2012,CHN,-22.5,-147.5,1.55,0,0,0,0,0,0,0.06,0,0
2012,CHN,-22.5,-142.5,0.81,0,0,0,0,0,0,0.09,0,0
2012,CHN,-22.5,-137.5,1.99,0,0,0,0,0,0,0.1,0,0
2012,CHN,-22.5,-132.5,0.18,0,0,0,0,0,0,0.27,0,0
2012,CHN,-22.5,-127.5,0.15,0,0,0,0,0,0,0.33,0,0
2012,CHN,-22.5,-122.5,0.07,0,0,0,0,0,0,0.16,0,0
2012,CHN,-22.5,-117.5,0.03,0,0,0,0,0,0,0.07,0,0
2012,CHN,-17.5,-142.5,0.04,0,0,0,0,0,0,0.04,0,0
2012,CHN,-17.5,-137.5,0.04,0,0,0,0,0,0,0.04,0,0
2012,CHN,-17.5,-132.5,0.03,0,0,0,0,0,0,0.46,0,0
2012,CHN,-17.5,-122.5,0.02,0,0,0,0,0,0,0,0,0
2012,CHN,-17.5,-117.5,0.04,0,0,0,0,0,0,0,0,0
2012,CHN,-12.5,-147.5,0.36,0,0,0,0,0,0,0.48,0,0
2012,CHN,-12.5,-142.5,0.43,0,0,0,0,0,0,0.08,0,0
2012,CHN,-12.5,-137.5,0.43,0,0,0,0,0,0,0.26,0,0
2012,CHN,-12.5,-132.5,0.31,0,0,0,0,0,0,0.04,0,0
2012,CHN,-12.5,-127.5,0.03,0,0,0,0,0,0,0,0,0
2012,CHN,-7.5,-147.5,0.45,0,0,0,0,0,0,0.41,0,0
2012,CHN,-7.5,-142.5,0.62,0,0,0,0,0,0,0.3,0,0
2012,CHN,-7.5,-137.5,0.62,0,0,0,0,0,0,0.19,0,0
2012,CHN,-7.5,-132.5,0.39,0,0,0,0,0,0,0.04,0,0
2012,CHN,-7.5,-127.5,0.03,0,0,0,0,0,0,0,0,0
2012,CHN,-2.5,-147.5,0.06,0,0,0,0,0,0,0,0,0
2012,CHN,-2.5,-142.5,0.13,0,0,0,0,0,0,0,0,0
2012,CHN,-2.5,-137.5,0.13,0,0,0,0,0,0,0,0,0
2012,CHN,-2.5,-132.5,0.04,0,0,0,0,0,0,0.03,0,0
2012,CHN,2.5,-132.5,0.02,0,0,0,0,0,0,0.03,0,0
2012,CHN,7.5,-147.5,2.55,0,0,0,0,0,0,2.77,0,0
2012,CHN,7.5,-142.5,6.19,0,0,0,0,0,0,12.47,0,0
2012,CHN,7.5,-137.5,5.77,0,0,0,0,0,0,4.75,0,0
2012,CHN,7.5,-132.5,3.18,0,0,0,0,0,0,0.77,0,0
2012,CHN,12.5,-147.5,2.92,0,0,0,0,0,0,10.12,0,0
2012,CHN,12.5,-142.5,6.02,0,0,0,0,0,0,16.23,0,0
2012,CHN,12.5,-137.5,6.16,0,0,0,0,0,0,2.76,0,0
2012,CHN,12.5,-132.5,2.98,0,0,0,0,0,0,0.71,0,0
2012,KOR,-12.5,-147.5,0,0,0,0,0,0,0.08,0,0,0
2012,KOR,-7.5,-147.5,0,0,0,0,0,0,0.1,0,0,0
2012,KOR,-2.5,-147.5,0.02,0,0,0,0,0,0.54,0,0.04,0.09
2012,KOR,-2.5,-142.5,0,0,0,0,0,0,0.02,0,0.05,0.05
2012,KOR,-2.5,-137.5,0,0,0,0.01,0,0,0.06,0,0.09,0.11
2012,KOR,2.5,-147.5,0,0,0,0,0,0,1.07,0,0,0
2012,KOR,2.5,-142.5,0,0,0,0,0,0,0.06,0,0,0.03
2012,KOR,2.5,-137.5,0.09,0,0,0,0,0,0.63,0,0.04,0.68
2012,KOR,2.5,-132.5,0.21,0,0,0,0,0,1.14,0,0.17,0.29
2012,KOR,7.5,-147.5,0,0,0,0,0,0,2.88,0,0,0
2012,KOR,7.5,-137.5,0.44,0,0,0.05,0,0,0.44,0,0.13,3.29
2012,KOR,7.5,-132.5,0.9,0,0,0,0,0,2.14,0,0.07,1.86
2012,PYF,-22.5,-147.5,0,0,0,0.06,0,0,0.27,0,0,0
2012,PYF,-17.5,-147.5,0,0,0,0.16,0,0,4.03,0,0,0
2012,PYF,-17.5,-137.5,0,0,0,7.00E-03,0,0,0,0,0,0
2012,PYF,-12.5,-147.5,0,0,0,0.03,0,0,1.86,0,0,0
2012,PYF,-12.5,-142.5,0,0,0,0,0,0,0.67,0,0,0
2012,TWN,-27.5,-127.5,0,0,0,0,0,0,1.15,0,0,0
2012,TWN,-27.5,-122.5,0,0,0,0,0,0,2.39,0,0,0
2012,TWN,-27.5,-117.5,0,0,0,0,0,0,4.9,0,0,0
2012,TWN,-17.5,-132.5,0,0,0,0,0,0,0.49,0,0,0
2012,TWN,-17.5,-127.5,0,0,0,0,0,0,9.02,0,0,0
2012,TWN,-12.5,-147.5,0,0,0,0,0,0,1.3,0,0,0
2012,TWN,-12.5,-132.5,0,0,0,0,0,0,1,0,0,0
2012,TWN,-7.5,-147.5,0,0,0,0,0,0,3.46,0,0,0
2012,TWN,-7.5,-132.5,0,0,0,0,0,0,0.26,0,0,0
2012,TWN,-2.5,-147.5,0,0,0,0,0,0,6.66,0,0,0
2012,TWN,-2.5,-142.5,0,0,0,0,0,0,0.2,0,0,0
2012,TWN,2.5,-147.5,0,0,0,0,0,0,0.31,0,0,0
2012,TWN,2.5,-142.5,0,0,0,0,0,0,0.64,0,0,0
2012,TWN,17.5,-142.5,0,0,0,0,0,0,0.6,0,0,0
2012,TWN,22.5,-142.5,0,0,0,0,0,0,1.12,0,0,0
2012,TWN,22.5,-137.5,0,0,0,0,0,0,0.62,0,0,0
2012,USA,22.5,-147.5,0,0,0,0,0,0,0,0,0,0
2012,USA,22.5,-142.5,0,0,0,0,0,0,0,0,0,0
2012,USA,27.5,-147.5,0,0,0,0,0,0,0,0,0,0
2012,BLZ,-2.5,-102.5,2,0,4.44,0,0,0,0,0,0,0
2012,BLZ,2.5,-107.5,0.27,0,4.45,0,0,0,0,0,0,0
2012,BLZ,2.5,-102.5,4.68,7.35,18.48,0,0,0,0,0,0,0
2012,BLZ,2.5,-87.5,13.92,0,9.81,0,0,0,0,0,0,0
2012,BLZ,12.5,-102.5,0.55,0,13.29,0,0,0,0,0,0,0
2012,CHN,-22.5,-132.5,0.16,0,0,0,0,0,0,0.05,0,0
2012,CHN,-22.5,-127.5,0.07,0,0,0,0,0,0,0.05,0,0
2012,CHN,-22.5,-122.5,0.09,0,0,0,0,0,0,0.05,0,0
2012,CHN,-22.5,-117.5,0,0,0,0,0,0,0,0.09,0,0
2012,CHN,-17.5,-137.5,0.03,0,0,0,0,0,0,0.02,0,0
2012,CHN,-17.5,-132.5,1.26,0,0,0,0,0,0,1.56,0,0
2012,CHN,-17.5,-127.5,0.21,0,0,0,0,0,0,0.9,0,0
2012,CHN,-17.5,-122.5,0.17,0,0,0,0,0,0,0.29,0,0
2012,CHN,-17.5,-117.5,0.15,0,0,0,0,0,0,0.28,0,0
2012,CHN,-12.5,-147.5,1.07,0,0,0,0,0,0,0.02,0,0
2012,CHN,-12.5,-142.5,2.03,0,0,0,0,0,0,0.02,0,0
2012,CHN,-12.5,-137.5,0.52,0,0,0,0,0,0,0.02,0,0
2012,CHN,-12.5,-132.5,1.92,0,0,0,0,0,0,0.42,0,0
2012,CHN,-12.5,-127.5,0.13,0,0,0,0,0,0,0.25,0,0
2012,CHN,-12.5,-122.5,0.36,0,0,0,0,0,0,0.12,0,0
2012,CHN,-7.5,-147.5,2.55,0,0,0,0,0,0,0.03,0,0
2012,CHN,-7.5,-142.5,1.51,0,0,0,0,0,0,0.03,0,0
2012,CHN,-7.5,-137.5,1.3,0,0,0,0,0,0,0.03,0,0
2012,CHN,-7.5,-132.5,3.05,0,0,0,0,0,0,0.18,0,0
2012,CHN,-7.5,-127.5,0.26,0,0,0,0,0,0,0.64,0,0
2012,CHN,-7.5,-122.5,0.02,0,0,0,0,0,0,0.44,0,0
2012,CHN,-2.5,-147.5,0.25,0,0,0,0,0,0,1.04,0,0
2012,CHN,-2.5,-142.5,0.02,0,0,0,0,0,0,0.89,0,0
2012,CHN,-2.5,-137.5,0.04,0,0,0,0,0,0,0.68,0,0
2012,CHN,-2.5,-132.5,0.11,0,0,0,0,0,0,0.17,0,0
2012,CHN,-2.5,-127.5,0.46,0,0,0,0,0,0,1.14,0,0
2012,CHN,-2.5,-122.5,0.31,0,0,0,0,0,0,0.45,0,0
2012,CHN,2.5,-132.5,0.12,0,0,0,0,0,0,0.15,0,0
2012,CHN,7.5,-147.5,1.98,0,0,0,0,0,0,0.9,0,0
2012,CHN,7.5,-142.5,5.57,0,0,0,0,0,0,1.79,0,0
2012,CHN,7.5,-137.5,5.66,0,0,0,0,0,0,1.21,0,0
2012,CHN,7.5,-132.5,3.18,0,0,0,0,0,0,1.14,0,0
2012,CHN,12.5,-147.5,1.87,0,0,0,0,0,0,1.41,0,0
2012,CHN,12.5,-142.5,5.49,0,0,0,0,0,0,0.34,0,0
2012,CHN,12.5,-137.5,5.43,0,0,0,0,0,0,1.77,0,0
2012,CHN,12.5,-132.5,2.92,0,0,0,0,0,0,1.09,0,0
2012,CHN,12.5,-117.5,0.4,0,0,0,0,0,0,1.11,0,0
2012,CHN,12.5,-112.5,0.18,0,0,0,0,0,0,3.3,0,0
2012,CHN,17.5,-132.5,0.02,0,0,0,0,0,0,0.14,0,0
2012,KOR,-7.5,-132.5,0,0,0,0,0,0,0.21,0,0,0
2012,KOR,-2.5,-142.5,0,0,0,0,0,0,0.47,0,0.42,0.23
2012,KOR,-2.5,-137.5,0.55,0,0,0,0,0,0.44,0,0.06,2.73
2012,KOR,-2.5,-132.5,0.84,0,0,0,0,0,2.83,0,0.29,1.83
2012,KOR,2.5,-147.5,0,0,0,0,0,0,1.18,0,0,0.07
2012,KOR,2.5,-142.5,0.01,0,0,0,0,0,0.26,0,0.03,0
2012,KOR,2.5,-137.5,0,0,0,0,0,0,0,0,0,0.08
2012,KOR,2.5,-132.5,0.25,0,0,0,0,0,0.97,0,0.06,1.73
2012,KOR,2.5,-127.5,0.01,0,0,0,0,0,0,0,0,0
2012,KOR,7.5,-147.5,0,0,0,0,0,0,0.12,0,0,0
2012,KOR,7.5,-132.5,0.24,0,0,0.05,0,0,0,0,0,0.15
2012,PYF,-22.5,-147.5,0,0,0,0.07,0,0,0.67,0,0,0
2012,PYF,-17.5,-147.5,0,0,0,0.13,0,0,5.49,0,0,0
2012,PYF,-12.5,-147.5,0,0,0,0.04,0,0,0.88,0,0,0
2012,PYF,-12.5,-142.5,0,0,0,0,0,0,0.6,0,0,0
2012,TWN,-22.5,-122.5,0,0,0,0,0,0,1.85,0,0,0
2012,TWN,-22.5,-117.5,0,0,0,0,0,0,1.26,0,0,0
2012,TWN,-17.5,-132.5,0,0,0,0,0,0,2.56,0,0,0
2012,TWN,-17.5,-127.5,0,0,0,0,0,0,5.56,0,0,0
2012,TWN,-17.5,-122.5,0,0,0,0,0,0,7.28,0,0,0
2012,TWN,-17.5,-117.5,0,0,0,0,0,0,4.64,0,0,0
2012,TWN,-12.5,-147.5,0,0,0,0,0,0,2.81,0,0,0
2012,TWN,-12.5,-142.5,0,0,0,0,0,0,1.93,0,0,0
2012,TWN,-12.5,-132.5,0,0,0,0,0,0,5.07,0,0,0
2012,TWN,-7.5,-147.5,0,0,0,0,0,0,6.01,0,0,0
2012,TWN,-7.5,-137.5,0,0,0,0,0,0,0.31,0,0,0
2012,TWN,-7.5,-132.5,0,0,0,0,0,0,4.27,0,0,0
2012,TWN,-2.5,-147.5,0,0,0,0,0,0,4.89,0,0,0
2012,TWN,-2.5,-142.5,0,0,0,0,0,0,9.79,0,0,0
2012,TWN,2.5,-147.5,0,0,0,0,0,0,2.34,0,0,0
2012,TWN,17.5,-147.5,0,0,0,0,0,0,0.66,0,0,0
2012,TWN,17.5,-137.5,0,0,0,0,0,0,0.21,0,0,0
2012,TWN,22.5,-142.5,0,0,0,0,0,0,2.52,0,0,0
2012,TWN,22.5,-137.5,0,0,0,0,0,0,1.84,0,0,0
2012,USA,27.5,-147.5,0,0,0,0,0,0,0,0,0,0
2012,USA,27.5,-142.5,0,0,0,0,0,0,0,0,0,0
2012,USA,32.5,-147.5,0,0,0,0,0,0,0,0,0,0
2012,BLZ,-2.5,-102.5,4.61,0,9.57,0,0,0,0,0,0,0
2012,BLZ,2.5,-107.5,0,0,13.23,0,0,0,0,0,0,0
2012,BLZ,2.5,-102.5,7.04,0,36.05,0,0,0,0,0,0,0
2012,BLZ,2.5,-97.5,0,0,0.15,0,0,0,0,0,0,0
2012,BLZ,2.5,-92.5,10.7,0,24.43,0,0,0,0,0,0,0
2012,BLZ,2.5,-87.5,0.67,0,4.38,0,0,0,0,0,0,0
2012,BLZ,2.5,-82.5,2.95,2.5,7.04,0,0,0,0,0,0,0
2012,BLZ,7.5,-97.5,0,0,5.23,0,0,0,0,0,0,0
2012,CHN,-32.5,-132.5,4.37,0,0,0,0,0,0,0.02,0,0
2012,CHN,-32.5,-127.5,0,0,0,0,0,0,0,0.03,0,0
2012,CHN,-32.5,-122.5,0,0,0,0,0,0,0,0.75,0,0
2012,CHN,-27.5,-137.5,0.62,0,0,0,0,0,0,0.07,0,0
2012,CHN,-27.5,-132.5,3.3,0,0,0,0,0,0,0.08,0,0
2012,CHN,-27.5,-127.5,0,0,0,0,0,0,0,0.08,0,0
2012,CHN,-27.5,-122.5,0,0,0,0,0,0,0,0.05,0,0
2012,CHN,-22.5,-137.5,0.45,0,0,0,0,0,0,0.1,0,0
2012,CHN,-22.5,-132.5,2.24,0,0,0,0,0,0,0.06,0,0
2012,CHN,-22.5,-127.5,0.02,0,0,0,0,0,0,0.18,0,0
2012,CHN,-22.5,-122.5,0.02,0,0,0,0,0,0,0.06,0,0
2012,CHN,-17.5,-142.5,0.05,0,0,0,0,0,0,0.05,0,0
2012,CHN,-17.5,-137.5,0.06,0,0,0,0,0,0,0.07,0,0
2012,CHN,-17.5,-132.5,1.17,0,0,0,0,0,0,0.16,0,0
2012,CHN,-17.5,-127.5,0.04,0,0,0,0,0,0,1.93,0,0
2012,CHN,-17.5,-122.5,0.04,0,0,0,0,0,0,0.23,0,0
2012,CHN,-17.5,-117.5,0.15,0,0,0,0,0,0,0.04,0,0
2012,CHN,-12.5,-147.5,0.07,0,0,0,0,0,0,0,0,0
2012,CHN,-12.5,-142.5,1.55,0,0,0,0,0,0,0.04,0,0
2012,CHN,-12.5,-137.5,0.01,0,0,0,0,0,0,0.01,0,0
2012,CHN,-12.5,-132.5,0.11,0,0,0,0,0,0,0.2,0,0
2012,CHN,-12.5,-127.5,0.03,0,0,0,0,0,0,0.06,0,0
2012,CHN,-12.5,-122.5,0.07,0,0,0,0,0,0,0.04,0,0
2012,CHN,-12.5,-117.5,0.03,0,0,0,0,0,0,0.03,0,0
2012,CHN,-7.5,-147.5,0.76,0,0,0,0,0,0,0.24,0,0
2012,CHN,-7.5,-142.5,0.6,0,0,0,0,0,0,0.02,0,0
2012,CHN,-7.5,-137.5,1.19,0,0,0,0,0,0,0.43,0,0
2012,CHN,-7.5,-132.5,1.97,0,0,0,0,0,0,0.25,0,0
2012,CHN,-7.5,-127.5,0,0,0,0,0,0,0,0.05,0,0
2012,CHN,-2.5,-147.5,0.28,0,0,0,0,0,0,0.05,0,0
2012,CHN,-2.5,-142.5,0.33,0,0,0,0,0,0,0.06,0,0
2012,CHN,-2.5,-137.5,0.35,0,0,0,0,0,0,0.04,0,0
2012,CHN,-2.5,-132.5,0.02,0,0,0,0,0,0,0.06,0,0
2012,CHN,2.5,-132.5,0.27,0,0,0,0,0,0,0.05,0,0
2012,CHN,7.5,-147.5,1.06,0,0,0,0,0,0,1.05,0,0
2012,CHN,7.5,-142.5,5.52,0,0,0,0,0,0,1.26,0,0
2012,CHN,7.5,-137.5,5.63,0,0,0,0,0,0,1.3,0,0
2012,CHN,7.5,-132.5,2.16,0,0,0,0,0,0,1.5,0,0
2012,CHN,12.5,-147.5,1.03,0,0,0,0,0,0,1.01,0,0
2012,CHN,12.5,-142.5,5.49,0,0,0,0,0,0,6.6,0,0
2012,CHN,12.5,-137.5,5.65,0,0,0,0,0,0,1.95,0,0
2012,CHN,12.5,-132.5,2.39,0,0,0,0,0,0,0.94,0,0
2012,KOR,-2.5,-147.5,0,0,0,0,0,0,0.28,0,0,0.18
2012,KOR,-2.5,-142.5,0.29,0,0,0.03,0,0,1.44,0,0.06,1.36
2012,KOR,-2.5,-137.5,0.19,0,0,0.05,0,0,1.54,0,0,1.05
2012,KOR,2.5,-147.5,0.04,0,0,0,0,0,1.11,0,0,0.96
2012,KOR,2.5,-142.5,0,0,0,0,0,0,0.43,0,0.08,0
2012,KOR,7.5,-147.5,0,0,0,0,0,0,0.03,0,0,0
2012,PYF,-22.5,-142.5,0,0,0,0.06,0,0,0,0,0,0
2012,PYF,-17.5,-147.5,0,0,0,0.61,0,0,4.56,0,0,0
2012,PYF,-17.5,-142.5,0,0,0,0.05,0,0,5.19,0,0,0
2012,PYF,-12.5,-147.5,0,0,0,0,0,0,0.15,0,0,0
2012,TWN,-32.5,-127.5,0,0,0,0,0,0,0.94,0,0,0
2012,TWN,-32.5,-122.5,0,0,0,0,0,0,2.92,0,0,0
2012,TWN,-27.5,-132.5,0,0,0,0,0,0,0.52,0,0,0
2012,TWN,-27.5,-127.5,0,0,0,0,0,0,2.16,0,0,0
2012,TWN,-22.5,-132.5,0,0,0,0,0,0,1.13,0,0,0
2012,TWN,-22.5,-127.5,0,0,0,0,0,0,4.4,0,0,0
2012,TWN,-17.5,-132.5,0,0,0,0,0,0,0.96,0,0,0
2012,TWN,-17.5,-127.5,0,0,0,0,0,0,3.01,0,0,0
2012,TWN,-17.5,-122.5,0,0,0,0,0,0,4.72,0,0,0
2012,TWN,-12.5,-147.5,0,0,0,0,0,0,0.91,0,0,0
2012,TWN,-12.5,-137.5,0,0,0,0,0,0,0.13,0,0,0
2012,TWN,-12.5,-132.5,0,0,0,0,0,0,7.06,0,0,0
2012,TWN,-7.5,-147.5,0,0,0,0,0,0,1.56,0,0,0
2012,TWN,-7.5,-137.5,0,0,0,0,0,0,0.4,0,0,0
2012,TWN,-7.5,-132.5,0,0,0,0,0,0,5.52,0,0,0
2012,TWN,-2.5,-147.5,0,0,0,0,0,0,4.65,0,0,0
2012,TWN,-2.5,-142.5,0,0,0,0,0,0,3.39,0,0,0
2012,TWN,-2.5,-132.5,0,0,0,0,0,0,1.6,0,0,0
2012,TWN,22.5,-142.5,0,0,0,0,0,0,1.02,0,0,0
2012,TWN,22.5,-137.5,0,0,0,0,0,0,10.9,0,0,0
2012,TWN,22.5,-132.5,0,0,0,0,0,0,0.09,0,0,0
2012,USA,22.5,-147.5,0,0,0,0,0,0,0,0,0,0
2012,USA,22.5,-142.5,0,0,0,0,0,0,0,0,0,0
2012,USA,27.5,-147.5,0,0,0,0,0,0,0,0,0,0
2012,USA,27.5,-142.5,0,0,0,0,0,0,0,0,0,0
2012,USA,32.5,-147.5,0,0,0,0,0,0,0,0,0,0
2012,USA,32.5,-142.5,0,0,0,0,0,0,0,0,0,0
2012,BLZ,2.5,-107.5,4.58,0,7.89,0,0,0,0,0,0,0
2012,BLZ,2.5,-102.5,8.48,0,50.37,0,0,0,0,0,0,0
2012,BLZ,2.5,-97.5,2,0,0.32,0,0,0,0,0,0,0
2012,BLZ,2.5,-87.5,1.68,0,3.4,0,0,0,0,0,0,0
2012,BLZ,7.5,-97.5,0,0,10.39,0,0,0,0,0,0,0
2012,BLZ,7.5,-87.5,0,0,0.12,0,0,0,0,0,0,0
2012,BLZ,12.5,-87.5,2.76,0,1.9,0,0,0,0,0,0,0
2012,CHN,-32.5,-147.5,0.2,0,0,0,0,0,0,0.14,0,0
2012,CHN,-32.5,-142.5,0.54,0,0,0,0,0,0,0.07,0,0
2012,CHN,-32.5,-137.5,1.13,0,0,0,0,0,0,0,0,0
2012,CHN,-32.5,-132.5,0.63,0,0,0,0,0,0,0.04,0,0
2012,CHN,-27.5,-147.5,0.49,0,0,0,0,0,0,0.12,0,0
2012,CHN,-27.5,-142.5,0,0,0,0,0,0,0,0.14,0,0
2012,CHN,-27.5,-137.5,0.81,0,0,0,0,0,0,0,0,0
2012,CHN,-27.5,-132.5,1.13,0,0,0,0,0,0,0.1,0,0
2012,CHN,-27.5,-127.5,0,0,0,0,0,0,0,0.35,0,0
2012,CHN,-22.5,-147.5,0.02,0,0,0,0,0,0,0.09,0,0
2012,CHN,-22.5,-142.5,0.02,0,0,0,0,0,0,0.22,0,0
2012,CHN,-22.5,-132.5,1.42,0,0,0,0,0,0,0.1,0,0
2012,CHN,-22.5,-127.5,0,0,0,0,0,0,0,0.15,0,0
2012,CHN,-17.5,-147.5,0.65,0,0,0,0,0,0,0.25,0,0
2012,CHN,-17.5,-142.5,0.75,0,0,0,0,0,0,0.03,0,0
2012,CHN,-17.5,-132.5,0.92,0,0,0,0,0,0,0.05,0,0
2012,CHN,-17.5,-127.5,0,0,0,0,0,0,0,0.25,0,0
2012,CHN,-17.5,-102.5,0.3,0,0,0,0,0,0,0,0,0
2012,CHN,-17.5,-97.5,0.34,0,0,0,0,0,0,0,0,0
2012,CHN,-17.5,-92.5,0.34,0,0,0,0,0,0,0,0,0
2012,CHN,-17.5,-87.5,0.05,0,0,0,0,0,0,0,0,0
2012,CHN,-12.5,-147.5,0.23,0,0,0,0,0,0,0.15,0,0
2012,CHN,-12.5,-137.5,0.5,0,0,0,0,0,0,0.11,0,0
2012,CHN,-12.5,-132.5,0.46,0,0,0,0,0,0,0.06,0,0
2012,CHN,-7.5,-147.5,3.81,0,0,0,0,0,0,0.07,0,0
2012,CHN,-7.5,-142.5,1.11,0,0,0,0,0,0,0.04,0,0
2012,CHN,-7.5,-137.5,1.15,0,0,0,0,0,0,0.28,0,0
2012,CHN,-7.5,-132.5,0.54,0,0,0,0,0,0,0.23,0,0
2012,CHN,-7.5,-127.5,0.03,0,0,0,0,0,0,0,0,0
2012,CHN,-2.5,-147.5,0.1,0,0,0,0,0,0,0.56,0,0
2012,CHN,-2.5,-142.5,0.12,0,0,0,0,0,0,0,0,0
2012,CHN,-2.5,-137.5,0.12,0,0,0,0,0,0,0,0,0
2012,CHN,-2.5,-132.5,0.09,0,0,0,0,0,0,0.45,0,0
2012,CHN,-2.5,-127.5,0.04,0,0,0,0,0,0,0,0,0
2012,CHN,2.5,-132.5,0,0,0,0,0,0,0,0.45,0,0
2012,CHN,7.5,-147.5,1.37,0,0,0,0,0,0,1.55,0,0
2012,CHN,7.5,-142.5,6.59,0,0,0,0,0,0,1.54,0,0
2012,CHN,7.5,-137.5,6.6,0,0,0,0,0,0,0.9,0,0
2012,CHN,7.5,-132.5,2.08,0,0,0,0,0,0,3.3,0,0
2012,CHN,12.5,-147.5,1.35,0,0,0,0,0,0,1.55,0,0
2012,CHN,12.5,-142.5,6.9,0,0,0,0,0,0,3.56,0,0
2012,CHN,12.5,-137.5,7.05,0,0,0,0,0,0,6.06,0,0
2012,CHN,12.5,-132.5,2.27,0,0,0,0,0,0,2.08,0,0
2012,KOR,-7.5,-132.5,0,0,0,0,0,0,1.43,0,0,0
2012,KOR,-2.5,-147.5,0,0,0,0,0,0,0.98,0,0.06,0.35
2012,KOR,-2.5,-142.5,0,0,0,0,0,0,2.37,0,0,0
2012,KOR,-2.5,-137.5,0,0,0,0,0,0,1.05,0,0,0
2012,KOR,-2.5,-127.5,0,0,0,0,0,0,0.12,0,0,0
2012,KOR,2.5,-147.5,0.46,0,0,0,0,0,11.42,0,0.12,3.11
2012,KOR,2.5,-142.5,0.21,0,0,0,0,0,5.51,0,0.01,0.97
2012,KOR,2.5,-137.5,0,0,0,0,0,0,0.24,0,0,0
2012,KOR,7.5,-147.5,1.26,0,0,0,0,0,0.54,0,0,0.19
2012,KOR,7.5,-142.5,0,0,0,0,0,0,0.14,0,0,0.04
2012,PYF,-17.5,-147.5,0,0,0,0.11,0,0,1.94,0,0,0
2012,PYF,-12.5,-147.5,0,0,0,0.15,0,0,1.29,0,0,0
2012,TWN,-32.5,-132.5,0,0,0,0,0,0,3.2,0,0,0
2012,TWN,-32.5,-127.5,0,0,0,0,0,0,0.25,0,0,0
2012,TWN,-32.5,-122.5,0,0,0,0,0,0,3.72,0,0,0
2012,TWN,-32.5,-117.5,0,0,0,0,0,0,19.75,0,0,0
2012,TWN,-27.5,-122.5,0,0,0,0,0,0,0.83,0,0,0
2012,TWN,-27.5,-117.5,0,0,0,0,0,0,6.23,0,0,0
2012,TWN,-22.5,-122.5,0,0,0,0,0,0,1.62,0,0,0
2012,TWN,-17.5,-132.5,0,0,0,0,0,0,0.22,0,0,0
2012,TWN,-12.5,-147.5,0,0,0,0,0,0,1.05,0,0,0
2012,TWN,-12.5,-137.5,0,0,0,0,0,0,4.07,0,0,0
2012,TWN,-12.5,-132.5,0,0,0,0,0,0,32.17,0,0,0
2012,TWN,-7.5,-147.5,0,0,0,0,0,0,5.82,0,0,0
2012,TWN,-7.5,-142.5,0,0,0,0,0,0,1.81,0,0,0
2012,TWN,-7.5,-137.5,0,0,0,0,0,0,1.28,0,0,0
2012,TWN,-7.5,-132.5,0,0,0,0,0,0,3.87,0,0,0
2012,TWN,-2.5,-147.5,0,0,0,0,0,0,0.87,0,0,0
2012,TWN,2.5,-147.5,0,0,0,0,0,0,0.01,0,0,0
2012,TWN,2.5,-142.5,0,0,0,0,0,0,0.15,0,0,0
2012,TWN,2.5,-137.5,0,0,0,0,0,0,0.08,0,0,0
2012,TWN,12.5,-142.5,0,0,0,0,0,0,0.38,0,0,0
2012,TWN,22.5,-142.5,0,0,0,0,0,0,4.08,0,0,0
2012,TWN,22.5,-137.5,0,0,0,0,0,0,11.12,0,0,0
2012,TWN,22.5,-132.5,0,0,0,0,0,0,0.34,0,0,0
2012,USA,22.5,-147.5,0,0,0,0,0,0,0,0,0,0
2012,USA,22.5,-142.5,0,0,0,0,0,0,0,0,0,0
2012,USA,22.5,-137.5,0,0,0,0,0,0,0,0,0,0
2012,USA,27.5,-147.5,0,0,0,0,0,0,0,0,0,0
2012,USA,27.5,-142.5,0,0,0,0,0,0,0,0,0,0
2012,USA,32.5,-147.5,0,0,0,0,0,0,0,0,0,0
2012,BLZ,-2.5,-112.5,4.34,0,6.8,0,0,0,0,0,0,0
2012,BLZ,2.5,-112.5,6.17,0,4.65,0,0,0,0,0,0,0
2012,BLZ,2.5,-107.5,2.32,0,15.82,0,0,0,0,0,0,0
2012,BLZ,2.5,-102.5,8.91,0,45.62,0,0,0,0,0,0,0
2012,BLZ,2.5,-97.5,9.52,0,25.29,0,0,0,0,0,0,0
2012,BLZ,2.5,-87.5,3.63,0,4.95,0,0,0,0,0,0,0
2012,BLZ,7.5,-102.5,2.12,0,9.06,0,0,0,0,0,0,0
2012,BLZ,7.5,-97.5,1.59,0,4.03,0,0,0,0,0,0,0
2012,CHN,-22.5,-87.5,0.17,0,0,0,0,0,0,0,0,0
2012,CHN,-17.5,-147.5,0.97,0,0,0,0,0,0,0.04,0,0
2012,CHN,-17.5,-142.5,1.27,0,0,0,0,0,0,0.04,0,0
2012,CHN,-17.5,-137.5,0.32,0,0,0,0,0,0,0.04,0,0
2012,CHN,-17.5,-132.5,2.43,0,0,0,0,0,0,0.04,0,0
2012,CHN,-17.5,-127.5,0.04,0,0,0,0,0,0,0,0,0
2012,CHN,-17.5,-122.5,0.02,0,0,0,0,0,0,0,0,0
2012,CHN,-17.5,-87.5,0.25,0,0,0,0,0,0,0,0,0
2012,CHN,-12.5,-147.5,1.4,0,0,0,0,0,0,0.31,0,0
2012,CHN,-12.5,-142.5,0.73,0,0,0,0,0,0,0.45,0,0
2012,CHN,-12.5,-137.5,0.78,0,0,0,0,0,0,0.08,0,0
2012,CHN,-12.5,-132.5,3.1,0,0,0,0,0,0,0.29,0,0
2012,CHN,-7.5,-147.5,1.26,0,0,0,0,0,0,0.04,0,0
2012,CHN,-7.5,-142.5,0.2,0,0,0,0,0,0,0,0,0
2012,CHN,-7.5,-137.5,0.11,0,0,0,0,0,0,0.14,0,0
2012,CHN,-7.5,-132.5,3.88,0,0,0,0,0,0,0.82,0,0
2012,CHN,-7.5,-127.5,0,0,0,0,0,0,0,0.04,0,0
2012,CHN,-2.5,-147.5,0.22,0,0,0,0,0,0,0,0,0
2012,CHN,-2.5,-132.5,0,0,0,0,0,0,0,0.11,0,0
2012,CHN,2.5,-132.5,0,0,0,0,0,0,0,0.03,0,0
2012,CHN,7.5,-147.5,1.66,0,0,0,0,0,0,1.83,0,0
2012,CHN,7.5,-142.5,6.59,0,0,0,0,0,0,1.53,0,0
2012,CHN,7.5,-137.5,6.58,0,0,0,0,0,0,1.7,0,0
2012,CHN,7.5,-132.5,2.27,0,0,0,0,0,0,3.36,0,0
2012,CHN,12.5,-147.5,1.64,0,0,0,0,0,0,1.79,0,0
2012,CHN,12.5,-142.5,6.98,0,0,0,0,0,0,7.05,0,0
2012,CHN,12.5,-137.5,6.86,0,0,0,0,0,0,5.3,0,0
2012,CHN,12.5,-132.5,2.39,0,0,0,0,0,0,1.67,0,0
2012,KOR,-12.5,-147.5,0,0,0,0,0,0,0.07,0,0,0
2012,KOR,-12.5,-132.5,0,0,0,0,0,0,2.14,0,0,0
2012,KOR,-12.5,-127.5,0,0,0,0,0,0,1.02,0,0,0
2012,KOR,-7.5,-147.5,0,0,0,0,0,0,0.59,0,0,0
2012,KOR,-7.5,-137.5,0,0,0,0,0,0,0.11,0,0,0
2012,KOR,-7.5,-132.5,0,0,0,0,0,0,4.29,0,0,0
2012,KOR,-7.5,-127.5,0,0,0,0,0,0,6.28,0,0,0
2012,KOR,-2.5,-147.5,0.14,0,0,0.06,0,0,4.07,0,0.1,0.7
2012,KOR,-2.5,-142.5,0.3,0,0,0,0,0,8.86,0,1.31,3.12
2012,KOR,-2.5,-137.5,0,0,0,0,0,0,1.93,0,0,0
2012,KOR,2.5,-147.5,0.37,0,0,0,0,0,1.98,0,0.15,0.93
2012,KOR,2.5,-142.5,0.14,0,0,0,0,0,0.2,0,0.13,0.12
2012,KOR,2.5,-137.5,0,0,0,0,0,0,0.16,0,0,0
2012,KOR,7.5,-147.5,0.04,0,0,0,0,0,1.07,0,0,0
2012,KOR,7.5,-142.5,0.04,0,0,0,0,0,0.37,0,0,0.06
2012,PYF,-22.5,-147.5,0,0,0,0.05,0,0,0,0,0,0
2012,PYF,-17.5,-147.5,0,0,0,1.11,0,0,2.23,0,0,0
2012,PYF,-12.5,-147.5,0,0,0,0,0,0,0.13,0,0,0
2012,PYF,-12.5,-142.5,0,0,0,0,0,0,0.16,0,0,0
2012,TWN,-22.5,-127.5,0,0,0,0,0,0,0.06,0,0,0
2012,TWN,-22.5,-122.5,0,0,0,0,0,0,0.15,0,0,0
2012,TWN,-22.5,-117.5,0,0,0,0,0,0,1.74,0,0,0
2012,TWN,-17.5,-132.5,0,0,0,0,0,0,5.12,0,0,0
2012,TWN,-17.5,-127.5,0,0,0,0,0,0,6.76,0,0,0
2012,TWN,-17.5,-122.5,0,0,0,0,0,0,9.07,0,0,0
2012,TWN,-17.5,-117.5,0,0,0,0,0,0,5.39,0,0,0
2012,TWN,-12.5,-147.5,0,0,0,0,0,0,0.41,0,0,0
2012,TWN,-12.5,-132.5,0,0,0,0,0,0,1.97,0,0,0
2012,TWN,-7.5,-147.5,0,0,0,0,0,0,9.57,0,0,0
2012,TWN,-7.5,-142.5,0,0,0,0,0,0,2.46,0,0,0
2012,TWN,-7.5,-137.5,0,0,0,0,0,0,0.66,0,0,0
2012,TWN,-7.5,-132.5,0,0,0,0,0,0,2.54,0,0,0
2012,TWN,-2.5,-147.5,0,0,0,0,0,0,4.05,0,0,0
2012,TWN,-2.5,-142.5,0,0,0,0,0,0,3.6,0,0,0
2012,TWN,-2.5,-137.5,0,0,0,0,0,0,1.6,0,0,0
2012,TWN,2.5,-147.5,0,0,0,0,0,0,9.00E-03,0,0,0
2012,TWN,2.5,-142.5,0,0,0,0,0,0,1.44,0,0,0
2012,TWN,2.5,-137.5,0,0,0,0,0,0,4.68,0,0,0
2012,TWN,22.5,-142.5,0,0,0,0,0,0,3.7,0,0,0
2012,TWN,22.5,-137.5,0,0,0,0,0,0,4.75,0,0,0
2012,USA,17.5,-147.5,0,0,0,0,0,0,0,0,0,0
2012,USA,22.5,-147.5,0,0,0,0,0,0,0,0,0,0
2012,USA,22.5,-142.5,0,0,0,0,0,0,0,0,0,0
2012,USA,27.5,-147.5,0,0,0,0,0,0,0,0,0,0
2012,USA,37.5,-132.5,0,0,0,0,0,0,0,0,0,0
2012,USA,37.5,-127.5,0,0,0,0,0,0,0,0,0,0
2012,USA,42.5,-137.5,0,0,0,0,0,0,0,0,0,0
2012,BLZ,2.5,-117.5,4.04,0,6.67,0,0,0,0,0,0,0
2012,BLZ,2.5,-112.5,6.44,0,20.31,0,0,0,0,0,0,0
2012,BLZ,2.5,-107.5,11.27,0,44.18,0,0,0,0,0,0,0
2012,BLZ,2.5,-97.5,15.44,0,0,0,0,0,0,0,0,0
2012,BLZ,2.5,-92.5,0.67,0,1.04,0,0,0,0,0,0,0
2012,BLZ,2.5,-87.5,0,0,1.87,0,0,0,0,0,0,0
2012,BLZ,7.5,-102.5,2.42,0,2.19,0,0,0,0,0,0,0
2012,BLZ,7.5,-92.5,1.2,0,2.79,0,0,0,0,0,0,0
2012,CHN,-22.5,-132.5,0,0,0,0,0,0,0,0.04,0,0
2012,CHN,-22.5,-127.5,0.12,0,0,0,0,0,0,0.06,0,0
2012,CHN,-22.5,-122.5,0.08,0,0,0,0,0,0,0.06,0,0
2012,CHN,-22.5,-117.5,0.18,0,0,0,0,0,0,0.03,0,0
2012,CHN,-17.5,-147.5,4.54,0,0,0,0,0,0,0.31,0,0
2012,CHN,-17.5,-142.5,0.13,0,0,0,0,0,0,0.26,0,0
2012,CHN,-17.5,-137.5,2.12,0,0,0,0,0,0,0.17,0,0
2012,CHN,-17.5,-132.5,0.27,0,0,0,0,0,0,0.28,0,0
2012,CHN,-17.5,-127.5,0.21,0,0,0,0,0,0,0.15,0,0
2012,CHN,-17.5,-122.5,0.07,0,0,0,0,0,0,0.13,0,0
2012,CHN,-17.5,-117.5,0.02,0,0,0,0,0,0,0.03,0,0
2012,CHN,-12.5,-147.5,0.07,0,0,0,0,0,0,0.37,0,0
2012,CHN,-12.5,-142.5,0.65,0,0,0,0,0,0,0.72,0,0
2012,CHN,-12.5,-137.5,0.02,0,0,0,0,0,0,0.03,0,0
2012,CHN,-12.5,-132.5,0.62,0,0,0,0,0,0,0.71,0,0
2012,CHN,-12.5,-127.5,0,0,0,0,0,0,0,0.04,0,0
2012,CHN,-12.5,-122.5,0,0,0,0,0,0,0,0.03,0,0
2012,CHN,-12.5,-117.5,0,0,0,0,0,0,0,0.03,0,0
2012,CHN,-7.5,-147.5,0.76,0,0,0,0,0,0,0.23,0,0
2012,CHN,-7.5,-142.5,1.25,0,0,0,0,0,0,0.14,0,0
2012,CHN,-7.5,-137.5,0.26,0,0,0,0,0,0,0.09,0,0
2012,CHN,-7.5,-132.5,0.56,0,0,0,0,0,0,0.33,0,0
2012,CHN,-7.5,-127.5,0,0,0,0,0,0,0,0.02,0,0
2012,CHN,-2.5,-147.5,0.3,0,0,0,0,0,0,0,0,0
2012,CHN,7.5,-147.5,1.56,0,0,0,0,0,0,1.67,0,0
2012,CHN,7.5,-142.5,8.06,0,0,0,0,0,0,1.88,0,0
2012,CHN,7.5,-137.5,8.38,0,0,0,0,0,0,1.96,0,0
2012,CHN,7.5,-132.5,2.4,0,0,0,0,0,0,2.65,0,0
2012,CHN,12.5,-147.5,1.62,0,0,0,0,0,0,1.73,0,0
2012,CHN,12.5,-142.5,8.63,0,0,0,0,0,0,1.63,0,0
2012,CHN,12.5,-137.5,9.41,0,0,0,0,0,0,10.79,0,0
2012,CHN,12.5,-132.5,2.34,0,0,0,0,0,0,2.57,0,0
2012,KOR,-17.5,-127.5,0,0,0,0,0,0,0.06,0,0,0
2012,KOR,-12.5,-147.5,0,0,0,0,0,0,0.08,0,0,0
2012,KOR,-12.5,-142.5,0,0,0,0,0,0,0.15,0,0,0
2012,KOR,-12.5,-137.5,0,0,0,0,0,0,0.07,0,0,0
2012,KOR,-12.5,-132.5,1.41,0,0,0.18,0,0,8.8,0,0,0.17
2012,KOR,-12.5,-127.5,0.79,0,0,0,0,0,3.81,0,0.19,0.06
2012,KOR,-12.5,-122.5,0,0,0,0,0,0,0.01,0,0,0
2012,KOR,-7.5,-147.5,0,0,0,0,0,0,1.27,0,0,0
2012,KOR,-7.5,-142.5,0,0,0,0.03,0,0,0.76,0,0,0
2012,KOR,-7.5,-137.5,0,0,0,0,0,0,0.35,0,0,0
2012,KOR,-7.5,-132.5,0,0,0,0,0,0,0.01,0,0,0
2012,KOR,-2.5,-147.5,0.02,0,0,0,0,0,1.46,0,0,0.21
2012,KOR,-2.5,-142.5,0.16,0,0,0,0,0,4.14,0,0.17,1.29
2012,KOR,-2.5,-137.5,0,0,0,0,0,0,0.02,0,0,0
2012,PYF,-22.5,-147.5,0,0,0,0.05,0,0,0,0,0,0
2012,PYF,-17.5,-147.5,0,0,0,1.13,0,0,5.41,0,0,0
2012,PYF,-17.5,-142.5,0,0,0,0.31,0,0,1.26,0,0,0
2012,PYF,-12.5,-147.5,0,0,0,0,0,0,0.2,0,0,0
2012,PYF,-12.5,-142.5,0,0,0,0,0,0,0.34,0,0,0
2012,TWN,-32.5,-127.5,0,0,0,0,0,0,5.64,0,0,0
2012,TWN,-32.5,-122.5,0,0,0,0,0,0,9.15,0,0,0
2012,TWN,-22.5,-132.5,0,0,0,0,0,0,0.07,0,0,0
2012,TWN,-22.5,-127.5,0,0,0,0,0,0,1.61,0,0,0
2012,TWN,-22.5,-122.5,0,0,0,0,0,0,14.83,0,0,0
2012,TWN,-22.5,-117.5,0,0,0,0,0,0,8.73,0,0,0
2012,TWN,-17.5,-132.5,0,0,0,0,0,0,1.24,0,0,0
2012,TWN,-17.5,-127.5,0,0,0,0,0,0,0.31,0,0,0
2012,TWN,-12.5,-147.5,0,0,0,0,0,0,0.3,0,0,0
2012,TWN,-12.5,-132.5,0,0,0,0,0,0,2.65,0,0,0
2012,TWN,-7.5,-147.5,0,0,0,0,0,0,4.02,0,0,0
2012,TWN,-7.5,-142.5,0,0,0,0,0,0,0.95,0,0,0
2012,TWN,-2.5,-147.5,0,0,0,0,0,0,7.88,0,0,0
2012,TWN,-2.5,-142.5,0,0,0,0,0,0,2.39,0,0,0
2012,TWN,22.5,-142.5,0,0,0,0,0,0,2.36,0,0,0
2012,TWN,22.5,-137.5,0,0,0,0,0,0,0.75,0,0,0
2012,USA,22.5,-147.5,0,0,0,0,0,0,0,0,0,0
2012,USA,22.5,-142.5,0,0,0,0,0,0,0,0,0,0
2012,USA,37.5,-137.5,0,0,0,0,0,0,0,0,0,0
2012,USA,37.5,-127.5,0,0,0,0,0,0,0,0,0,0
2012,BLZ,2.5,-112.5,0,0,4.54,0,0,0,0,0,0,0
2012,BLZ,2.5,-97.5,12.5,0,20.2,0,0,0,0,0,0,0
2012,BLZ,7.5,-112.5,11.07,0,11.24,0,0,0,0,0,0,0
2012,BLZ,7.5,-107.5,2.63,0,33.54,0,0,0,0,0,0,0
2012,BLZ,7.5,-92.5,0,0,1.3,0,0,0,0,0,0,0
2012,BLZ,7.5,-87.5,5.55,0,16.3,0,0,0,0,0,0,0
2012,CHN,-22.5,-127.5,0.14,0,0,0,0,0,0,0,0,0
2012,CHN,-22.5,-122.5,0.25,0,0,0,0,0,0,0,0,0
2012,CHN,-22.5,-117.5,0.15,0,0,0,0,0,0,0.03,0,0
2012,CHN,-22.5,-112.5,0.02,0,0,0,0,0,0,0.03,0,0
2012,CHN,-17.5,-142.5,1.48,0,0,0,0,0,0,0.64,0,0
2012,CHN,-17.5,-137.5,1.09,0,0,0,0,0,0,0.19,0,0
2012,CHN,-17.5,-132.5,0.28,0,0,0,0,0,0,0.17,0,0
2012,CHN,-17.5,-117.5,0,0,0,0,0,0,0,0.05,0,0
2012,CHN,-17.5,-112.5,0,0,0,0,0,0,0,0.05,0,0
2012,CHN,-12.5,-147.5,0.1,0,0,0,0,0,0,0.41,0,0
2012,CHN,-12.5,-142.5,0.81,0,0,0,0,0,0,0.16,0,0
2012,CHN,-12.5,-137.5,2.18,0,0,0,0,0,0,0.09,0,0
2012,CHN,-12.5,-132.5,0.15,0,0,0,0,0,0,0.43,0,0
2012,CHN,-7.5,-147.5,0.7,0,0,0,0,0,0,0.22,0,0
2012,CHN,-7.5,-142.5,0.74,0,0,0,0,0,0,0.28,0,0
2012,CHN,-7.5,-137.5,1.91,0,0,0,0,0,0,0.02,0,0
2012,CHN,-7.5,-132.5,1.23,0,0,0,0,0,0,0.05,0,0
2012,CHN,-2.5,-147.5,0.11,0,0,0,0,0,0,0,0,0
2012,CHN,-2.5,-142.5,0.16,0,0,0,0,0,0,0,0,0
2012,CHN,-2.5,-132.5,0,0,0,0,0,0,0,0.02,0,0
2012,CHN,2.5,-132.5,0,0,0,0,0,0,0,0.05,0,0
2012,CHN,7.5,-147.5,1.99,0,0,0,0,0,0,2.27,0,0
2012,CHN,7.5,-142.5,6.76,0,0,0,0,0,0,1.56,0,0
2012,CHN,7.5,-137.5,0.26,0,0,0,0,0,0,1.56,0,0
2012,CHN,7.5,-132.5,2.14,0,0,0,0,0,0,2.36,0,0
2012,CHN,12.5,-147.5,2.58,0,0,0,0,0,0,7.81,0,0
2012,CHN,12.5,-142.5,7.88,0,0,0,0,0,0,11.26,0,0
2012,CHN,12.5,-137.5,1.12,0,0,0,0,0,0,6.58,0,0
2012,CHN,12.5,-132.5,2.26,0,0,0,0,0,0,2.42,0,0
2012,KOR,-17.5,-132.5,0.17,0,0,0,0,0,0.24,0,0,0
2012,KOR,-17.5,-127.5,0.07,0,0,0,0,0,1.85,0,0,0
2012,KOR,-17.5,-122.5,0,0,0,0,0,0,1.37,0,0,0
2012,KOR,-12.5,-137.5,0.09,0,0,0,0,0,0.37,0,0.06,0
2012,KOR,-12.5,-132.5,2.06,0,0,0.28,0,0,6.17,0,0.09,0.1
2012,KOR,-12.5,-127.5,2.23,0,0,0,0,0,18.94,0,0.07,0.59
2012,KOR,-12.5,-122.5,0.74,0,0,0.15,0,0,2.02,0,0,0.18
2012,KOR,-7.5,-137.5,0,0,0,0,0,0,0.35,0,0,0.06
2012,KOR,-7.5,-132.5,0.04,0,0,0,0,0,0.12,0,0,0.09
2012,KOR,-7.5,-122.5,0,0,0,0,0,0,0.09,0,0,0
2012,KOR,-2.5,-137.5,0,0,0,0,0,0,0.19,0,0.05,0
2012,PYF,-17.5,-147.5,0,0,0,1.84,0,0,7.11,0,0,0
2012,PYF,-17.5,-142.5,0,0,0,0.07,0,0,1.85,0,0,0
2012,PYF,-12.5,-147.5,0,0,0,0,0,0,0.75,0,0,0
2012,PYF,-12.5,-142.5,0,0,0,0.4,0,0,2.18,0,0,0
2012,TWN,-22.5,-127.5,0,0,0,0,0,0,0.22,0,0,0
2012,TWN,-22.5,-122.5,0,0,0,0,0,0,5.94,0,0,0
2012,TWN,-22.5,-117.5,0,0,0,0,0,0,7.74,0,0,0
2012,TWN,-22.5,-112.5,0,0,0,0,0,0,0.29,0,0,0
2012,TWN,-17.5,-127.5,0,0,0,0,0,0,0.49,0,0,0
2012,TWN,-17.5,-122.5,0,0,0,0,0,0,0.91,0,0,0
2012,TWN,-17.5,-117.5,0,0,0,0,0,0,0.95,0,0,0
2012,TWN,-17.5,-112.5,0,0,0,0,0,0,1.77,0,0,0
2012,TWN,-12.5,-137.5,0,0,0,0,0,0,0.96,0,0,0
2012,TWN,-12.5,-132.5,0,0,0,0,0,0,3.56,0,0,0
2012,TWN,-7.5,-147.5,0,0,0,0,0,0,11.62,0,0,0
2012,TWN,-7.5,-132.5,0,0,0,0,0,0,1.13,0,0,0
2012,TWN,-2.5,-147.5,0,0,0,0,0,0,2.51,0,0,0
2012,TWN,2.5,-147.5,0,0,0,0,0,0,10.28,0,0,0
2012,TWN,32.5,-147.5,0,0,0,0,0,0,23.13,0,0,0
2012,USA,22.5,-147.5,0,0,0,0,0,0,0,0,0,0
2012,USA,32.5,-142.5,0,0,0,0,0,0,0,0,0,0
2012,USA,32.5,-137.5,0,0,0,0,0,0,0,0,0,0
2012,USA,37.5,-137.5,0,0,0,0,0,0,0,0,0,0
2013,BLZ,-22.5,-97.5,7.42,0,0,1.9,0,0,0,0,0,0
2013,BLZ,2.5,-107.5,7.29,0,5,0,0,0,0,0,0,0
2013,BLZ,2.5,-102.5,16.42,0,20.83,0,0,0,0,0,0,0
2013,BLZ,7.5,-112.5,0.91,0,1.72,0,0,0,0,0,0,0
2013,BLZ,7.5,-107.5,2.87,0,11.46,0,0,0,0,0,0,0
2013,BLZ,7.5,-102.5,5.68,0,3.06,0,0,0,0,0,0,0
2013,BLZ,7.5,-97.5,10.8,0,5.22,0,0,0,0,0,0,0
2013,BLZ,7.5,-87.5,2.45,0,2.62,0,0,0,0,0,0,0
2013,BLZ,12.5,-107.5,1.98,0,0,0,0,0,0,0,0,0
2013,CHN,-27.5,-147.5,0.53,0,0,0,0,0,0,0,0,0
2013,CHN,-17.5,-132.5,0.39,0,0,0,0,0,0,0.26,0,0
2013,CHN,-17.5,-127.5,1.31,0,0,0,0,0,0,0,0,0
2013,CHN,-12.5,-132.5,0.07,0,0,0,0,0,0,0,0,0
2013,CHN,-7.5,-147.5,0,0,0,0,0,0,0,0.06,0,0
2013,CHN,-7.5,-132.5,0,0,0,0,0,0,0,0.07,0,0
2013,CHN,12.5,-142.5,13.1,0,0,0,0,0,0,16.53,0,0
2013,CHN,12.5,-137.5,3.33,0,0,0,0,0,0,30.81,0,0
2013,CHN,12.5,-132.5,23.8,0,0,0,0,0,0,11.29,0,0
2013,KOR,-17.5,-132.5,0.1,0,0,0,0,0,0.17,0,0,0
2013,KOR,-17.5,-127.5,0.27,0,0,0.03,0,0,1.07,0,0,0
2013,KOR,-17.5,-122.5,0.78,0,0,0.11,0,0,1.57,0,0.31,0.03
2013,KOR,-17.5,-117.5,0,0,0,0,0,0,0.98,0,0,0
2013,KOR,-12.5,-142.5,0,0,0,0,0,0,0.1,0,0,0
2013,KOR,-12.5,-137.5,0,0,0,0,0,0,0.46,0,0,0
2013,KOR,-12.5,-132.5,0.5,0,0.03,0.07,0,0,7.54,0,0.09,0.17
2013,KOR,-12.5,-127.5,3.27,0,0,0.16,0,0,23.03,0,0.89,0.91
2013,KOR,-12.5,-122.5,0.59,0,0,0,0,0,5.23,0,0.37,0.42
2013,KOR,-12.5,-117.5,0,0,0,0,0,0,1.57,0,0,0
2013,KOR,-7.5,-147.5,0,0,0,0,0,0,0.89,0,0,0
2013,KOR,-7.5,-142.5,0,0,0,0,0,0,1.2,0,0,0
2013,KOR,-7.5,-137.5,0,0,0,0,0,0,0.35,0,0,0.01
2013,KOR,-7.5,-132.5,0,0,0,0.04,0,0,1.91,0,0,0
2013,KOR,-7.5,-127.5,0.4,0,0,0.04,0,0,0.48,0,0.1,0.05
2013,KOR,-7.5,-122.5,0,0,0,0,0,0,0.74,0,0,0
2013,KOR,-2.5,-147.5,0,0,0,0,0,0,0.07,0,0,0
2013,KOR,-2.5,-142.5,0,0,0,0,0,0,0.15,0,0,0
2013,KOR,-2.5,-137.5,0.02,0,0,0,0,0,0,0,0,0
2013,KOR,2.5,-147.5,0,0,0,0,0,0,0.02,0,0,0
2013,KOR,7.5,-147.5,0,0,0,0,0,0,0.01,0,0,0
2013,PYF,-22.5,-147.5,0,0,0,0,0,0,1.38,0,0,0
2013,PYF,-17.5,-147.5,0,0,0,0.06,0,0,7.18,0,0,0
2013,PYF,-17.5,-142.5,0,0,0,0,0,0,0.92,0,0,0
2013,PYF,-12.5,-147.5,0,0,0,0,0,0,2.07,0,0,0
2013,PYF,-12.5,-142.5,0,0,0,0,0,0,5.46,0,0,0
2013,TWN,-22.5,-117.5,0,0,0,0,0,0,0.17,0,0,0
2013,TWN,-22.5,-112.5,0,0,0,0,0,0,3.66,0,0,0
2013,TWN,-22.5,-107.5,0,0,0,0,0,0,8.6,0,0,0
2013,TWN,-17.5,-102.5,0,0,0,0,0,0,2.67,0,0,0
2013,TWN,-12.5,-137.5,0,0,0,0,0,0,1.55,0,0,0
2013,TWN,-12.5,-132.5,0,0,0,0,0,0,0.71,0,0,0
2013,TWN,-7.5,-147.5,0,0,0,0,0,0,6.28,0,0,0
2013,TWN,-2.5,-147.5,0,0,0,0,0,0,1.72,0,0,0
2013,TWN,-2.5,-142.5,0,0,0,0,0,0,0.68,0,0,0
2013,TWN,2.5,-147.5,0,0,0,0,0,0,1.25,0,0,0
2013,TWN,12.5,-142.5,0,0,0,0,0,0,1.67,0,0,0
2013,TWN,27.5,-147.5,0,0,0,0,0,0,1.05,0,0,0
2013,TWN,27.5,-142.5,0,0,0,0,0,0,0.6,0,0,0
2013,TWN,32.5,-147.5,0,0,0,0,0,0,17.05,0,0,0
2013,TWN,32.5,-142.5,0,0,0,0,0,0,1.01,0,0,0
2013,TWN,32.5,-137.5,0,0,0,0,0,0,0.17,0,0,0
2013,USA,32.5,-147.5,0,0,0,0,0,0,0,0,0,0
2013,USA,32.5,-137.5,0,0,0,0,0,0,0,0,0,0
2013,USA,32.5,-132.5,0,0,0,0,0,0,0,0,0,0
2013,BLZ,-12.5,-82.5,2.11,0,0,1.28,0,0,0,0,0,0
2013,BLZ,-2.5,-147.5,0.21,0,0,0,0,0.25,0,0,0,0
2013,BLZ,2.5,-107.5,3.97,0,8.86,0,0,0,0,0,0,0
2013,BLZ,2.5,-102.5,9.91,0,5.27,0,0,0,0,0,0,0
2013,BLZ,7.5,-112.5,1.82,0,10.42,0,0,0,0,0,0,0
2013,BLZ,7.5,-102.5,4.76,0,9.16,0,0,0,0,0,0,0
2013,BLZ,7.5,-97.5,5.75,0,2.66,0,0,0,0,0,0,0
2013,BLZ,12.5,-117.5,2.01,0,0,0,0,0,0,0,0,0
2013,BLZ,12.5,-112.5,0.83,0,1.29,0,0,0,0,0,0,0
2013,BLZ,12.5,-92.5,3.74,0,12.94,0,0,0,0,0,0,0
2013,BLZ,17.5,-97.5,5.03,0,10.89,0,0,0,0,0,0,0
2013,CHN,-22.5,-97.5,0,0,0,0,0,0,0,0.04,0,0
2013,CHN,-17.5,-147.5,0.28,0,0,0,0,0,0,0,0,0
2013,CHN,-17.5,-132.5,3.61,0,0,0,0,0,0,0.03,0,0
2013,CHN,-17.5,-127.5,0.07,0,0,0,0,0,0,0,0,0
2013,CHN,-17.5,-117.5,0.41,0,0,0,0,0,0,0,0,0
2013,CHN,-17.5,-107.5,1.75,0,0,0,0,0,0,0,0,0
2013,CHN,-17.5,-102.5,0.21,0,0,0,0,0,0,0,0,0
2013,CHN,-12.5,-132.5,0.66,0,0,0,0,0,0,0.3,0,0
2013,CHN,-12.5,-127.5,0.21,0,0,0,0,0,0,0.02,0,0
2013,CHN,-12.5,-107.5,0.26,0,0,0,0,0,0,0.24,0,0
2013,CHN,-7.5,-142.5,1.53,0,0,0,0,0,0,0,0,0
2013,CHN,-7.5,-132.5,0.05,0,0,0,0,0,0,0.51,0,0
2013,CHN,-2.5,-147.5,0.12,0,0,0,0,0,0,0,0,0
2013,CHN,-2.5,-132.5,0.02,0,0,0,0,0,0,0.01,0,0
2013,CHN,7.5,-147.5,5.76,0,0,0,0,0,0,1.01,0,0
2013,CHN,7.5,-142.5,28.31,0,0,0,0,0,0,9.42,0,0
2013,CHN,7.5,-137.5,6.26,0,0,0,0,0,0,8.64,0,0
2013,CHN,12.5,-142.5,11.65,0,0,0,0,0,0,1.14,0,0
2013,CHN,12.5,-137.5,7.77,0,0,0,0,0,0,19.77,0,0
2013,CHN,12.5,-132.5,5.91,0,0,0,0,0,0,0.86,0,0
2013,KOR,-17.5,-132.5,0.76,0,0,0,0,0,0.03,0,0,0.04
2013,KOR,-17.5,-127.5,0.73,0,0,0,0,0,0.1,0,0.04,0.08
2013,KOR,-17.5,-122.5,0.46,0,0,0,0,0,0.15,0,0.06,0.05
2013,KOR,-12.5,-142.5,0,0,0,0,0,0,0.04,0,0,0
2013,KOR,-12.5,-137.5,0.31,0,0,0.15,0,0,0.01,0,0.05,0
2013,KOR,-12.5,-132.5,3.49,0,0.04,0.1,0,0,2.4,0,0.36,0.23
2013,KOR,-12.5,-127.5,4.86,0,0.01,0,0,0,1.23,0,0.83,0.84
2013,KOR,-12.5,-122.5,3.27,0,0,0,0,0,0.4,0,1.99,0.59
2013,KOR,-7.5,-147.5,1.95,0,0.14,0,0,0,0.85,0,0.17,0.71
2013,KOR,-7.5,-142.5,2.04,0,0.19,0,0,0,1.36,0,0.08,0.82
2013,KOR,-7.5,-137.5,1.05,0,0.16,0.16,0,0,0.17,0,0.69,0.23
2013,KOR,-7.5,-132.5,0.68,0,0.06,0.15,0,0,0.76,0,0.79,0.54
2013,KOR,-7.5,-127.5,1.13,0,0,0.07,0,0,1.58,0,1.48,0.28
2013,KOR,-7.5,-122.5,2.82,0,0,0.1,0,0,1.06,0,2.76,1.36
2013,KOR,-2.5,-147.5,0.16,0,0.37,0.2,0,0,0.33,0,0.65,0.64
2013,KOR,-2.5,-142.5,0.2,0,0.23,0.04,0,0,0.24,0,0.18,0.76
2013,KOR,-2.5,-137.5,0.1,0,0,0,0,0,0.22,0,0.05,0.38
2013,KOR,-2.5,-132.5,0.24,0,0,0,0,0,0.18,0,0.23,0.55
2013,KOR,-2.5,-127.5,0.29,0,0,0,0,0,0.32,0,0.36,0.08
2013,KOR,-2.5,-122.5,0.08,0,0,0,0,0,0.1,0,0.31,1.45
2013,KOR,2.5,-147.5,0.14,0,0.27,0,0,0,0.35,0,0.04,0.17
2013,KOR,2.5,-137.5,0.09,0,0,0.11,0,0,0.53,0,0.53,0.94
2013,KOR,2.5,-132.5,0.46,0,0,0,0,0,1.02,0,0.11,1.3
2013,KOR,2.5,-127.5,0.15,0,0,0.07,0,0,0.21,0,0.09,0.3
2013,KOR,2.5,-122.5,0.17,0,0,0,0,0,1.43,0,0.27,0.83
2013,KOR,7.5,-147.5,0.07,0,0.09,0,0,0,0,0,0,0.06
2013,KOR,7.5,-137.5,0,0,0,0,0,0,0.01,0,0,0
2013,KOR,7.5,-132.5,0.2,0,0,0,0,0,0.04,0,0.05,0.27
2013,KOR,7.5,-122.5,0,0,0,0,0,0,0.41,0,0,0
2013,PYF,-17.5,-147.5,0,0,0,0,0,0,10.47,0,0,0
2013,PYF,-17.5,-142.5,0,0,0,0,0,0,3.29,0,0,0
2013,PYF,-12.5,-147.5,0,0,0,0,0,0,1.02,0,0,0
2013,PYF,-12.5,-142.5,0,0,0,0,0,0,4.31,0,0,0
2013,TWN,-22.5,-112.5,0,0,0,0,0,0,0.06,0,0,0
2013,TWN,-22.5,-102.5,0,0,0,0,0,0,5.25,0,0,0
2013,TWN,-17.5,-127.5,0,0,0,0,0,0,0.16,0,0,0
2013,TWN,-17.5,-102.5,0,0,0,0,0,0,9.66,0,0,0
2013,TWN,-7.5,-147.5,0,0,0,0,0,0,7.13,0,0,0
2013,TWN,-7.5,-142.5,0,0,0,0,0,0,0.36,0,0,0
2013,TWN,-2.5,-147.5,0,0,0,0,0,0,0.81,0,0,0
2013,TWN,-2.5,-142.5,0,0,0,0,0,0,0.81,0,0,0
2013,TWN,2.5,-147.5,0,0,0,0,0,0,0.06,0,0,0
2013,USA,32.5,-147.5,0,0,0,0,0,0,0,0,0,0
2013,USA,32.5,-142.5,0,0,0,0,0,0,0,0,0,0
2013,USA,32.5,-137.5,0,0,0,0,0,0,0,0,0,0
2013,USA,32.5,-132.5,0,0,0,0,0,0,0,0,0,0
2013,BLZ,-17.5,-92.5,2.71,0,0,2.96,0,0,0,0,0,0
2013,BLZ,-2.5,-142.5,0.09,0,0,0,0,0.05,0,0,0,0
2013,BLZ,2.5,-107.5,4.6,0,6.37,0,0,0,0,0,0,0
2013,BLZ,2.5,-102.5,5.46,0,3.38,0,0,0,0,0,0,0
2013,BLZ,2.5,-92.5,3.66,0,3.26,0,0,0,0,0,0,0
2013,BLZ,2.5,-87.5,7.9,0,0,0,0,0,0,0,0,0
2013,BLZ,7.5,-107.5,8.11,0,22.71,0,0,0,0,0,0,0
2013,BLZ,7.5,-102.5,6.01,0,10.56,0,0,0,0,0,0,0
2013,BLZ,12.5,-112.5,5.64,0,11.25,0,0,0,0,0,0,0
2013,BLZ,12.5,-107.5,2.28,0,0,0,0,0,0,0,0,0
2013,BLZ,12.5,-87.5,0,0,10.19,0,0,0,0,0,0,0
2013,CHN,-22.5,-102.5,0.04,0,0,0,0,0,0,0.25,0,0
2013,CHN,-17.5,-127.5,0.18,0,0,0,0,0,0,0,0,0
2013,CHN,-17.5,-102.5,0.25,0,0,0,0,0,0,0,0,0
2013,CHN,-17.5,-97.5,0.1,0,0,0,0,0,0,0,0,0
2013,CHN,-12.5,-132.5,0.6,0,0,0,0,0,0,0,0,0
2013,CHN,-12.5,-122.5,0.38,0,0,0,0,0,0,0,0,0
2013,CHN,-7.5,-132.5,0,0,0,0,0,0,0,0.19,0,0
2013,CHN,-7.5,-122.5,0.44,0,0,0,0,0,0,0,0,0
2013,CHN,-2.5,-142.5,0.14,0,0,0,0,0,0,0,0,0
2013,CHN,-2.5,-132.5,0.96,0,0,0,0,0,0,0.34,0,0
2013,CHN,7.5,-137.5,22.1,0,0,0,0,0,0,26.43,0,0
2013,CHN,7.5,-132.5,11.71,0,0,0,0,0,0,7.4,0,0
2013,CHN,12.5,-137.5,3.14,0,0,0,0,0,0,34.39,0,0
2013,KOR,-12.5,-137.5,0,0,0,0,0,0,0.09,0,0,0
2013,KOR,-12.5,-132.5,0,0,0,0,0,0,0.5,0,0,0
2013,KOR,-12.5,-127.5,0,0,0,0,0,0,0.1,0,0,0
2013,KOR,-7.5,-147.5,0,0,0,0,0,0,0.15,0,0,0
2013,KOR,-7.5,-142.5,0,0,0,0,0,0,0.22,0,0,0
2013,KOR,-7.5,-137.5,0,0,0,0,0,0,0.33,0,0,0
2013,KOR,-7.5,-132.5,0.06,0,0,0.26,0,0,0.19,0,0,0.11
2013,KOR,-7.5,-127.5,0,0,0,0.03,0,0,0,0,0,0.19
2013,KOR,-2.5,-147.5,0.02,0,0,0,0,0,0.24,0,0.05,0
2013,KOR,-2.5,-142.5,0.06,0,0.19,0.01,0,0,0.69,0,0.61,1.68
2013,KOR,-2.5,-137.5,0.01,0,0,0,0,0,0.42,0,0.26,0.36
2013,KOR,-2.5,-132.5,0.04,0,0,0,0,0,0.04,0,0,0.92
2013,KOR,2.5,-147.5,0.44,0,0.21,0.04,0,0,1.61,0,0.4,0.47
2013,KOR,2.5,-142.5,0.56,0,0.4,0.15,0,0,3.29,0,2.35,3.04
2013,KOR,2.5,-137.5,2.65,0,1.1,0.51,0,0,3.8,0,3.88,6.93
2013,KOR,2.5,-132.5,1.02,0,0.45,0.26,0,0,4.94,0,1.65,6.74
2013,KOR,2.5,-127.5,1.9,0,0.33,0.12,0,0,5.2,0,2.35,10.94
2013,KOR,2.5,-122.5,0.94,0,0,0.03,0,0,15.53,0,1.28,25.96
2013,KOR,2.5,-117.5,0.02,0,0,0,0,0,1.53,0,0.11,1.71
2013,KOR,7.5,-142.5,0,0,0,0,0,0,1.68,0,0,0
2013,KOR,7.5,-137.5,1.48,0,0.06,0,0,0,0.74,0,0.26,2.02
2013,KOR,7.5,-132.5,0.68,0,0,0,0,0,1.78,0,0.12,1.32
2013,KOR,7.5,-127.5,0,0,0,0,0,0,0.02,0,0,0
2013,KOR,7.5,-117.5,0,0,0,0,0,0,0.31,0,0,0.08
2013,PYF,-22.5,-142.5,0,0,0,0,0,0,0.13,0,0,0
2013,PYF,-17.5,-147.5,0,0,0,0,0,0,13.87,0,0,0
2013,PYF,-17.5,-142.5,0,0,0,0,0,0,3.72,0,0,0
2013,PYF,-12.5,-147.5,0,0,0,0,0,0,1.99,0,0,0
2013,PYF,-12.5,-142.5,0,0,0,0,0,0,3.2,0,0,0
2013,TWN,-22.5,-102.5,0,0,0,0,0,0,1.12,0,0,0
2013,TWN,-17.5,-132.5,0,0,0,0,0,0,0.1,0,0,0
2013,TWN,-12.5,-132.5,0,0,0,0,0,0,0.33,0,0,0
2013,TWN,-7.5,-147.5,0,0,0,0,0,0,1.77,0,0,0
2013,TWN,-7.5,-132.5,0,0,0,0,0,0,0.38,0,0,0
2013,TWN,-2.5,-147.5,0,0,0,0,0,0,1.57,0,0,0
2013,TWN,-2.5,-142.5,0,0,0,0,0,0,3.85,0,0,0
2013,TWN,2.5,-147.5,0,0,0,0,0,0,0.03,0,0,0
2013,USA,22.5,-147.5,0,0,0,0,0,0,0,0,0,0
2013,USA,27.5,-147.5,0,0,0,0,0,0,0,0,0,0
2013,USA,32.5,-142.5,0,0,0,0,0,0,0,0,0,0
2013,USA,32.5,-137.5,0,0,0,0,0,0,0,0,0,0
2013,BLZ,-17.5,-82.5,15.04,0,0,2.91,0,0,0,0,0,0
2013,BLZ,-2.5,-147.5,0.06,0,0,0,0,0.05,0,0,0,0
2013,BLZ,2.5,-112.5,4.51,0,0,0,0,0,0,0,0,0
2013,BLZ,2.5,-107.5,25.34,0,29.63,0,0,0,0,0,0,0
2013,BLZ,2.5,-102.5,7.4,0,10,0,0,0,0,0,0,0
2013,BLZ,2.5,-87.5,21.09,0,30.46,0,0,0,0,0,0,0
2013,BLZ,7.5,-112.5,3.25,0,0,0,0,0,0,0,0,0
2013,BLZ,7.5,-92.5,11.08,0,3.08,0,0,0,0,0,0,0
2013,CHN,-32.5,-122.5,0.18,0,0,0,0,0,0,0.6,0,0
2013,CHN,-17.5,-127.5,0.66,0,0,0,0,0,0,0,0,0
2013,CHN,-12.5,-132.5,1.16,0,0,0,0,0,0,0,0,0
2013,CHN,-12.5,-127.5,0.87,0,0,0,0,0,0,0,0,0
2013,CHN,-7.5,-132.5,3.8,0,0,0,0,0,0,0.21,0,0
2013,CHN,-2.5,-147.5,0.01,0,0,0,0,0,0,9.00E-03,0,0
2013,CHN,-2.5,-142.5,0.52,0,0,0,0,0,0,0,0,0
2013,CHN,-2.5,-132.5,0.66,0,0,0,0,0,0,0.01,0,0
2013,CHN,7.5,-137.5,30.04,0,0,0,0,0,0,20.77,0,0
2013,CHN,7.5,-132.5,11.24,0,0,0,0,0,0,2.21,0,0
2013,CHN,12.5,-137.5,1.11,0,0,0,0,0,0,12.2,0,0
2013,CHN,17.5,-132.5,0.61,0,0,0,0,0,0,6.71,0,0
2013,KOR,-12.5,-142.5,0,0,0,0,0,0,0.04,0,0,0
2013,KOR,-12.5,-137.5,0,0,0,0,0,0,0.27,0,0,0
2013,KOR,-12.5,-132.5,0.09,0,0,0,0,0,0,0,0,0.05
2013,KOR,-7.5,-132.5,0,0,0,0,0,0,0.06,0,0,0.07
2013,KOR,-7.5,-122.5,0.06,0,0,0,0,0,0.03,0,0,0
2013,KOR,-7.5,-117.5,0.16,0,0,0,0,0,0.26,0,0.04,0
2013,KOR,-7.5,-112.5,0,0,0,0,0,0,0.31,0,0,0
2013,KOR,-7.5,-107.5,0.68,0,0,0,0,0,0.79,0,0.25,1.03
2013,KOR,-2.5,-147.5,0.05,0,0.23,0,0,0,0.89,0,0.19,0.87
2013,KOR,-2.5,-142.5,0.04,0,0.12,0,0,0,0.66,0,0.27,0.99
2013,KOR,-2.5,-137.5,0,0,0,0,0,0,0,0,0,0.4
2013,KOR,-2.5,-132.5,0.06,0,0,0,0,0,0.11,0,0.04,2.95
2013,KOR,-2.5,-122.5,0,0,0,0,0,0,0.19,0,0,0
2013,KOR,-2.5,-117.5,0,0,0,0,0,0,0.08,0,0.05,0.85
2013,KOR,2.5,-147.5,1.69,0,0.5,0.06,0,0,2.5,0,0.77,1.97
2013,KOR,2.5,-142.5,0.35,0,0.55,0.03,0,0,0.43,0,0.38,2.17
2013,KOR,2.5,-137.5,0.03,0,0.43,0.08,0,0,1.29,0,0.52,0.73
2013,KOR,2.5,-132.5,0,0,0,0,0,0,1.34,0,0.11,1.66
2013,KOR,2.5,-127.5,0.09,0,0,0,0,0,17.07,0,0.4,12.9
2013,KOR,2.5,-122.5,0.6,0,0,0.02,0,0,19.39,0,1.43,24.1
2013,KOR,2.5,-117.5,0.12,0,0,0,0,0,0.52,0,0,1.67
2013,KOR,2.5,-112.5,0.01,0,0,0,0,0,1.07,0,0,0.78
2013,KOR,7.5,-147.5,0.52,0,0.1,0,0,0,0.17,0,0.04,0.03
2013,KOR,7.5,-142.5,0.51,0,0.12,0,0,0,0.18,0,0.07,0.39
2013,KOR,7.5,-137.5,0.03,0,0,0,0,0,0.06,0,0,0.11
2013,KOR,7.5,-117.5,0,0,0,0,0,0,0.37,0,0,0
2013,PYF,-22.5,-147.5,0,0,0,0,0,0,0.07,0,0,0
2013,PYF,-17.5,-147.5,0,0,0,0.11,0,0,4.81,0,0,0
2013,PYF,-17.5,-142.5,0,0,0,0,0,0,1.9,0,0,0
2013,PYF,-12.5,-147.5,0,0,0,0,0,0,1.8,0,0,0
2013,PYF,-12.5,-142.5,0,0,0,0.11,0,0,1.28,0,0,0
2013,TWN,-32.5,-122.5,0,0,0,0,0,0,1.3,0,0,0
2013,TWN,-32.5,-117.5,0,0,0,0,0,0,1.06,0,0,0
2013,TWN,-32.5,-112.5,0,0,0,0,0,0,1.59,0,0,0
2013,TWN,-2.5,-147.5,0,0,0,0,0,0,0.49,0,0,0
2013,TWN,-2.5,-142.5,0,0,0,0,0,0,0.15,0,0,0
2013,TWN,2.5,-147.5,0,0,0,0,0,0,0.69,0,0,0
2013,TWN,2.5,-142.5,0,0,0,0,0,0,0.16,0,0,0
2013,USA,17.5,-147.5,0,0,0,0,0,0,0,0,0,0
2013,USA,22.5,-147.5,0,0,0,0,0,0,0,0,0,0
2013,USA,22.5,-142.5,0,0,0,0,0,0,0,0,0,0
2013,USA,22.5,-137.5,0,0,0,0,0,0,0,0,0,0
2013,USA,27.5,-147.5,0,0,0,0,0,0,0,0,0,0
2013,USA,27.5,-142.5,0,0,0,0,0,0,0,0,0,0
2013,BLZ,-17.5,-82.5,38.86,0,0,2.54,0,0,0,0,0,0
2013,BLZ,2.5,-117.5,8.98,0,27.32,0,0,0,0,0,0,0
2013,BLZ,2.5,-107.5,13.97,0,20.74,0,0,0,0,0,0,0
2013,BLZ,2.5,-102.5,17.79,0,22.39,0,0,0,0,0,0,0
2013,BLZ,2.5,-97.5,6.83,0,5.37,0,0,0,0,0,0,0
2013,BLZ,7.5,-107.5,2.42,0,0,0,0,0,0,0,0,0
2013,BLZ,7.5,-102.5,4.09,0,3.83,0,0,0,0,0,0,0
2013,CHN,-32.5,-122.5,0.55,0,0,0,0,0,0,0,0,0
2013,CHN,-32.5,-117.5,0.03,0,0,0,0,0,0,0,0,0
2013,CHN,-17.5,-127.5,0.43,0,0,0,0,0,0,0.09,0,0
2013,CHN,-12.5,-132.5,1.58,0,0,0,0,0,0,0,0,0
2013,CHN,-12.5,-127.5,1.22,0,0,0,0,0,0,0,0,0
2013,CHN,-7.5,-132.5,3.87,0,0,0,0,0,0,0.04,0,0
2013,CHN,-2.5,-147.5,0.02,0,0,0,0,0,0,0,0,0
2013,CHN,-2.5,-137.5,1.04,0,0,0,0,0,0,0,0,0
2013,CHN,-2.5,-132.5,0.04,0,0,0,0,0,0,0.02,0,0
2013,CHN,7.5,-137.5,33.65,0,0,0,0,0,0,14.75,0,0
2013,CHN,7.5,-132.5,5.76,0,0,0,0,0,0,1.04,0,0
2013,KOR,-7.5,-147.5,0,0,0,0,0,0,0.1,0,0,0.03
2013,KOR,-7.5,-142.5,0.2,0,0,0,0,0,0.4,0,0,0.05
2013,KOR,-7.5,-137.5,0.43,0,0,0,0,0,0.03,0,0,0.16
2013,KOR,-7.5,-132.5,0.05,0,0,0,0,0,0,0,0,0
2013,KOR,-2.5,-147.5,0.13,0,0.44,0.03,0,0,3.7,0,0.55,0.55
2013,KOR,-2.5,-142.5,0.22,0,0.13,0.04,0,0,5.23,0,0.34,1.07
2013,KOR,-2.5,-137.5,0.97,0,0.13,0.1,0,0,4.48,0,4.69,7.1
2013,KOR,-2.5,-132.5,0.25,0,0.04,0,0,0,0.35,0,0.32,1.79
2013,KOR,2.5,-147.5,0.87,0,0.57,0.01,0,0,4.13,0,0.54,1.82
2013,KOR,2.5,-142.5,0.15,0,0.52,0.26,0,0,3.68,0,0.44,2.16
2013,KOR,2.5,-137.5,0.11,0,0.5,0,0,0,4.77,0,0.65,2.33
2013,KOR,2.5,-132.5,0.61,0,0,0,0,0,0.98,0,0.11,1.53
2013,KOR,2.5,-127.5,0.06,0,0.05,0,0,0,0.42,0,0.06,4.81
2013,KOR,2.5,-122.5,0,0,0.05,0,0,0,0.02,0,0,0
2013,KOR,7.5,-147.5,0.27,0,0.05,0,0,0,0.39,0,0.07,0.17
2013,KOR,7.5,-142.5,0.02,0,0.01,0,0,0,0.18,0,0,0
2013,KOR,7.5,-132.5,0.18,0,0,0,0,0,0.14,0,0,0.66
2013,KOR,7.5,-127.5,0,0,0,0,0,0,0.2,0,0,0.03
2013,PYF,-17.5,-147.5,0,0,0,0.06,0,0,13.44,0,0,0
2013,PYF,-17.5,-142.5,0,0,0,0,0,0,0.32,0,0,0
2013,PYF,-12.5,-147.5,0,0,0,0,0,0,2.41,0,0,0
2013,PYF,-12.5,-142.5,0,0,0,0,0,0,0.91,0,0,0
2013,TWN,-32.5,-112.5,0,0,0,0,0,0,2.54,0,0,0
2013,TWN,-32.5,-107.5,0,0,0,0,0,0,1.6,0,0,0
2013,TWN,-32.5,-102.5,0,0,0,0,0,0,0.09,0,0,0
2013,TWN,-12.5,-132.5,0,0,0,0,0,0,1.22,0,0,0
2013,TWN,-7.5,-132.5,0,0,0,0,0,0,0.99,0,0,0
2013,TWN,-2.5,-147.5,0,0,0,0,0,0,1.42,0,0,0
2013,TWN,-2.5,-142.5,0,0,0,0,0,0,0.21,0,0,0
2013,USA,22.5,-142.5,0,0,0,0,0,0,0,0,0,0
2013,USA,27.5,-147.5,0,0,0,0,0,0,0,0,0,0
2013,BLZ,2.5,-117.5,7.35,0,19.74,0,0,0.59,0,0,0,0
2013,BLZ,2.5,-107.5,13.31,0,28.07,0,0,0,0,0,0,0
2013,BLZ,2.5,-82.5,1.77,0,4.47,0,0,0,0,0,0,0
2013,CHN,-17.5,-122.5,0,0,0,0,0,0,0,0.1,0,0
2013,CHN,-12.5,-132.5,3.01,0,0,0,0,0,0,0.66,0,0
2013,CHN,-12.5,-127.5,0,0,0,0,0,0,0,0.05,0,0
2013,CHN,-7.5,-147.5,1.2,0,0,0,0,0,0,0,0,0
2013,CHN,-7.5,-132.5,5.29,0,0,0,0,0,0,0.75,0,0
2013,CHN,-2.5,-147.5,0.77,0,0,0,0,0,0,0,0,0
2013,CHN,-2.5,-137.5,1.16,0,0,0,0,0,0,0.06,0,0
2013,CHN,2.5,-147.5,0.34,0,0,0,0,0,0,0.03,0,0
2013,CHN,7.5,-137.5,34.78,0,0,0,0,0,0,24.53,0,0
2013,CHN,7.5,-132.5,11.24,0,0,0,0,0,0,2.21,0,0
2013,CHN,12.5,-137.5,0.84,0,0,0,0,0,0,7.02,0,0
2013,KOR,-7.5,-147.5,0.93,0,0,0,0,0,3,0,0.02,0.26
2013,KOR,-7.5,-142.5,0.29,0,0,0,0,0,2.11,0,0,0.35
2013,KOR,-2.5,-147.5,0.24,0,0.22,0.07,0,0,3.57,0,0.21,1.02
2013,KOR,-2.5,-142.5,0.29,0,0,0,0,0,1.2,0,0.34,0.4
2013,KOR,-2.5,-137.5,0.6,0,0,0,0,0,2.66,0,0.43,0.54
2013,KOR,2.5,-147.5,0.18,0,0.65,0.03,0,0,4.06,0,0.42,2.64
2013,KOR,2.5,-142.5,0.01,0,0.31,0.02,0,0,1.83,0,0.33,1.03
2013,KOR,2.5,-137.5,0.01,0,0,0.06,0,0,0.59,0,0,0.09
2013,KOR,7.5,-147.5,0.01,0,0.17,0,0,0,0.74,0,0,0.01
2013,KOR,7.5,-142.5,0,0,0,0,0,0,0.02,0,0,0
2013,KOR,7.5,-137.5,0,0,0,0,0,0,0.01,0,0,0
2013,PYF,-22.5,-147.5,0,0,0,0,0,0,0.68,0,0,0
2013,PYF,-17.5,-147.5,0,0,0,0,0,0,9.4,0,0,0
2013,PYF,-12.5,-147.5,0,0,0,0,0,0,4.28,0,0,0
2013,PYF,-12.5,-142.5,0,0,0,0,0,0,0.1,0,0,0
2013,TWN,-32.5,-132.5,0,0,0,0,0,0,0.35,0,0,0
2013,TWN,-32.5,-127.5,0,0,0,0,0,0,0.61,0,0,0
2013,TWN,-32.5,-117.5,0,0,0,0,0,0,0.36,0,0,0
2013,TWN,-27.5,-137.5,0,0,0,0,0,0,0.07,0,0,0
2013,TWN,-27.5,-132.5,0,0,0,0,0,0,0.54,0,0,0
2013,TWN,-17.5,-132.5,0,0,0,0,0,0,2.19,0,0,0
2013,TWN,-12.5,-147.5,0,0,0,0,0,0,2.03,0,0,0
2013,TWN,-12.5,-137.5,0,0,0,0,0,0,3.33,0,0,0
2013,TWN,-12.5,-132.5,0,0,0,0,0,0,44.25,0,0,0
2013,TWN,-7.5,-147.5,0,0,0,0,0,0,0.35,0,0,0
2013,TWN,-7.5,-137.5,0,0,0,0,0,0,0.26,0,0,0
2013,TWN,-7.5,-132.5,0,0,0,0,0,0,5.1,0,0,0
2013,TWN,-2.5,-147.5,0,0,0,0,0,0,1.63,0,0,0
2013,TWN,-2.5,-142.5,0,0,0,0,0,0,0.47,0,0,0
2013,TWN,-2.5,-137.5,0,0,0,0,0,0,0.58,0,0,0
2013,TWN,2.5,-147.5,0,0,0,0,0,0,0.45,0,0,0
2013,USA,22.5,-147.5,0,0,0,0,0,0,0,0,0,0
2013,USA,22.5,-142.5,0,0,0,0,0,0,0,0,0,0
2013,USA,27.5,-147.5,0,0,0,0,0,0,0,0,0,0
2013,USA,27.5,-142.5,0,0,0,0,0,0,0,0,0,0
2013,USA,32.5,-147.5,0,0,0,0,0,0,0,0,0,0
2013,BLZ,-17.5,-82.5,6.43,0,0,1.24,0,0,0,0,0,0
2013,BLZ,-7.5,-107.5,7.36,0,3.98,0,0,0,0,0,0,0
2013,BLZ,-2.5,-102.5,9.51,0,2.64,0,0,0,0,0,0,0
2013,BLZ,2.5,-117.5,2.16,0,0,0,0,0,0,0,0,0
2013,BLZ,2.5,-112.5,7.57,0,12.64,0,0,0,0,0,0,0
2013,BLZ,2.5,-107.5,7.01,0,11.8,0,0,0,0,0,0,0
2013,CHN,-17.5,-122.5,0.05,0,0,0,0,0,0,0,0,0
2013,CHN,-17.5,-117.5,0,0,0,0,0,0,0,0.01,0,0
2013,CHN,-17.5,-112.5,0.12,0,0,0,0,0,0,0.05,0,0
2013,CHN,-12.5,-132.5,0,0,0,0,0,0,0,0.26,0,0
2013,CHN,-12.5,-127.5,0.08,0,0,0,0,0,0,0,0,0
2013,CHN,-7.5,-147.5,14.05,0,0,0,0,0,0,0.05,0,0
2013,CHN,-7.5,-142.5,4.28,0,0,0,0,0,0,0.07,0,0
2013,CHN,-2.5,-147.5,0.85,0,0,0,0,0,0,0.04,0,0
2013,CHN,-2.5,-137.5,1.1,0,0,0,0,0,0,0.04,0,0
2013,CHN,2.5,-147.5,0.21,0,0,0,0,0,0,0,0,0
2013,CHN,7.5,-137.5,35.42,0,0,0,0,0,0,8.48,0,0
2013,CHN,7.5,-132.5,24.67,0,0,0,0,0,0,2.54,0,0
2013,KOR,-12.5,-147.5,0.8,0,0,0.11,0,0,0.14,0,0,0
2013,KOR,-12.5,-137.5,0.23,0,0,0,0,0,0,0,0,0.02
2013,KOR,-12.5,-132.5,0.31,0,0,0,0,0,0.47,0,0.21,0.22
2013,KOR,-12.5,-127.5,0.02,0,0,0.1,0,0,0.12,0,0,0
2013,KOR,-7.5,-147.5,1.62,0,0,0,0,0,0.22,0,0.08,0.21
2013,KOR,-7.5,-142.5,0.37,0,0,0,0,0,0.08,0,0,0.01
2013,KOR,-7.5,-137.5,1.16,0,0.34,0,0,0,2.54,0,0.53,0.59
2013,KOR,-7.5,-132.5,0.32,0,0,0,0,0,0.97,0,0.67,0.1
2013,KOR,-2.5,-147.5,0.26,0,0,0,0,0,3.76,0,0.24,0.78
2013,KOR,-2.5,-142.5,1.5,0,0,0.03,0,0,5.35,0,2.4,1.23
2013,KOR,-2.5,-137.5,1.32,0,0.85,0.1,0,0,8.69,0,5.07,2.14
2013,KOR,2.5,-147.5,0.05,0,0.09,0,0,0,1.67,0,0.24,0.12
2013,KOR,2.5,-142.5,0.11,0,0.4,0.01,0,0,0.6,0,0.19,0.31
2013,KOR,2.5,-137.5,0.07,0,0.09,0.05,0,0,0.34,0,0,0.22
2013,KOR,7.5,-147.5,0.1,0,0.34,0,0,0,0.7,0,0,0.07
2013,KOR,7.5,-142.5,0.05,0,0,0,0,0,0.71,0,0.04,0.14
2013,KOR,7.5,-137.5,0.03,0,0.12,0,0,0,0,0,0,0.12
2013,KOR,7.5,-132.5,0,0,0.02,0.09,0,0,0,0,0.11,0.09
2013,PYF,-22.5,-147.5,0,0,0,0,0,0,0.64,0,0,0
2013,PYF,-17.5,-147.5,0,0,0,0.41,0,0,5.92,0,0,0
2013,PYF,-17.5,-142.5,0,0,0,0,0,0,0.6,0,0,0
2013,PYF,-12.5,-147.5,0,0,0,0.67,0,0,4.76,0,0,0
2013,PYF,-12.5,-142.5,0,0,0,0,0,0,0.56,0,0,0
2013,TWN,-27.5,-137.5,0,0,0,0,0,0,4,0,0,0
2013,TWN,-27.5,-132.5,0,0,0,0,0,0,5.4,0,0,0
2013,TWN,-12.5,-147.5,0,0,0,0,0,0,6.43,0,0,0
2013,TWN,-12.5,-142.5,0,0,0,0,0,0,6.78,0,0,0
2013,TWN,-12.5,-137.5,0,0,0,0,0,0,3.84,0,0,0
2013,TWN,-12.5,-132.5,0,0,0,0,0,0,60.76,0,0,0
2013,TWN,-7.5,-147.5,0,0,0,0,0,0,36.8,0,0,0
2013,TWN,-7.5,-142.5,0,0,0,0,0,0,7.59,0,0,0
2013,TWN,-7.5,-132.5,0,0,0,0,0,0,6.42,0,0,0
2013,TWN,-2.5,-147.5,0,0,0,0,0,0,0.75,0,0,0
2013,TWN,-2.5,-142.5,0,0,0,0,0,0,0.21,0,0,0
2013,USA,22.5,-147.5,0,0,0,0,0,0,0,0,0,0
2013,USA,22.5,-142.5,0,0,0,0,0,0,0,0,0,0
2013,USA,27.5,-147.5,0,0,0,0,0,0,0,0,0,0
2013,USA,27.5,-142.5,0,0,0,0,0,0,0,0,0,0
2013,USA,32.5,-147.5,0,0,0,0,0,0,0,0,0,0
2013,BLZ,-17.5,-82.5,15.18,0,0,2.5,0,0,0,0,0,0
2013,BLZ,-7.5,-107.5,4.02,0,3.61,0,0,0,0,0,0,0
2013,BLZ,-2.5,-102.5,8.64,0,1.67,0,0,0,0,0,0,0
2013,BLZ,2.5,-117.5,0.54,0,0.34,0,0,0,0,0,0,0
2013,BLZ,2.5,-102.5,1.23,0,1.09,0,0,0,0,0,0,0
2013,BLZ,7.5,-122.5,0.45,0,0.33,0,0,0,0,0,0,0
2013,BLZ,7.5,-102.5,21.58,0,17.96,0,0,0,0,0,0,0
2013,BLZ,7.5,-87.5,3.5,0,35.71,0,0,0,0,0,0,0
2013,BLZ,12.5,-92.5,5.01,0,10.98,0,0,0,0,0,0,0
2013,CHN,-27.5,-147.5,0.2,0,0,0,0,0,0,0.25,0,0
2013,CHN,-17.5,-137.5,0,0,0,0,0,0,0,0.43,0,0
2013,CHN,-17.5,-132.5,0.66,0,0,0,0,0,0,0,0,0
2013,CHN,-17.5,-127.5,0.65,0,0,0,0,0,0,0,0,0
2013,CHN,-17.5,-122.5,0.11,0,0,0,0,0,0,0,0,0
2013,CHN,-12.5,-132.5,0.4,0,0,0,0,0,0,0,0,0
2013,CHN,-7.5,-147.5,4.85,0,0,0,0,0,0,0.28,0,0
2013,CHN,-7.5,-137.5,3.89,0,0,0,0,0,0,0,0,0
2013,CHN,-7.5,-132.5,4.21,0,0,0,0,0,0,0.24,0,0
2013,CHN,-7.5,-127.5,0.02,0,0,0,0,0,0,0,0,0
2013,CHN,-2.5,-147.5,0.29,0,0,0,0,0,0,0,0,0
2013,CHN,-2.5,-142.5,0.08,0,0,0,0,0,0,0.02,0,0
2013,CHN,-2.5,-137.5,1.43,0,0,0,0,0,0,0.01,0,0
2013,CHN,-2.5,-132.5,0.7,0,0,0,0,0,0,0.13,0,0
2013,CHN,7.5,-147.5,26.75,0,0,0,0,0,0,4.12,0,0
2013,CHN,7.5,-142.5,15.01,0,0,0,0,0,0,2.67,0,0
2013,CHN,7.5,-137.5,15.31,0,0,0,0,0,0,2.74,0,0
2013,CHN,7.5,-132.5,16.26,0,0,0,0,0,0,2.82,0,0
2013,CHN,12.5,-137.5,1.87,0,0,0,0,0,0,15.99,0,0
2013,CHN,12.5,-132.5,4.05,0,0,0,0,0,0,33.14,0,0
2013,KOR,-17.5,-127.5,0.04,0,0,0,0,0,0,0,0,0
2013,KOR,-12.5,-147.5,0.6,0,0,0.14,0,0,0.1,0,0,0
2013,KOR,-12.5,-142.5,1.43,0,0,0.04,0,0,0.03,0,0,0
2013,KOR,-12.5,-132.5,4.79,0,0,0.1,0,0,1.91,0,0.75,0.87
2013,KOR,-12.5,-127.5,8.21,0,0.27,0.7,0,0,4.48,0,3.29,0.92
2013,KOR,-12.5,-122.5,0.36,0,0,0.22,0,0,0.95,0,0.16,0.07
2013,KOR,-7.5,-147.5,0.4,0,0,0,0,0,0.38,0,0,0
2013,KOR,-7.5,-142.5,1.12,0,0.04,0,0,0,0.2,0,0,0.11
2013,KOR,-7.5,-137.5,0.02,0,0,0,0,0,0.02,0,0.04,0
2013,KOR,-7.5,-132.5,0.31,0,0.02,0,0,0,0.44,0,1.31,0.03
2013,KOR,-7.5,-127.5,0,0,0,0,0,0,0,0,0.06,0
2013,KOR,-2.5,-147.5,0,0,0,0,0,0,0.49,0,0,0.18
2013,KOR,-2.5,-142.5,0.98,0,0.04,0.02,0,0,0.61,0,1.03,0.41
2013,KOR,-2.5,-137.5,1.56,0,0,0,0,0,2.52,0,4.9,2.62
2013,KOR,-2.5,-132.5,0.05,0,0,0,0,0,0.02,0,0.14,0
2013,KOR,2.5,-147.5,0,0,0,0,0,0,0.03,0,0,0
2013,KOR,7.5,-147.5,0,0,0,0,0,0,0.03,0,0,0
2013,PYF,-22.5,-147.5,0,0,0,0,0,0,0.54,0,0,0
2013,PYF,-17.5,-147.5,0,0,0,0.2,0,0,4.78,0,0,0
2013,PYF,-17.5,-142.5,0,0,0,0,0,0,0.03,0,0,0
2013,PYF,-12.5,-147.5,0,0,0,0.26,0,0,2.81,0,0,0
2013,PYF,-12.5,-142.5,0,0,0,0.05,0,0,1.25,0,0,0
2013,TWN,-32.5,-132.5,0,0,0,0,0,0,1.21,0,0,0
2013,TWN,-32.5,-127.5,0,0,0,0,0,0,4.71,0,0,0
2013,TWN,-32.5,-122.5,0,0,0,0,0,0,0.6,0,0,0
2013,TWN,-32.5,-117.5,0,0,0,0,0,0,2.54,0,0,0
2013,TWN,-27.5,-137.5,0,0,0,0,0,0,7.3,0,0,0
2013,TWN,-27.5,-132.5,0,0,0,0,0,0,3.38,0,0,0
2013,TWN,-17.5,-132.5,0,0,0,0,0,0,6.14,0,0,0
2013,TWN,-12.5,-147.5,0,0,0,0,0,0,3.74,0,0,0
2013,TWN,-12.5,-142.5,0,0,0,0,0,0,5.43,0,0,0
2013,TWN,-12.5,-137.5,0,0,0,0,0,0,4.57,0,0,0
2013,TWN,-12.5,-132.5,0,0,0,0,0,0,51.13,0,0,0
2013,TWN,-7.5,-147.5,0,0,0,0,0,0,17.51,0,0,0
2013,TWN,-7.5,-142.5,0,0,0,0,0,0,5.99,0,0,0
2013,TWN,-7.5,-132.5,0,0,0,0,0,0,2.41,0,0,0
2013,TWN,-2.5,-147.5,0,0,0,0,0,0,2.88,0,0,0
2013,TWN,-2.5,-142.5,0,0,0,0,0,0,0.96,0,0,0
2013,USA,22.5,-147.5,0,0,0,0,0,0,0,0,0,0
2013,USA,22.5,-142.5,0,0,0,0,0,0,0,0,0,0
2013,USA,27.5,-147.5,0,0,0,0,0,0,0,0,0,0
2013,USA,27.5,-142.5,0,0,0,0,0,0,0,0,0,0
2013,USA,32.5,-147.5,0,0,0,0,0,0,0,0,0,0
2013,USA,32.5,-142.5,0,0,0,0,0,0,0,0,0,0
2013,BLZ,-12.5,-77.5,20.71,0,0,0.84,0,0,0,0,0,0
2013,BLZ,-7.5,-112.5,6.21,0,3,0,0,0,0,0,0,0
2013,BLZ,-2.5,-127.5,0.03,0,0,0.18,0,1.41,0,0,0,0
2013,BLZ,-2.5,-107.5,4.04,0,6.08,0,0,0,0,0,0,0
2013,BLZ,2.5,-112.5,0.47,0,0,0,0,0,0,0,0,0
2013,BLZ,2.5,-102.5,9.27,0,20.38,0,0,0,0,0,0,0
2013,BLZ,2.5,-97.5,0.22,0,0,0,0,0,0,0,0,0
2013,BLZ,7.5,-112.5,0.64,0,0,0,0,0,0,0,0,0
2013,CHN,-27.5,-147.5,0.55,0,0,0,0,0,0,0,0,0
2013,CHN,-27.5,-127.5,0.05,0,0,0,0,0,0,0,0,0
2013,CHN,-12.5,-132.5,0,0,0,0,0,0,0,0.05,0,0
2013,CHN,-12.5,-127.5,0.5,0,0,0,0,0,0,0.05,0,0
2013,CHN,-7.5,-147.5,2.56,0,0,0,0,0,0,0.09,0,0
2013,CHN,-7.5,-142.5,0.58,0,0,0,0,0,0,0,0,0
2013,CHN,-7.5,-132.5,0,0,0,0,0,0,0,0.04,0,0
2013,CHN,-7.5,-127.5,0.36,0,0,0,0,0,0,0.03,0,0
2013,CHN,-2.5,-147.5,0.08,0,0,0,0,0,0,0,0,0
2013,CHN,-2.5,-142.5,0.56,0,0,0,0,0,0,0,0,0
2013,CHN,-2.5,-132.5,0.34,0,0,0,0,0,0,0,0,0
2013,CHN,-2.5,-127.5,0.22,0,0,0,0,0,0,0,0,0
2013,CHN,12.5,-147.5,4.99,0,0,0,0,0,0,1.01,0,0
2013,CHN,12.5,-142.5,25.98,0,0,0,0,0,0,10.69,0,0
2013,CHN,12.5,-137.5,5.65,0,0,0,0,0,0,0.92,0,0
2013,CHN,12.5,-132.5,10.39,0,0,0,0,0,0,85.87,0,0
2013,KOR,-17.5,-127.5,0.04,0,0,0.06,0,0,0,0,0,0
2013,KOR,-12.5,-147.5,0.03,0,0,0,0,0,0.16,0,0,0
2013,KOR,-12.5,-137.5,0.16,0,0,0,0,0,0.04,0,0,0.12
2013,KOR,-12.5,-132.5,0.61,0,0,0.15,0,0,0.02,0,0.3,0.06
2013,KOR,-12.5,-127.5,0.96,0,0,0.18,0,0,0.51,0,1.58,0.25
2013,KOR,-12.5,-122.5,1.67,0,0.07,0.31,0,0,0.47,0,4.23,0.32
2013,KOR,-7.5,-147.5,0.78,0,0.04,0,0,0,0.35,0,0.11,0.34
2013,KOR,-7.5,-142.5,0.44,0,0.1,0,0,0,0.08,0,0.09,0.12
2013,KOR,-7.5,-132.5,0.4,0,0,0.05,0,0,0.51,0,2.12,0.26
2013,KOR,-7.5,-127.5,6.44,0,0.26,0.36,0,0,2.18,0,13.73,2.38
2013,KOR,-7.5,-122.5,1.25,0,0.02,0.16,0,0,0.61,0,2.46,0.12
2013,KOR,-2.5,-147.5,0.11,0,0.14,0,0,0,0.01,0,0.06,0.05
2013,KOR,-2.5,-127.5,0.04,0,0,0,0,0,0,0,0.03,0
2013,KOR,2.5,-147.5,0.21,0,0.19,0,0,0,0,0,0.03,0
2013,PYF,-22.5,-147.5,0,0,0,0.05,0,0,0,0,0,0
2013,PYF,-22.5,-142.5,0,0,0,0,0,0,0.05,0,0,0
2013,PYF,-17.5,-147.5,0,0,0,0.86,0,0,4.38,0,0,0
2013,PYF,-17.5,-142.5,0,0,0,0.29,0,0,2.21,0,0,0
2013,PYF,-12.5,-147.5,0,0,0,0.44,0,0,1.68,0,0,0
2013,PYF,-12.5,-142.5,0,0,0,0.24,0,0,3.26,0,0,0
2013,TWN,-32.5,-132.5,0,0,0,0,0,0,1.37,0,0,0
2013,TWN,-32.5,-117.5,0,0,0,0,0,0,9.73,0,0,0
2013,TWN,-27.5,-147.5,0,0,0,0,0,0,0.13,0,0,0
2013,TWN,-27.5,-132.5,0,0,0,0,0,0,0.36,0,0,0
2013,TWN,-27.5,-127.5,0,0,0,0,0,0,0.35,0,0,0
2013,TWN,-27.5,-122.5,0,0,0,0,0,0,3.92,0,0,0
2013,TWN,-27.5,-117.5,0,0,0,0,0,0,3.64,0,0,0
2013,TWN,-17.5,-132.5,0,0,0,0,0,0,0.72,0,0,0
2013,TWN,-12.5,-147.5,0,0,0,0,0,0,4.58,0,0,0
2013,TWN,-12.5,-142.5,0,0,0,0,0,0,4.15,0,0,0
2013,TWN,-12.5,-137.5,0,0,0,0,0,0,2.19,0,0,0
2013,TWN,-12.5,-132.5,0,0,0,0,0,0,24.31,0,0,0
2013,TWN,-7.5,-147.5,0,0,0,0,0,0,11.22,0,0,0
2013,TWN,-7.5,-142.5,0,0,0,0,0,0,2.28,0,0,0
2013,TWN,-7.5,-137.5,0,0,0,0,0,0,0.1,0,0,0
2013,TWN,-7.5,-132.5,0,0,0,0,0,0,6.89,0,0,0
2013,USA,22.5,-147.5,0,0,0,0,0,0,0,0,0,0
2013,USA,22.5,-142.5,0,0,0,0,0,0,0,0,0,0
2013,USA,22.5,-137.5,0,0,0,0,0,0,0,0,0,0
2013,USA,27.5,-147.5,0,0,0,0,0,0,0,0,0,0
2013,USA,27.5,-142.5,0,0,0,0,0,0,0,0,0,0
2013,USA,32.5,-147.5,0,0,0,0,0,0,0,0,0,0
2013,USA,32.5,-142.5,0,0,0,0,0,0,0,0,0,0
2013,BLZ,-17.5,-132.5,0,0,0,0.2,0,0.79,0,0,0,0
2013,BLZ,-12.5,-127.5,0.04,0,0,0.3,0,1.58,0,0,0,0
2013,BLZ,-12.5,-77.5,24.5,0,0,1.91,0,0,0,0,0,0
2013,BLZ,2.5,-112.5,1.37,0,0,0,0,0,0,0,0,0
2013,BLZ,2.5,-107.5,11.68,0,22.69,0,0,0,0,0,0,0
2013,BLZ,2.5,-102.5,4.57,0,0,0,0,0,0,0,0,0
2013,BLZ,2.5,-87.5,0.82,0,0.3,0,0,0,0,0,0,0
2013,BLZ,7.5,-112.5,1.1,0,0,0,0,0,0,0,0,0
2013,CHN,-27.5,-132.5,4.18,0,0,0,0,0,0,0,0,0
2013,CHN,-27.5,-127.5,1.06,0,0,0,0,0,0,0,0,0
2013,CHN,-17.5,-132.5,0.87,0,0,0,0,0,0,0.25,0,0
2013,CHN,-12.5,-132.5,3.56,0,0,0,0,0,0,0.72,0,0
2013,CHN,-7.5,-147.5,1.57,0,0,0,0,0,0,0.04,0,0
2013,CHN,-7.5,-142.5,2.05,0,0,0,0,0,0,0,0,0
2013,CHN,-7.5,-132.5,1.22,0,0,0,0,0,0,0,0,0
2013,CHN,-2.5,-147.5,0.05,0,0,0,0,0,0,8.00E-03,0,0
2013,CHN,12.5,-147.5,0.64,0,0,0,0,0,0,5.35,0,0
2013,CHN,12.5,-142.5,0.66,0,0,0,0,0,0,5.52,0,0
2013,KOR,-17.5,-132.5,0.97,0,0,1.01,0,0,0.18,0,0.2,0.05
2013,KOR,-17.5,-127.5,0.73,0,0,0.15,0,0,0.79,0,0.16,0
2013,KOR,-12.5,-147.5,0.04,0,0,0,0,0,0.61,0,0,0
2013,KOR,-12.5,-142.5,0,0,0,0,0,0,0.02,0,0,0
2013,KOR,-12.5,-132.5,4.65,0,0,3.12,0,0,0.64,0,1.39,1.84
2013,KOR,-12.5,-127.5,1.18,0,0,2.04,0,0,0.45,0,0.86,0.57
2013,KOR,-7.5,-147.5,0.68,0,0,0,0,0,0.41,0,0.06,0.49
2013,KOR,-7.5,-137.5,0.03,0,0,0,0,0,0,0,0,0
2013,KOR,-7.5,-132.5,0.02,0,0,0,0,0,0,0,0.44,0
2013,KOR,-7.5,-127.5,0.81,0,0.1,0.16,0,0,0.61,0,3.39,0.44
2013,KOR,-7.5,-122.5,0.01,0,0,0,0,0,0.04,0,0.14,0
2013,KOR,-2.5,-147.5,0.03,0,0.05,0,0,0,0.1,0,0,0.03
2013,KOR,-2.5,-142.5,0,0,0.12,0,0,0,0,0,0.1,0.09
2013,KOR,-2.5,-127.5,0.3,0,0,0,0,0,0.02,0,0.25,0.34
2013,KOR,2.5,-147.5,0,0,0.11,0,0,0,0,0,0,0
2013,KOR,2.5,-142.5,0,0,0.19,0,0,0,0,0,0.22,0
2013,PYF,-22.5,-147.5,0,0,0,0,0,0,0.5,0,0,0
2013,PYF,-17.5,-147.5,0,0,0,2.46,0,0,8.28,0,0,0
2013,PYF,-17.5,-142.5,0,0,0,0,0,0,1.76,0,0,0
2013,PYF,-17.5,-137.5,0,0,0,0,0,0,0.03,0,0,0
2013,PYF,-12.5,-147.5,0,0,0,0.15,0,0,1.12,0,0,0
2013,PYF,-12.5,-142.5,0,0,0,0,0,0,2.52,0,0,0
2013,TWN,-32.5,-132.5,0,0,0,0,0,0,1.75,0,0,0
2013,TWN,-32.5,-127.5,0,0,0,0,0,0,32.25,0,0,0
2013,TWN,-32.5,-122.5,0,0,0,0,0,0,19.96,0,0,0
2013,TWN,-32.5,-117.5,0,0,0,0,0,0,12.85,0,0,0
2013,TWN,-27.5,-127.5,0,0,0,0,0,0,0.3,0,0,0
2013,TWN,-27.5,-122.5,0,0,0,0,0,0,0.19,0,0,0
2013,TWN,-22.5,-127.5,0,0,0,0,0,0,1.16,0,0,0
2013,TWN,-17.5,-137.5,0,0,0,0,0,0,1.08,0,0,0
2013,TWN,-17.5,-132.5,0,0,0,0,0,0,2.33,0,0,0
2013,TWN,-17.5,-127.5,0,0,0,0,0,0,0.43,0,0,0
2013,TWN,-12.5,-147.5,0,0,0,0,0,0,1.11,0,0,0
2013,TWN,-12.5,-142.5,0,0,0,0,0,0,1.99,0,0,0
2013,TWN,-12.5,-137.5,0,0,0,0,0,0,12.54,0,0,0
2013,TWN,-12.5,-132.5,0,0,0,0,0,0,20.44,0,0,0
2013,TWN,-7.5,-147.5,0,0,0,0,0,0,9.04,0,0,0
2013,TWN,-7.5,-142.5,0,0,0,0,0,0,0.14,0,0,0
2013,TWN,-2.5,-147.5,0,0,0,0,0,0,0.71,0,0,0
2013,USA,17.5,-147.5,0,0,0,0,0,0,0,0,0,0
2013,USA,17.5,-142.5,0,0,0,0,0,0,0,0,0,0
2013,USA,17.5,-137.5,0,0,0,0,0,0,0,0,0,0
2013,USA,22.5,-147.5,0,0,0,0,0,0,0,0,0,0
2013,USA,22.5,-142.5,0,0,0,0,0,0,0,0,0,0
2013,USA,22.5,-137.5,0,0,0,0,0,0,0,0,0,0
2013,USA,27.5,-147.5,0,0,0,0,0,0,0,0,0,0
2013,USA,27.5,-142.5,0,0,0,0,0,0,0,0,0,0
2013,USA,37.5,-137.5,0,0,0,0,0,0,0,0,0,0
2013,USA,37.5,-132.5,0,0,0,0,0,0,0,0,0,0
2013,BLZ,-22.5,-87.5,48.99,0,0,2.66,0,0,0,0,0,0
2013,BLZ,-12.5,-127.5,0,0,0,0.1,0,2.68,0,0,0,0
2013,BLZ,2.5,-107.5,29.9,0,118.99,0,0,0,0,0,0,0
2013,BLZ,2.5,-102.5,1.01,0,0,0,0,0,0,0,0,0
2013,BLZ,7.5,-112.5,0.79,0,0.46,0,0,0,0,0,0,0
2013,BLZ,7.5,-107.5,0.46,0,0,0,0,0,0,0,0,0
2013,BLZ,7.5,-82.5,0.45,0,2.35,0,0,0,0,0,0,0
2013,CHN,-17.5,-127.5,0.04,0,0,0,0,0,0,0.09,0,0
2013,CHN,-17.5,-122.5,0.38,0,0,0,0,0,0,0.06,0,0
2013,CHN,-17.5,-112.5,0.34,0,0,0,0,0,0,0,0,0
2013,CHN,-17.5,-107.5,0.1,0,0,0,0,0,0,0,0,0
2013,CHN,-12.5,-132.5,2.44,0,0,0,0,0,0,0.2,0,0
2013,CHN,-12.5,-127.5,0.29,0,0,0,0,0,0,0,0,0
2013,CHN,-7.5,-147.5,1.75,0,0,0,0,0,0,0,0,0
2013,CHN,-7.5,-142.5,1.6,0,0,0,0,0,0,0,0,0
2013,CHN,-7.5,-132.5,0.94,0,0,0,0,0,0,0,0,0
2013,CHN,-7.5,-127.5,0.54,0,0,0,0,0,0,0,0,0
2013,CHN,-2.5,-147.5,0.46,0,0,0,0,0,0,0.03,0,0
2013,CHN,7.5,-132.5,1.71,0,0,0,0,0,0,1.45,0,0
2013,KOR,-17.5,-127.5,0.03,0,0,0,0,0,0.02,0,0,0
2013,KOR,-12.5,-142.5,0,0,0,0,0,0,0.14,0,0,0
2013,KOR,-12.5,-137.5,0.75,0,0,0.06,0,0,0.61,0,0,0.06
2013,KOR,-12.5,-132.5,1.26,0,0,0.1,0,0,0.21,0,0.09,0.54
2013,KOR,-12.5,-127.5,4.71,0,0,1.89,0,0,2.26,0,0.41,1.28
2013,KOR,-12.5,-122.5,6.15,0,0.07,1.7,0,0,2.45,0,1.7,3.45
2013,KOR,-12.5,-117.5,0.7,0,0,0.05,0,0,0.49,0,0.2,0.11
2013,KOR,-7.5,-147.5,0,0,0,0,0,0,0.46,0,0,0
2013,KOR,-7.5,-142.5,0,0,0,0,0,0,0.22,0,0,0
2013,KOR,-7.5,-132.5,0,0,0,0,0,0,0,0,0,0.07
2013,KOR,-7.5,-122.5,0.04,0,0,0,0,0,0.07,0,0,0.02
2013,KOR,-2.5,-147.5,0.18,0,0.04,0,0,0,1.2,0,0.09,0.34
2013,KOR,-2.5,-142.5,0.19,0,0,0,0,0,0.05,0,0.04,0.04
2013,KOR,12.5,-127.5,0,0,0,0,0,0,0.06,0,0,0
2013,KOR,12.5,-122.5,0.04,0,0,0,0,0,0,0,0,0
2013,PYF,-22.5,-147.5,0,0,0,0.05,0,0,1.41,0,0,0
2013,PYF,-17.5,-147.5,0,0,0,0.15,0,0,5.08,0,0,0
2013,PYF,-17.5,-142.5,0,0,0,0.16,0,0,2.72,0,0,0
2013,PYF,-12.5,-147.5,0,0,0,0.19,0,0,3.82,0,0,0
2013,PYF,-12.5,-142.5,0,0,0,0.25,0,0,9.19,0,0,0
2013,TWN,-22.5,-122.5,0,0,0,0,0,0,0.4,0,0,0
2013,TWN,-17.5,-132.5,0,0,0,0,0,0,4.75,0,0,0
2013,TWN,-17.5,-127.5,0,0,0,0,0,0,0.84,0,0,0
2013,TWN,-17.5,-122.5,0,0,0,0,0,0,0.68,0,0,0
2013,TWN,-12.5,-147.5,0,0,0,0,0,0,5.66,0,0,0
2013,TWN,-12.5,-142.5,0,0,0,0,0,0,2.21,0,0,0
2013,TWN,-12.5,-137.5,0,0,0,0,0,0,11.49,0,0,0
2013,TWN,-12.5,-132.5,0,0,0,0,0,0,13.52,0,0,0
2013,TWN,-7.5,-147.5,0,0,0,0,0,0,4.34,0,0,0
2013,TWN,-2.5,-147.5,0,0,0,0,0,0,4.23,0,0,0
2013,TWN,32.5,-147.5,0,0,0,0,0,0,4.27,0,0,0
2013,TWN,32.5,-142.5,0,0,0,0,0,0,7.87,0,0,0
2013,TWN,37.5,-147.5,0,0,0,0,0,0,21.7,0,0,0
2013,TWN,37.5,-142.5,0,0,0,0,0,0,7.69,0,0,0
2013,USA,22.5,-147.5,0,0,0,0,0,0,0,0,0,0
2013,USA,22.5,-142.5,0,0,0,0,0,0,0,0,0,0
2013,USA,22.5,-137.5,0,0,0,0,0,0,0,0,0,0
2013,USA,37.5,-137.5,0,0,0,0,0,0,0,0,0,0
2013,USA,37.5,-132.5,0,0,0,0,0,0,0,0,0,0
2013,USA,37.5,-127.5,0,0,0,0,0,0,0,0,0,0
2013,BLZ,-17.5,-92.5,27.81,0,0,5.25,0,0,0,0,0,0
2013,BLZ,-12.5,-132.5,0.04,0,0,0,0,4.4,0,0,0,0
2013,BLZ,2.5,-97.5,6.56,0,9.81,0,0,0,0,0,0,0
2013,BLZ,7.5,-102.5,1.83,0,0,0,0,0,0,0,0,0
2013,BLZ,7.5,-97.5,1.01,0,0,0,0,0,0,0,0,0
2013,BLZ,12.5,-107.5,2.26,0,35.87,0,0,0,0,0,0,0
2013,BLZ,12.5,-102.5,1.5,0,0.64,0,0,0,0,0,0,0
2013,BLZ,12.5,-87.5,0.46,0,0.98,0,0,0,0,0,0,0
2013,CHN,-17.5,-127.5,0.38,0,0,0,0,0,0,0,0,0
2013,CHN,-17.5,-122.5,1.76,0,0,0,0,0,0,0.01,0,0
2013,CHN,-17.5,-117.5,0,0,0,0,0,0,0,0.04,0,0
2013,CHN,-17.5,-112.5,2.31,0,0,0,0,0,0,0,0,0
2013,CHN,-17.5,-107.5,0.36,0,0,0,0,0,0,0,0,0
2013,CHN,-12.5,-132.5,0.08,0,0,0,0,0,0,0,0,0
2013,CHN,-7.5,-147.5,2.05,0,0,0,0,0,0,0,0,0
2013,CHN,-7.5,-132.5,7.3,0,0,0,0,0,0,0,0,0
2013,CHN,-2.5,-147.5,0.42,0,0,0,0,0,0,0,0,0
2013,CHN,-2.5,-132.5,0.48,0,0,0,0,0,0,0,0,0
2013,CHN,-2.5,-127.5,0.43,0,0,0,0,0,0,0,0,0
2013,CHN,7.5,-137.5,0.72,0,0,0,0,0,0,2.51,0,0
2013,KOR,-17.5,-127.5,0.62,0,0,0.03,0,0,0,0,0.03,0.03
2013,KOR,-17.5,-122.5,0,0,0,0,0,0,0,0,0.05,0
2013,KOR,-12.5,-137.5,0.34,0,0.02,0.03,0,0,0.01,0,0,0
2013,KOR,-12.5,-132.5,2.74,0,0,0,0,0,3.75,0,0.07,1.09
2013,KOR,-12.5,-127.5,6.84,0,0.03,0.15,0,0,5.7,0,0.31,1.53
2013,KOR,-12.5,-122.5,8.36,0,0,0.25,0,0,0.54,0,1.85,3.78
2013,KOR,-12.5,-117.5,0.25,0,0,0,0,0,0,0,0,0.04
2013,KOR,-7.5,-132.5,0,0,0,0.03,0,0,0,0,0,0.04
2013,KOR,-7.5,-127.5,3,0,0,0.06,0,0,0.16,0,0.28,0.3
2013,KOR,-7.5,-122.5,0,0,0,0.04,0,0,0,0,0,0
2013,KOR,-2.5,-147.5,0.01,0,0,0,0,0,0.11,0,0,0
2013,PYF,-22.5,-147.5,0,0,0,0.73,0,0,7.3,0,0,0
2013,PYF,-22.5,-142.5,0,0,0,1.07,0,0,3.75,0,0,0
2013,PYF,-17.5,-147.5,0,0,0,1.24,0,0,15.26,0,0,0
2013,PYF,-17.5,-142.5,0,0,0,0,0,0,2.65,0,0,0
2013,PYF,-12.5,-147.5,0,0,0,0.05,0,0,0.9,0,0,0
2013,PYF,-12.5,-142.5,0,0,0,0.14,0,0,3.09,0,0,0
2013,TWN,-17.5,-127.5,0,0,0,0,0,0,0.13,0,0,0
2013,TWN,-17.5,-122.5,0,0,0,0,0,0,1.79,0,0,0
2013,TWN,-17.5,-117.5,0,0,0,0,0,0,1.14,0,0,0
2013,TWN,-12.5,-147.5,0,0,0,0,0,0,3.9,0,0,0
2013,TWN,-12.5,-142.5,0,0,0,0,0,0,2.35,0,0,0
2013,TWN,-12.5,-137.5,0,0,0,0,0,0,9.94,0,0,0
2013,TWN,-12.5,-132.5,0,0,0,0,0,0,16.27,0,0,0
2013,TWN,-7.5,-147.5,0,0,0,0,0,0,1.04,0,0,0
2013,TWN,-7.5,-137.5,0,0,0,0,0,0,0.3,0,0,0
2013,TWN,-7.5,-132.5,0,0,0,0,0,0,7.54,0,0,0
2013,TWN,-2.5,-147.5,0,0,0,0,0,0,2.73,0,0,0
2013,TWN,-2.5,-142.5,0,0,0,0,0,0,0.44,0,0,0
2013,TWN,32.5,-147.5,0,0,0,0,0,0,41.83,0,0,0
2013,TWN,32.5,-142.5,0,0,0,0,0,0,3.66,0,0,0
2013,TWN,37.5,-147.5,0,0,0,0,0,0,13.83,0,0,0
2013,TWN,37.5,-142.5,0,0,0,0,0,0,5.11,0,0,0
2013,USA,22.5,-147.5,0,0,0,0,0,0,0,0,0,0
2013,USA,32.5,-137.5,0,0,0,0,0,0,0,0,0,0
2013,USA,37.5,-142.5,0,0,0,0,0,0,0,0,0,0
2013,USA,37.5,-137.5,0,0,0,0,0,0,0,0,0,0
2014,BLZ,12.5,-107.5,12.83,0,180.97,0,0,0,0,0,0,0
2014,CHN,-17.5,-137.5,0.07,0,0,0,0,0,0,0.03,0,0
2014,CHN,-17.5,-132.5,0.52,0,0,0,0,0,0,0,0,0
2014,CHN,-17.5,-112.5,6.94,0,0,0,0,0,0,0.02,0,0
2014,CHN,-17.5,-107.5,1.88,0,0,0,0,0,0,0,0,0
2014,CHN,-17.5,-102.5,0.56,0,0,0,0,0,0,0,0,0
2014,CHN,-12.5,-147.5,0.32,0,0,0,0,0,0,0,0,0
2014,CHN,-12.5,-107.5,0.44,0,0,0,0,0,0,0,0,0
2014,CHN,-7.5,-147.5,0.24,0,0,0,0,0,0,0.11,0,0
2014,CHN,-7.5,-137.5,0.04,0,0,0,0,0,0,0.08,0,0
2014,CHN,-7.5,-132.5,1.72,0,0,0,0,0,0,0,0,0
2014,CHN,-2.5,-147.5,3.6,0,0,0,0,0,0,0.17,0,0
2014,CHN,-2.5,-137.5,0,0,0,0,0,0,0,0.08,0,0
2014,CHN,2.5,-137.5,0,0,0,0,0,0,0,0.04,0,0
2014,CHN,7.5,-137.5,7.58,0,0,0,0,0,0,64.41,0,0
2014,JPN,-17.5,-127.5,0,0,0,0,0,0,0,0,0,0
2014,JPN,-17.5,-122.5,0,0,0,0,0,0,0,0,0,0
2014,JPN,-17.5,-117.5,0,0,0,0,0,0,0,0,0,0
2014,JPN,-17.5,-107.5,0,0,0,0,0,0,0,0,0,0
2014,JPN,-12.5,-132.5,0,0,0,0,0,0,0,0,0,0
2014,JPN,-12.5,-127.5,0,0,0,0,0,0,0,0,0,0
2014,JPN,-12.5,-122.5,0,0,0,0,0,0,0,0,0,0
2014,JPN,-12.5,-117.5,0,0,0,0,0,0,0,0,0,0
2014,JPN,-12.5,-112.5,0,0,0,0,0,0,0,0,0,0
2014,JPN,-12.5,-107.5,0,0,0,0,0,0,0,0,0,0
2014,JPN,-12.5,-92.5,0,0,0,0,0,0,0,0,0,0
2014,JPN,-7.5,-132.5,0,0,0,0,0,0,0,0,0,0
2014,JPN,-7.5,-127.5,0,0,0,0,0,0,0,0,0,0
2014,JPN,-7.5,-122.5,0,0,0,0,0,0,0,0,0,0
2014,JPN,-7.5,-117.5,0,0,0,0,0,0,0,0,0,0
2014,JPN,-7.5,-112.5,0,0,0,0,0,0,0,0,0,0
2014,JPN,-7.5,-107.5,0,0,0,0,0,0,0,0,0,0
2014,JPN,-2.5,-142.5,0,0,0,0,0,0,0,0,0,0
2014,KOR,-17.5,-132.5,0.22,0,0,0,0,0,0,0,0,0
2014,KOR,-17.5,-127.5,0.6,0,0,0,0,0,0,0,0.18,0
2014,KOR,-17.5,-122.5,0.27,0,0,0,0,0,0.02,0,0.07,0
2014,KOR,-17.5,-117.5,0.19,0,0,0,0,0,0.03,0,0.07,0.08
2014,KOR,-12.5,-137.5,0.34,0,0,0,0,0,0,0,0,0
2014,KOR,-12.5,-132.5,4.1,0,0,0,0,0,0.59,0,0.29,0.62
2014,KOR,-12.5,-127.5,8.77,0,0.03,0.14,0,0,2.41,0,0.79,1.87
2014,KOR,-12.5,-122.5,19.37,0,0,0.12,0,0,1.4,0,3.09,5.45
2014,KOR,-12.5,-117.5,1.08,0,0,0.03,0,0,0.08,0,0.26,0.32
2014,KOR,-7.5,-142.5,0.4,0,0.01,0.03,0,0,0,0,0,0.15
2014,KOR,-7.5,-137.5,0.55,0,0.03,0,0,0,0.04,0,0.31,0.12
2014,KOR,-7.5,-132.5,0.44,0,0,0,0,0,0.24,0,0.27,0.28
2014,KOR,-7.5,-127.5,1.57,0,0.05,0.03,0,0,0.38,0,0.9,0.51
2014,KOR,-7.5,-122.5,0.26,0,0,0,0,0,0.02,0,0.43,0
2014,KOR,-7.5,-117.5,0.27,0,0,0,0,0,0,0,0.2,0.03
2014,KOR,-2.5,-147.5,0.01,0,0,0,0,0,0.04,0,0.06,0.02
2014,KOR,-2.5,-142.5,0.02,0,0,0,0,0,0,0,0,0.02
2014,KOR,-2.5,-137.5,0,0,0,0,0,0,0.02,0,0.02,0
2014,KOR,-2.5,-132.5,0.34,0,0,0,0,0,0.07,0,0.02,0.73
2014,KOR,-2.5,-127.5,0.03,0,0,0,0,0,0,0,0,0.56
2014,KOR,2.5,-147.5,0.03,0,0,0,0,0,0,0,0,0
2014,KOR,2.5,-132.5,0,0,0,0,0,0,0.02,0,0.08,0
2014,KOR,7.5,-147.5,0.08,0,0,0,0,0,0,0,0,0.04
2014,KOR,12.5,-122.5,0.04,0,0,0,0,0,0,0,0,0
2014,PYF,-22.5,-147.5,0,0,0,0.05,0,0,1.33,0,0,0
2014,PYF,-22.5,-142.5,0,0,0,0,0,0,1.1,0,0,0
2014,PYF,-17.5,-147.5,0,0,0,0,0,0,18.98,0,0,0
2014,PYF,-17.5,-142.5,0,0,0,0,0,0,5.89,0,0,0
2014,PYF,-12.5,-147.5,0,0,0,0,0,0,1.6,0,0,0
2014,PYF,-12.5,-142.5,0,0,0,0,0,0,1.76,0,0,0
2014,PYF,-12.5,-137.5,0,0,0,0,0,0,0.35,0,0,0
2014,TWN,-17.5,-127.5,0,0,0,0,0,0,1.04,0,0,0
2014,TWN,-17.5,-122.5,0,0,0,0,0,0,1.88,0,0,0
2014,TWN,-12.5,-147.5,0,0,0,0,0,0,6.34,0,0,0
2014,TWN,-12.5,-142.5,0,0,0,0,0,0,8.6,0,0,0
2014,TWN,-12.5,-137.5,0,0,0,0,0,0,2.02,0,0,0
2014,TWN,-12.5,-132.5,0,0,0,0,0,0,10.9,0,0,0
2014,TWN,-7.5,-147.5,0,0,0,0,0,0,12.38,0,0,0
2014,TWN,-7.5,-142.5,0,0,0,0,0,0,16.02,0,0,0
2014,TWN,-7.5,-137.5,0,0,0,0,0,0,4.19,0,0,0
2014,TWN,-7.5,-132.5,0,0,0,0,0,0,5.76,0,0,0
2014,TWN,-2.5,-147.5,0,0,0,0,0,0,1.02,0,0,0
2014,TWN,-2.5,-142.5,0,0,0,0,0,0,3.04,0,0,0
2014,TWN,-2.5,-137.5,0,0,0,0,0,0,1.21,0,0,0
2014,TWN,2.5,-147.5,0,0,0,0,0,0,0.19,0,0,0
2014,TWN,32.5,-147.5,0,0,0,0,0,0,17.25,0,0,0
2014,TWN,37.5,-147.5,0,0,0,0,0,0,0.28,0,0,0
2014,USA,22.5,-147.5,0,0,0,0,0,0,0,0,0,0
2014,USA,32.5,-142.5,0,0,0,0,0,0,0,0,0,0
2014,USA,32.5,-137.5,0,0,0,0,0,0,0,0,0,0
2014,USA,37.5,-147.5,0,0,0,0,0,0,0,0,0,0
2014,USA,37.5,-142.5,0,0,0,0,0,0,0,0,0,0
2014,USA,37.5,-137.5,0,0,0,0,0,0,0,0,0,0
2014,BLZ,2.5,-112.5,0,0,2.22,0,0,0,0,0,0,0
2014,BLZ,7.5,-112.5,0.19,0,0,0,0,0,0,0,0,0
2014,BLZ,7.5,-107.5,7.45,0,3.04,0,0,0,0,0,0,0
2014,CHN,-17.5,-137.5,0.05,0,0,0,0,0,0,0,0,0
2014,CHN,-17.5,-132.5,0.88,0,0,0,0,0,0,0,0,0
2014,CHN,-17.5,-117.5,0.64,0,0,0,0,0,0,0,0,0
2014,CHN,-17.5,-112.5,2.82,0,0,0,0,0,0,0,0,0
2014,CHN,-17.5,-107.5,0.91,0,0,0,0,0,0,0,0,0
2014,CHN,-12.5,-137.5,0.12,0,0,0,0,0,0,0,0,0
2014,CHN,-7.5,-142.5,0.05,0,0,0,0,0,0,0,0,0
2014,CHN,-7.5,-137.5,2.32,0,0,0,0,0,0,0.45,0,0
2014,CHN,-7.5,-132.5,0.57,0,0,0,0,0,0,0.06,0,0
2014,CHN,-2.5,-147.5,0.31,0,0,0,0,0,0,0.15,0,0
2014,CHN,-2.5,-137.5,2.85,0,0,0,0,0,0,0.16,0,0
2014,CHN,-2.5,-132.5,2.52,0,0,0,0,0,0,0,0,0
2014,CHN,7.5,-122.5,2.3,0,0,0,0,0,0,0,0,0
2014,JPN,-17.5,-117.5,0,0,0,0,0,0,0,0,0,0
2014,JPN,-17.5,-107.5,0,0,0,0,0,0,0,0,0,0
2014,JPN,-12.5,-132.5,0,0,0,0,0,0,0,0,0,0
2014,JPN,-12.5,-127.5,0,0,0,0,0,0,0,0,0,0
2014,JPN,-12.5,-122.5,0,0,0,0,0,0,0,0,0,0
2014,JPN,-12.5,-117.5,0,0,0,0,0,0,0,0,0,0
2014,JPN,-12.5,-112.5,0,0,0,0,0,0,0,0,0,0
2014,JPN,-12.5,-107.5,0,0,0,0,0,0,0,0,0,0
2014,JPN,-12.5,-102.5,0,0,0,0,0,0,0,0,0,0
2014,JPN,-7.5,-132.5,0,0,0,0,0,0,0,0,0,0
2014,JPN,-7.5,-127.5,0,0,0,0,0,0,0,0,0,0
2014,JPN,-7.5,-122.5,0,0,0,0,0,0,0,0,0,0
2014,JPN,-7.5,-117.5,0,0,0,0,0,0,0,0,0,0
2014,JPN,-7.5,-112.5,0,0,0,0,0,0,0,0,0,0
2014,JPN,-7.5,-107.5,0,0,0,0,0,0,0,0,0,0
2014,JPN,-7.5,-102.5,0,0,0,0,0,0,0,0,0,0
2014,JPN,2.5,-137.5,0,0,0,0,0,0,0,0,0,0
2014,JPN,7.5,-142.5,0,0,0,0,0,0,0,0,0,0
2014,JPN,7.5,-132.5,0,0,0,0,0,0,0,0,0,0
2014,KOR,-17.5,-122.5,0.11,0,0,0,0,0,0,0,0,0
2014,KOR,-12.5,-147.5,0.02,0,0,0,0,0,0,0,0,0.04
2014,KOR,-12.5,-142.5,0.17,0,0,0,0,0,0.47,0,0,0
2014,KOR,-12.5,-132.5,0.02,0,0,0,0,0,0.8,0,0,0
2014,KOR,-12.5,-127.5,0.13,0,0,0,0,0,0.84,0,0,0
2014,KOR,-12.5,-122.5,3.62,0,0,0,0,0,0.55,0,0.9,2.33
2014,KOR,-12.5,-117.5,0.21,0,0,0,0,0,0,0,0,0.03
2014,KOR,-7.5,-147.5,0.06,0,0.02,0,0,0,0.12,0,0.26,0.67
2014,KOR,-7.5,-142.5,0.42,0,0.01,0,0,0,0,0,0.09,0.01
2014,KOR,-7.5,-137.5,0.08,0,0,0,0,0,0.3,0,0,0.07
2014,KOR,-7.5,-132.5,1.01,0,0,0.04,0,0,0.16,0,0.64,0.15
2014,KOR,-7.5,-127.5,1.48,0,0,0.21,0,0,0.51,0,3.91,0.51
2014,KOR,-7.5,-122.5,1.55,0,0.08,0.22,0,0,0.74,0,2.3,1.24
2014,KOR,-7.5,-117.5,0.23,0,0,0.07,0,0,0,0,0.35,0
2014,KOR,-2.5,-147.5,0,0,0,0.01,0,0,0.57,0,0.36,0.59
2014,KOR,-2.5,-142.5,0.01,0,0,0,0,0,1.68,0,0.27,1.6
2014,KOR,-2.5,-137.5,0.01,0,0,0.13,0,0,1.9,0,0.75,4.3
2014,KOR,-2.5,-132.5,0.08,0,0,0.01,0,0,0.22,0,0.13,2.13
2014,KOR,-2.5,-127.5,0.13,0,0,0,0,0,0.08,0,0.2,0.19
2014,KOR,2.5,-147.5,0.13,0,0.25,0.13,0,0,0.79,0,0.06,0.09
2014,KOR,2.5,-142.5,0.26,0,0.2,0.01,0,0,1.98,0,0.35,0.67
2014,KOR,2.5,-137.5,1.52,0,0.55,0.13,0,0,1.64,0,0.96,10.82
2014,KOR,2.5,-132.5,0.2,0,0.54,0.06,0,0,0.47,0,0.72,0.73
2014,KOR,2.5,-127.5,0.03,0,0,0,0,0,0.11,0,0.04,0
2014,KOR,7.5,-147.5,0.1,0,0.26,0.02,0,0,0.14,0,0,0.09
2014,KOR,7.5,-142.5,0.02,0,0.12,0,0,0,0.06,0,0.05,0.92
2014,KOR,7.5,-132.5,0.32,0,0.01,0,0,0,0.21,0,0.09,0.63
2014,PYF,-22.5,-147.5,0,0,0,0,0,0,2.43,0,0,0
2014,PYF,-22.5,-142.5,0,0,0,0,0,0,1.67,0,0,0
2014,PYF,-17.5,-147.5,0,0,0,0.18,0,0,32.03,0,0,0
2014,PYF,-17.5,-142.5,0,0,0,0,0,0,12.14,0,0,0
2014,PYF,-17.5,-137.5,0,0,0,0,0,0,2.22,0,0,0
2014,PYF,-12.5,-147.5,0,0,0,0.01,0,0,2.84,0,0,0
2014,PYF,-12.5,-142.5,0,0,0,0,0,0,1.06,0,0,0
2014,TWN,-17.5,-127.5,0,0,0,0,0,0,2.44,0,0,0
2014,TWN,-17.5,-122.5,0,0,0,0,0,0,1.13,0,0,0
2014,TWN,-12.5,-147.5,0,0,0,0,0,0,1.47,0,0,0
2014,TWN,-12.5,-142.5,0,0,0,0,0,0,0.17,0,0,0
2014,TWN,-7.5,-147.5,0,0,0,0,0,0,12.46,0,0,0
2014,TWN,-7.5,-142.5,0,0,0,0,0,0,6.02,0,0,0
2014,TWN,-7.5,-137.5,0,0,0,0,0,0,2.2,0,0,0
2014,TWN,-2.5,-147.5,0,0,0,0,0,0,6.57,0,0,0
2014,TWN,-2.5,-142.5,0,0,0,0,0,0,2.34,0,0,0
2014,TWN,-2.5,-137.5,0,0,0,0,0,0,0.44,0,0,0
2014,TWN,2.5,-147.5,0,0,0,0,0,0,1.1,0,0,0
2014,TWN,32.5,-147.5,0,0,0,0,0,0,1.98,0,0,0
2014,USA,22.5,-147.5,0,0,0,0,0,0,0,0,0,0
2014,USA,32.5,-142.5,0,0,0,0,0,0,0,0,0,0
2014,USA,32.5,-137.5,0,0,0,0,0,0,0,0,0,0
2014,BLZ,2.5,-117.5,36.11,0,30.14,0,0,0,0,0,0,0
2014,BLZ,2.5,-112.5,0,0,1.46,0,0,0,0,0,0,0
2014,BLZ,2.5,-107.5,15.62,0,2.69,0,0,0,0,0.3,0,0
2014,CHN,-2.5,-147.5,2.54,0,0,0,0,0,0,0.03,0,0
2014,CHN,2.5,-147.5,0,0,0,0,0,0,0,0.05,0,0
2014,CHN,12.5,-127.5,4.6,0,0,0,0,0,0,0,0,0
2014,JPN,-32.5,-87.5,0,0,0,0,0,0,0,0,0,0
2014,JPN,-32.5,-82.5,0,0,0,0,0,0,0,0,0,0
2014,JPN,-17.5,-117.5,0,0,0,0,0,0,0,0,0,0
2014,JPN,-12.5,-132.5,0,0,0,0,0,0,0,0,0,0
2014,JPN,-12.5,-117.5,0,0,0,0,0,0,0,0,0,0
2014,JPN,-12.5,-112.5,0,0,0,0,0,0,0,0,0,0
2014,JPN,-12.5,-107.5,0,0,0,0,0,0,0,0,0,0
2014,JPN,-12.5,-102.5,0,0,0,0,0,0,0,0,0,0
2014,JPN,-12.5,-97.5,0,0,0,0,0,0,0,0,0,0
2014,JPN,-7.5,-132.5,0,0,0,0,0,0,0,0,0,0
2014,JPN,-7.5,-117.5,0,0,0,0,0,0,0,0,0,0
2014,JPN,-7.5,-112.5,0,0,0,0,0,0,0,0,0,0
2014,JPN,-7.5,-107.5,0,0,0,0,0,0,0,0,0,0
2014,JPN,-7.5,-102.5,0,0,0,0,0,0,0,0,0,0
2014,JPN,-2.5,-97.5,0,0,0,0,0,0,0,0,0,0
2014,JPN,2.5,-147.5,0,0,0,0,0,0,0,0,0,0
2014,JPN,2.5,-142.5,0,0,0,0,0,0,0,0,0,0
2014,JPN,2.5,-137.5,0,0,0,0,0,0,0,0,0,0
2014,KOR,-12.5,-122.5,0.03,0,0,0,0,0,0,0,0,0
2014,KOR,-7.5,-127.5,0.08,0,0,0,0,0,0.11,0,0.2,0.07
2014,KOR,-2.5,-147.5,0,0,0,0,0,0,0.24,0,0,0
2014,KOR,-2.5,-137.5,0,0,0,0,0,0,0.01,0,0,0.08
2014,KOR,-2.5,-132.5,0,0,0,0,0,0,0.06,0,0.1,0
2014,KOR,-2.5,-127.5,0.12,0,0,0.05,0,0,0.01,0,0.09,0
2014,KOR,2.5,-147.5,1.38,0,0.29,0.02,0,0,4.58,0,0.19,2.01
2014,KOR,2.5,-142.5,0.26,0,0.41,0.08,0,0,1.44,0,0.46,0.71
2014,KOR,2.5,-137.5,1.07,0,0.32,0.25,0,0,3.08,0,1.7,3.56
2014,KOR,2.5,-132.5,0.46,0,0.2,0.06,0,0,1.33,0,0.74,3.32
2014,KOR,2.5,-127.5,0.23,0,0,0.03,0,0,0.12,0,0.1,0.46
2014,KOR,7.5,-147.5,0.48,0,0,0,0,0,0.54,0,0.03,0.25
2014,KOR,7.5,-142.5,0.04,0,0,0,0,0,0,0,0.06,0.14
2014,KOR,7.5,-137.5,0,0,0,0,0,0,0.09,0,0.05,0.18
2014,KOR,7.5,-132.5,0.04,0,0,0,0,0,0.03,0,0,0.04
2014,PYF,-22.5,-142.5,0,0,0,0,0,0,1.95,0,0,0
2014,PYF,-17.5,-147.5,0,0,0,0.13,0,0,19.14,0,0,0
2014,PYF,-17.5,-142.5,0,0,0,0,0,0,16.1,0,0,0
2014,PYF,-17.5,-137.5,0,0,0,0,0,0,0.55,0,0,0
2014,PYF,-12.5,-147.5,0,0,0,0.05,0,0,7.85,0,0,0
2014,PYF,-12.5,-142.5,0,0,0,0,0,0,6.39,0,0,0
2014,TWN,-17.5,-132.5,0,0,0,0,0,0,0.26,0,0,0
2014,TWN,-17.5,-127.5,0,0,0,0,0,0,2.71,0,0,0
2014,TWN,-12.5,-132.5,0,0,0,0,0,0,2.31,0,0,0
2014,TWN,-7.5,-147.5,0,0,0,0,0,0,2.9,0,0,0
2014,TWN,-2.5,-147.5,0,0,0,0,0,0,2.88,0,0,0
2014,TWN,-2.5,-142.5,0,0,0,0,0,0,0.39,0,0,0
2014,TWN,2.5,-147.5,0,0,0,0,0,0,3.74,0,0,0
2014,TWN,7.5,-147.5,0,0,0,0,0,0,0.47,0,0,0
2014,USA,17.5,-147.5,0,0,0,0,0,0,0,0,0,0
2014,USA,22.5,-147.5,0,0,0,0,0,0,0,0,0,0
2014,USA,22.5,-142.5,0,0,0,0,0,0,0,0,0,0
2014,USA,22.5,-137.5,0,0,0,0,0,0,0,0,0,0
2014,USA,27.5,-147.5,0,0,0,0,0,0,0,0,0,0
2014,USA,27.5,-142.5,0,0,0,0,0,0,0,0,0,0
2014,USA,32.5,-147.5,0,0,0,0,0,0,0,0,0,0
2014,USA,32.5,-142.5,0,0,0,0,0,0,0,0,0,0
2014,USA,32.5,-137.5,0,0,0,0,0,0,0,0,0,0
2014,BLZ,2.5,-112.5,13.98,0,23.34,0,0,0,0,0,0,0
2014,BLZ,2.5,-107.5,5.27,0,7.06,0,0,0,0,0.79,0,0
2014,CHN,-2.5,-142.5,0,0,0,0,0,0,0,0.16,0,0
2014,CHN,2.5,-132.5,3.19,0,0,0,0,0,0,27.09,0,0
2014,CHN,12.5,-132.5,3.86,0,0,0,0,0,0,0,0,0
2014,CHN,32.5,-122.5,0.45,0,0,0,0,0,0,0,0,0
2014,JPN,-32.5,-87.5,0,0,0,0,0,0,0,0,0,0
2014,JPN,-32.5,-82.5,0,0,0,0,0,0,0,0,0,0
2014,JPN,-27.5,-82.5,0,0,0,0,0,0,0,0,0,0
2014,JPN,-27.5,-77.5,0,0,0,0,0,0,0,0,0,0
2014,JPN,-12.5,-117.5,0,0,0,0,0,0,0,0,0,0
2014,JPN,-12.5,-112.5,0,0,0,0,0,0,0,0,0,0
2014,JPN,-12.5,-107.5,0,0,0,0,0,0,0,0,0,0
2014,JPN,-12.5,-102.5,0,0,0,0,0,0,0,0,0,0
2014,JPN,-12.5,-97.5,0,0,0,0,0,0,0,0,0,0
2014,JPN,-12.5,-92.5,0,0,0,0,0,0,0,0,0,0
2014,JPN,-7.5,-122.5,0,0,0,0,0,0,0,0,0,0
2014,JPN,-7.5,-117.5,0,0,0,0,0,0,0,0,0,0
2014,JPN,-7.5,-112.5,0,0,0,0,0,0,0,0,0,0
2014,JPN,-7.5,-107.5,0,0,0,0,0,0,0,0,0,0
2014,JPN,-7.5,-102.5,0,0,0,0,0,0,0,0,0,0
2014,JPN,-7.5,-97.5,0,0,0,0,0,0,0,0,0,0
2014,JPN,-7.5,-92.5,0,0,0,0,0,0,0,0,0,0
2014,JPN,-2.5,-97.5,0,0,0,0,0,0,0,0,0,0
2014,JPN,2.5,-147.5,0,0,0,0,0,0,0,0,0,0
2014,JPN,2.5,-142.5,0,0,0,0,0,0,0,0,0,0
2014,JPN,2.5,-137.5,0,0,0,0,0,0,0,0,0,0
2014,JPN,2.5,-132.5,0,0,0,0,0,0,0,0,0,0
2014,JPN,7.5,-147.5,0,0,0,0,0,0,0,0,0,0
2014,KOR,-7.5,-147.5,0,0,0,0,0,0,0.04,0,0,0
2014,KOR,-2.5,-147.5,0,0,0.02,0,0,0,0.81,0,0,0.03
2014,KOR,2.5,-147.5,1.14,0,0.15,0.09,0,0,2.82,0,0.25,1.92
2014,KOR,2.5,-142.5,0.28,0,0.1,0.04,0,0,1.27,0,0.07,0.94
2014,KOR,2.5,-137.5,0.35,0,0.15,0.2,0,0,2.72,0,0.6,9.35
2014,KOR,7.5,-147.5,0.41,0,0,0,0,0,0.31,0,0,0.17
2014,KOR,7.5,-142.5,0.29,0,0,0,0,0,0.15,0,0,0.29
2014,KOR,7.5,-137.5,0.08,0,0,0.01,0,0,0.23,0,0.01,1.02
2014,PYF,-22.5,-142.5,0,0,0,0,0,0,1.28,0,0,0
2014,PYF,-17.5,-147.5,0,0,0,0.15,0,0,4.03,0,0,0
2014,PYF,-17.5,-142.5,0,0,0,0,0,0,1.89,0,0,0
2014,PYF,-12.5,-147.5,0,0,0,0,0,0,10.9,0,0,0
2014,PYF,-12.5,-142.5,0,0,0,0,0,0,7.12,0,0,0
2014,TWN,-7.5,-147.5,0,0,0,0,0,0,0.08,0,0,0
2014,TWN,-2.5,-147.5,0,0,0,0,0,0,0.58,0,0,0
2014,TWN,2.5,-147.5,0,0,0,0,0,0,0.45,0,0,0
2014,USA,22.5,-147.5,0,0,0,0,0,0,0,0,0,0
2014,USA,22.5,-142.5,0,0,0,0,0,0,0,0,0,0
2014,USA,22.5,-137.5,0,0,0,0,0,0,0,0,0,0
2014,USA,22.5,-132.5,0,0,0,0,0,0,0,0,0,0
2014,USA,27.5,-147.5,0,0,0,0,0,0,0,0,0,0
2014,USA,27.5,-142.5,0,0,0,0,0,0,0,0,0,0
2014,USA,32.5,-137.5,0,0,0,0,0,0,0,0,0,0
2014,BLZ,2.5,-112.5,1.26,0,0,0,0,0,0,0,0,0
2014,BLZ,2.5,-107.5,1.67,0,3.79,0,0,0,0,0,0,0
2014,CHN,-2.5,-137.5,0,0,0,0,0,0,0,0.05,0,0
2014,CHN,7.5,-132.5,2.8,0,0,0,0,0,0,0.21,0,0
2014,CHN,7.5,-127.5,2.76,0,0,0,0,0,0,23.45,0,0
2014,CHN,12.5,-137.5,2.16,0,0,0,0,0,0,0,0,0
2014,CHN,12.5,-132.5,2.09,0,0,0,0,0,0,0,0,0
2014,JPN,-32.5,-87.5,0,0,0,0,0,0,0,0,0,0
2014,JPN,-32.5,-82.5,0,0,0,0,0,0,0,0,0,0
2014,JPN,-32.5,-77.5,0,0,0,0,0,0,0,0,0,0
2014,JPN,-27.5,-82.5,0,0,0,0,0,0,0,0,0,0
2014,JPN,-27.5,-77.5,0,0,0,0,0,0,0,0,0,0
2014,JPN,-17.5,-87.5,0,0,0,0,0,0,0,0,0,0
2014,JPN,-17.5,-82.5,0,0,0,0,0,0,0,0,0,0
2014,JPN,-12.5,-107.5,0,0,0,0,0,0,0,0,0,0
2014,JPN,-12.5,-102.5,0,0,0,0,0,0,0,0,0,0
2014,JPN,-12.5,-97.5,0,0,0,0,0,0,0,0,0,0
2014,JPN,-12.5,-92.5,0,0,0,0,0,0,0,0,0,0
2014,JPN,-12.5,-87.5,0,0,0,0,0,0,0,0,0,0
2014,JPN,-7.5,-127.5,0,0,0,0,0,0,0,0,0,0
2014,JPN,-7.5,-122.5,0,0,0,0,0,0,0,0,0,0
2014,JPN,-7.5,-112.5,0,0,0,0,0,0,0,0,0,0
2014,JPN,-2.5,-87.5,0,0,0,0,0,0,0,0,0,0
2014,JPN,2.5,-127.5,0,0,0,0,0,0,0,0,0,0
2014,JPN,2.5,-122.5,0,0,0,0,0,0,0,0,0,0
2014,JPN,2.5,-117.5,0,0,0,0,0,0,0,0,0,0
2014,JPN,2.5,-112.5,0,0,0,0,0,0,0,0,0,0
2014,JPN,2.5,-82.5,0,0,0,0,0,0,0,0,0,0
2014,KOR,-2.5,-142.5,0.14,0,0,0,0,0,0.3,0,0,0.36
2014,KOR,2.5,-147.5,0.2,0,0,0,0,0,0.52,0,0,0.46
2014,KOR,2.5,-142.5,0.1,0,0,0,0,0,0.18,0,0,0.16
2014,KOR,2.5,-137.5,0.11,0,0,0,0,0,1.04,0,0.02,0.88
2014,KOR,2.5,-132.5,0.12,0,0,0.05,0,0,2.98,0,0.09,9.07
2014,KOR,2.5,-127.5,0.19,0,0,0.04,0,0,4.56,0,0.2,18.83
2014,KOR,2.5,-122.5,0.09,0,0,0,0,0,0.15,0,0.07,0.84
2014,KOR,7.5,-147.5,0,0,0,0,0,0,0,0,0,0.06
2014,KOR,7.5,-137.5,0.05,0,0,0,0,0,0.27,0,0,0.45
2014,KOR,7.5,-132.5,0,0,0,0,0,0,0.06,0,0,0.31
2014,PYF,-17.5,-147.5,0,0,0,0,0,0,6.18,0,0,0
2014,PYF,-17.5,-142.5,0,0,0,0,0,0,0.2,0,0,0
2014,PYF,-12.5,-147.5,0,0,0,0,0,0,4.22,0,0,0
2014,PYF,-12.5,-142.5,0,0,0,0.15,0,0,4.62,0,0,0
2014,TWN,-32.5,-147.5,0,0,0,0,0,0,0.46,0,0,0
2014,TWN,-32.5,-142.5,0,0,0,0,0,0,1.02,0,0,0
2014,TWN,-32.5,-137.5,0,0,0,0,0,0,0.97,0,0,0
2014,TWN,-12.5,-132.5,0,0,0,0,0,0,4.32,0,0,0
2014,TWN,-7.5,-147.5,0,0,0,0,0,0,7.33,0,0,0
2014,TWN,-7.5,-142.5,0,0,0,0,0,0,0.4,0,0,0
2014,TWN,-7.5,-137.5,0,0,0,0,0,0,1.06,0,0,0
2014,TWN,-7.5,-132.5,0,0,0,0,0,0,4.97,0,0,0
2014,TWN,-2.5,-147.5,0,0,0,0,0,0,2.08,0,0,0
2014,TWN,-2.5,-142.5,0,0,0,0,0,0,0.77,0,0,0
2014,TWN,-2.5,-137.5,0,0,0,0,0,0,1.55,0,0,0
2014,TWN,2.5,-147.5,0,0,0,0,0,0,0.34,0,0,0
2014,USA,22.5,-147.5,0,0,0,0,0,0,0,0,0,0
2014,USA,22.5,-142.5,0,0,0,0,0,0,0,0,0,0
2014,USA,22.5,-137.5,0,0,0,0,0,0,0,0,0,0
2014,USA,27.5,-147.5,0,0,0,0,0,0,0,0,0,0
2014,USA,27.5,-142.5,0,0,0,0,0,0,0,0,0,0
2014,BLZ,2.5,-112.5,0.95,0,5.35,0,0,0,0,0,0,0
2014,BLZ,2.5,-107.5,0,0,31.96,0,0,0,0,0,0,0
2014,CHN,-12.5,-132.5,0,0,0,0,0,0,0,0.24,0,0
2014,CHN,12.5,-132.5,5.39,0,0,0,0,0,0,60.63,0,0
2014,CHN,27.5,-122.5,1.92,0,0,0,0,0,0,0,0,0
2014,JPN,-32.5,-87.5,0,0,0,0,0,0,0,0,0,0
2014,JPN,-32.5,-82.5,0,0,0,0,0,0,0,0,0,0
2014,JPN,-32.5,-77.5,0,0,0,0,0,0,0,0,0,0
2014,JPN,-27.5,-82.5,0,0,0,0,0,0,0,0,0,0
2014,JPN,-27.5,-77.5,0,0,0,0,0,0,0,0,0,0
2014,JPN,-17.5,-87.5,0,0,0,0,0,0,0,0,0,0
2014,JPN,-17.5,-82.5,0,0,0,0,0,0,0,0,0,0
2014,JPN,-12.5,-127.5,0,0,0,0,0,0,0,0,0,0
2014,JPN,-12.5,-122.5,0,0,0,0,0,0,0,0,0,0
2014,JPN,-12.5,-112.5,0,0,0,0,0,0,0,0,0,0
2014,JPN,-12.5,-107.5,0,0,0,0,0,0,0,0,0,0
2014,JPN,-12.5,-97.5,0,0,0,0,0,0,0,0,0,0
2014,JPN,-12.5,-92.5,0,0,0,0,0,0,0,0,0,0
2014,JPN,-12.5,-82.5,0,0,0,0,0,0,0,0,0,0
2014,JPN,-7.5,-132.5,0,0,0,0,0,0,0,0,0,0
2014,JPN,-7.5,-127.5,0,0,0,0,0,0,0,0,0,0
2014,JPN,-7.5,-122.5,0,0,0,0,0,0,0,0,0,0
2014,JPN,-7.5,-117.5,0,0,0,0,0,0,0,0,0,0
2014,JPN,-7.5,-112.5,0,0,0,0,0,0,0,0,0,0
2014,JPN,2.5,-137.5,0,0,0,0,0,0,0,0,0,0
2014,JPN,2.5,-127.5,0,0,0,0,0,0,0,0,0,0
2014,JPN,2.5,-122.5,0,0,0,0,0,0,0,0,0,0
2014,JPN,2.5,-117.5,0,0,0,0,0,0,0,0,0,0
2014,JPN,2.5,-112.5,0,0,0,0,0,0,0,0,0,0
2014,JPN,7.5,-137.5,0,0,0,0,0,0,0,0,0,0
2014,KOR,-7.5,-147.5,0.07,0,0,0,0,0,0,0,0,0
2014,KOR,-7.5,-142.5,0,0,0,0,0,0,0.03,0,0,0
2014,KOR,-2.5,-147.5,0.12,0,0,0,0,0,2.14,0,0.11,0.95
2014,KOR,-2.5,-142.5,0.11,0,0,0,0,0,2.3,0,0,0.1
2014,KOR,-2.5,-137.5,0.78,0,0,0,0,0,0.89,0,0,1.29
2014,KOR,-2.5,-132.5,0,0,0,0,0,0,0.02,0,0,0.09
2014,KOR,2.5,-147.5,0.01,0,0,0,0,0,0.1,0,0,0.05
2014,KOR,2.5,-142.5,0,0,0,0,0,0,0.13,0,0,0.03
2014,KOR,2.5,-137.5,0.02,0,0,0,0,0,0.35,0,0.05,0.29
2014,KOR,2.5,-132.5,0.04,0,0,0,0,0,0.07,0,0.03,1.01
2014,KOR,2.5,-127.5,0.02,0,0,0,0,0,0.19,0,0.16,0.54
2014,KOR,2.5,-122.5,0.03,0,0,0,0,0,0.1,0,0.08,0.75
2014,KOR,2.5,-117.5,0.69,0,0,0.05,0,0,0.63,0,0.51,0.71
2014,KOR,2.5,-112.5,1.92,0,0,0.5,0,0,1.3,0,0.83,3.82
2014,KOR,2.5,-107.5,0.24,0,0,0,0,0,0,0,0,0.4
2014,PYF,-17.5,-147.5,0,0,0,0,0,0,1.88,0,0,0
2014,PYF,-12.5,-147.5,0,0,0,0,0,0,0.72,0,0,0
2014,PYF,-12.5,-142.5,0,0,0,0,0,0,1.42,0,0,0
2014,TWN,-32.5,-147.5,0,0,0,0,0,0,2.45,0,0,0
2014,TWN,-32.5,-142.5,0,0,0,0,0,0,1.4,0,0,0
2014,TWN,-32.5,-137.5,0,0,0,0,0,0,0.71,0,0,0
2014,TWN,-32.5,-127.5,0,0,0,0,0,0,0.32,0,0,0
2014,TWN,-12.5,-137.5,0,0,0,0,0,0,10.6,0,0,0
2014,TWN,-12.5,-132.5,0,0,0,0,0,0,30.44,0,0,0
2014,TWN,-7.5,-147.5,0,0,0,0,0,0,8.46,0,0,0
2014,TWN,-7.5,-137.5,0,0,0,0,0,0,2.19,0,0,0
2014,TWN,-7.5,-132.5,0,0,0,0,0,0,12.51,0,0,0
2014,TWN,-2.5,-142.5,0,0,0,0,0,0,1.43,0,0,0
2014,USA,22.5,-147.5,0,0,0,0,0,0,0,0,0,0
2014,USA,22.5,-142.5,0,0,0,0,0,0,0,0,0,0
2014,USA,22.5,-137.5,0,0,0,0,0,0,0,0,0,0
2014,USA,27.5,-147.5,0,0,0,0,0,0,0,0,0,0
2014,USA,27.5,-142.5,0,0,0,0,0,0,0,0,0,0
2014,BLZ,2.5,-112.5,0.38,0,3.81,0,0,0,0,0,0,0
2014,BLZ,2.5,-107.5,38.51,0,24.53,0,0,0,7.54,0,0,0
2014,BLZ,7.5,-102.5,6.4,0,1.38,0,0,0,0,0,0,0
2014,CHN,-7.5,-147.5,12.88,0,0,0,0,0,0,0,0,0
2014,CHN,-2.5,-147.5,0.33,0,0,0,0,0,0,0,0,0
2014,CHN,7.5,-137.5,3.87,0,0,0,0,0,0,32.92,0,0
2014,CHN,7.5,-132.5,2.54,0,0,0,0,0,0,0.11,0,0
2014,JPN,-32.5,-87.5,0,0,0,0,0,0,0,0,0,0
2014,JPN,-32.5,-82.5,0,0,0,0,0,0,0,0,0,0
2014,JPN,-32.5,-77.5,0,0,0,0,0,0,0,0,0,0
2014,JPN,-27.5,-87.5,0,0,0,0,0,0,0,0,0,0
2014,JPN,-27.5,-82.5,0,0,0,0,0,0,0,0,0,0
2014,JPN,-27.5,-77.5,0,0,0,0,0,0,0,0,0,0
2014,JPN,-17.5,-112.5,0,0,0,0,0,0,0,0,0,0
2014,JPN,-17.5,-102.5,0,0,0,0,0,0,0,0,0,0
2014,JPN,-17.5,-92.5,0,0,0,0,0,0,0,0,0,0
2014,JPN,-17.5,-87.5,0,0,0,0,0,0,0,0,0,0
2014,JPN,-17.5,-82.5,0,0,0,0,0,0,0,0,0,0
2014,JPN,-12.5,-127.5,0,0,0,0,0,0,0,0,0,0
2014,JPN,-12.5,-122.5,0,0,0,0,0,0,0,0,0,0
2014,JPN,-12.5,-117.5,0,0,0,0,0,0,0,0,0,0
2014,JPN,-12.5,-112.5,0,0,0,0,0,0,0,0,0,0
2014,JPN,-12.5,-107.5,0,0,0,0,0,0,0,0,0,0
2014,JPN,-12.5,-97.5,0,0,0,0,0,0,0,0,0,0
2014,JPN,-12.5,-92.5,0,0,0,0,0,0,0,0,0,0
2014,JPN,-7.5,-132.5,0,0,0,0,0,0,0,0,0,0
2014,JPN,-7.5,-127.5,0,0,0,0,0,0,0,0,0,0
2014,JPN,-7.5,-122.5,0,0,0,0,0,0,0,0,0,0
2014,JPN,-7.5,-117.5,0,0,0,0,0,0,0,0,0,0
2014,JPN,-7.5,-112.5,0,0,0,0,0,0,0,0,0,0
2014,JPN,-2.5,-127.5,0,0,0,0,0,0,0,0,0,0
2014,JPN,2.5,-137.5,0,0,0,0,0,0,0,0,0,0
2014,JPN,2.5,-132.5,0,0,0,0,0,0,0,0,0,0
2014,JPN,7.5,-142.5,0,0,0,0,0,0,0,0,0,0
2014,JPN,7.5,-137.5,0,0,0,0,0,0,0,0,0,0
2014,KOR,-2.5,-147.5,0.5,0,0,0,0,0,0.48,0,0.03,0.41
2014,KOR,-2.5,-142.5,0.61,0,0,0,0,0,1.65,0,0,0.46
2014,KOR,-2.5,-137.5,0.16,0,0,0,0,0,0.03,0,0,0.33
2014,KOR,2.5,-147.5,0,0,0,0,0,0,0.16,0,0.07,0.06
2014,KOR,2.5,-142.5,0.02,0,0,0.05,0,0,0.73,0,0.08,0.02
2014,KOR,2.5,-137.5,0.09,0,0,0.07,0,0,0.1,0,0,0
2014,KOR,2.5,-132.5,0.11,0,0,0,0,0,0.08,0,0,0
2014,KOR,2.5,-127.5,0.13,0,0,0.1,0,0,0.24,0,0.1,0
2014,KOR,2.5,-122.5,0.3,0,0,0,0,0,0.68,0,0.27,0
2014,KOR,2.5,-117.5,1.78,0,0.39,0.05,0,0,2.98,0,1.67,0.3
2014,KOR,2.5,-112.5,2.69,0,1.29,0.19,0,0,2.35,0,1.86,1.23
2014,KOR,2.5,-107.5,3.06,0,0.33,0.04,0,0,0.88,0,0.61,8.06
2014,KOR,7.5,-147.5,0.06,0,0,0,0,0,0,0,0.02,8.00E-03
2014,KOR,7.5,-142.5,0,0,0,0,0,0,0.18,0,0.09,0.01
2014,KOR,7.5,-127.5,0.13,0,0,0,0,0,0.16,0,0.09,0
2014,KOR,7.5,-117.5,0.09,0,0,0,0,0,0.08,0,0.01,0.08
2014,KOR,7.5,-107.5,0.13,0,0,0,0,0,0,0,0,0.13
2014,PYF,-22.5,-147.5,0,0,0,0,0,0,0.02,0,0,0
2014,PYF,-17.5,-147.5,0,0,0,0,0,0,9.45,0,0,0
2014,PYF,-17.5,-142.5,0,0,0,0,0,0,0.3,0,0,0
2014,TWN,-32.5,-147.5,0,0,0,0,0,0,0.3,0,0,0
2014,TWN,-32.5,-142.5,0,0,0,0,0,0,0.73,0,0,0
2014,TWN,-32.5,-137.5,0,0,0,0,0,0,0.7,0,0,0
2014,TWN,-27.5,-147.5,0,0,0,0,0,0,2.34,0,0,0
2014,TWN,-27.5,-137.5,0,0,0,0,0,0,0.02,0,0,0
2014,TWN,-12.5,-147.5,0,0,0,0,0,0,4.16,0,0,0
2014,TWN,-12.5,-142.5,0,0,0,0,0,0,1.03,0,0,0
2014,TWN,-12.5,-137.5,0,0,0,0,0,0,5.3,0,0,0
2014,TWN,-12.5,-132.5,0,0,0,0,0,0,29.07,0,0,0
2014,TWN,-7.5,-147.5,0,0,0,0,0,0,30.75,0,0,0
2014,TWN,-7.5,-142.5,0,0,0,0,0,0,10.72,0,0,0
2014,TWN,-7.5,-137.5,0,0,0,0,0,0,7.32,0,0,0
2014,TWN,-7.5,-132.5,0,0,0,0,0,0,5.95,0,0,0
2014,TWN,-2.5,-142.5,0,0,0,0,0,0,0.16,0,0,0
2014,TWN,-2.5,-137.5,0,0,0,0,0,0,1.46,0,0,0
2014,TWN,-2.5,-132.5,0,0,0,0,0,0,0.82,0,0,0
2014,USA,22.5,-147.5,0,0,0,0,0,0,0,0,0,0
2014,USA,22.5,-142.5,0,0,0,0,0,0,0,0,0,0
2014,USA,22.5,-137.5,0,0,0,0,0,0,0,0,0,0
2014,USA,27.5,-147.5,0,0,0,0,0,0,0,0,0,0
2014,USA,27.5,-142.5,0,0,0,0,0,0,0,0,0,0
2014,USA,27.5,-137.5,0,0,0,0,0,0,0,0,0,0
2014,USA,32.5,-147.5,0,0,0,0,0,0,0,0,0,0
2014,BLZ,2.5,-117.5,34.51,0,24.04,0,0,0,0,0,0,0
2014,BLZ,2.5,-112.5,0.26,0,0.59,0,0,0,0,0,0,0
2014,BLZ,2.5,-107.5,0,0,11.34,0,0,0,0,0,0,0
2014,BLZ,7.5,-107.5,0,0,8.52,0,0,0,0,0,0,0
2014,BLZ,7.5,-102.5,0,0,8.01,0,0,0,0,0,0,0
2014,CHN,-17.5,-132.5,0,0,0,0,0,0,0,0.09,0,0
2014,CHN,-7.5,-147.5,0.3,0,0,0,0,0,0,0,0,0
2014,CHN,-2.5,-147.5,0.05,0,0,0,0,0,0,0,0,0
2014,CHN,7.5,-147.5,2.1,0,0,0,0,0,0,1.3,0,0
2014,CHN,7.5,-142.5,1.1,0,0,0,0,0,0,0.7,0,0
2014,CHN,7.5,-132.5,13.7,0,0,0,0,0,0,33.23,0,0
2014,CHN,7.5,-127.5,8.5,0,0,0,0,0,0,5.5,0,0
2014,JPN,-27.5,-87.5,0,0,0,0,0,0,0,0,0,0
2014,JPN,-27.5,-82.5,0,0,0,0,0,0,0,0,0,0
2014,JPN,-22.5,-87.5,0,0,0,0,0,0,0,0,0,0
2014,JPN,-22.5,-82.5,0,0,0,0,0,0,0,0,0,0
2014,JPN,-17.5,-122.5,0,0,0,0,0,0,0,0,0,0
2014,JPN,-17.5,-117.5,0,0,0,0,0,0,0,0,0,0
2014,JPN,-17.5,-112.5,0,0,0,0,0,0,0,0,0,0
2014,JPN,-17.5,-92.5,0,0,0,0,0,0,0,0,0,0
2014,JPN,-17.5,-87.5,0,0,0,0,0,0,0,0,0,0
2014,JPN,-17.5,-82.5,0,0,0,0,0,0,0,0,0,0
2014,JPN,-12.5,-127.5,0,0,0,0,0,0,0,0,0,0
2014,JPN,-12.5,-122.5,0,0,0,0,0,0,0,0,0,0
2014,JPN,-12.5,-117.5,0,0,0,0,0,0,0,0,0,0
2014,JPN,-12.5,-112.5,0,0,0,0,0,0,0,0,0,0
2014,JPN,-7.5,-147.5,0,0,0,0,0,0,0,0,0,0
2014,JPN,-7.5,-132.5,0,0,0,0,0,0,0,0,0,0
2014,JPN,-7.5,-127.5,0,0,0,0,0,0,0,0,0,0
2014,JPN,-7.5,-122.5,0,0,0,0,0,0,0,0,0,0
2014,JPN,2.5,-122.5,0,0,0,0,0,0,0,0,0,0
2014,JPN,7.5,-137.5,0,0,0,0,0,0,0,0,0,0
2014,JPN,7.5,-122.5,0,0,0,0,0,0,0,0,0,0
2014,JPN,7.5,-117.5,0,0,0,0,0,0,0,0,0,0
2014,KOR,-7.5,-132.5,0.04,0,0.01,0.02,0,0,0,0,0,0.01
2014,KOR,-7.5,-127.5,1.44,0,0.39,0.05,0,0,0.04,0,0.91,0.26
2014,KOR,-7.5,-122.5,0,0,0.02,0,0,0,0,0,0.15,0
2014,KOR,-2.5,-147.5,0,0,0,0.06,0,0,0.25,0,0,0
2014,KOR,-2.5,-142.5,0.18,0,0,0.02,0,0,0.1,0,0.08,0.04
2014,KOR,-2.5,-137.5,0.51,0,0,0,0,0,0.46,0,0.25,1.39
2014,KOR,-2.5,-127.5,0.1,0,0.18,0.02,0,0,0,0,0.01,2.73
2014,KOR,-2.5,-122.5,0.49,0,0.11,0,0,0,0,0,0,0.02
2014,KOR,2.5,-147.5,1.08,0,0,0,0,0,1.13,0,0.08,0.71
2014,KOR,2.5,-142.5,0.1,0,0,0,0,0,0.33,0,0.18,0.6
2014,KOR,2.5,-137.5,0.73,0,0,0.04,0,0,0.23,0,0.36,0.2
2014,KOR,2.5,-132.5,0.71,0,0,0.04,0,0,0.07,0,0.18,0.23
2014,KOR,2.5,-127.5,0.13,0,0.06,0,0,0,0.25,0,0.09,0.01
2014,KOR,2.5,-122.5,0.34,0,0.81,0,0,0,0.09,0,0.55,0.36
2014,KOR,2.5,-117.5,0.36,0,1.75,0.07,0,0,0.22,0,1.12,0.63
2014,KOR,2.5,-112.5,0,0,0.07,0,0,0,0,0,0,0
2014,KOR,7.5,-147.5,0.33,0,0,0,0,0,0.41,0,0,0.16
2014,KOR,7.5,-142.5,0.19,0,0,0,0,0,0.15,0,0,0.07
2014,KOR,7.5,-137.5,0.18,0,0,0,0,0,0.15,0,0,0
2014,KOR,7.5,-132.5,0.25,0,0,0.08,0,0,0.03,0,0.05,0.22
2014,KOR,7.5,-122.5,0.04,0,0.04,0,0,0,0,0,0.01,0.2
2014,KOR,7.5,-117.5,0.06,0,0.06,0,0,0,0,0,0.05,0.01
2014,PYF,-17.5,-147.5,0,0,0,0,0,0,3.55,0,0,0
2014,PYF,-17.5,-142.5,0,0,0,0,0,0,1.84,0,0,0
2014,TWN,-27.5,-147.5,0,0,0,0,0,0,0.75,0,0,0
2014,TWN,-12.5,-147.5,0,0,0,0,0,0,4.73,0,0,0
2014,TWN,-12.5,-142.5,0,0,0,0,0,0,1.73,0,0,0
2014,TWN,-12.5,-137.5,0,0,0,0,0,0,2.67,0,0,0
2014,TWN,-12.5,-132.5,0,0,0,0,0,0,37,0,0,0
2014,TWN,-7.5,-147.5,0,0,0,0,0,0,24.76,0,0,0
2014,TWN,-7.5,-142.5,0,0,0,0,0,0,12.1,0,0,0
2014,TWN,-7.5,-137.5,0,0,0,0,0,0,2.77,0,0,0
2014,TWN,-7.5,-132.5,0,0,0,0,0,0,3.06,0,0,0
2014,TWN,-2.5,-147.5,0,0,0,0,0,0,0.64,0,0,0
2014,TWN,-2.5,-137.5,0,0,0,0,0,0,0.17,0,0,0
2014,USA,22.5,-142.5,0,0,0,0,0,0,0,0,0,0
2014,USA,22.5,-137.5,0,0,0,0,0,0,0,0,0,0
2014,USA,27.5,-147.5,0,0,0,0,0,0,0,0,0,0
2014,USA,27.5,-142.5,0,0,0,0,0,0,0,0,0,0
2014,USA,27.5,-137.5,0,0,0,0,0,0,0,0,0,0
2014,USA,32.5,-147.5,0,0,0,0,0,0,0,0,0,0
2014,USA,32.5,-142.5,0,0,0,0,0,0,0,0,0,0
2014,BLZ,2.5,-112.5,0,0,22.99,0,0,0,0,0,0,0
2014,BLZ,2.5,-107.5,2.67,0,1.49,0,0,0,0,0,0,0
2014,BLZ,7.5,-107.5,0.95,0,15.02,0,0,0,0,0,0,0
2014,BLZ,7.5,-102.5,0,0,18.27,0,0,0,0,0,0,0
2014,CHN,-7.5,-147.5,0.95,0,0,0,0,0,0,0,0,0
2014,CHN,-7.5,-142.5,1.79,0,0,0,0,0,0,0.04,0,0
2014,CHN,-7.5,-137.5,0,0,0,0,0,0,0,0.08,0,0
2014,JPN,-22.5,-87.5,0,0,0,0,0,0,0,0,0,0
2014,JPN,-22.5,-82.5,0,0,0,0,0,0,0,0,0,0
2014,JPN,-17.5,-122.5,0,0,0,0,0,0,0,0,0,0
2014,JPN,-17.5,-117.5,0,0,0,0,0,0,0,0,0,0
2014,JPN,-17.5,-112.5,0,0,0,0,0,0,0,0,0,0
2014,JPN,-17.5,-92.5,0,0,0,0,0,0,0,0,0,0
2014,JPN,-17.5,-87.5,0,0,0,0,0,0,0,0,0,0
2014,JPN,-12.5,-137.5,0,0,0,0,0,0,0,0,0,0
2014,JPN,-12.5,-132.5,0,0,0,0,0,0,0,0,0,0
2014,JPN,-12.5,-127.5,0,0,0,0,0,0,0,0,0,0
2014,JPN,-12.5,-122.5,0,0,0,0,0,0,0,0,0,0
2014,JPN,-12.5,-117.5,0,0,0,0,0,0,0,0,0,0
2014,JPN,-12.5,-97.5,0,0,0,0,0,0,0,0,0,0
2014,JPN,-12.5,-92.5,0,0,0,0,0,0,0,0,0,0
2014,JPN,-12.5,-87.5,0,0,0,0,0,0,0,0,0,0
2014,JPN,-7.5,-127.5,0,0,0,0,0,0,0,0,0,0
2014,JPN,-7.5,-122.5,0,0,0,0,0,0,0,0,0,0
2014,JPN,-7.5,-117.5,0,0,0,0,0,0,0,0,0,0
2014,KOR,-12.5,-127.5,0.18,0,0,0,0,0,0,0,0.18,0.2
2014,KOR,-12.5,-122.5,0.98,0,0,0.57,0,0,0.22,0,0.32,0
2014,KOR,-7.5,-142.5,0.17,0,0,0,0,0,0.03,0,0,0
2014,KOR,-7.5,-132.5,0.14,0,0,0,0,0,0,0,0.5,0.13
2014,KOR,-7.5,-127.5,0.85,0,0.52,0.2,0,0,0,0,3.51,1.31
2014,KOR,-7.5,-122.5,0.37,0,0,0,0,0,0.07,0,0.56,0
2014,KOR,-2.5,-147.5,0.3,0,0,0,0,0,1.06,0,0,0.23
2014,KOR,-2.5,-142.5,0.1,0,0,0,0,0,0.06,0,0,0
2014,KOR,-2.5,-137.5,0.08,0,0,0,0,0,0,0,0,0.09
2014,KOR,2.5,-147.5,4.06,0,0,0.11,0,0,6.92,0,0.54,3.8
2014,KOR,2.5,-142.5,0.25,0,0,0,0,0,0.58,0,0.06,0.94
2014,KOR,2.5,-137.5,0.03,0,0.17,0.06,0,0,0.03,0,0,1.54
2014,KOR,2.5,-132.5,0.15,0,0.08,0.01,0,0,0.02,0,0,1.63
2014,KOR,2.5,-122.5,0,0,0,0,0,0,0,0,0,0.27
2014,KOR,7.5,-147.5,0.7,0,0,0,0,0,0.36,0,0,0.37
2014,KOR,7.5,-137.5,0.44,0,0.08,0,0,0,0.06,0,0,0.02
2014,KOR,7.5,-132.5,0.21,0,0.02,0,0,0,0,0,0,0.09
2014,PYF,-17.5,-147.5,0,0,0,0,0,0,0.08,0,0,0
2014,PYF,-17.5,-137.5,0,0,0,0,0,0,0.08,0,0,0
2014,PYF,-12.5,-147.5,0,0,0,0,0,0,0.53,0,0,0
2014,PYF,-12.5,-142.5,0,0,0,0,0,0,1.04,0,0,0
2014,PYF,-12.5,-137.5,0,0,0,0,0,0,0.08,0,0,0
2014,TWN,-32.5,-132.5,0,0,0,0,0,0,1.85,0,0,0
2014,TWN,-32.5,-127.5,0,0,0,0,0,0,1.89,0,0,0
2014,TWN,-27.5,-137.5,0,0,0,0,0,0,0.6,0,0,0
2014,TWN,-12.5,-147.5,0,0,0,0,0,0,3.57,0,0,0
2014,TWN,-12.5,-142.5,0,0,0,0,0,0,0.55,0,0,0
2014,TWN,-12.5,-137.5,0,0,0,0,0,0,4.41,0,0,0
2014,TWN,-12.5,-132.5,0,0,0,0,0,0,36.92,0,0,0
2014,TWN,-7.5,-147.5,0,0,0,0,0,0,9.04,0,0,0
2014,TWN,-2.5,-147.5,0,0,0,0,0,0,0.52,0,0,0
2014,USA,22.5,-147.5,0,0,0,0,0,0,0,0,0,0
2014,USA,22.5,-142.5,0,0,0,0,0,0,0,0,0,0
2014,USA,22.5,-137.5,0,0,0,0,0,0,0,0,0,0
2014,USA,27.5,-147.5,0,0,0,0,0,0,0,0,0,0
2014,USA,27.5,-142.5,0,0,0,0,0,0,0,0,0,0
2014,USA,27.5,-137.5,0,0,0,0,0,0,0,0,0,0
2014,USA,32.5,-147.5,0,0,0,0,0,0,0,0,0,0
2014,USA,32.5,-142.5,0,0,0,0,0,0,0,0,0,0
2014,BLZ,7.5,-107.5,0,0,51.22,0,0,0,0,0,0,0
2014,BLZ,12.5,-107.5,0,0,1.01,0,0,0,0,0,0,0
2014,BLZ,12.5,-102.5,0.2,0,71.29,0,0,0,0,0,0,0
2014,CHN,-27.5,-122.5,0.07,0,0,0,0,0,0,0,0,0
2014,CHN,-12.5,-147.5,1.6,0,0,0,0,0,0,0,0,0
2014,CHN,-12.5,-132.5,0.77,0,0,0,0,0,0,0,0,0
2014,CHN,-7.5,-147.5,4.06,0,0,0,0,0,0,0.05,0,0
2014,CHN,-7.5,-142.5,0.88,0,0,0,0,0,0,0,0,0
2014,CHN,-2.5,-147.5,0.74,0,0,0,0,0,0,0,0,0
2014,CHN,-2.5,-142.5,0,0,0,0,0,0,0,0.21,0,0
2014,CHN,-2.5,-137.5,0,0,0,0,0,0,0,0.11,0,0
2014,CHN,7.5,-142.5,11.47,0,0,0,0,0,0,0,0,0
2014,CHN,7.5,-137.5,4.07,0,0,0,0,0,0,4.12,0,0
2014,CHN,7.5,-132.5,4.76,0,0,0,0,0,0,4.71,0,0
2014,CHN,7.5,-127.5,8,0,0,0,0,0,0,8.08,0,0
2014,CHN,7.5,-122.5,3.9,0,0,0,0,0,0,3.91,0,0
2014,CHN,12.5,-142.5,11.52,0,0,0,0,0,0,11.31,0,0
2014,CHN,12.5,-122.5,4.03,0,0,0,0,0,0,3.66,0,0
2014,JPN,-17.5,-112.5,0,0,0,0,0,0,0,0,0,0
2014,JPN,-17.5,-92.5,0,0,0,0,0,0,0,0,0,0
2014,JPN,-17.5,-87.5,0,0,0,0,0,0,0,0,0,0
2014,JPN,-12.5,-147.5,0,0,0,0,0,0,0,0,0,0
2014,JPN,-12.5,-137.5,0,0,0,0,0,0,0,0,0,0
2014,JPN,-12.5,-132.5,0,0,0,0,0,0,0,0,0,0
2014,JPN,-12.5,-127.5,0,0,0,0,0,0,0,0,0,0
2014,JPN,-12.5,-122.5,0,0,0,0,0,0,0,0,0,0
2014,JPN,-12.5,-117.5,0,0,0,0,0,0,0,0,0,0
2014,JPN,-12.5,-112.5,0,0,0,0,0,0,0,0,0,0
2014,JPN,-12.5,-107.5,0,0,0,0,0,0,0,0,0,0
2014,JPN,-12.5,-102.5,0,0,0,0,0,0,0,0,0,0
2014,JPN,-12.5,-97.5,0,0,0,0,0,0,0,0,0,0
2014,JPN,-12.5,-92.5,0,0,0,0,0,0,0,0,0,0
2014,JPN,-12.5,-87.5,0,0,0,0,0,0,0,0,0,0
2014,JPN,-7.5,-147.5,0,0,0,0,0,0,0,0,0,0
2014,JPN,-7.5,-137.5,0,0,0,0,0,0,0,0,0,0
2014,JPN,-7.5,-132.5,0,0,0,0,0,0,0,0,0,0
2014,JPN,-7.5,-127.5,0,0,0,0,0,0,0,0,0,0
2014,JPN,-7.5,-122.5,0,0,0,0,0,0,0,0,0,0
2014,JPN,-7.5,-117.5,0,0,0,0,0,0,0,0,0,0
2014,JPN,-2.5,-142.5,0,0,0,0,0,0,0,0,0,0
2014,KOR,-17.5,-122.5,0.04,0,0,0.1,0,0,0.01,0,0,0
2014,KOR,-12.5,-132.5,0.08,0,0,0,0,0,0,0,0.03,0
2014,KOR,-12.5,-127.5,0.98,0,0,0.09,0,0,0.05,0,0.21,0.03
2014,KOR,-12.5,-122.5,0.9,0,0,0.13,0,0,0.17,0,0.15,0
2014,KOR,-12.5,-117.5,1.01,0,0,0.85,0,0,0.23,0,0.46,0
2014,KOR,-7.5,-147.5,0,0,0,0,0,0,0.01,0,0,0
2014,KOR,-7.5,-137.5,0.02,0,0,0,0,0,0,0,0,0
2014,KOR,-7.5,-132.5,0.07,0,0,0,0,0,0,0,0,0
2014,KOR,-7.5,-127.5,0.19,0,0.22,0.22,0,0,0.12,0,2.13,0.17
2014,KOR,-7.5,-122.5,0.21,0,0,0,0,0,0.07,0,0.83,0
2014,KOR,-7.5,-117.5,0.16,0,0,0.21,0,0,0.02,0,0.87,0
2014,KOR,-2.5,-147.5,0.44,0,0,0,0,0,6.03,0,0.78,2.66
2014,KOR,-2.5,-142.5,0.14,0,0,0.03,0,0,0.47,0,0,0.02
2014,KOR,-2.5,-137.5,0.48,0,0,0,0,0,1.08,0,0,2.55
2014,KOR,-2.5,-132.5,0,0,0,0,0,0,0.14,0,0,0
2014,KOR,2.5,-147.5,3.57,0,0,0.35,0,0,6.01,0,1.33,7.75
2014,KOR,2.5,-142.5,2.64,0,0.2,0.01,0,0,4.22,0,0.33,5.92
2014,KOR,2.5,-137.5,0.9,0,1.02,0.2,0,0,0.39,0,0.3,0.84
2014,KOR,7.5,-147.5,0.33,0,0,0,0,0,0.08,0,0,0.25
2014,KOR,7.5,-142.5,0.87,0,0,0,0,0,0.03,0,0,0.67
2014,KOR,7.5,-137.5,1.66,0,0.02,0.04,0,0,0.06,0,0.04,3.22
2014,PYF,-17.5,-142.5,0,0,0,0,0,0,0.04,0,0,0
2014,PYF,-12.5,-142.5,0,0,0,0,0,0,1.16,0,0,0
2014,TWN,-32.5,-127.5,0,0,0,0,0,0,0.1,0,0,0
2014,TWN,-12.5,-147.5,0,0,0,0,0,0,2.67,0,0,0
2014,TWN,-12.5,-142.5,0,0,0,0,0,0,0.95,0,0,0
2014,TWN,-12.5,-137.5,0,0,0,0,0,0,7.44,0,0,0
2014,TWN,-12.5,-132.5,0,0,0,0,0,0,38.16,0,0,0
2014,TWN,-7.5,-147.5,0,0,0,0,0,0,7.7,0,0,0
2014,TWN,-7.5,-142.5,0,0,0,0,0,0,1.81,0,0,0
2014,TWN,-7.5,-137.5,0,0,0,0,0,0,3.87,0,0,0
2014,TWN,-7.5,-132.5,0,0,0,0,0,0,0.48,0,0,0
2014,TWN,-2.5,-147.5,0,0,0,0,0,0,1.94,0,0,0
2014,TWN,-2.5,-142.5,0,0,0,0,0,0,0.5,0,0,0
2014,TWN,-2.5,-137.5,0,0,0,0,0,0,0.65,0,0,0
2014,USA,22.5,-147.5,0,0,0,0,0,0,0,0,0,0
2014,USA,22.5,-142.5,0,0,0,0,0,0,0,0,0,0
2014,USA,22.5,-137.5,0,0,0,0,0,0,0,0,0,0
2014,USA,27.5,-147.5,0,0,0,0,0,0,0,0,0,0
2014,USA,27.5,-142.5,0,0,0,0,0,0,0,0,0,0
2014,USA,27.5,-137.5,0,0,0,0,0,0,0,0,0,0
2014,USA,37.5,-137.5,0,0,0,0,0,0,0,0,0,0
2014,USA,37.5,-132.5,0,0,0,0,0,0,0,0,0,0
2014,BLZ,7.5,-107.5,0,0,5.59,0,0,0,0,0,0,0
2014,BLZ,7.5,-102.5,0,0,9.75,0,0,0,0,0,0,0
2014,BLZ,12.5,-107.5,0,0,34.88,0,0,0,0,0,0,0
2014,BLZ,12.5,-102.5,0,0,5.46,0,0,0,0,0,0,0
2014,CHN,-17.5,-132.5,0.16,0,0,0,0,0,0,0,0,0
2014,CHN,-17.5,-122.5,0,0,0,0,0,0,0,0.04,0,0
2014,CHN,-12.5,-147.5,0.94,0,0,0,0,0,0,0,0,0
2014,CHN,-12.5,-132.5,0.05,0,0,0,0,0,0,0,0,0
2014,CHN,-12.5,-127.5,1.41,0,0,0,0,0,0,0,0,0
2014,CHN,-7.5,-142.5,1.25,0,0,0,0,0,0,0,0,0
2014,CHN,-7.5,-132.5,0.61,0,0,0,0,0,0,0,0,0
2014,CHN,-2.5,-132.5,0,0,0,0,0,0,0,0.17,0,0
2014,CHN,7.5,-127.5,12.05,0,0,0,0,0,0,0,0,0
2014,CHN,12.5,-147.5,2.3,0,0,0,0,0,0,1.8,0,0
2014,CHN,12.5,-142.5,7,0,0,0,0,0,0,5.46,0,0
2014,CHN,12.5,-132.5,4.29,0,0,0,0,0,0,3.35,0,0
2014,CHN,12.5,-127.5,2.23,0,0,0,0,0,0,1.74,0,0
2014,CHN,12.5,-122.5,5.04,0,0,0,0,0,0,3.93,0,0
2014,JPN,-17.5,-127.5,0,0,0,0,0,0,0,0,0,0
2014,JPN,-12.5,-137.5,0,0,0,0,0,0,0,0,0,0
2014,JPN,-12.5,-132.5,0,0,0,0,0,0,0,0,0,0
2014,JPN,-12.5,-127.5,0,0,0,0,0,0,0,0,0,0
2014,JPN,-12.5,-122.5,0,0,0,0,0,0,0,0,0,0
2014,JPN,-12.5,-117.5,0,0,0,0,0,0,0,0,0,0
2014,JPN,-12.5,-112.5,0,0,0,0,0,0,0,0,0,0
2014,JPN,-12.5,-107.5,0,0,0,0,0,0,0,0,0,0
2014,JPN,-7.5,-147.5,0,0,0,0,0,0,0,0,0,0
2014,JPN,-7.5,-122.5,0,0,0,0,0,0,0,0,0,0
2014,KOR,-17.5,-122.5,0.19,0,0,0.06,0,0,0,0,0.07,0
2014,KOR,-17.5,-117.5,0.34,0,0,0.04,0,0,0.04,0,0.05,0
2014,KOR,-12.5,-132.5,1.23,0,0,0.06,0,0,0.04,0,0,0.1
2014,KOR,-12.5,-127.5,5.91,0,0.05,0.15,0,0,0.06,0,0.76,0.56
2014,KOR,-12.5,-122.5,6.9,0,0,0.28,0,0,0.15,0,1.48,0.79
2014,KOR,-12.5,-117.5,2.15,0,0,0.07,0,0,0.17,0,0.15,0.02
2014,KOR,-12.5,-112.5,0.41,0,0,0,0,0,0,0,0,0
2014,KOR,-7.5,-142.5,0,0,0,0,0,0,0.01,0,0,0
2014,KOR,-7.5,-132.5,0.12,0,0,0,0,0,0.3,0,0.09,0.04
2014,KOR,-7.5,-127.5,0.16,0,0.08,0.05,0,0,0,0,0.59,0.08
2014,KOR,-2.5,-147.5,0.24,0,0,0,0,0,1.29,0,0.09,0.5
2014,KOR,-2.5,-142.5,0.55,0,0,0,0,0,1.75,0,0.04,1.33
2014,KOR,-2.5,-137.5,0.29,0,0,0,0,0,0.09,0,0,0.42
2014,KOR,2.5,-147.5,1.98,0,0,0.04,0,0,2.27,0,0.47,1.56
2014,KOR,2.5,-142.5,3.45,0,0,0.1,0,0,1.56,0,0.22,5.78
2014,KOR,2.5,-137.5,0.62,0,0,0.03,0,0,0.44,0,0.14,1.43
2014,TWN,-32.5,-127.5,0,0,0,0,0,0,0.08,0,0,0
2014,TWN,-12.5,-147.5,0,0,0,0,0,0,2.91,0,0,0
2014,TWN,-12.5,-142.5,0,0,0,0,0,0,12.85,0,0,0
2014,TWN,-12.5,-137.5,0,0,0,0,0,0,6.02,0,0,0
2014,TWN,-12.5,-132.5,0,0,0,0,0,0,14.57,0,0,0
2014,TWN,-7.5,-147.5,0,0,0,0,0,0,1.54,0,0,0
2014,TWN,-7.5,-142.5,0,0,0,0,0,0,2.91,0,0,0
2014,TWN,-2.5,-147.5,0,0,0,0,0,0,1.78,0,0,0
2014,TWN,-2.5,-142.5,0,0,0,0,0,0,0.71,0,0,0
2014,TWN,-2.5,-137.5,0,0,0,0,0,0,0.07,0,0,0
2014,USA,22.5,-147.5,0,0,0,0,0,0,0,0,0,0
2014,USA,22.5,-142.5,0,0,0,0,0,0,0,0,0,0
2014,USA,22.5,-137.5,0,0,0,0,0,0,0,0,0,0
2014,USA,27.5,-147.5,0,0,0,0,0,0,0,0,0,0
2014,USA,27.5,-137.5,0,0,0,0,0,0,0,0,0,0
2014,USA,37.5,-137.5,0,0,0,0,0,0,0,0,0,0
2014,USA,37.5,-132.5,0,0,0,0,0,0,0,0,0,0
2014,USA,37.5,-127.5,0,0,0,0,0,0,0,0,0,0
2014,BLZ,7.5,-102.5,0,0,7.8,0,0,0,0,0,0,0
2014,BLZ,12.5,-107.5,0,0,6.91,0,0,0,0,0,0,0
2014,BLZ,12.5,-102.5,0,0,24.23,0,0,0,0,0,0,0
2014,CHN,-12.5,-137.5,0,0,0,0,0,0,0,0.07,0,0
2014,CHN,-12.5,-127.5,2.4,0,0,0,0,0,0,0,0,0
2014,CHN,-7.5,-147.5,0.54,0,0,0,0,0,0,0,0,0
2014,CHN,-7.5,-142.5,2.53,0,0,0,0,0,0,0,0,0
2014,CHN,-7.5,-137.5,0,0,0,0,0,0,0,0.02,0,0
2014,CHN,-2.5,-132.5,0,0,0,0,0,0,0,0.23,0,0
2014,CHN,7.5,-137.5,15.36,0,0,0,0,0,0,0,0,0
2014,JPN,-17.5,-112.5,0,0,0,0,0,0,0,0,0,0
2014,JPN,-12.5,-137.5,0,0,0,0,0,0,0,0,0,0
2014,JPN,-12.5,-132.5,0,0,0,0,0,0,0,0,0,0
2014,JPN,-12.5,-127.5,0,0,0,0,0,0,0,0,0,0
2014,JPN,-12.5,-117.5,0,0,0,0,0,0,0,0,0,0
2014,JPN,-12.5,-112.5,0,0,0,0,0,0,0,0,0,0
2014,JPN,-12.5,-107.5,0,0,0,0,0,0,0,0,0,0
2014,JPN,-7.5,-147.5,0,0,0,0,0,0,0,0,0,0
2014,JPN,-7.5,-142.5,0,0,0,0,0,0,0,0,0,0
2014,JPN,-7.5,-117.5,0,0,0,0,0,0,0,0,0,0
2014,JPN,-7.5,-112.5,0,0,0,0,0,0,0,0,0,0
2014,JPN,-2.5,-142.5,0,0,0,0,0,0,0,0,0,0
2014,KOR,-17.5,-127.5,0.31,0,0,0.08,0,0,0,0,0,0
2014,KOR,-17.5,-122.5,1.02,0,0,0.02,0,0,0.06,0,0.08,0.23
2014,KOR,-12.5,-142.5,0,0,0,0,0,0,0.14,0,0,0
2014,KOR,-12.5,-132.5,3.09,0,0,0.16,0,0,1.1,0,0.4,0.53
2014,KOR,-12.5,-127.5,11.02,0,0,0.34,0,0,0.28,0,0.31,3.52
2014,KOR,-12.5,-122.5,7.47,0,0,0.23,0,0,0.24,0,0.28,3.66
2014,KOR,-12.5,-117.5,0.62,0,0,0,0,0,0.04,0,0.09,0
2014,KOR,-7.5,-132.5,0.25,0,0,0,0,0,0.09,0,0,0.02
2014,KOR,-7.5,-127.5,0.07,0,0,0,0,0,0,0,0,0.03
2014,KOR,-7.5,-117.5,0.09,0,0,0,0,0,0,0,0,0
2014,KOR,-2.5,-147.5,0.05,0,0,0,0,0,0.98,0,0.02,0.16
2014,KOR,-2.5,-142.5,0.03,0,0,0,0,0,0.23,0,0,0
2014,KOR,-2.5,-137.5,0,0,0,0,0,0,0,0,0,0.07
2014,KOR,2.5,-147.5,0.92,0,0,0.08,0,0,2.97,0,0.55,1.52
2014,KOR,2.5,-142.5,0.59,0,0,0.02,0,0,2.14,0,0.19,5.5
2014,KOR,2.5,-137.5,0.65,0,0,0,0,0,0.02,0,0,0.25
2014,PYF,-17.5,-142.5,0,0,0,0,0,0,0.27,0,0,0
2014,TWN,-12.5,-147.5,0,0,0,0,0,0,0.97,0,0,0
2014,TWN,-12.5,-142.5,0,0,0,0,0,0,8.46,0,0,0
2014,TWN,-12.5,-137.5,0,0,0,0,0,0,3.38,0,0,0
2014,TWN,-12.5,-132.5,0,0,0,0,0,0,8.41,0,0,0
2014,TWN,-7.5,-147.5,0,0,0,0,0,0,3.78,0,0,0
2014,TWN,-7.5,-142.5,0,0,0,0,0,0,2.49,0,0,0
2014,TWN,-7.5,-137.5,0,0,0,0,0,0,0.65,0,0,0
2014,TWN,-7.5,-132.5,0,0,0,0,0,0,2.38,0,0,0
2014,TWN,-2.5,-147.5,0,0,0,0,0,0,2.97,0,0,0
2014,TWN,-2.5,-142.5,0,0,0,0,0,0,1.2,0,0,0
2014,TWN,-2.5,-137.5,0,0,0,0,0,0,0.38,0,0,0
2014,TWN,2.5,-147.5,0,0,0,0,0,0,0.31,0,0,0
2014,TWN,27.5,-147.5,0,0,0,0,0,0,0.56,0,0,0
2014,TWN,32.5,-147.5,0,0,0,0,0,0,20.94,0,0,0
2014,TWN,32.5,-142.5,0,0,0,0,0,0,17.24,0,0,0
2014,USA,22.5,-147.5,0,0,0,0,0,0,0,0,0,0
2014,USA,22.5,-137.5,0,0,0,0,0,0,0,0,0,0
2014,USA,32.5,-142.5,0,0,0,0,0,0,0,0,0,0
2014,USA,32.5,-137.5,0,0,0,0,0,0,0,0,0,0
2014,USA,32.5,-127.5,0,0,0,0,0,0,0,0,0,0
2014,USA,37.5,-142.5,0,0,0,0,0,0,0,0,0,0
2014,USA,37.5,-137.5,0,0,0,0,0,0,0,0,0,0
2014,USA,37.5,-132.5,0,0,0,0,0,0,0,0,0,0
2014,USA,37.5,-127.5,0,0,0,0,0,0,0,0,0,0
2015,BLZ,2.5,-107.5,3.91,0,32.59,0,0,0,0,0,0,0
2015,BLZ,7.5,-107.5,10.54,0,14.5,0,0,0,0,0,0,0
2015,CHN,-22.5,-127.5,0,0,0,0,0,0,0,0,0,0
2015,CHN,-17.5,-127.5,0,0,0,0,0,0,0,0,0,0
2015,CHN,-17.5,-112.5,0,0,0,0,0,0,0,0,0,0
2015,CHN,-12.5,-147.5,0.19,0,0,0,0,0,0,0.08,0,0
2015,CHN,-12.5,-142.5,0.33,0,0,0,0,0,0,0.04,0,0
2015,CHN,-12.5,-137.5,0,0,0,0,0,0,0,0.11,0,0
2015,CHN,-12.5,-132.5,0,0,0,0,0,0,0,1.19,0,0
2015,CHN,-12.5,-127.5,0.22,0,0,0,0,0,0,0,0,0
2015,CHN,-12.5,-117.5,0,0,0,0,0,0,0,0,0,0
2015,CHN,-12.5,-112.5,0,0,0,0,0,0,0,0,0,0
2015,CHN,-7.5,-147.5,2.25,0,0,0,0,0,0,0.72,0,0
2015,CHN,-7.5,-142.5,1.28,0,0,0,0,0,0,0.03,0,0
2015,CHN,-7.5,-137.5,0,0,0,0,0,0,0,0.19,0,0
2015,CHN,-7.5,-132.5,0,0,0,0,0,0,0,0.58,0,0
2015,CHN,-7.5,-127.5,0.04,0,0,0,0,0,0,0,0,0
2015,CHN,-2.5,-147.5,0.05,0,0,0,0,0,0,0.13,0,0
2015,CHN,-2.5,-142.5,0,0,0,0,0,0,0,0.18,0,0
2015,CHN,-2.5,-137.5,0,0,0,0,0,0,0,0.11,0,0
2015,CHN,-2.5,-132.5,0,0,0,0,0,0,0,0,0,0
2015,CHN,-2.5,-127.5,0,0,0,0,0,0,0,0,0,0
2015,CHN,-2.5,-122.5,0,0,0,0,0,0,0,0,0,0
2015,CHN,2.5,-147.5,0.08,0,0,0,0,0,0,0,0,0
2015,CHN,2.5,-142.5,0,0,0,0,0,0,0,0,0,0
2015,CHN,2.5,-137.5,0.1,0,0,0,0,0,0,0,0,0
2015,CHN,2.5,-132.5,0.08,0,0,0,0,0,0,0,0,0
2015,CHN,2.5,-127.5,0,0,0,0,0,0,0,0,0,0
2015,CHN,2.5,-122.5,0,0,0,0,0,0,0,0,0,0
2015,CHN,7.5,-147.5,3.63,0,0,0,0,0,0,0.63,0,0
2015,CHN,7.5,-142.5,2.54,0,0,0,0,0,0,1.31,0,0
2015,CHN,7.5,-137.5,0.41,0,0,0,0,0,0,2.98,0,0
2015,CHN,7.5,-132.5,0.96,0,0,0,0,0,0,2.93,0,0
2015,CHN,7.5,-127.5,4.4,0,0,0,0,0,0,1.46,0,0
2015,CHN,7.5,-122.5,3.37,0,0,0,0,0,0,0.58,0,0
2015,CHN,12.5,-147.5,1,0,0,0,0,0,0,0.17,0,0
2015,CHN,12.5,-142.5,2.59,0,0,0,0,0,0,0.45,0,0
2015,CHN,12.5,-137.5,5.05,0,0,0,0,0,0,0.59,0,0
2015,CHN,12.5,-132.5,4.78,0,0,0,0,0,0,0.59,0,0
2015,CHN,12.5,-127.5,1.89,0,0,0,0,0,0,0.33,0,0
2015,CHN,12.5,-122.5,0.71,0,0,0,0,0,0,0.12,0,0
2015,JPN,-17.5,-127.5,0,0,0,0,0,0,0,0,0,0
2015,JPN,-17.5,-122.5,0,0,0,0,0,0,0,0,0,0
2015,JPN,-12.5,-127.5,0,0,0,0,0,0,0,0,0,0
2015,JPN,-12.5,-122.5,0,0,0,0,0,0,0,0,0,0
2015,JPN,-12.5,-117.5,0,0,0,0,0,0,0,0,0,0
2015,JPN,-12.5,-112.5,0,0,0,0,0,0,0,0,0,0
2015,JPN,-12.5,-107.5,0,0,0,0,0,0,0,0,0,0
2015,JPN,-7.5,-117.5,0,0,0,0,0,0,0,0,0,0
2015,JPN,-7.5,-112.5,0,0,0,0,0,0,0,0,0,0
2015,JPN,-7.5,-107.5,0,0,0,0,0,0,0,0,0,0
2015,JPN,-2.5,-147.5,0,0,0,0,0,0,0,0,0,0
2015,KOR,-17.5,-127.5,0.03,0,0,0,0,0,0,0,0,0
2015,KOR,-17.5,-122.5,2.29,0,0,0,0,0,0,0,0.04,1.06
2015,KOR,-17.5,-117.5,0.56,0,0,0,0,0,0,0,0,0.11
2015,KOR,-12.5,-137.5,0.05,0,0,0,0,0,0,0,0,0
2015,KOR,-12.5,-132.5,0.63,0,0,0,0,0,0,0,0,0.1
2015,KOR,-12.5,-127.5,3.83,0,0,0.04,0,0,0.16,0,0.38,1.93
2015,KOR,-12.5,-122.5,6.66,0,0,0,0,0,0.09,0,0.16,2.88
2015,KOR,-12.5,-117.5,0.63,0,0,0,0,0,0.61,0,0,0.17
2015,KOR,-7.5,-137.5,0.01,0,0,0,0,0,0,0,0,0.02
2015,KOR,-7.5,-132.5,0.05,0,0,0,0,0,0,0,0,0
2015,KOR,-7.5,-127.5,0.12,0,0,0,0,0,0,0,0,0.04
2015,KOR,-7.5,-122.5,0.01,0,0,0,0,0,0,0,0,0.03
2015,KOR,-7.5,-117.5,0.38,0,0,0,0,0,0,0,0.1,0.09
2015,KOR,-2.5,-142.5,0,0,0,0,0,0,0,0,0,0.02
2015,KOR,-2.5,-137.5,0.08,0,0,0,0,0,0.05,0,0.05,0.04
2015,KOR,2.5,-147.5,0.52,0,0,0.02,0,0,0.74,0,0.04,0.89
2015,KOR,2.5,-142.5,0.04,0,0,0.07,0,0,0.28,0,0,0.88
2015,KOR,7.5,-142.5,0.14,0,0,0,0,0,0.02,0,0,0.13
2015,TWN,-12.5,-147.5,0,0,0,0,0,0,1.06,0,0,0
2015,TWN,-7.5,-147.5,0,0,0,0,0,0,1.68,0,0,0
2015,TWN,-2.5,-147.5,0,0,0,0,0,0,4.76,0,0,0
2015,TWN,-2.5,-142.5,0,0,0,0,0,0,0.29,0,0,0
2015,TWN,2.5,-147.5,0,0,0,0,0,0,0.77,0,0,0
2015,TWN,7.5,-147.5,0,0,0,0,0,0,0.1,0,0,0
2015,TWN,32.5,-147.5,0,0,0,0,0,0,2.14,0,0,0
2015,TWN,32.5,-142.5,0,0,0,0,0,0,2.53,0,0,0
2015,USA,22.5,-147.5,0,0,0,0,0,0,0,0,0,0
2015,USA,22.5,-142.5,0,0,0,0,0,0,0,0,0,0
2015,USA,22.5,-137.5,0,0,0,0,0,0,0,0,0,0
2015,USA,32.5,-142.5,0,0,0,0,0,0,0,0,0,0
2015,USA,32.5,-137.5,0,0,0,0,0,0,0,0,0,0
2015,USA,32.5,-132.5,0,0,0,0,0,0,0,0,0,0
2015,USA,32.5,-127.5,0,0,0,0,0,0,0,0,0,0
2015,USA,37.5,-137.5,0,0,0,0,0,0,0,0,0,0
2015,BLZ,7.5,-107.5,15.2,0,8.51,0,0,0,0,0,0,0
2015,BLZ,12.5,-107.5,0.04,0,19.66,0,0,0,0,0,0,0
2015,CHN,-17.5,-127.5,0,0,0,0,0,0,0,0,0,0
2015,CHN,-17.5,-122.5,0,0,0,0,0,0,0,0,0,0
2015,CHN,-17.5,-117.5,0.7,0,0,0,0,0,0,0,0,0
2015,CHN,-17.5,-112.5,0,0,0,0,0,0,0,0,0,0
2015,CHN,-17.5,-102.5,0,0,0,0,0,0,0,0,0,0
2015,CHN,-12.5,-147.5,0,0,0,0,0,0,0,0.46,0,0
2015,CHN,-12.5,-142.5,0,0,0,0,0,0,0,0.41,0,0
2015,CHN,-12.5,-137.5,0,0,0,0,0,0,0,0.34,0,0
2015,CHN,-12.5,-132.5,0,0,0,0,0,0,0,0.08,0,0
2015,CHN,-12.5,-127.5,0,0,0,0,0,0,0,0,0,0
2015,CHN,-12.5,-122.5,0,0,0,0,0,0,0,0,0,0
2015,CHN,-12.5,-117.5,0,0,0,0,0,0,0,0,0,0
2015,CHN,-12.5,-112.5,0,0,0,0,0,0,0,0,0,0
2015,CHN,-7.5,-147.5,0,0,0,0,0,0,0,0.11,0,0
2015,CHN,-7.5,-142.5,0,0,0,0,0,0,0,0.03,0,0
2015,CHN,-7.5,-137.5,0,0,0,0,0,0,0,0.28,0,0
2015,CHN,-7.5,-132.5,0,0,0,0,0,0,0,0.45,0,0
2015,CHN,-7.5,-127.5,0,0,0,0,0,0,0,0,0,0
2015,CHN,-7.5,-122.5,0,0,0,0,0,0,0,0,0,0
2015,CHN,-2.5,-147.5,0.39,0,0,0,0,0,0,0.26,0,0
2015,CHN,-2.5,-142.5,0,0,0,0,0,0,0,0.12,0,0
2015,CHN,-2.5,-137.5,0,0,0,0,0,0,0,0.05,0,0
2015,CHN,-2.5,-132.5,0,0,0,0,0,0,0,0,0,0
2015,CHN,2.5,-147.5,1.98,0,0,0,0,0,0,0,0,0
2015,CHN,2.5,-142.5,0.03,0,0,0,0,0,0,0,0,0
2015,CHN,2.5,-137.5,0.06,0,0,0,0,0,0,0,0,0
2015,CHN,2.5,-132.5,0.31,0,0,0,0,0,0,0,0,0
2015,CHN,2.5,-127.5,0.64,0,0,0,0,0,0,0,0,0
2015,CHN,2.5,-122.5,0.06,0,0,0,0,0,0,0,0,0
2015,CHN,7.5,-147.5,2.59,0,0,0,0,0,0,0.41,0,0
2015,CHN,7.5,-142.5,6.07,0,0,0,0,0,0,1,0,0
2015,CHN,7.5,-137.5,0.42,0,0,0,0,0,0,2.23,0,0
2015,CHN,7.5,-132.5,1.24,0,0,0,0,0,0,2.18,0,0
2015,CHN,7.5,-127.5,3.65,0,0,0,0,0,0,1.22,0,0
2015,CHN,7.5,-122.5,2.41,0,0,0,0,0,0,0.4,0,0
2015,CHN,12.5,-147.5,0.63,0,0,0,0,0,0,0.11,0,0
2015,CHN,12.5,-142.5,1.81,0,0,0,0,0,0,0.31,0,0
2015,CHN,12.5,-137.5,2.26,0,0,0,0,0,0,0.38,0,0
2015,CHN,12.5,-132.5,2.28,0,0,0,0,0,0,0.38,0,0
2015,CHN,12.5,-127.5,1.42,0,0,0,0,0,0,0.24,0,0
2015,CHN,12.5,-122.5,0.6,0,0,0,0,0,0,0.1,0,0
2015,JPN,-17.5,-112.5,0,0,0,0,0,0,0,0,0,0
2015,JPN,-12.5,-117.5,0,0,0,0,0,0,0,0,0,0
2015,JPN,-12.5,-112.5,0,0,0,0,0,0,0,0,0,0
2015,JPN,-12.5,-107.5,0,0,0,0,0,0,0,0,0,0
2015,JPN,-12.5,-102.5,0,0,0,0,0,0,0,0,0,0
2015,JPN,-7.5,-122.5,0,0,0,0,0,0,0,0,0,0
2015,JPN,-7.5,-117.5,0,0,0,0,0,0,0,0,0,0
2015,JPN,-7.5,-112.5,0,0,0,0,0,0,0,0,0,0
2015,JPN,-7.5,-107.5,0,0,0,0,0,0,0,0,0,0
2015,JPN,-7.5,-102.5,0,0,0,0,0,0,0,0,0,0
2015,JPN,-2.5,-147.5,0,0,0,0,0,0,0,0,0,0
2015,JPN,2.5,-147.5,0,0,0,0,0,0,0,0,0,0
2015,JPN,7.5,-147.5,0,0,0,0,0,0,0,0,0,0
2015,KOR,-12.5,-127.5,0.69,0,0,0.03,0,0,0.01,0,0,0.03
2015,KOR,-12.5,-122.5,0.14,0,0,0,0,0,0,0,0.15,0.02
2015,KOR,-7.5,-137.5,0.01,0,0,0,0,0,0,0,0,0
2015,KOR,-7.5,-132.5,0.55,0,0,0,0,0,0,0,0,0.07
2015,KOR,-7.5,-127.5,0.39,0,0,0.13,0,0,0.01,0,0,0.11
2015,KOR,-7.5,-122.5,0.73,0,0,0,0,0,0.02,0,0.1,0.17
2015,KOR,-7.5,-117.5,0.15,0,0,0,0,0,0.01,0,0.09,0
2015,KOR,-2.5,-137.5,0.01,0,0,0,0,0,0,0,0.04,0.53
2015,KOR,-2.5,-132.5,0.02,0,0,0,0,0,0,0,0,0.09
2015,KOR,2.5,-147.5,1.8,0,0,0,0,0,0.44,0,0,1.53
2015,KOR,2.5,-142.5,0.16,0,0,0,0,0,0.09,0,0,0.45
2015,KOR,2.5,-137.5,0.24,0,0,0,0,0,0.22,0,0.02,0.69
2015,KOR,2.5,-132.5,1.47,0,0,0,0,0,0.38,0,0.28,2.62
2015,KOR,2.5,-127.5,1.28,0,0,0.03,0,0,0.44,0,0.18,2.99
2015,KOR,2.5,-122.5,0.53,0,0,0.05,0,0,0.01,0,0.01,1.23
2015,KOR,7.5,-147.5,0.61,0,0,0,0,0,0.18,0,0,0.48
2015,KOR,7.5,-142.5,0.13,0,0,0,0,0,0,0,0,0.04
2015,KOR,7.5,-137.5,0.32,0,0,0,0,0,0,0,0,0.04
2015,KOR,7.5,-132.5,0.57,0,0,0,0,0,0.01,0,0,0.53
2015,KOR,7.5,-127.5,1.02,0,0,0,0,0,0.09,0,0.03,3.81
2015,TWN,-2.5,-147.5,0,0,0,0,0,0,4.12,0,0,0
2015,TWN,-2.5,-142.5,0,0,0,0,0,0,2.67,0,0,0
2015,TWN,2.5,-147.5,0,0,0,0,0,0,0.88,0,0,0
2015,TWN,7.5,-147.5,0,0,0,0,0,0,0.69,0,0,0
2015,USA,17.5,-147.5,0,0,0,0,0,0,0,0,0,0
2015,USA,22.5,-147.5,0,0,0,0,0,0,0,0,0,0
2015,USA,22.5,-142.5,0,0,0,0,0,0,0,0,0,0
2015,USA,32.5,-147.5,0,0,0,0,0,0,0,0,0,0
2015,USA,32.5,-142.5,0,0,0,0,0,0,0,0,0,0
2015,USA,32.5,-137.5,0,0,0,0,0,0,0,0,0,0
2015,USA,32.5,-132.5,0,0,0,0,0,0,0,0,0,0
2015,BLZ,2.5,-107.5,13.72,0,17.87,0,0,0,0,0,0,0
2015,BLZ,7.5,-107.5,13.17,0,30.42,0,0,0,0,0,0,0
2015,CHN,-22.5,-112.5,0,0,0,0,0,0,0,0,0,0
2015,CHN,-17.5,-112.5,0,0,0,0,0,0,0,0,0,0
2015,CHN,-17.5,-107.5,0,0,0,0,0,0,0,0,0,0
2015,CHN,-12.5,-147.5,0,0,0,0,0,0,0,0,0,0
2015,CHN,-12.5,-142.5,0,0,0,0,0,0,0,0,0,0
2015,CHN,-12.5,-127.5,0.37,0,0,0,0,0,0,0,0,0
2015,CHN,-12.5,-122.5,0.25,0,0,0,0,0,0,0,0,0
2015,CHN,-12.5,-117.5,0,0,0,0,0,0,0,0,0,0
2015,CHN,-12.5,-112.5,0,0,0,0,0,0,0,0,0,0
2015,CHN,-7.5,-147.5,0,0,0,0,0,0,0,0.05,0,0
2015,CHN,-7.5,-142.5,0,0,0,0,0,0,0,0.4,0,0
2015,CHN,-7.5,-137.5,0,0,0,0,0,0,0,0.04,0,0
2015,CHN,-7.5,-132.5,0,0,0,0,0,0,0,0,0,0
2015,CHN,-7.5,-127.5,0.05,0,0,0,0,0,0,0,0,0
2015,CHN,-7.5,-122.5,0.18,0,0,0,0,0,0,0,0,0
2015,CHN,-2.5,-147.5,0.56,0,0,0,0,0,0,0.09,0,0
2015,CHN,-2.5,-142.5,0.31,0,0,0,0,0,0,0.11,0,0
2015,CHN,-2.5,-137.5,0,0,0,0,0,0,0,0.04,0,0
2015,CHN,-2.5,-132.5,0,0,0,0,0,0,0,0,0,0
2015,CHN,2.5,-147.5,0.7,0,0,0,0,0,0,0,0,0
2015,CHN,2.5,-142.5,0.47,0,0,0,0,0,0,0,0,0
2015,CHN,2.5,-137.5,0,0,0,0,0,0,0,0,0,0
2015,CHN,2.5,-132.5,0,0,0,0,0,0,0,0,0,0
2015,CHN,7.5,-147.5,3.93,0,0,0,0,0,0,0.42,0,0
2015,CHN,7.5,-142.5,5.47,0,0,0,0,0,0,0.95,0,0
2015,CHN,7.5,-137.5,6.45,0,0,0,0,0,0,2.03,0,0
2015,CHN,7.5,-132.5,0.58,0,0,0,0,0,0,1.98,0,0
2015,CHN,7.5,-127.5,4.4,0,0,0,0,0,0,0.97,0,0
2015,CHN,7.5,-122.5,0.18,0,0,0,0,0,0,0.32,0,0
2015,CHN,12.5,-147.5,0.64,0,0,0,0,0,0,0.11,0,0
2015,CHN,12.5,-142.5,1.84,0,0,0,0,0,0,0.32,0,0
2015,CHN,12.5,-137.5,2.3,0,0,0,0,0,0,0.4,0,0
2015,CHN,12.5,-132.5,2.3,0,0,0,0,0,0,0.4,0,0
2015,CHN,12.5,-127.5,1.96,0,0,0,0,0,0,0.24,0,0
2015,CHN,12.5,-122.5,0.73,0,0,0,0,0,0,0.1,0,0
2015,CHN,12.5,-117.5,0.15,0,0,0,0,0,0,0,0,0
2015,CHN,17.5,-127.5,0.21,0,0,0,0,0,0,0,0,0
2015,CHN,17.5,-122.5,0.15,0,0,0,0,0,0,0,0,0
2015,JPN,-37.5,-87.5,0,0,0,0,0,0,0,0,0,0
2015,JPN,-37.5,-82.5,0,0,0,0,0,0,0,0,0,0
2015,JPN,-32.5,-87.5,0,0,0,0,0,0,0,0,0,0
2015,JPN,-32.5,-82.5,0,0,0,0,0,0,0,0,0,0
2015,JPN,-27.5,-82.5,0,0,0,0,0,0,0,0,0,0
2015,JPN,-12.5,-117.5,0,0,0,0,0,0,0,0,0,0
2015,JPN,-12.5,-112.5,0,0,0,0,0,0,0,0,0,0
2015,JPN,-12.5,-107.5,0,0,0,0,0,0,0,0,0,0
2015,JPN,-12.5,-102.5,0,0,0,0,0,0,0,0,0,0
2015,JPN,-12.5,-97.5,0,0,0,0,0,0,0,0,0,0
2015,JPN,-7.5,-127.5,0,0,0,0,0,0,0,0,0,0
2015,JPN,-7.5,-122.5,0,0,0,0,0,0,0,0,0,0
2015,JPN,-7.5,-117.5,0,0,0,0,0,0,0,0,0,0
2015,JPN,-7.5,-112.5,0,0,0,0,0,0,0,0,0,0
2015,JPN,-7.5,-107.5,0,0,0,0,0,0,0,0,0,0
2015,KOR,-2.5,-137.5,0.82,0,0,0.03,0,0,0.03,0,0.29,1.68
2015,KOR,-2.5,-122.5,0.05,0,0,0,0,0,0.01,0,0,0.53
2015,KOR,2.5,-147.5,0.49,0,0,0,0,0,0.4,0,0.02,0.84
2015,KOR,2.5,-142.5,0.16,0,0,0,0,0,0.21,0,0,0.16
2015,KOR,2.5,-137.5,1.72,0,0,0.02,0,0,1.1,0,0,3.29
2015,KOR,2.5,-132.5,0.36,0,0,0.02,0,0,0.43,0,0.01,1.74
2015,KOR,2.5,-127.5,1.96,0,0,0.03,0,0,0.5,0,0.05,1.03
2015,KOR,2.5,-122.5,0.9,0,0,0,0,0,0.12,0,0.04,2.89
2015,KOR,7.5,-137.5,0.16,0,0,0,0,0,0.04,0,0,0.24
2015,KOR,7.5,-132.5,0.21,0,0,0,0,0,0,0,0,0.45
2015,KOR,7.5,-127.5,0,0,0,0,0,0,0.02,0,0,0
2015,TWN,-2.5,-147.5,0,0,0,0,0,0,0.44,0,0,0
2015,TWN,2.5,-147.5,0,0,0,0,0,0,1.13,0,0,0
2015,TWN,7.5,-147.5,0,0,0,0,0,0,0.08,0,0,0
2015,USA,22.5,-147.5,0,0,0,0,0,0,0,0,0,0
2015,USA,22.5,-142.5,0,0,0,0,0,0,0,0,0,0
2015,USA,22.5,-137.5,0,0,0,0,0,0,0,0,0,0
2015,USA,22.5,-132.5,0,0,0,0,0,0,0,0,0,0
2015,USA,27.5,-147.5,0,0,0,0,0,0,0,0,0,0
2015,USA,27.5,-137.5,0,0,0,0,0,0,0,0,0,0
2015,USA,32.5,-147.5,0,0,0,0,0,0,0,0,0,0
2015,USA,32.5,-142.5,0,0,0,0,0,0,0,0,0,0
2015,USA,32.5,-137.5,0,0,0,0,0,0,0,0,0,0
2015,BLZ,2.5,-107.5,9.1,0,17.72,0,0,0,0,0,0,0
2015,BLZ,2.5,-102.5,1.44,0,1.97,0,0,0,0,0,0,0
2015,BLZ,12.5,-102.5,0,0,10.14,0,0,0,0,0,0,0
2015,CHN,-17.5,-117.5,0,0,0,0,0,0,0,0,0,0
2015,CHN,-17.5,-107.5,0,0,0,0,0,0,0,0,0,0
2015,CHN,-12.5,-127.5,0,0,0,0,0,0,0,0,0,0
2015,CHN,-12.5,-122.5,0,0,0,0,0,0,0,0,0,0
2015,CHN,-7.5,-147.5,0.36,0,0,0,0,0,0,0.14,0,0
2015,CHN,-7.5,-142.5,0.08,0,0,0,0,0,0,0.24,0,0
2015,CHN,-7.5,-137.5,0,0,0,0,0,0,0,0.04,0,0
2015,CHN,-7.5,-127.5,0,0,0,0,0,0,0,0,0,0
2015,CHN,-7.5,-122.5,0,0,0,0,0,0,0,0,0,0
2015,CHN,-2.5,-147.5,0.05,0,0,0,0,0,0,0.11,0,0
2015,CHN,-2.5,-142.5,0.26,0,0,0,0,0,0,0.11,0,0
2015,CHN,-2.5,-137.5,0.21,0,0,0,0,0,0,0.04,0,0
2015,CHN,-2.5,-132.5,0.05,0,0,0,0,0,0,0,0,0
2015,CHN,2.5,-147.5,0.22,0,0,0,0,0,0,0,0,0
2015,CHN,2.5,-142.5,0,0,0,0,0,0,0,0,0,0
2015,CHN,7.5,-147.5,5.55,0,0,0,0,0,0,0.81,0,0
2015,CHN,7.5,-142.5,0.69,0,0,0,0,0,0,1.78,0,0
2015,CHN,7.5,-137.5,2.11,0,0,0,0,0,0,3.85,0,0
2015,CHN,7.5,-132.5,0.64,0,0,0,0,0,0,3.77,0,0
2015,CHN,7.5,-127.5,0.78,0,0,0,0,0,0,1.9,0,0
2015,CHN,7.5,-122.5,4.48,0,0,0,0,0,0,0.61,0,0
2015,CHN,12.5,-147.5,1.1,0,0,0,0,0,0,0.19,0,0
2015,CHN,12.5,-142.5,3.16,0,0,0,0,0,0,0.55,0,0
2015,CHN,12.5,-137.5,4.03,0,0,0,0,0,0,0.7,0,0
2015,CHN,12.5,-132.5,4.03,0,0,0,0,0,0,0.7,0,0
2015,CHN,12.5,-127.5,0.6,0,0,0,0,0,0,0.4,0,0
2015,CHN,12.5,-122.5,0.18,0,0,0,0,0,0,0.16,0,0
2015,CHN,12.5,-117.5,0.68,0,0,0,0,0,0,0,0,0
2015,CHN,17.5,-127.5,0.09,0,0,0,0,0,0,0,0,0
2015,CHN,17.5,-122.5,0.26,0,0,0,0,0,0,0,0,0
2015,JPN,-37.5,-87.5,0,0,0,0,0,0,0,0,0,0
2015,JPN,-37.5,-82.5,0,0,0,0,0,0,0,0,0,0
2015,JPN,-32.5,-87.5,0,0,0,0,0,0,0,0,0,0
2015,JPN,-32.5,-82.5,0,0,0,0,0,0,0,0,0,0
2015,JPN,-32.5,-77.5,0,0,0,0,0,0,0,0,0,0
2015,JPN,-27.5,-87.5,0,0,0,0,0,0,0,0,0,0
2015,JPN,-12.5,-112.5,0,0,0,0,0,0,0,0,0,0
2015,JPN,-12.5,-97.5,0,0,0,0,0,0,0,0,0,0
2015,JPN,-7.5,-112.5,0,0,0,0,0,0,0,0,0,0
2015,JPN,2.5,-132.5,0,0,0,0,0,0,0,0,0,0
2015,JPN,2.5,-127.5,0,0,0,0,0,0,0,0,0,0
2015,JPN,2.5,-117.5,0,0,0,0,0,0,0,0,0,0
2015,KOR,-2.5,-142.5,0.03,0,0,0,0,0,0,0,0,0.24
2015,KOR,-2.5,-137.5,0.31,0,0,0,0,0,0,0,0,0.63
2015,KOR,2.5,-147.5,0.24,0,0,0,0,0,0.15,0,0,0.27
2015,KOR,2.5,-142.5,0.46,0,0,0,0,0,0.25,0,0,0.88
2015,KOR,2.5,-137.5,1.14,0,0,0,0,0,0.39,0,0.02,1.51
2015,KOR,2.5,-132.5,2.71,0,0,0.03,0,0,0.35,0,0,4.46
2015,KOR,2.5,-127.5,1.56,0,0,0,0,0,0.32,0,0.17,1.92
2015,KOR,2.5,-122.5,0.91,0,0,0,0,0,0.25,0,0,0.32
2015,KOR,7.5,-137.5,0.06,0,0,0,0,0,0,0,0,0.23
2015,KOR,7.5,-132.5,0.55,0,0,0,0,0,0.05,0,0,0.95
2015,KOR,7.5,-127.5,1.78,0,0,0.01,0,0,0.02,0,0.05,0.7
2015,KOR,7.5,-122.5,0.45,0,0,0,0,0,0,0,0,0
2015,TWN,-2.5,-147.5,0,0,0,0,0,0,2.7,0,0,0
2015,TWN,-2.5,-142.5,0,0,0,0,0,0,5.75,0,0,0
2015,TWN,-2.5,-137.5,0,0,0,0,0,0,4.66,0,0,0
2015,TWN,2.5,-147.5,0,0,0,0,0,0,2.69,0,0,0
2015,USA,22.5,-142.5,0,0,0,0,0,0,0,0,0,0
2015,USA,22.5,-137.5,0,0,0,0,0,0,0,0,0,0
2015,USA,22.5,-132.5,0,0,0,0,0,0,0,0,0,0
2015,USA,27.5,-147.5,0,0,0,0,0,0,0,0,0,0
2015,USA,27.5,-142.5,0,0,0,0,0,0,0,0,0,0
2015,USA,27.5,-137.5,0,0,0,0,0,0,0,0,0,0
2015,USA,32.5,-142.5,0,0,0,0,0,0,0,0,0,0
2015,USA,32.5,-137.5,0,0,0,0,0,0,0,0,0,0
2015,BLZ,2.5,-107.5,22.11,0,31.26,0,0,0,0,0,0,0
2015,CHN,-12.5,-127.5,0,0,0,0,0,0,0,0,0,0
2015,CHN,-7.5,-147.5,2.08,0,0,0,0,0,0,0.04,0,0
2015,CHN,-7.5,-142.5,0,0,0,0,0,0,0,0.14,0,0
2015,CHN,-7.5,-137.5,0,0,0,0,0,0,0,0.19,0,0
2015,CHN,-7.5,-132.5,0,0,0,0,0,0,0,0,0,0
2015,CHN,-7.5,-127.5,0,0,0,0,0,0,0,0,0,0
2015,CHN,-7.5,-122.5,0,0,0,0,0,0,0,0,0,0
2015,CHN,-2.5,-147.5,5.69,0,0,0,0,0,0,0.09,0,0
2015,CHN,-2.5,-142.5,0.09,0,0,0,0,0,0,0.11,0,0
2015,CHN,-2.5,-137.5,0.03,0,0,0,0,0,0,0.04,0,0
2015,CHN,-2.5,-132.5,0,0,0,0,0,0,0,0,0,0
2015,CHN,2.5,-147.5,0.41,0,0,0,0,0,0,0,0,0
2015,CHN,2.5,-142.5,0.03,0,0,0,0,0,0,0,0,0
2015,CHN,2.5,-137.5,0.02,0,0,0,0,0,0,0,0,0
2015,CHN,7.5,-147.5,4.32,0,0,0,0,0,0,0.94,0,0
2015,CHN,7.5,-142.5,0.99,0,0,0,0,0,0,2.07,0,0
2015,CHN,7.5,-137.5,1.05,0,0,0,0,0,0,4.46,0,0
2015,CHN,7.5,-132.5,0.89,0,0,0,0,0,0,4.36,0,0
2015,CHN,7.5,-127.5,1.88,0,0,0,0,0,0,2.19,0,0
2015,CHN,7.5,-122.5,4.52,0,0,0,0,0,0,0.78,0,0
2015,CHN,12.5,-147.5,2.18,0,0,0,0,0,0,0.24,0,0
2015,CHN,12.5,-142.5,6.06,0,0,0,0,0,0,0.66,0,0
2015,CHN,12.5,-137.5,4.52,0,0,0,0,0,0,0.83,0,0
2015,CHN,12.5,-132.5,4.55,0,0,0,0,0,0,0.83,0,0
2015,CHN,12.5,-127.5,3.54,0,0,0,0,0,0,0.5,0,0
2015,CHN,12.5,-122.5,2.79,0,0,0,0,0,0,0.21,0,0
2015,CHN,17.5,-132.5,0.07,0,0,0,0,0,0,0,0,0
2015,CHN,17.5,-127.5,0.06,0,0,0,0,0,0,0,0,0
2015,CHN,17.5,-122.5,0.1,0,0,0,0,0,0,0,0,0
2015,JPN,-37.5,-87.5,0,0,0,0,0,0,0,0,0,0
2015,JPN,-32.5,-87.5,0,0,0,0,0,0,0,0,0,0
2015,JPN,-32.5,-82.5,0,0,0,0,0,0,0,0,0,0
2015,JPN,-27.5,-77.5,0,0,0,0,0,0,0,0,0,0
2015,JPN,-17.5,-112.5,0,0,0,0,0,0,0,0,0,0
2015,JPN,-17.5,-82.5,0,0,0,0,0,0,0,0,0,0
2015,JPN,-12.5,-117.5,0,0,0,0,0,0,0,0,0,0
2015,JPN,-12.5,-107.5,0,0,0,0,0,0,0,0,0,0
2015,JPN,-7.5,-117.5,0,0,0,0,0,0,0,0,0,0
2015,JPN,-7.5,-112.5,0,0,0,0,0,0,0,0,0,0
2015,JPN,-7.5,-107.5,0,0,0,0,0,0,0,0,0,0
2015,JPN,2.5,-132.5,0,0,0,0,0,0,0,0,0,0
2015,JPN,2.5,-127.5,0,0,0,0,0,0,0,0,0,0
2015,JPN,2.5,-122.5,0,0,0,0,0,0,0,0,0,0
2015,JPN,7.5,-127.5,0,0,0,0,0,0,0,0,0,0
2015,KOR,-7.5,-147.5,0.05,0,0,0.11,0,0,0,0,0,0.02
2015,KOR,-2.5,-147.5,0.04,0,0,0,0,0,0,0,0,0
2015,KOR,-2.5,-142.5,0.01,0,0,0,0,0,0.01,0,0,0
2015,KOR,-2.5,-132.5,0.31,0,0,0,0,0,0.09,0,0,0.11
2015,KOR,2.5,-147.5,0.53,0,0,0,0,0,0.49,0,0.03,0.59
2015,KOR,2.5,-142.5,0.9,0,0,0.01,0,0,0.78,0,0.04,0.99
2015,KOR,2.5,-137.5,1.07,0,0,0,0,0,1.17,0,0.02,2.49
2015,KOR,2.5,-132.5,2.17,0,0,0.05,0,0,0.19,0,0.02,1.34
2015,KOR,2.5,-127.5,0.12,0,0,0,0,0,0.18,0,0,4.67
2015,KOR,2.5,-122.5,0.1,0,0,0,0,0,0,0,0.03,0.36
2015,KOR,7.5,-142.5,0.03,0,0,0,0,0,0,0,0,0.03
2015,KOR,7.5,-137.5,0.04,0,0,0,0,0,0,0,0,0.02
2015,KOR,7.5,-132.5,0.25,0,0,0,0,0,0,0,0,0.22
2015,KOR,7.5,-127.5,0.14,0,0,0,0,0,0,0,0,0
2015,TWN,-7.5,-142.5,0,0,0,0,0,0,0.35,0,0,0
2015,TWN,-7.5,-137.5,0,0,0,0,0,0,2.09,0,0,0
2015,TWN,-2.5,-147.5,0,0,0,0,0,0,6.31,0,0,0
2015,TWN,-2.5,-142.5,0,0,0,0,0,0,5.16,0,0,0
2015,TWN,-2.5,-137.5,0,0,0,0,0,0,6.15,0,0,0
2015,TWN,2.5,-147.5,0,0,0,0,0,0,7.28,0,0,0
2015,TWN,2.5,-142.5,0,0,0,0,0,0,0.82,0,0,0
2015,TWN,2.5,-137.5,0,0,0,0,0,0,0.06,0,0,0
2015,TWN,2.5,-132.5,0,0,0,0,0,0,0.09,0,0,0
2015,USA,17.5,-147.5,0,0,0,0,0,0,0,0,0,0
2015,USA,22.5,-147.5,0,0,0,0,0,0,0,0,0,0
2015,USA,22.5,-142.5,0,0,0,0,0,0,0,0,0,0
2015,USA,22.5,-137.5,0,0,0,0,0,0,0,0,0,0
2015,USA,22.5,-132.5,0,0,0,0,0,0,0,0,0,0
2015,USA,27.5,-147.5,0,0,0,0,0,0,0,0,0,0
2015,BLZ,-2.5,-107.5,0.68,0,0.13,0,0,0,0,0,0,0
2015,BLZ,2.5,-107.5,7.69,0,16.11,0,0,0,0,0,0,0
2015,CHN,-17.5,-127.5,0,0,0,0,0,0,0,0,0,0
2015,CHN,-17.5,-122.5,0,0,0,0,0,0,0,0,0,0
2015,CHN,-12.5,-147.5,0.07,0,0,0,0,0,0,0,0,0
2015,CHN,-12.5,-127.5,0,0,0,0,0,0,0,0,0,0
2015,CHN,-7.5,-147.5,6.44,0,0,0,0,0,0,0.04,0,0
2015,CHN,-7.5,-142.5,0.62,0,0,0,0,0,0,0.34,0,0
2015,CHN,-7.5,-137.5,0,0,0,0,0,0,0,0.05,0,0
2015,CHN,-2.5,-147.5,1.83,0,0,0,0,0,0,0.09,0,0
2015,CHN,-2.5,-142.5,0.11,0,0,0,0,0,0,0.11,0,0
2015,CHN,-2.5,-137.5,0,0,0,0,0,0,0,0.05,0,0
2015,CHN,-2.5,-132.5,0,0,0,0,0,0,0,0,0,0
2015,CHN,2.5,-147.5,1.23,0,0,0,0,0,0,0,0,0
2015,CHN,2.5,-142.5,0.2,0,0,0,0,0,0,0,0,0
2015,CHN,2.5,-137.5,0.06,0,0,0,0,0,0,0,0,0
2015,CHN,2.5,-132.5,0.04,0,0,0,0,0,0,0,0,0
2015,CHN,7.5,-147.5,6.14,0,0,0,0,0,0,0.66,0,0
2015,CHN,7.5,-142.5,4.91,0,0,0,0,0,0,1.42,0,0
2015,CHN,7.5,-137.5,4.12,0,0,0,0,0,0,2.91,0,0
2015,CHN,7.5,-132.5,3.95,0,0,0,0,0,0,2.84,0,0
2015,CHN,7.5,-127.5,5.26,0,0,0,0,0,0,1.45,0,0
2015,CHN,7.5,-122.5,5.84,0,0,0,0,0,0,0.51,0,0
2015,CHN,12.5,-147.5,1.58,0,0,0,0,0,0,0.17,0,0
2015,CHN,12.5,-142.5,5.34,0,0,0,0,0,0,0.48,0,0
2015,CHN,12.5,-137.5,6.31,0,0,0,0,0,0,0.57,0,0
2015,CHN,12.5,-132.5,6.31,0,0,0,0,0,0,0.57,0,0
2015,CHN,12.5,-127.5,4.21,0,0,0,0,0,0,0.34,0,0
2015,CHN,12.5,-122.5,1.86,0,0,0,0,0,0,0.14,0,0
2015,JPN,-32.5,-87.5,0,0,0,0,0,0,0,0,0,0
2015,JPN,-32.5,-82.5,0,0,0,0,0,0,0,0,0,0
2015,JPN,-27.5,-82.5,0,0,0,0,0,0,0,0,0,0
2015,JPN,-22.5,-87.5,0,0,0,0,0,0,0,0,0,0
2015,JPN,-17.5,-117.5,0,0,0,0,0,0,0,0,0,0
2015,JPN,-17.5,-112.5,0,0,0,0,0,0,0,0,0,0
2015,JPN,-17.5,-107.5,0,0,0,0,0,0,0,0,0,0
2015,JPN,-17.5,-102.5,0,0,0,0,0,0,0,0,0,0
2015,JPN,-17.5,-97.5,0,0,0,0,0,0,0,0,0,0
2015,JPN,-17.5,-87.5,0,0,0,0,0,0,0,0,0,0
2015,JPN,-17.5,-82.5,0,0,0,0,0,0,0,0,0,0
2015,JPN,-12.5,-117.5,0,0,0,0,0,0,0,0,0,0
2015,JPN,-12.5,-102.5,0,0,0,0,0,0,0,0,0,0
2015,JPN,-12.5,-97.5,0,0,0,0,0,0,0,0,0,0
2015,JPN,-12.5,-92.5,0,0,0,0,0,0,0,0,0,0
2015,JPN,-7.5,-117.5,0,0,0,0,0,0,0,0,0,0
2015,JPN,2.5,-127.5,0,0,0,0,0,0,0,0,0,0
2015,JPN,2.5,-122.5,0,0,0,0,0,0,0,0,0,0
2015,JPN,2.5,-117.5,0,0,0,0,0,0,0,0,0,0
2015,JPN,2.5,-112.5,0,0,0,0,0,0,0,0,0,0
2015,KOR,-12.5,-127.5,0.02,0,0,0,0,0,0,0,0,0
2015,KOR,-7.5,-142.5,0.1,0,0,0,0,0,0,0,0,0.11
2015,KOR,-7.5,-132.5,0.25,0,0,0,0,0,0.01,0,0,0.09
2015,KOR,-7.5,-127.5,1.91,0,0,0.4,0,0,0.23,0,0.16,0.29
2015,KOR,-2.5,-142.5,0.04,0,0,0,0,0,0,0,0,0.12
2015,KOR,-2.5,-137.5,0.05,0,0,0,0,0,0,0,0,0.07
2015,KOR,-2.5,-132.5,0,0,0,0,0,0,0,0,0,0.05
2015,KOR,2.5,-147.5,0.02,0,0,0,0,0,0.03,0,0,0
2015,KOR,2.5,-142.5,0.01,0,0,0,0,0,0,0,0,0
2015,KOR,2.5,-137.5,0.08,0,0,0,0,0,0,0,0,0.19
2015,KOR,2.5,-132.5,0.2,0,0,0,0,0,0,0,0,0.27
2015,KOR,2.5,-127.5,0.6,0,0,0,0,0,0.35,0,0,5.67
2015,KOR,2.5,-122.5,0.4,0,0,0.02,0,0,0.41,0,0.04,9.08
2015,KOR,2.5,-117.5,0.06,0,0,0,0,0,0.06,0,0,0
2015,KOR,7.5,-142.5,0.01,0,0,0,0,0,0,0,0,0
2015,KOR,7.5,-127.5,0.25,0,0,0,0,0,0,0,0,0.75
2015,TWN,-27.5,-137.5,0,0,0,0,0,0,0.15,0,0,0
2015,TWN,-12.5,-147.5,0,0,0,0,0,0,2.3,0,0,0
2015,TWN,-12.5,-142.5,0,0,0,0,0,0,1.9,0,0,0
2015,TWN,-12.5,-137.5,0,0,0,0,0,0,0.26,0,0,0
2015,TWN,-12.5,-132.5,0,0,0,0,0,0,2.39,0,0,0
2015,TWN,-7.5,-147.5,0,0,0,0,0,0,43.1,0,0,0
2015,TWN,-7.5,-142.5,0,0,0,0,0,0,8.85,0,0,0
2015,TWN,-7.5,-137.5,0,0,0,0,0,0,3.61,0,0,0
2015,TWN,-7.5,-132.5,0,0,0,0,0,0,4.03,0,0,0
2015,TWN,-2.5,-147.5,0,0,0,0,0,0,0.29,0,0,0
2015,TWN,-2.5,-142.5,0,0,0,0,0,0,1.46,0,0,0
2015,TWN,-2.5,-137.5,0,0,0,0,0,0,0.18,0,0,0
2015,TWN,-2.5,-132.5,0,0,0,0,0,0,0.53,0,0,0
2015,TWN,2.5,-147.5,0,0,0,0,0,0,0.15,0,0,0
2015,USA,22.5,-147.5,0,0,0,0,0,0,0,0,0,0
2015,USA,22.5,-142.5,0,0,0,0,0,0,0,0,0,0
2015,USA,22.5,-137.5,0,0,0,0,0,0,0,0,0,0
2015,USA,27.5,-147.5,0,0,0,0,0,0,0,0,0,0
2015,USA,27.5,-142.5,0,0,0,0,0,0,0,0,0,0
2015,USA,27.5,-132.5,0,0,0,0,0,0,0,0,0,0
2015,BLZ,2.5,-107.5,4.47,0,16.33,0,0,0,0,0,0,0
2015,CHN,-12.5,-147.5,0.67,0,0,0,0,0,0,0,0,0
2015,CHN,-12.5,-127.5,0,0,0,0,0,0,0,0,0,0
2015,CHN,-12.5,-122.5,0,0,0,0,0,0,0,0,0,0
2015,CHN,-7.5,-147.5,14.07,0,0,0,0,0,0,0.04,0,0
2015,CHN,-7.5,-142.5,0.3,0,0,0,0,0,0,1.85,0,0
2015,CHN,-7.5,-137.5,0,0,0,0,0,0,0,0.08,0,0
2015,CHN,-7.5,-132.5,0,0,0,0,0,0,0,0,0,0
2015,CHN,-2.5,-147.5,0.65,0,0,0,0,0,0,0.09,0,0
2015,CHN,-2.5,-142.5,0,0,0,0,0,0,0,0.11,0,0
2015,CHN,-2.5,-137.5,0,0,0,0,0,0,0,0.04,0,0
2015,CHN,-2.5,-132.5,0,0,0,0,0,0,0,0,0,0
2015,CHN,-2.5,-127.5,0,0,0,0,0,0,0,0,0,0
2015,CHN,2.5,-147.5,0.65,0,0,0,0,0,0,0,0,0
2015,CHN,2.5,-142.5,0,0,0,0,0,0,0,0,0,0
2015,CHN,2.5,-132.5,0,0,0,0,0,0,0,0,0,0
2015,CHN,7.5,-147.5,6.58,0,0,0,0,0,0,0.65,0,0
2015,CHN,7.5,-142.5,0.98,0,0,0,0,0,0,1.45,0,0
2015,CHN,7.5,-137.5,4.1,0,0,0,0,0,0,3.07,0,0
2015,CHN,7.5,-132.5,2.12,0,0,0,0,0,0,3,0,0
2015,CHN,7.5,-127.5,4.58,0,0,0,0,0,0,1.5,0,0
2015,CHN,7.5,-122.5,0.15,0,0,0,0,0,0,0.5,0,0
2015,CHN,12.5,-147.5,1.57,0,0,0,0,0,0,0.17,0,0
2015,CHN,12.5,-142.5,4.39,0,0,0,0,0,0,0.48,0,0
2015,CHN,12.5,-137.5,5.43,0,0,0,0,0,0,0.59,0,0
2015,CHN,12.5,-132.5,5.43,0,0,0,0,0,0,0.59,0,0
2015,CHN,12.5,-127.5,3.31,0,0,0,0,0,0,0.36,0,0
2015,CHN,12.5,-122.5,1.4,0,0,0,0,0,0,0.15,0,0
2015,JPN,-32.5,-82.5,0,0,0,0,0,0,0,0,0,0
2015,JPN,-27.5,-87.5,0,0,0,0,0,0,0,0,0,0
2015,JPN,-27.5,-82.5,0,0,0,0,0,0,0,0,0,0
2015,JPN,-17.5,-117.5,0,0,0,0,0,0,0,0,0,0
2015,JPN,-17.5,-112.5,0,0,0,0,0,0,0,0,0,0
2015,JPN,-17.5,-102.5,0,0,0,0,0,0,0,0,0,0
2015,JPN,-17.5,-97.5,0,0,0,0,0,0,0,0,0,0
2015,JPN,-17.5,-92.5,0,0,0,0,0,0,0,0,0,0
2015,JPN,-17.5,-87.5,0,0,0,0,0,0,0,0,0,0
2015,JPN,-12.5,-122.5,0,0,0,0,0,0,0,0,0,0
2015,JPN,-12.5,-117.5,0,0,0,0,0,0,0,0,0,0
2015,JPN,-12.5,-112.5,0,0,0,0,0,0,0,0,0,0
2015,JPN,-12.5,-107.5,0,0,0,0,0,0,0,0,0,0
2015,JPN,-12.5,-102.5,0,0,0,0,0,0,0,0,0,0
2015,JPN,-12.5,-97.5,0,0,0,0,0,0,0,0,0,0
2015,JPN,-12.5,-92.5,0,0,0,0,0,0,0,0,0,0
2015,JPN,-12.5,-87.5,0,0,0,0,0,0,0,0,0,0
2015,JPN,-7.5,-122.5,0,0,0,0,0,0,0,0,0,0
2015,JPN,-7.5,-117.5,0,0,0,0,0,0,0,0,0,0
2015,JPN,-2.5,-127.5,0,0,0,0,0,0,0,0,0,0
2015,JPN,2.5,-142.5,0,0,0,0,0,0,0,0,0,0
2015,JPN,2.5,-112.5,0,0,0,0,0,0,0,0,0,0
2015,JPN,2.5,-107.5,0,0,0,0,0,0,0,0,0,0
2015,JPN,7.5,-112.5,0,0,0,0,0,0,0,0,0,0
2015,KOR,-7.5,-132.5,0.02,0,0,0,0,0,0,0,0.06,0.09
2015,KOR,-7.5,-127.5,0,0,0,0.05,0,0,0.01,0,0,0.09
2015,KOR,-2.5,-127.5,0.39,0,0,0,0,0,0.09,0,0,4.35
2015,KOR,2.5,-142.5,0.01,0,0,0.06,0,0,0.09,0,0,0.9
2015,KOR,2.5,-137.5,0.1,0,0,0,0,0,0,0,0,0.55
2015,KOR,2.5,-132.5,0.52,0,0,0.13,0,0,0.41,0,0.09,1.9
2015,KOR,2.5,-127.5,0.92,0,0,0.11,0,0,1.08,0,0.15,3.53
2015,KOR,2.5,-122.5,0.13,0,0,0.05,0,0,0.44,0,0,0.45
2015,KOR,7.5,-132.5,0.06,0,0,0,0,0,0,0,0,0.32
2015,KOR,7.5,-127.5,0.11,0,0,0,0,0,0.02,0,0,0.02
2015,KOR,7.5,-122.5,0,0,0,0,0,0,0.07,0,0,0
2015,TWN,-32.5,-132.5,0,0,0,0,0,0,0.62,0,0,0
2015,TWN,-32.5,-127.5,0,0,0,0,0,0,0.53,0,0,0
2015,TWN,-27.5,-137.5,0,0,0,0,0,0,0.48,0,0,0
2015,TWN,-27.5,-132.5,0,0,0,0,0,0,0.14,0,0,0
2015,TWN,-12.5,-147.5,0,0,0,0,0,0,2.38,0,0,0
2015,TWN,-12.5,-142.5,0,0,0,0,0,0,2.29,0,0,0
2015,TWN,-12.5,-137.5,0,0,0,0,0,0,4.09,0,0,0
2015,TWN,-12.5,-132.5,0,0,0,0,0,0,31.11,0,0,0
2015,TWN,-7.5,-147.5,0,0,0,0,0,0,12.6,0,0,0
2015,TWN,-7.5,-142.5,0,0,0,0,0,0,6.08,0,0,0
2015,TWN,-7.5,-137.5,0,0,0,0,0,0,4.45,0,0,0
2015,TWN,-7.5,-132.5,0,0,0,0,0,0,14.82,0,0,0
2015,TWN,-2.5,-147.5,0,0,0,0,0,0,0.89,0,0,0
2015,USA,27.5,-147.5,0,0,0,0,0,0,0,0,0,0
2015,USA,27.5,-142.5,0,0,0,0,0,0,0,0,0,0
2015,USA,27.5,-137.5,0,0,0,0,0,0,0,0,0,0
2015,USA,27.5,-132.5,0,0,0,0,0,0,0,0,0,0
2015,USA,32.5,-147.5,0,0,0,0,0,0,0,0,0,0
2015,USA,32.5,-142.5,0,0,0,0,0,0,0,0,0,0
2015,BLZ,2.5,-107.5,1.72,0,10.14,0,0,0,0,0,0,0
2015,BLZ,2.5,-102.5,0.11,0,1.15,0,0,0,0,0,0,0
2015,CHN,-12.5,-147.5,0.31,0,0,0,0,0,0,0,0,0
2015,CHN,-12.5,-142.5,0.05,0,0,0,0,0,0,0,0,0
2015,CHN,-7.5,-147.5,5.18,0,0,0,0,0,0,0.04,0,0
2015,CHN,-7.5,-142.5,0.24,0,0,0,0,0,0,0.18,0,0
2015,CHN,-7.5,-137.5,0,0,0,0,0,0,0,0.36,0,0
2015,CHN,-7.5,-132.5,0,0,0,0,0,0,0,0,0,0
2015,CHN,-7.5,-127.5,0,0,0,0,0,0,0,0,0,0
2015,CHN,-7.5,-122.5,0,0,0,0,0,0,0,0,0,0
2015,CHN,-2.5,-147.5,0,0,0,0,0,0,0,0.09,0,0
2015,CHN,-2.5,-142.5,0,0,0,0,0,0,0,0.11,0,0
2015,CHN,-2.5,-137.5,0,0,0,0,0,0,0,0.04,0,0
2015,CHN,-2.5,-132.5,0,0,0,0,0,0,0,0,0,0
2015,CHN,-2.5,-127.5,0,0,0,0,0,0,0,0,0,0
2015,CHN,2.5,-142.5,0,0,0,0,0,0,0,0,0,0
2015,CHN,2.5,-132.5,0,0,0,0,0,0,0,0,0,0
2015,CHN,2.5,-127.5,0,0,0,0,0,0,0,0,0,0
2015,CHN,7.5,-147.5,0.12,0,0,0,0,0,0,0.86,0,0
2015,CHN,7.5,-142.5,3.5,0,0,0,0,0,0,1.89,0,0
2015,CHN,7.5,-137.5,3.55,0,0,0,0,0,0,4.06,0,0
2015,CHN,7.5,-132.5,3.14,0,0,0,0,0,0,3.96,0,0
2015,CHN,7.5,-127.5,4.12,0,0,0,0,0,0,1.98,0,0
2015,CHN,7.5,-122.5,0.53,0,0,0,0,0,0,0.69,0,0
2015,CHN,12.5,-147.5,0.15,0,0,0,0,0,0,0.21,0,0
2015,CHN,12.5,-142.5,1.19,0,0,0,0,0,0,0.55,0,0
2015,CHN,12.5,-137.5,1.25,0,0,0,0,0,0,0.69,0,0
2015,CHN,12.5,-132.5,4.12,0,0,0,0,0,0,0.69,0,0
2015,CHN,12.5,-127.5,0.14,0,0,0,0,0,0,0.39,0,0
2015,CHN,12.5,-122.5,2.5,0,0,0,0,0,0,0.14,0,0
2015,CHN,17.5,-132.5,0.06,0,0,0,0,0,0,0,0,0
2015,CHN,17.5,-127.5,0.05,0,0,0,0,0,0,0,0,0
2015,JPN,-32.5,-82.5,0,0,0,0,0,0,0,0,0,0
2015,JPN,-27.5,-87.5,0,0,0,0,0,0,0,0,0,0
2015,JPN,-27.5,-82.5,0,0,0,0,0,0,0,0,0,0
2015,JPN,-17.5,-117.5,0,0,0,0,0,0,0,0,0,0
2015,JPN,-17.5,-112.5,0,0,0,0,0,0,0,0,0,0
2015,JPN,-17.5,-92.5,0,0,0,0,0,0,0,0,0,0
2015,JPN,-17.5,-87.5,0,0,0,0,0,0,0,0,0,0
2015,JPN,-12.5,-132.5,0,0,0,0,0,0,0,0,0,0
2015,JPN,-12.5,-117.5,0,0,0,0,0,0,0,0,0,0
2015,JPN,-12.5,-112.5,0,0,0,0,0,0,0,0,0,0
2015,JPN,-12.5,-107.5,0,0,0,0,0,0,0,0,0,0
2015,JPN,-12.5,-92.5,0,0,0,0,0,0,0,0,0,0
2015,JPN,-12.5,-87.5,0,0,0,0,0,0,0,0,0,0
2015,JPN,-7.5,-132.5,0,0,0,0,0,0,0,0,0,0
2015,JPN,-7.5,-122.5,0,0,0,0,0,0,0,0,0,0
2015,JPN,-7.5,-117.5,0,0,0,0,0,0,0,0,0,0
2015,JPN,-7.5,-112.5,0,0,0,0,0,0,0,0,0,0
2015,JPN,-2.5,-132.5,0,0,0,0,0,0,0,0,0,0
2015,JPN,-2.5,-127.5,0,0,0,0,0,0,0,0,0,0
2015,JPN,2.5,-142.5,0,0,0,0,0,0,0,0,0,0
2015,JPN,2.5,-137.5,0,0,0,0,0,0,0,0,0,0
2015,JPN,2.5,-117.5,0,0,0,0,0,0,0,0,0,0
2015,JPN,2.5,-112.5,0,0,0,0,0,0,0,0,0,0
2015,JPN,2.5,-107.5,0,0,0,0,0,0,0,0,0,0
2015,JPN,7.5,-142.5,0,0,0,0,0,0,0,0,0,0
2015,KOR,-12.5,-132.5,0.28,0,0,0,0,0,0,0,0,0.03
2015,KOR,-12.5,-127.5,0.1,0,0,0,0,0,0,0,0.05,0
2015,KOR,-7.5,-132.5,0.06,0,0,0,0,0,0,0,0,0
2015,KOR,-7.5,-127.5,0.58,0,0,0.25,0,0,0.56,0,0.23,0.48
2015,KOR,-7.5,-122.5,0.92,0,0,0,0,0,0.14,0,0.15,0.36
2015,KOR,-2.5,-137.5,0.44,0,0,0,0,0,0.13,0,0,0.17
2015,KOR,-2.5,-132.5,0.36,0,0,0,0,0,0.35,0,0.08,0.24
2015,KOR,-2.5,-127.5,0.26,0,0,0,0,0,0.14,0,0.05,0.13
2015,KOR,2.5,-147.5,0,0,0,0,0,0,0.26,0,0,0
2015,KOR,2.5,-142.5,0.05,0,0,0,0,0,0.17,0,0,0.09
2015,KOR,2.5,-137.5,0.49,0,0,0,0,0,0.79,0,0,0.74
2015,KOR,2.5,-132.5,0.04,0,0,0,0,0,0,0,0.04,0.25
2015,KOR,2.5,-122.5,0,0,0,0.05,0,0,1.23,0,0.1,3.15
2015,TWN,-37.5,-127.5,0,0,0,0,0,0,0.29,0,0,0
2015,TWN,-32.5,-132.5,0,0,0,0,0,0,0.37,0,0,0
2015,TWN,-32.5,-127.5,0,0,0,0,0,0,1.07,0,0,0
2015,TWN,-32.5,-122.5,0,0,0,0,0,0,1.05,0,0,0
2015,TWN,-12.5,-147.5,0,0,0,0,0,0,4.29,0,0,0
2015,TWN,-12.5,-142.5,0,0,0,0,0,0,2.26,0,0,0
2015,TWN,-12.5,-137.5,0,0,0,0,0,0,1.21,0,0,0
2015,TWN,-12.5,-132.5,0,0,0,0,0,0,44.31,0,0,0
2015,TWN,-12.5,-127.5,0,0,0,0,0,0,33.96,0,0,0
2015,TWN,-7.5,-147.5,0,0,0,0,0,0,10.74,0,0,0
2015,TWN,-7.5,-142.5,0,0,0,0,0,0,1.78,0,0,0
2015,TWN,-7.5,-137.5,0,0,0,0,0,0,1.25,0,0,0
2015,TWN,-7.5,-132.5,0,0,0,0,0,0,6.54,0,0,0
2015,TWN,-7.5,-127.5,0,0,0,0,0,0,5.55,0,0,0
2015,TWN,-2.5,-147.5,0,0,0,0,0,0,0.13,0,0,0
2015,USA,27.5,-147.5,0,0,0,0,0,0,0,0,0,0
2015,USA,27.5,-142.5,0,0,0,0,0,0,0,0,0,0
2015,USA,27.5,-137.5,0,0,0,0,0,0,0,0,0,0
2015,USA,32.5,-147.5,0,0,0,0,0,0,0,0,0,0
2015,USA,32.5,-142.5,0,0,0,0,0,0,0,0,0,0
2015,USA,32.5,-137.5,0,0,0,0,0,0,0,0,0,0
2015,BLZ,2.5,-107.5,10.71,0,27.86,0,0,0,0,0.05,0,0
2015,BLZ,7.5,-102.5,0,0,7.68,0,0,0,0,0,0,0
2015,CHN,-12.5,-147.5,0.89,0,0,0,0,0,0,0,0,0
2015,CHN,-12.5,-142.5,0.17,0,0,0,0,0,0,0,0,0
2015,CHN,-12.5,-137.5,0.18,0,0,0,0,0,0,0,0,0
2015,CHN,-12.5,-132.5,3.62,0,0,0,0,0,0,0,0,0
2015,CHN,-12.5,-127.5,0,0,0,0,0,0,0,0,0,0
2015,CHN,-12.5,-122.5,0,0,0,0,0,0,0,0,0,0
2015,CHN,-7.5,-147.5,2.8,0,0,0,0,0,0,0.04,0,0
2015,CHN,-7.5,-142.5,0,0,0,0,0,0,0,0.08,0,0
2015,CHN,-7.5,-137.5,0,0,0,0,0,0,0,0.21,0,0
2015,CHN,-7.5,-132.5,1.65,0,0,0,0,0,0,0,0,0
2015,CHN,-7.5,-127.5,0,0,0,0,0,0,0,0,0,0
2015,CHN,-7.5,-122.5,0,0,0,0,0,0,0,0,0,0
2015,CHN,-2.5,-147.5,0,0,0,0,0,0,0,0.09,0,0
2015,CHN,-2.5,-142.5,0,0,0,0,0,0,0,0.11,0,0
2015,CHN,-2.5,-137.5,0,0,0,0,0,0,0,0.04,0,0
2015,CHN,-2.5,-132.5,0,0,0,0,0,0,0,0,0,0
2015,CHN,2.5,-137.5,0,0,0,0,0,0,0,0,0,0
2015,CHN,2.5,-132.5,0,0,0,0,0,0,0,0,0,0
2015,CHN,7.5,-147.5,6.06,0,0,0,0,0,0,0.64,0,0
2015,CHN,7.5,-142.5,4.03,0,0,0,0,0,0,1.49,0,0
2015,CHN,7.5,-137.5,1.22,0,0,0,0,0,0,3.25,0,0
2015,CHN,7.5,-132.5,0.92,0,0,0,0,0,0,3.17,0,0
2015,CHN,7.5,-127.5,4.95,0,0,0,0,0,0,1.57,0,0
2015,CHN,7.5,-122.5,0.95,0,0,0,0,0,0,0.52,0,0
2015,CHN,12.5,-147.5,1.83,0,0,0,0,0,0,0.19,0,0
2015,CHN,12.5,-142.5,5.78,0,0,0,0,0,0,0.56,0,0
2015,CHN,12.5,-137.5,0.4,0,0,0,0,0,0,0.69,0,0
2015,CHN,12.5,-132.5,4.91,0,0,0,0,0,0,0.69,0,0
2015,CHN,12.5,-127.5,2.45,0,0,0,0,0,0,0.4,0,0
2015,CHN,12.5,-122.5,1.56,0,0,0,0,0,0,0.16,0,0
2015,JPN,-27.5,-82.5,0,0,0,0,0,0,0,0,0,0
2015,JPN,-22.5,-87.5,0,0,0,0,0,0,0,0,0,0
2015,JPN,-22.5,-82.5,0,0,0,0,0,0,0,0,0,0
2015,JPN,-17.5,-112.5,0,0,0,0,0,0,0,0,0,0
2015,JPN,-17.5,-92.5,0,0,0,0,0,0,0,0,0,0
2015,JPN,-17.5,-87.5,0,0,0,0,0,0,0,0,0,0
2015,JPN,-12.5,-147.5,0,0,0,0,0,0,0,0,0,0
2015,JPN,-12.5,-137.5,0,0,0,0,0,0,0,0,0,0
2015,JPN,-12.5,-132.5,0,0,0,0,0,0,0,0,0,0
2015,JPN,-12.5,-127.5,0,0,0,0,0,0,0,0,0,0
2015,JPN,-12.5,-122.5,0,0,0,0,0,0,0,0,0,0
2015,JPN,-12.5,-117.5,0,0,0,0,0,0,0,0,0,0
2015,JPN,-12.5,-112.5,0,0,0,0,0,0,0,0,0,0
2015,JPN,-12.5,-102.5,0,0,0,0,0,0,0,0,0,0
2015,JPN,-12.5,-92.5,0,0,0,0,0,0,0,0,0,0
2015,JPN,-7.5,-147.5,0,0,0,0,0,0,0,0,0,0
2015,JPN,-7.5,-132.5,0,0,0,0,0,0,0,0,0,0
2015,JPN,-7.5,-127.5,0,0,0,0,0,0,0,0,0,0
2015,JPN,-7.5,-117.5,0,0,0,0,0,0,0,0,0,0
2015,JPN,-7.5,-112.5,0,0,0,0,0,0,0,0,0,0
2015,JPN,-7.5,-107.5,0,0,0,0,0,0,0,0,0,0
2015,KOR,-12.5,-122.5,0.07,0,0,0,0,0,0,0,0,0.02
2015,KOR,-12.5,-117.5,0.76,0,0,0.18,0,0,0,0,0,0.22
2015,KOR,-7.5,-132.5,0.01,0,0,0,0,0,0,0,0,0
2015,KOR,-7.5,-127.5,0.31,0,0,0,0,0,0.9,0,0.59,0.88
2015,KOR,-7.5,-122.5,3.79,0,0,0.42,0,0,0.7,0,2.22,1.14
2015,KOR,-7.5,-117.5,1.14,0,0,0.05,0,0,0.02,0,0.02,0.23
2015,KOR,-2.5,-147.5,0,0,0,0,0,0,0.43,0,0.08,0
2015,KOR,-2.5,-137.5,0.55,0,0,0,0,0,0.09,0,0,0.05
2015,KOR,-2.5,-132.5,0.37,0,0,0,0,0,0.07,0,0.04,0.51
2015,KOR,-2.5,-122.5,0.47,0,0,0,0,0,0,0,0,0.92
2015,KOR,-2.5,-117.5,0,0,0,0,0,0,0.03,0,0,0
2015,KOR,2.5,-137.5,0,0,0,0,0,0,0,0,0,0.08
2015,TWN,-32.5,-132.5,0,0,0,0,0,0,2.04,0,0,0
2015,TWN,-32.5,-127.5,0,0,0,0,0,0,4.27,0,0,0
2015,TWN,-32.5,-122.5,0,0,0,0,0,0,0.06,0,0,0
2015,TWN,-12.5,-147.5,0,0,0,0,0,0,3.37,0,0,0
2015,TWN,-12.5,-137.5,0,0,0,0,0,0,3.99,0,0,0
2015,TWN,-12.5,-132.5,0,0,0,0,0,0,35.44,0,0,0
2015,TWN,-12.5,-127.5,0,0,0,0,0,0,21.42,0,0,0
2015,TWN,-12.5,-122.5,0,0,0,0,0,0,0.16,0,0,0
2015,TWN,-7.5,-147.5,0,0,0,0,0,0,15.49,0,0,0
2015,TWN,-7.5,-142.5,0,0,0,0,0,0,0.52,0,0,0
2015,TWN,-7.5,-137.5,0,0,0,0,0,0,0.36,0,0,0
2015,TWN,-7.5,-132.5,0,0,0,0,0,0,5.88,0,0,0
2015,TWN,-2.5,-147.5,0,0,0,0,0,0,4.02,0,0,0
2015,TWN,-2.5,-142.5,0,0,0,0,0,0,0.05,0,0,0
2015,TWN,-2.5,-137.5,0,0,0,0,0,0,0.15,0,0,0
2015,TWN,-2.5,-132.5,0,0,0,0,0,0,0.62,0,0,0
2015,TWN,2.5,-147.5,0,0,0,0,0,0,0.6,0,0,0
2015,USA,22.5,-147.5,0,0,0,0,0,0,0,0,0,0
2015,USA,22.5,-142.5,0,0,0,0,0,0,0,0,0,0
2015,USA,22.5,-137.5,0,0,0,0,0,0,0,0,0,0
2015,USA,27.5,-147.5,0,0,0,0,0,0,0,0,0,0
2015,USA,27.5,-142.5,0,0,0,0,0,0,0,0,0,0
2015,USA,27.5,-137.5,0,0,0,0,0,0,0,0,0,0
2015,USA,27.5,-132.5,0,0,0,0,0,0,0,0,0,0
2015,USA,32.5,-147.5,0,0,0,0,0,0,0,0,0,0
2015,USA,32.5,-142.5,0,0,0,0,0,0,0,0,0,0
2015,USA,32.5,-137.5,0,0,0,0,0,0,0,0,0,0
2015,BLZ,7.5,-107.5,0,0,10.73,0,0,0,0,0,0,0
2015,BLZ,7.5,-102.5,0,0,24.9,0,0,0,0,0.16,0,0
2015,BLZ,12.5,-107.5,6.38,0,12.37,0,0,0,0,0,0,0
2015,CHN,-12.5,-147.5,0.42,0,0,0,0,0,0,0,0,0
2015,CHN,-12.5,-137.5,0.1,0,0,0,0,0,0,0,0,0
2015,CHN,-12.5,-132.5,5.35,0,0,0,0,0,0,0.22,0,0
2015,CHN,-12.5,-127.5,0.3,0,0,0,0,0,0,0,0,0
2015,CHN,-7.5,-147.5,7.96,0,0,0,0,0,0,0,0,0
2015,CHN,-7.5,-142.5,0.07,0,0,0,0,0,0,0,0,0
2015,CHN,-7.5,-137.5,0,0,0,0,0,0,0,0,0,0
2015,CHN,-7.5,-132.5,2.59,0,0,0,0,0,0,0.05,0,0
2015,CHN,-7.5,-122.5,0,0,0,0,0,0,0,0,0,0
2015,CHN,-2.5,-147.5,0,0,0,0,0,0,0,0,0,0
2015,CHN,-2.5,-137.5,0,0,0,0,0,0,0,0,0,0
2015,CHN,-2.5,-132.5,0,0,0,0,0,0,0,0,0,0
2015,CHN,-2.5,-127.5,0,0,0,0,0,0,0,0,0,0
2015,CHN,2.5,-142.5,0,0,0,0,0,0,0,0,0,0
2015,CHN,2.5,-137.5,0,0,0,0,0,0,0,0,0,0
2015,CHN,7.5,-147.5,3.53,0,0,0,0,0,0,0.98,0,0
2015,CHN,7.5,-142.5,7.03,0,0,0,0,0,0,2.1,0,0
2015,CHN,7.5,-137.5,3.15,0,0,0,0,0,0,4.29,0,0
2015,CHN,7.5,-132.5,5.21,0,0,0,0,0,0,4.17,0,0
2015,CHN,7.5,-127.5,5.41,0,0,0,0,0,0,2.02,0,0
2015,CHN,7.5,-122.5,6.44,0,0,0,0,0,0,0.68,0,0
2015,CHN,12.5,-147.5,6.78,0,0,0,0,0,0,0.24,0,0
2015,CHN,12.5,-142.5,0.26,0,0,0,0,0,0,0.63,0,0
2015,CHN,12.5,-137.5,4.56,0,0,0,0,0,0,0.77,0,0
2015,CHN,12.5,-132.5,2.45,0,0,0,0,0,0,0.77,0,0
2015,CHN,12.5,-127.5,4.26,0,0,0,0,0,0,0.45,0,0
2015,CHN,12.5,-122.5,1.62,0,0,0,0,0,0,0.17,0,0
2015,CHN,17.5,-147.5,0,0,0,0,0,0,0,0,0,0
2015,JPN,-22.5,-87.5,0,0,0,0,0,0,0,0,0,0
2015,JPN,-17.5,-112.5,0,0,0,0,0,0,0,0,0,0
2015,JPN,-17.5,-92.5,0,0,0,0,0,0,0,0,0,0
2015,JPN,-12.5,-137.5,0,0,0,0,0,0,0,0,0,0
2015,JPN,-12.5,-132.5,0,0,0,0,0,0,0,0,0,0
2015,JPN,-12.5,-127.5,0,0,0,0,0,0,0,0,0,0
2015,JPN,-12.5,-122.5,0,0,0,0,0,0,0,0,0,0
2015,JPN,-12.5,-117.5,0,0,0,0,0,0,0,0,0,0
2015,JPN,-12.5,-112.5,0,0,0,0,0,0,0,0,0,0
2015,JPN,-12.5,-107.5,0,0,0,0,0,0,0,0,0,0
2015,JPN,-12.5,-102.5,0,0,0,0,0,0,0,0,0,0
2015,JPN,-12.5,-92.5,0,0,0,0,0,0,0,0,0,0
2015,JPN,-7.5,-137.5,0,0,0,0,0,0,0,0,0,0
2015,JPN,-7.5,-132.5,0,0,0,0,0,0,0,0,0,0
2015,JPN,-7.5,-127.5,0,0,0,0,0,0,0,0,0,0
2015,JPN,-7.5,-122.5,0,0,0,0,0,0,0,0,0,0
2015,JPN,-7.5,-117.5,0,0,0,0,0,0,0,0,0,0
2015,JPN,-2.5,-102.5,0,0,0,0,0,0,0,0,0,0
2015,JPN,-2.5,-97.5,0,0,0,0,0,0,0,0,0,0
2015,KOR,-12.5,-127.5,0.04,0,0,0,0,0,0.04,0,0.04,0
2015,KOR,-12.5,-122.5,0.78,0,0,0.23,0,0,0,0,0,0.12
2015,KOR,-12.5,-117.5,0.84,0,0,0.19,0,0,0,0,0,0.1
2015,KOR,-12.5,-112.5,1.25,0,0,0.75,0,0,0,0,0,0.08
2015,KOR,-7.5,-127.5,0.06,0,0,0,0,0,0,0,0,0.13
2015,KOR,-7.5,-122.5,0.11,0,0,0.05,0,0,0.01,0,0,0.04
2015,KOR,-2.5,-147.5,0,0,0,0,0,0,0.92,0,0.18,0
2015,KOR,-2.5,-137.5,0.42,0,0,0.08,0,0,1.5,0,0.25,0.66
2015,KOR,-2.5,-132.5,0.12,0,0,0,0,0,0.58,0,0.14,1.96
2015,KOR,-2.5,-127.5,0.59,0,0,0.03,0,0,0.63,0,0.38,4.26
2015,KOR,-2.5,-122.5,0.7,0,0,0.03,0,0,0.15,0,0.27,5.98
2015,TWN,-32.5,-132.5,0,0,0,0,0,0,1.27,0,0,0
2015,TWN,-32.5,-127.5,0,0,0,0,0,0,1.13,0,0,0
2015,TWN,-27.5,-132.5,0,0,0,0,0,0,0.6,0,0,0
2015,TWN,-12.5,-147.5,0,0,0,0,0,0,1.26,0,0,0
2015,TWN,-12.5,-142.5,0,0,0,0,0,0,0.19,0,0,0
2015,TWN,-12.5,-137.5,0,0,0,0,0,0,4.67,0,0,0
2015,TWN,-12.5,-132.5,0,0,0,0,0,0,26.66,0,0,0
2015,TWN,-12.5,-127.5,0,0,0,0,0,0,0.12,0,0,0
2015,TWN,-7.5,-147.5,0,0,0,0,0,0,5.48,0,0,0
2015,TWN,-7.5,-142.5,0,0,0,0,0,0,0.49,0,0,0
2015,TWN,-7.5,-137.5,0,0,0,0,0,0,0.12,0,0,0
2015,TWN,-7.5,-132.5,0,0,0,0,0,0,15.27,0,0,0
2015,TWN,-2.5,-147.5,0,0,0,0,0,0,0.37,0,0,0
2015,TWN,-2.5,-142.5,0,0,0,0,0,0,0.18,0,0,0
2015,TWN,-2.5,-137.5,0,0,0,0,0,0,4.17,0,0,0
2015,TWN,-2.5,-132.5,0,0,0,0,0,0,2.01,0,0,0
2015,USA,22.5,-147.5,0,0,0,0,0,0,0,0,0,0
2015,USA,22.5,-142.5,0,0,0,0,0,0,0,0,0,0
2015,USA,22.5,-137.5,0,0,0,0,0,0,0,0,0,0
2015,USA,22.5,-132.5,0,0,0,0,0,0,0,0,0,0
2015,USA,27.5,-147.5,0,0,0,0,0,0,0,0,0,0
2015,USA,27.5,-142.5,0,0,0,0,0,0,0,0,0,0
2015,USA,27.5,-137.5,0,0,0,0,0,0,0,0,0,0
2015,USA,27.5,-132.5,0,0,0,0,0,0,0,0,0,0
2015,USA,32.5,-147.5,0,0,0,0,0,0,0,0,0,0
2015,USA,32.5,-142.5,0,0,0,0,0,0,0,0,0,0
2015,USA,32.5,-137.5,0,0,0,0,0,0,0,0,0,0
2015,BLZ,7.5,-107.5,0,0,13.49,0,0,0,0,0.04,0,0
2015,BLZ,12.5,-107.5,0,0,21.17,0,0,0,0,0.03,0,0
2015,CHN,-17.5,-122.5,0,0,0,0,0,0,0,0,0,0
2015,CHN,-12.5,-147.5,5.74,0,0,0,0,0,0,0,0,0
2015,CHN,-12.5,-137.5,0.07,0,0,0,0,0,0,0,0,0
2015,CHN,-12.5,-132.5,2.49,0,0,0,0,0,0,0,0,0
2015,CHN,-12.5,-127.5,0.88,0,0,0,0,0,0,0,0,0
2015,CHN,-12.5,-122.5,0.88,0,0,0,0,0,0,0,0,0
2015,CHN,-7.5,-147.5,14.54,0,0,0,0,0,0,0.16,0,0
2015,CHN,-7.5,-142.5,1.06,0,0,0,0,0,0,0,0,0
2015,CHN,-7.5,-137.5,1.19,0,0,0,0,0,0,0.13,0,0
2015,CHN,-7.5,-132.5,1.71,0,0,0,0,0,0,0,0,0
2015,CHN,-2.5,-147.5,0.2,0,0,0,0,0,0,0,0,0
2015,CHN,-2.5,-142.5,0,0,0,0,0,0,0,0,0,0
2015,CHN,-2.5,-137.5,0.04,0,0,0,0,0,0,1.66,0,0
2015,CHN,-2.5,-132.5,0.02,0,0,0,0,0,0,0,0,0
2015,CHN,-2.5,-127.5,0,0,0,0,0,0,0,0,0,0
2015,CHN,-2.5,-122.5,0,0,0,0,0,0,0,0,0,0
2015,CHN,2.5,-147.5,0,0,0,0,0,0,0,0,0,0
2015,CHN,2.5,-142.5,0,0,0,0,0,0,0,0,0,0
2015,CHN,2.5,-132.5,0,0,0,0,0,0,0,0,0,0
2015,CHN,7.5,-147.5,1.14,0,0,0,0,0,0,0.89,0,0
2015,CHN,7.5,-142.5,5.54,0,0,0,0,0,0,1.89,0,0
2015,CHN,7.5,-137.5,6.31,0,0,0,0,0,0,3.87,0,0
2015,CHN,7.5,-132.5,5.35,0,0,0,0,0,0,3.77,0,0
2015,CHN,7.5,-127.5,1.58,0,0,0,0,0,0,1.81,0,0
2015,CHN,7.5,-122.5,6.49,0,0,0,0,0,0,0.69,0,0
2015,CHN,12.5,-147.5,4.52,0,0,0,0,0,0,0.21,0,0
2015,CHN,12.5,-142.5,3.14,0,0,0,0,0,0,0.6,0,0
2015,CHN,12.5,-137.5,0.92,0,0,0,0,0,0,0.73,0,0
2015,CHN,12.5,-132.5,6.92,0,0,0,0,0,0,0.73,0,0
2015,CHN,12.5,-127.5,4.26,0,0,0,0,0,0,0.45,0,0
2015,CHN,12.5,-122.5,1.83,0,0,0,0,0,0,0.19,0,0
2015,JPN,-12.5,-137.5,0,0,0,0,0,0,0,0,0,0
2015,JPN,-12.5,-132.5,0,0,0,0,0,0,0,0,0,0
2015,JPN,-12.5,-127.5,0,0,0,0,0,0,0,0,0,0
2015,JPN,-12.5,-122.5,0,0,0,0,0,0,0,0,0,0
2015,JPN,-12.5,-117.5,0,0,0,0,0,0,0,0,0,0
2015,JPN,-12.5,-112.5,0,0,0,0,0,0,0,0,0,0
2015,JPN,-7.5,-132.5,0,0,0,0,0,0,0,0,0,0
2015,JPN,-7.5,-127.5,0,0,0,0,0,0,0,0,0,0
2015,JPN,-7.5,-122.5,0,0,0,0,0,0,0,0,0,0
2015,JPN,-7.5,-117.5,0,0,0,0,0,0,0,0,0,0
2015,JPN,-7.5,-112.5,0,0,0,0,0,0,0,0,0,0
2015,JPN,-2.5,-147.5,0,0,0,0,0,0,0,0,0,0
2015,JPN,-2.5,-112.5,0,0,0,0,0,0,0,0,0,0
2015,JPN,-2.5,-107.5,0,0,0,0,0,0,0,0,0,0
2015,JPN,-2.5,-102.5,0,0,0,0,0,0,0,0,0,0
2015,JPN,2.5,-147.5,0,0,0,0,0,0,0,0,0,0
2015,JPN,2.5,-107.5,0,0,0,0,0,0,0,0,0,0
2015,JPN,2.5,-102.5,0,0,0,0,0,0,0,0,0,0
2015,KOR,-17.5,-122.5,0.04,0,0,0,0,0,0,0,0,0
2015,KOR,-17.5,-117.5,0.04,0,0,0,0,0,0,0,0,0
2015,KOR,-12.5,-127.5,1.52,0,0,0.06,0,0,0.07,0,0.51,0.82
2015,KOR,-12.5,-122.5,2.67,0,0,0.35,0,0,0.35,0,0.22,1.18
2015,KOR,-12.5,-117.5,2.37,0,0,0,0,0,0.04,0,0,0.22
2015,KOR,-7.5,-127.5,0.27,0,0,0,0,0,0,0,0,0
2015,KOR,-7.5,-122.5,0.07,0,0,0.03,0,0,0.48,0,0.2,0.16
2015,KOR,-2.5,-137.5,0.02,0,0,0,0,0,0.19,0,0,0.19
2015,TWN,-12.5,-147.5,0,0,0,0,0,0,4.09,0,0,0
2015,TWN,-12.5,-142.5,0,0,0,0,0,0,3.74,0,0,0
2015,TWN,-12.5,-137.5,0,0,0,0,0,0,5.34,0,0,0
2015,TWN,-12.5,-132.5,0,0,0,0,0,0,11.64,0,0,0
2015,TWN,-7.5,-147.5,0,0,0,0,0,0,18.88,0,0,0
2015,TWN,-7.5,-142.5,0,0,0,0,0,0,4.46,0,0,0
2015,TWN,-7.5,-137.5,0,0,0,0,0,0,8.71,0,0,0
2015,TWN,-7.5,-132.5,0,0,0,0,0,0,10.35,0,0,0
2015,TWN,-2.5,-147.5,0,0,0,0,0,0,4.86,0,0,0
2015,TWN,-2.5,-142.5,0,0,0,0,0,0,0.7,0,0,0
2015,TWN,-2.5,-137.5,0,0,0,0,0,0,0.94,0,0,0
2015,TWN,2.5,-147.5,0,0,0,0,0,0,0.18,0,0,0
2015,TWN,2.5,-112.5,0,0,0,0,0,0,0.5,0,0,0
2015,USA,17.5,-147.5,0,0,0,0,0,0,0,0,0,0
2015,USA,22.5,-147.5,0,0,0,0,0,0,0,0,0,0
2015,USA,22.5,-132.5,0,0,0,0,0,0,0,0,0,0
2015,USA,27.5,-132.5,0,0,0,0,0,0,0,0,0,0
2015,USA,37.5,-132.5,0,0,0,0,0,0,0,0,0,0
2015,USA,37.5,-127.5,0,0,0,0,0,0,0,0,0,0
2015,BLZ,12.5,-107.5,0.47,0,46.61,0,0,0,0,0.37,0,0
2015,BLZ,12.5,-102.5,0,0,3.17,0,0,0,0,0.02,0,0
2015,CHN,-12.5,-147.5,0.66,0,0,0,0,0,0,0,0,0
2015,CHN,-12.5,-137.5,0.29,0,0,0,0,0,0,0,0,0
2015,CHN,-12.5,-132.5,4.39,0,0,0,0,0,0,0,0,0
2015,CHN,-12.5,-127.5,1.18,0,0,0,0,0,0,0,0,0
2015,CHN,-12.5,-122.5,1.71,0,0,0,0,0,0,0,0,0
2015,CHN,-7.5,-147.5,6.44,0,0,0,0,0,0,0.1,0,0
2015,CHN,-7.5,-142.5,1.41,0,0,0,0,0,0,0,0,0
2015,CHN,-7.5,-137.5,0,0,0,0,0,0,0,0,0,0
2015,CHN,-7.5,-132.5,0.31,0,0,0,0,0,0,0,0,0
2015,CHN,-7.5,-122.5,0,0,0,0,0,0,0,0,0,0
2015,CHN,-2.5,-147.5,1.12,0,0,0,0,0,0,0.4,0,0
2015,CHN,-2.5,-142.5,0.04,0,0,0,0,0,0,0,0,0
2015,CHN,-2.5,-132.5,0,0,0,0,0,0,0,0,0,0
2015,CHN,-2.5,-127.5,0,0,0,0,0,0,0,0,0,0
2015,CHN,-2.5,-122.5,0,0,0,0,0,0,0,0,0,0
2015,CHN,2.5,-147.5,0.28,0,0,0,0,0,0,0,0,0
2015,CHN,2.5,-142.5,0.05,0,0,0,0,0,0,0,0,0
2015,CHN,2.5,-137.5,0,0,0,0,0,0,0,0,0,0
2015,CHN,7.5,-147.5,0.73,0,0,0,0,0,0,0.98,0,0
2015,CHN,7.5,-142.5,1.35,0,0,0,0,0,0,2.1,0,0
2015,CHN,7.5,-137.5,2.54,0,0,0,0,0,0,4.29,0,0
2015,CHN,7.5,-132.5,5.54,0,0,0,0,0,0,4.17,0,0
2015,CHN,7.5,-127.5,5.84,0,0,0,0,0,0,2.02,0,0
2015,CHN,7.5,-122.5,6.44,0,0,0,0,0,0,0.68,0,0
2015,CHN,12.5,-147.5,3.63,0,0,0,0,0,0,0.24,0,0
2015,CHN,12.5,-142.5,2.48,0,0,0,0,0,0,0.63,0,0
2015,CHN,12.5,-137.5,2.48,0,0,0,0,0,0,0.77,0,0
2015,CHN,12.5,-132.5,3,0,0,0,0,0,0,0.77,0,0
2015,CHN,12.5,-127.5,4.26,0,0,0,0,0,0,0.45,0,0
2015,CHN,12.5,-122.5,1.62,0,0,0,0,0,0,0.17,0,0
2015,JPN,-17.5,-112.5,0,0,0,0,0,0,0,0,0,0
2015,JPN,-12.5,-137.5,0,0,0,0,0,0,0,0,0,0
2015,JPN,-12.5,-117.5,0,0,0,0,0,0,0,0,0,0
2015,JPN,-12.5,-112.5,0,0,0,0,0,0,0,0,0,0
2015,JPN,-12.5,-107.5,0,0,0,0,0,0,0,0,0,0
2015,JPN,-7.5,-122.5,0,0,0,0,0,0,0,0,0,0
2015,JPN,-7.5,-117.5,0,0,0,0,0,0,0,0,0,0
2015,JPN,-7.5,-112.5,0,0,0,0,0,0,0,0,0,0
2015,JPN,-7.5,-107.5,0,0,0,0,0,0,0,0,0,0
2015,JPN,-2.5,-142.5,0,0,0,0,0,0,0,0,0,0
2015,JPN,-2.5,-137.5,0,0,0,0,0,0,0,0,0,0
2015,JPN,-2.5,-122.5,0,0,0,0,0,0,0,0,0,0
2015,KOR,-17.5,-112.5,0.73,0,0,0,0,0,0,0,0,0.16
2015,KOR,-12.5,-132.5,0,0,0,0,0,0,0,0,0,0.25
2015,KOR,-12.5,-122.5,0.71,0,0,0.03,0,0,0.02,0,0,1.2
2015,KOR,-12.5,-117.5,2.77,0,0,0.18,0,0,0.06,0,0.28,0.42
2015,KOR,-12.5,-112.5,3.53,0,0,0.07,0,0,0,0,0,0.1
2015,KOR,-7.5,-122.5,0.29,0,0,0.07,0,0,0.08,0,0.13,0.1
2015,KOR,-2.5,-132.5,0,0,0,0,0,0,0.01,0,0,0.31
2015,KOR,-2.5,-127.5,0,0,0,0,0,0,0,0,0.02,0.14
2015,TWN,-12.5,-147.5,0,0,0,0,0,0,0.05,0,0,0
2015,TWN,-12.5,-142.5,0,0,0,0,0,0,2.04,0,0,0
2015,TWN,-12.5,-137.5,0,0,0,0,0,0,6.98,0,0,0
2015,TWN,-12.5,-132.5,0,0,0,0,0,0,18.08,0,0,0
2015,TWN,-12.5,-112.5,0,0,0,0,0,0,3.95,0,0,0
2015,TWN,-7.5,-147.5,0,0,0,0,0,0,4.68,0,0,0
2015,TWN,-7.5,-142.5,0,0,0,0,0,0,8.21,0,0,0
2015,TWN,-7.5,-137.5,0,0,0,0,0,0,8.43,0,0,0
2015,TWN,-7.5,-132.5,0,0,0,0,0,0,8.68,0,0,0
2015,TWN,-7.5,-112.5,0,0,0,0,0,0,2.17,0,0,0
2015,TWN,-2.5,-147.5,0,0,0,0,0,0,1.07,0,0,0
2015,TWN,-2.5,-142.5,0,0,0,0,0,0,0.3,0,0,0
2015,TWN,-2.5,-137.5,0,0,0,0,0,0,1.02,0,0,0
2015,TWN,-2.5,-132.5,0,0,0,0,0,0,0.6,0,0,0
2015,TWN,2.5,-147.5,0,0,0,0,0,0,0.21,0,0,0
2015,TWN,32.5,-147.5,0,0,0,0,0,0,28.26,0,0,0
2015,TWN,32.5,-142.5,0,0,0,0,0,0,9.56,0,0,0
2015,TWN,37.5,-147.5,0,0,0,0,0,0,6.16,0,0,0
2015,USA,22.5,-147.5,0,0,0,0,0,0,0,0,0,0
2015,USA,22.5,-132.5,0,0,0,0,0,0,0,0,0,0
2015,USA,32.5,-127.5,0,0,0,0,0,0,0,0,0,0
2015,USA,37.5,-137.5,0,0,0,0,0,0,0,0,0,0
2015,USA,37.5,-132.5,0,0,0,0,0,0,0,0,0,0
2016,BLZ,12.5,-107.5,3.27,0,72.88,0,0,0,0,0.12,0,0.5
2016,CHN,-17.5,-147.5,0.25,0,0,0,0,0,0,0,0,0
2016,CHN,-17.5,-132.5,0,0,0,0,0,0,0,0,0,0
2016,CHN,-12.5,-147.5,5.4,0,0,0,0,0,0,0,0,0
2016,CHN,-12.5,-142.5,0.19,0,0,0,0,0,0,0,0,0
2016,CHN,-12.5,-137.5,0.15,0,0,0,0,0,0,0,0,0
2016,CHN,-12.5,-132.5,7.05,0,0,0,0,0,0,0,0,0
2016,CHN,-12.5,-127.5,5.58,0,0,0,0,0,0,0,0,0
2016,CHN,-12.5,-112.5,0.59,0,0,0,0,0,0,0,0,0
2016,CHN,-12.5,-97.5,0,0,0,0,0,0,0,0,0,0
2016,CHN,-7.5,-147.5,8.01,0,0,0,0,0,0,0,0,0
2016,CHN,-7.5,-142.5,1.59,0,0,0,0,0,0,0,0,0
2016,CHN,-7.5,-137.5,0,0,0,0,0,0,0,0,0,0
2016,CHN,-7.5,-132.5,1.26,0,0,0,0,0,0,0,0,0
2016,CHN,-7.5,-127.5,1.9,0,0,0,0,0,0,0,0,0
2016,CHN,-2.5,-142.5,0,0,0,0,0,0,0,0,0,0
2016,CHN,-2.5,-137.5,0.84,0,0,0,0,0,0,0,0,0
2016,CHN,-2.5,-132.5,1.04,0,0,0,0,0,0,0,0,0
2016,CHN,-2.5,-122.5,0,0,0,0,0,0,0,0,0,0
2016,CHN,2.5,-132.5,0.41,0,0,0,0,0,0,0,0,0
2016,CHN,7.5,-132.5,16.2,0,0,0,0,0,0,1.18,0,0
2016,CHN,7.5,-127.5,26.66,0,0,0,0,0,0,2.08,0,0
2016,CHN,7.5,-122.5,14.19,0,0,0,0,0,0,1.1,0,0
2016,CHN,7.5,-117.5,1.44,0,0,0,0,0,0,0,0,0
2016,CHN,12.5,-132.5,3.08,0,0,0,0,0,0,0.24,0,0
2016,CHN,12.5,-127.5,4.5,0,0,0,0,0,0,0.36,0,0
2016,CHN,12.5,-122.5,22.28,0,0,0,0,0,0,1.78,0,0
2016,CHN,12.5,-117.5,2.14,0,0,0,0,0,0,0.1,0,0
2016,JPN,-17.5,-117.5,0,0,0,0,0,0,0,0,0,0
2016,JPN,-17.5,-112.5,0,0,0,0,0,0,0,0,0,0
2016,JPN,-17.5,-107.5,0,0,0,0,0,0,0,0,0,0
2016,JPN,-12.5,-112.5,0,0,0,0,0,0,0,0,0,0
2016,JPN,-12.5,-107.5,0,0,0,0,0,0,0,0,0,0
2016,JPN,-12.5,-102.5,0,0,0,0,0,0,0,0,0,0
2016,JPN,-7.5,-122.5,0,0,0,0,0,0,0,0,0,0
2016,JPN,-7.5,-117.5,0,0,0,0,0,0,0,0,0,0
2016,JPN,-7.5,-112.5,0,0,0,0,0,0,0,0,0,0
2016,JPN,-7.5,-107.5,0,0,0,0,0,0,0,0,0,0
2016,JPN,-7.5,-102.5,0,0,0,0,0,0,0,0,0,0
2016,KOR,-17.5,-122.5,0.48,0,0,0,0,0,0.03,0,0,0.09
2016,KOR,-17.5,-117.5,0.84,0,0,0,0,0,0,0,0,0.09
2016,KOR,-12.5,-127.5,0,0,0,0,0,0,0.01,0,0,0
2016,KOR,-12.5,-122.5,0.04,0,0,0,0,0,0,0,0.13,0.45
2016,KOR,-12.5,-117.5,0.79,0,0,0,0,0,0.03,0,0,0.08
2016,KOR,-7.5,-127.5,0,0,0,0,0,0,0.11,0,0.04,0.01
2016,KOR,-7.5,-122.5,0.02,0,0,0.05,0,0,0,0,0,0
2016,KOR,-2.5,-132.5,0,0,0,0,0,0,0,0,0,1.22
2016,KOR,-2.5,-127.5,0,0,0,0,0,0,0,0,0,0.19
2016,KOR,2.5,-132.5,0,0,0,0,0,0,0,0,0,0.79
2016,TWN,-12.5,-142.5,0,0,0,0,0,0,0.22,0,0,0
2016,TWN,-12.5,-137.5,0,0,0,0,0,0,7.23,0,0,0
2016,TWN,-12.5,-132.5,0,0,0,0,0,0,31.38,0,0,0
2016,TWN,-12.5,-127.5,0,0,0,0,0,0,0.87,0,0,0
2016,TWN,-7.5,-147.5,0,0,0,0,0,0,0.49,0,0,0
2016,TWN,-7.5,-142.5,0,0,0,0,0,0,1.03,0,0,0
2016,TWN,-7.5,-137.5,0,0,0,0,0,0,3.71,0,0,0
2016,TWN,-7.5,-132.5,0,0,0,0,0,0,14.26,0,0,0
2016,TWN,-7.5,-127.5,0,0,0,0,0,0,3.27,0,0,0
2016,TWN,-2.5,-147.5,0,0,0,0,0,0,0.6,0,0,0
2016,TWN,-2.5,-137.5,0,0,0,0,0,0,0.5,0,0,0
2016,TWN,-2.5,-132.5,0,0,0,0,0,0,4.05,0,0,0
2016,TWN,2.5,-147.5,0,0,0,0,0,0,0.59,0,0,0
2016,TWN,27.5,-147.5,0,0,0,0,0,0,3.36,0,0,0
2016,TWN,32.5,-147.5,0,0,0,0,0,0,20.37,0,0,0
2016,TWN,32.5,-142.5,0,0,0,0,0,0,34.04,0,0,0
2016,TWN,37.5,-147.5,0,0,0,0,0,0,2.05,0,0,0
2016,USA,22.5,-147.5,0,0,0,0,0,0,0,0,0,0
2016,USA,22.5,-132.5,0,0,0,0,0,0,0,0,0,0
2016,USA,27.5,-147.5,0,0,0,0,0,0,0,0,0,0
2016,USA,32.5,-137.5,0,0,0,0,0,0,0,0,0,0
2016,USA,32.5,-132.5,0,0,0,0,0,0,0,0,0,0
2016,VUT,-22.5,-117.5,0,0,0,0,0,0,0,0,0,0
2016,VUT,-22.5,-112.5,0,0,0,0,0,0,0,0,0,0
2016,VUT,-22.5,-107.5,0,0,0,0,0,0,0,0,0,0
2016,VUT,-22.5,-102.5,0,0,0,0,0,0,0,0,0,0
2016,VUT,-22.5,-97.5,0,0,0,0,0,0,0,0,0,0
2016,VUT,-17.5,-107.5,0,0,0,0,0,0,0,0,0,0
2016,VUT,-17.5,-102.5,0,0,0,0,0,0,0,0,0,0
2016,VUT,-17.5,-97.5,0,0,0,0,0,0,0,0,0,0
2016,VUT,-12.5,-107.5,0,0,0,0,0,0,0,0,0,0
2016,VUT,-7.5,-147.5,0,0,0,0,0,0,0,0,0,0
2016,VUT,-7.5,-142.5,0,0,0,0,0,0,0,0,0,0
2016,VUT,-7.5,-107.5,0,0,0,0,0,0,0,0,0,0
2016,VUT,-2.5,-122.5,0,0,0,0,0,0,0,0,0,0
2016,VUT,-2.5,-117.5,0,0,0,0,0,0,0,0,0,0
2016,VUT,-2.5,-112.5,0,0,0,0,0,0,0,0,0,0
2016,VUT,-2.5,-102.5,0,0,0,0,0,0,0,0,0,0
2016,VUT,-2.5,-97.5,0,0,0,0,0,0,0,0,0,0
2016,BLZ,12.5,-107.5,0.65,0,3.3,0,0,0,0,0.02,0,0.04
2016,BLZ,12.5,-102.5,2.5,0,27.05,0,0,0,0,0.03,0,0.11
2016,CHN,-17.5,-147.5,0,0,0,0,0,0,0,0,0,0
2016,CHN,-17.5,-132.5,0,0,0,0,0,0,0,0,0,0
2016,CHN,-12.5,-147.5,0,0,0,0,0,0,0,0,0,0
2016,CHN,-12.5,-142.5,0,0,0,0,0,0,0,0,0,0
2016,CHN,-12.5,-137.5,0,0,0,0,0,0,0,0,0,0
2016,CHN,-12.5,-107.5,0,0,0,0,0,0,0,0,0,0
2016,CHN,-7.5,-147.5,2.07,0,0,0,0,0,0,0,0,0
2016,CHN,-7.5,-142.5,0.13,0,0,0,0,0,0,0,0,0
2016,CHN,-7.5,-127.5,0.2,0,0,0,0,0,0,0,0,0
2016,CHN,-7.5,-112.5,0,0,0,0,0,0,0,0,0,0
2016,CHN,-2.5,-147.5,1.68,0,0,0,0,0,0,0,0,0
2016,CHN,-2.5,-142.5,0.26,0,0,0,0,0,0,0,0,0
2016,CHN,-2.5,-137.5,0.27,0,0,0,0,0,0,0,0,0
2016,CHN,-2.5,-132.5,0.02,0,0,0,0,0,0,0,0,0
2016,CHN,-2.5,-127.5,0.02,0,0,0,0,0,0,0,0,0
2016,CHN,2.5,-147.5,5.73,0,0,0,0,0,0,0,0,0
2016,CHN,2.5,-142.5,0.6,0,0,0,0,0,0,0,0,0
2016,CHN,2.5,-137.5,0.66,0,0,0,0,0,0,0,0,0
2016,CHN,2.5,-132.5,0.3,0,0,0,0,0,0,0,0,0
2016,CHN,2.5,-127.5,0,0,0,0,0,0,0,0,0,0
2016,CHN,7.5,-147.5,1.22,0,0,0,0,0,0,0,0,0
2016,CHN,7.5,-142.5,0,0,0,0,0,0,0,0,0,0
2016,CHN,7.5,-137.5,0,0,0,0,0,0,0,0,0,0
2016,CHN,7.5,-132.5,3.21,0,0,0,0,0,0,0.25,0,0
2016,CHN,7.5,-127.5,23.16,0,0,0,0,0,0,1.85,0,0
2016,CHN,7.5,-122.5,16.05,0,0,0,0,0,0,1.28,0,0
2016,CHN,12.5,-132.5,4.48,0,0,0,0,0,0,0.35,0,0
2016,CHN,12.5,-127.5,30.68,0,0,0,0,0,0,2.45,0,0
2016,CHN,12.5,-122.5,19.89,0,0,0,0,0,0,1.59,0,0
2016,JPN,-17.5,-112.5,0,0,0,0,0,0,0,0,0,0
2016,JPN,-17.5,-107.5,0,0,0,0,0,0,0,0,0,0
2016,JPN,-12.5,-112.5,0,0,0,0,0,0,0,0,0,0
2016,JPN,-12.5,-107.5,0,0,0,0,0,0,0,0,0,0
2016,JPN,-12.5,-102.5,0,0,0,0,0,0,0,0,0,0
2016,JPN,-12.5,-97.5,0,0,0,0,0,0,0,0,0,0
2016,JPN,-7.5,-127.5,0,0,0,0,0,0,0,0,0,0
2016,JPN,-7.5,-117.5,0,0,0,0,0,0,0,0,0,0
2016,JPN,-7.5,-112.5,0,0,0,0,0,0,0,0,0,0
2016,JPN,-7.5,-107.5,0,0,0,0,0,0,0,0,0,0
2016,JPN,-7.5,-102.5,0,0,0,0,0,0,0,0,0,0
2016,KOR,-12.5,-122.5,0,0,0,0,0,0,0,0,0.05,0.36
2016,KOR,-7.5,-127.5,0,0,0,0,0,0,0.05,0,0.04,0.01
2016,KOR,-7.5,-122.5,0.02,0,0,0,0,0,0.16,0,0.37,0.07
2016,KOR,-2.5,-137.5,0,0,0,0,0,0,0.01,0,0,0
2016,KOR,-2.5,-132.5,0,0,0,0.03,0,0,0.42,0,1.16,0.6
2016,KOR,-2.5,-127.5,0,0,0,0.06,0,0,0.16,0,0.01,0.34
2016,KOR,-2.5,-122.5,0.02,0,0,0,0,0,0,0,0,0.02
2016,KOR,2.5,-147.5,0,0,0,0,0,0,0.04,0,0,0
2016,KOR,2.5,-142.5,0,0,0,0,0,0,0.08,0,0,0.16
2016,KOR,2.5,-137.5,0.01,0,0,0,0,0,0.17,0,0.03,0.2
2016,KOR,2.5,-132.5,0,0,0,0,0,0,0.17,0,0,3.1
2016,KOR,2.5,-127.5,0,0,0,0,0,0,0.13,0,0,0.24
2016,KOR,2.5,-122.5,0.03,0,0,0,0,0,0.1,0,0,0.12
2016,TWN,-12.5,-132.5,0,0,0,0,0,0,0.75,0,0,0
2016,TWN,-7.5,-137.5,0,0,0,0,0,0,1.13,0,0,0
2016,TWN,-7.5,-132.5,0,0,0,0,0,0,0.04,0,0,0
2016,TWN,-7.5,-127.5,0,0,0,0,0,0,0.66,0,0,0
2016,TWN,-7.5,-122.5,0,0,0,0,0,0,0.05,0,0,0
2016,TWN,-7.5,-112.5,0,0,0,0,0,0,2.84,0,0,0
2016,TWN,-7.5,-107.5,0,0,0,0,0,0,0.4,0,0,0
2016,TWN,-2.5,-147.5,0,0,0,0,0,0,0.09,0,0,0
2016,TWN,-2.5,-142.5,0,0,0,0,0,0,0.34,0,0,0
2016,TWN,-2.5,-137.5,0,0,0,0,0,0,2.34,0,0,0
2016,TWN,-2.5,-132.5,0,0,0,0,0,0,2.18,0,0,0
2016,TWN,-2.5,-127.5,0,0,0,0,0,0,0.09,0,0,0
2016,TWN,2.5,-147.5,0,0,0,0,0,0,7.93,0,0,0
2016,TWN,2.5,-142.5,0,0,0,0,0,0,7.88,0,0,0
2016,TWN,7.5,-147.5,0,0,0,0,0,0,7.16,0,0,0
2016,TWN,7.5,-142.5,0,0,0,0,0,0,1.52,0,0,0
2016,USA,22.5,-137.5,0,0,0,0,0,0,0,0,0,0
2016,USA,22.5,-132.5,0,0,0,0,0,0,0,0,0,0
2016,USA,32.5,-137.5,0,0,0,0,0,0,0,0,0,0
2016,USA,32.5,-132.5,0,0,0,0,0,0,0,0,0,0
2016,VUT,-22.5,-102.5,0,0,0,0,0,0,0,0,0,0
2016,VUT,-22.5,-97.5,0,0,0,0,0,0,0,0,0,0
2016,VUT,-22.5,-92.5,0,0,0,0,0,0,0,0,0,0
2016,VUT,-17.5,-102.5,0,0,0,0,0,0,0,0,0,0
2016,VUT,-17.5,-97.5,0,0,0,0,0,0,0,0,0,0
2016,VUT,-17.5,-92.5,0,0,0,0,0,0,0,0,0,0
2016,VUT,-7.5,-142.5,0,0,0,0,0,0,0,0,0,0
2016,VUT,-2.5,-102.5,0,0,0,0,0,0,0,0,0,0
2016,VUT,2.5,-147.5,0,0,0,0,0,0,0,0,0,0
2016,BLZ,2.5,-107.5,5.58,0,17.04,0,0,0,0,0.1,0,0.28
2016,BLZ,7.5,-107.5,0.49,0,4.58,0,0,0,0,0.04,0,0.04
2016,BLZ,7.5,-102.5,0.03,0,0.72,0,0,0,0,0,0,0
2016,CHN,-17.5,-132.5,0,0,0,0,0,0,0,0,0,0
2016,CHN,-12.5,-147.5,0.2,0,0,0,0,0,0,0,0,0
2016,CHN,-12.5,-142.5,0.18,0,0,0,0,0,0,0,0,0
2016,CHN,-12.5,-137.5,0,0,0,0,0,0,0,0,0,0
2016,CHN,-12.5,-132.5,0.06,0,0,0,0,0,0,0,0,0
2016,CHN,-12.5,-122.5,0,0,0,0,0,0,0,0,0,0
2016,CHN,-12.5,-117.5,0,0,0,0,0,0,0,0,0,0
2016,CHN,-7.5,-147.5,0.79,0,0,0,0,0,0,0,0,0
2016,CHN,-7.5,-142.5,0.58,0,0,0,0,0,0,0,0,0
2016,CHN,-2.5,-147.5,0.58,0,0,0,0,0,0,0,0,0
2016,CHN,-2.5,-142.5,0.09,0,0,0,0,0,0,0,0,0
2016,CHN,-2.5,-132.5,0.19,0,0,0,0,0,0,0,0,0
2016,CHN,2.5,-147.5,0.17,0,0,0,0,0,0,0,0,0
2016,CHN,2.5,-142.5,0.05,0,0,0,0,0,0,0,0,0
2016,CHN,2.5,-137.5,0.19,0,0,0,0,0,0,0,0,0
2016,CHN,2.5,-132.5,0.94,0,0,0,0,0,0,0,0,0
2016,CHN,7.5,-147.5,5.54,0,0,0,0,0,0,0,0,0
2016,CHN,7.5,-142.5,0.05,0,0,0,0,0,0,0,0,0
2016,CHN,7.5,-137.5,0,0,0,0,0,0,0,0,0,0
2016,CHN,7.5,-132.5,4.84,0,0,0,0,0,0,0.37,0,0
2016,CHN,7.5,-127.5,15.89,0,0,0,0,0,0,1.27,0,0
2016,CHN,7.5,-122.5,13.51,0,0,0,0,0,0,1.08,0,0
2016,CHN,7.5,-117.5,2.25,0,0,0,0,0,0,0.18,0,0
2016,CHN,12.5,-137.5,0,0,0,0,0,0,0,0,0,0
2016,CHN,12.5,-132.5,8.58,0,0,0,0,0,0,0.68,0,0
2016,CHN,12.5,-127.5,7.7,0,0,0,0,0,0,0.61,0,0
2016,CHN,12.5,-122.5,15.7,0,0,0,0,0,0,1.25,0,0
2016,JPN,-32.5,-87.5,0,0,0,0,0,0,0,0,0,0
2016,JPN,-27.5,-87.5,0,0,0,0,0,0,0,0,0,0
2016,JPN,-12.5,-107.5,0,0,0,0,0,0,0,0,0,0
2016,JPN,-12.5,-102.5,0,0,0,0,0,0,0,0,0,0
2016,JPN,-7.5,-117.5,0,0,0,0,0,0,0,0,0,0
2016,JPN,-7.5,-112.5,0,0,0,0,0,0,0,0,0,0
2016,JPN,-7.5,-107.5,0,0,0,0,0,0,0,0,0,0
2016,JPN,-7.5,-102.5,0,0,0,0,0,0,0,0,0,0
2016,JPN,2.5,-132.5,0,0,0,0,0,0,0,0,0,0
2016,JPN,2.5,-127.5,0,0,0,0,0,0,0,0,0,0
2016,JPN,2.5,-122.5,0,0,0,0,0,0,0,0,0,0
2016,KOR,-2.5,-137.5,0,0,0,0,0,0,0.12,0,0.05,0.03
2016,KOR,-2.5,-132.5,0,0,0,0.05,0,0,0.39,0,0.58,0.14
2016,KOR,2.5,-147.5,0,0,0,0,0,0,0.03,0,0,0.47
2016,KOR,2.5,-142.5,0,0,0,0.02,0,0,0.13,0,0,0.21
2016,KOR,2.5,-137.5,0,0,0,0.03,0,0,0.55,0,0.22,1.54
2016,KOR,2.5,-132.5,0,0,0,0,0,0,0.5,0,0.27,1.15
2016,KOR,2.5,-127.5,0,0,0,0,0,0,0.38,0,0,0.51
2016,KOR,7.5,-147.5,0,0,0,0.07,0,0,0.07,0,0,0.16
2016,KOR,7.5,-142.5,0,0,0,0,0,0,0.21,0,0,0.16
2016,KOR,7.5,-137.5,0,0,0,0,0,0,0.02,0,0,0.15
2016,TWN,-7.5,-117.5,0,0,0,0,0,0,0.09,0,0,0
2016,TWN,-7.5,-112.5,0,0,0,0,0,0,1.42,0,0,0
2016,TWN,-7.5,-107.5,0,0,0,0,0,0,1.42,0,0,0
2016,TWN,-7.5,-102.5,0,0,0,0,0,0,0.37,0,0,0
2016,TWN,-2.5,-132.5,0,0,0,0,0,0,1.61,0,0,0
2016,TWN,-2.5,-127.5,0,0,0,0,0,0,0.67,0,0,0
2016,TWN,2.5,-147.5,0,0,0,0,0,0,3.11,0,0,0
2016,TWN,2.5,-142.5,0,0,0,0,0,0,2.93,0,0,0
2016,TWN,2.5,-137.5,0,0,0,0,0,0,0.32,0,0,0
2016,TWN,2.5,-132.5,0,0,0,0,0,0,0.32,0,0,0
2016,TWN,7.5,-147.5,0,0,0,0,0,0,7.37,0,0,0
2016,TWN,7.5,-142.5,0,0,0,0,0,0,2.94,0,0,0
2016,TWN,7.5,-132.5,0,0,0,0,0,0,0.16,0,0,0
2016,USA,22.5,-147.5,0,0,0,0,0,0,0,0,0,0
2016,USA,22.5,-132.5,0,0,0,0,0,0,0,0,0,0
2016,USA,27.5,-147.5,0,0,0,0,0,0,0,0,0,0
2016,USA,32.5,-142.5,0,0,0,0,0,0,0,0,0,0
2016,USA,32.5,-137.5,0,0,0,0,0,0,0,0,0,0
2016,VUT,-37.5,-112.5,0,0,0,0,0,0,0,0,0,0
2016,VUT,-32.5,-137.5,0,0,0,0,0,0,0,0,0,0
2016,VUT,-17.5,-97.5,0,0,0,0,0,0,0,0,0,0
2016,VUT,-17.5,-92.5,0,0,0,0,0,0,0,0,0,0
2016,VUT,-12.5,-97.5,0,0,0,0,0,0,0,0,0,0
2016,VUT,-12.5,-92.5,0,0,0,0,0,0,0,0,0,0
2016,VUT,-2.5,-102.5,0,0,0,0,0,0,0,0,0,0
2016,VUT,-2.5,-97.5,0,0,0,0,0,0,0,0,0,0
2016,VUT,2.5,-102.5,0,0,0,0,0,0,0,0,0,0
2016,VUT,2.5,-97.5,0,0,0,0,0,0,0,0,0,0
2016,VUT,2.5,-92.5,0,0,0,0,0,0,0,0,0,0
2016,BLZ,2.5,-112.5,0,0,0.78,0,0,0,0,0,0,0.03
2016,BLZ,2.5,-107.5,3.54,0,13.38,0,0,0,0,0.1,0,0.14
2016,BLZ,2.5,-102.5,3.07,0,1.59,0,0,0,0,0,0,0
2016,CHN,-17.5,-132.5,0,0,0,0,0,0,0,0,0,0
2016,CHN,-12.5,-147.5,0.12,0,0,0,0,0,0,0,0,0
2016,CHN,-12.5,-142.5,0.03,0,0,0,0,0,0,0,0,0
2016,CHN,-12.5,-137.5,0,0,0,0,0,0,0,0,0,0
2016,CHN,-12.5,-132.5,0,0,0,0,0,0,0,0,0,0
2016,CHN,-12.5,-127.5,0,0,0,0,0,0,0,0,0,0
2016,CHN,-12.5,-97.5,0,0,0,0,0,0,0,0,0,0
2016,CHN,-7.5,-147.5,0.2,0,0,0,0,0,0,0,0,0
2016,CHN,-7.5,-142.5,0.03,0,0,0,0,0,0,0,0,0
2016,CHN,-2.5,-147.5,0,0,0,0,0,0,0,0,0,0
2016,CHN,2.5,-147.5,0.04,0,0,0,0,0,0,0,0,0
2016,CHN,2.5,-137.5,0,0,0,0,0,0,0,0,0,0
2016,CHN,7.5,-147.5,0.03,0,0,0,0,0,0,0,0,0
2016,CHN,7.5,-142.5,0.04,0,0,0,0,0,0,0,0,0
2016,CHN,7.5,-137.5,2.83,0,0,0,0,0,0,0.22,0,0
2016,CHN,7.5,-132.5,9.63,0,0,0,0,0,0,0.7,0,0
2016,CHN,7.5,-127.5,10.66,0,0,0,0,0,0,0.72,0,0
2016,CHN,12.5,-142.5,2.76,0,0,0,0,0,0,0.22,0,0
2016,CHN,12.5,-137.5,8.61,0,0,0,0,0,0,0.68,0,0
2016,CHN,12.5,-132.5,21.04,0,0,0,0,0,0,1.61,0,0
2016,CHN,12.5,-127.5,1.95,0,0,0,0,0,0,0.11,0,0
2016,JPN,-32.5,-87.5,0,0,0,0,0,0,0,0,0,0
2016,JPN,-32.5,-82.5,0,0,0,0,0,0,0,0,0,0
2016,JPN,-17.5,-102.5,0,0,0,0,0,0,0,0,0,0
2016,JPN,-17.5,-87.5,0,0,0,0,0,0,0,0,0,0
2016,JPN,-12.5,-102.5,0,0,0,0,0,0,0,0,0,0
2016,JPN,-12.5,-92.5,0,0,0,0,0,0,0,0,0,0
2016,JPN,-12.5,-87.5,0,0,0,0,0,0,0,0,0,0
2016,JPN,-7.5,-122.5,0,0,0,0,0,0,0,0,0,0
2016,JPN,-7.5,-117.5,0,0,0,0,0,0,0,0,0,0
2016,JPN,-7.5,-112.5,0,0,0,0,0,0,0,0,0,0
2016,JPN,-7.5,-107.5,0,0,0,0,0,0,0,0,0,0
2016,JPN,-7.5,-102.5,0,0,0,0,0,0,0,0,0,0
2016,JPN,2.5,-137.5,0,0,0,0,0,0,0,0,0,0
2016,JPN,2.5,-127.5,0,0,0,0,0,0,0,0,0,0
2016,KOR,-2.5,-142.5,0,0,0,0.06,0,0,0.11,0,0.04,0.1
2016,KOR,-2.5,-137.5,0,0,0,0,0,0,0.02,0,0,0.03
2016,KOR,2.5,-147.5,0,0,0,0,0,0,0.02,0,0,0
2016,KOR,2.5,-142.5,0,0,0,0,0,0,0.35,0,0.15,1.77
2016,KOR,2.5,-137.5,0,0,0,0,0,0,0.56,0,0.13,0.82
2016,KOR,7.5,-147.5,0,0,0,0,0,0,0.22,0,0.04,0.03
2016,KOR,7.5,-142.5,0,0,0,0,0,0,0.21,0,0.04,0.08
2016,PAN,-12.5,-92.5,0.04,0,0.18,0,0,0,0,0,0,0
2016,PAN,-2.5,-107.5,2.55,0,0,0,0,0,0,0,0,0
2016,PAN,-2.5,-102.5,3.35,0,0,0,0,0,0,0,0,0
2016,PAN,-2.5,-97.5,0.89,0,0,0,0,0,0,0,0,0
2016,TWN,-32.5,-147.5,0,0,0,0,0,0,0.69,0,0,0
2016,TWN,-12.5,-117.5,0,0,0,0,0,0,0.43,0,0,0
2016,TWN,-12.5,-112.5,0,0,0,0,0,0,0.53,0,0,0
2016,TWN,-7.5,-147.5,0,0,0,0,0,0,0.36,0,0,0
2016,TWN,-7.5,-117.5,0,0,0,0,0,0,1.34,0,0,0
2016,TWN,-7.5,-112.5,0,0,0,0,0,0,0.43,0,0,0
2016,TWN,-7.5,-107.5,0,0,0,0,0,0,0.67,0,0,0
2016,TWN,-7.5,-102.5,0,0,0,0,0,0,0.24,0,0,0
2016,TWN,-2.5,-147.5,0,0,0,0,0,0,1.86,0,0,0
2016,TWN,-2.5,-127.5,0,0,0,0,0,0,0.05,0,0,0
2016,TWN,2.5,-147.5,0,0,0,0,0,0,0.27,0,0,0
2016,TWN,2.5,-137.5,0,0,0,0,0,0,0.22,0,0,0
2016,TWN,7.5,-147.5,0,0,0,0,0,0,1.23,0,0,0
2016,TWN,7.5,-142.5,0,0,0,0,0,0,0.94,0,0,0
2016,USA,17.5,-137.5,0,0,0,0,0,0,0,0,0,0
2016,USA,22.5,-142.5,0,0,0,0,0,0,0,0,0,0
2016,USA,22.5,-137.5,0,0,0,0,0,0,0,0,0,0
2016,USA,22.5,-132.5,0,0,0,0,0,0,0,0,0,0
2016,USA,27.5,-142.5,0,0,0,0,0,0,0,0,0,0
2016,USA,27.5,-137.5,0,0,0,0,0,0,0,0,0,0
2016,USA,32.5,-137.5,0,0,0,0,0,0,0,0,0,0
2016,VUT,-32.5,-147.5,0,0,0,0,0,0,0,0,0,0
2016,VUT,-32.5,-107.5,0,0,0,0,0,0,0,0,0,0
2016,VUT,-32.5,-102.5,0,0,0,0,0,0,0,0,0,0
2016,VUT,-27.5,-102.5,0,0,0,0,0,0,0,0,0,0
2016,VUT,-27.5,-92.5,0,0,0,0,0,0,0,0,0,0
2016,VUT,-22.5,-97.5,0,0,0,0,0,0,0,0,0,0
2016,VUT,-17.5,-102.5,0,0,0,0,0,0,0,0,0,0
2016,VUT,-17.5,-97.5,0,0,0,0,0,0,0,0,0,0
2016,VUT,-17.5,-92.5,0,0,0,0,0,0,0,0,0,0
2016,VUT,-12.5,-97.5,0,0,0,0,0,0,0,0,0,0
2016,VUT,-12.5,-92.5,0,0,0,0,0,0,0,0,0,0
2016,VUT,-2.5,-102.5,0,0,0,0,0,0,0,0,0,0
2016,VUT,-2.5,-97.5,0,0,0,0,0,0,0,0,0,0
2016,VUT,2.5,-102.5,0,0,0,0,0,0,0,0,0,0
2016,BLZ,2.5,-112.5,0.68,0,6.04,0,0,0,0,0,0,0.08
2016,BLZ,2.5,-107.5,4.78,0,13.07,0,0,0,0,0.09,0,0.16
2016,BLZ,2.5,-102.5,0,0,1.28,0,0,0,0,0,0,0.02
2016,CHN,-17.5,-147.5,0,0,0,0,0,0,0,0,0,0
2016,CHN,-17.5,-132.5,0,0,0,0,0,0,0,0,0,0
2016,CHN,-12.5,-147.5,0.08,0,0,0,0,0,0,0,0,0
2016,CHN,-12.5,-142.5,0.11,0,0,0,0,0,0,0,0,0
2016,CHN,-12.5,-127.5,0,0,0,0,0,0,0,0,0,0
2016,CHN,-12.5,-122.5,0,0,0,0,0,0,0,0,0,0
2016,CHN,-7.5,-147.5,0.04,0,0,0,0,0,0,0,0,0
2016,CHN,-7.5,-142.5,0.04,0,0,0,0,0,0,0,0,0
2016,CHN,-7.5,-127.5,1.17,0,0,0,0,0,0,0,0,0
2016,CHN,-2.5,-147.5,0,0,0,0,0,0,0,0,0,0
2016,CHN,-2.5,-142.5,0,0,0,0,0,0,0,0,0,0
2016,CHN,-2.5,-137.5,0,0,0,0,0,0,0,0,0,0
2016,CHN,2.5,-147.5,0,0,0,0,0,0,0,0,0,0
2016,CHN,2.5,-142.5,0,0,0,0,0,0,0,0,0,0
2016,CHN,2.5,-137.5,1.1,0,0,0,0,0,0,0,0,0
2016,CHN,7.5,-147.5,0,0,0,0,0,0,0,0,0,0
2016,CHN,7.5,-142.5,0,0,0,0,0,0,0,0,0,0
2016,CHN,7.5,-132.5,0.52,0,0,0,0,0,0,0,0,0
2016,CHN,7.5,-127.5,1.3,0,0,0,0,0,0,0,0,0
2016,CHN,12.5,-132.5,3.13,0,0,0,0,0,0,0,0,0
2016,CHN,12.5,-127.5,0.52,0,0,0,0,0,0,0,0,0
2016,JPN,-32.5,-87.5,0,0,0,0,0,0,0,0,0,0
2016,JPN,-32.5,-82.5,0,0,0,0,0,0,0,0,0,0
2016,JPN,-17.5,-92.5,0,0,0,0,0,0,0,0,0,0
2016,JPN,-12.5,-117.5,0,0,0,0,0,0,0,0,0,0
2016,JPN,-12.5,-112.5,0,0,0,0,0,0,0,0,0,0
2016,JPN,-12.5,-107.5,0,0,0,0,0,0,0,0,0,0
2016,JPN,-12.5,-92.5,0,0,0,0,0,0,0,0,0,0
2016,JPN,-12.5,-87.5,0,0,0,0,0,0,0,0,0,0
2016,JPN,-7.5,-127.5,0,0,0,0,0,0,0,0,0,0
2016,JPN,-7.5,-117.5,0,0,0,0,0,0,0,0,0,0
2016,JPN,-7.5,-112.5,0,0,0,0,0,0,0,0,0,0
2016,JPN,2.5,-132.5,0,0,0,0,0,0,0,0,0,0
2016,KOR,-7.5,-127.5,0,0,0,0,0,0,0,0,0.04,0
2016,KOR,-2.5,-137.5,0,0,0,0,0,0,0.04,0,0.02,0.2
2016,KOR,-2.5,-132.5,0,0,0,0,0,0,0.23,0,0.34,0.21
2016,KOR,2.5,-142.5,0,0,0,0,0,0,0.11,0,0,0
2016,KOR,2.5,-137.5,0,0,0,0.07,0,0,2.18,0,0.32,2.18
2016,KOR,7.5,-142.5,0,0,0,0,0,0,0.14,0,0,0.07
2016,KOR,7.5,-137.5,0,0,0,0,0,0,0.26,0,0,0.41
2016,PAN,-17.5,-102.5,0.04,0,0.14,0,0,0,0,0,0,0
2016,PAN,-12.5,-97.5,0,0,0.15,0,0,0,0,0,0,0
2016,PAN,-12.5,-92.5,0.06,0,0.07,0,0,0,0,0,0,0
2016,PAN,-2.5,-107.5,0.28,0,0,0,0,0,0,0,0,0
2016,PAN,-2.5,-102.5,5.57,0,0,0,0,0,0,0,0,0
2016,PAN,-2.5,-97.5,1.01,0,0,0,0,0,0,0,0,0
2016,PAN,2.5,-102.5,1.1,0,0,0,0,0,0,0,0,0
2016,PAN,2.5,-97.5,0.41,0,0,0,0,0,0,0,0,0
2016,TWN,-32.5,-147.5,0,0,0,0,0,0,1.05,0,0,0
2016,TWN,-12.5,-142.5,0,0,0,0,0,0,0.39,0,0,0
2016,TWN,-12.5,-132.5,0,0,0,0,0,0,2.64,0,0,0
2016,TWN,-12.5,-117.5,0,0,0,0,0,0,1.44,0,0,0
2016,TWN,-12.5,-112.5,0,0,0,0,0,0,0.66,0,0,0
2016,TWN,-7.5,-147.5,0,0,0,0,0,0,3.5,0,0,0
2016,TWN,-7.5,-137.5,0,0,0,0,0,0,13.83,0,0,0
2016,TWN,-7.5,-132.5,0,0,0,0,0,0,15.97,0,0,0
2016,TWN,-7.5,-127.5,0,0,0,0,0,0,2.05,0,0,0
2016,TWN,-7.5,-117.5,0,0,0,0,0,0,2.15,0,0,0
2016,TWN,-2.5,-137.5,0,0,0,0,0,0,0.49,0,0,0
2016,TWN,-2.5,-127.5,0,0,0,0,0,0,1.01,0,0,0
2016,TWN,-2.5,-122.5,0,0,0,0,0,0,0.28,0,0,0
2016,TWN,-2.5,-117.5,0,0,0,0,0,0,0.77,0,0,0
2016,TWN,2.5,-137.5,0,0,0,0,0,0,0.09,0,0,0
2016,TWN,2.5,-132.5,0,0,0,0,0,0,0.18,0,0,0
2016,TWN,2.5,-127.5,0,0,0,0,0,0,0.26,0,0,0
2016,USA,22.5,-147.5,0,0,0,0,0,0,0,0,0,0
2016,USA,22.5,-142.5,0,0,0,0,0,0,0,0,0,0
2016,USA,22.5,-137.5,0,0,0,0,0,0,0,0,0,0
2016,USA,22.5,-132.5,0,0,0,0,0,0,0,0,0,0
2016,USA,27.5,-147.5,0,0,0,0,0,0,0,0,0,0
2016,USA,27.5,-142.5,0,0,0,0,0,0,0,0,0,0
2016,USA,27.5,-137.5,0,0,0,0,0,0,0,0,0,0
2016,USA,27.5,-132.5,0,0,0,0,0,0,0,0,0,0
2016,VUT,-37.5,-112.5,0,0,0,0,0,0,0,0,0,0
2016,VUT,-32.5,-147.5,0,0,0,0,0,0,0,0,0,0
2016,VUT,-32.5,-137.5,0,0,0,0,0,0,0,0,0,0
2016,VUT,-32.5,-107.5,0,0,0,0,0,0,0,0,0,0
2016,VUT,-22.5,-97.5,0,0,0,0,0,0,0,0,0,0
2016,VUT,-17.5,-107.5,0,0,0,0,0,0,0,0,0,0
2016,VUT,-17.5,-102.5,0,0,0,0,0,0,0,0,0,0
2016,VUT,-17.5,-97.5,0,0,0,0,0,0,0,0,0,0
2016,VUT,-17.5,-92.5,0,0,0,0,0,0,0,0,0,0
2016,VUT,-12.5,-97.5,0,0,0,0,0,0,0,0,0,0
2016,VUT,-12.5,-92.5,0,0,0,0,0,0,0,0,0,0
2016,VUT,-2.5,-102.5,0,0,0,0,0,0,0,0,0,0
2016,VUT,2.5,-102.5,0,0,0,0,0,0,0,0,0,0
2016,BLZ,2.5,-107.5,0.26,0,7.84,0,0,0,0,0,0,0.07
2016,BLZ,7.5,-107.5,1.4,0,15.85,0,0,0,0,0.11,0,0.11
2016,BLZ,7.5,-102.5,0,0,3.5,0,0,0,0,0.04,0,0
2016,CHN,-17.5,-147.5,0,0,0,0,0,0,0,0,0,0
2016,CHN,-12.5,-147.5,0,0,0,0,0,0,0,0,0,0
2016,CHN,-12.5,-142.5,0,0,0,0,0,0,0,0.08,0,0
2016,CHN,-12.5,-137.5,0,0,0,0,0,0,0,1.04,0,0
2016,CHN,-12.5,-132.5,0,0,0,0,0,0,0,0.08,0,0
2016,CHN,-12.5,-127.5,0,0,0,0,0,0,0,0,0,0
2016,CHN,-12.5,-122.5,0,0,0,0,0,0,0,0,0,0
2016,CHN,-12.5,-117.5,0,0,0,0,0,0,0,0,0,0
2016,CHN,-7.5,-132.5,3.03,0,0,0,0,0,0,0,0,0
2016,CHN,-7.5,-127.5,0.44,0,0,0,0,0,0,0,0,0
2016,CHN,-7.5,-122.5,1.65,0,0,0,0,0,0,0,0,0
2016,CHN,-2.5,-147.5,0,0,0,0,0,0,0,0,0,0
2016,CHN,-2.5,-142.5,0,0,0,0,0,0,0,0,0,0
2016,CHN,-2.5,-137.5,0,0,0,0,0,0,0,0,0,0
2016,CHN,7.5,-142.5,0.21,0,0,0,0,0,0,0,0,0
2016,CHN,7.5,-137.5,0.21,0,0,0,0,0,0,0,0,0
2016,CHN,7.5,-132.5,0.64,0,0,0,0,0,0,0,0,0
2016,CHN,12.5,-142.5,0.43,0,0,0,0,0,0,0,0,0
2016,CHN,12.5,-137.5,2.37,0,0,0,0,0,0,0,0,0
2016,CHN,12.5,-132.5,1.08,0,0,0,0,0,0,0,0,0
2016,JPN,-32.5,-82.5,0,0,0,0,0,0,0,0,0,0
2016,JPN,-32.5,-77.5,0,0,0,0,0,0,0,0,0,0
2016,JPN,-27.5,-82.5,0,0,0,0,0,0,0,0,0,0
2016,JPN,-17.5,-122.5,0,0,0,0,0,0,0,0,0,0
2016,JPN,-17.5,-117.5,0,0,0,0,0,0,0,0,0,0
2016,JPN,-17.5,-107.5,0,0,0,0,0,0,0,0,0,0
2016,JPN,-17.5,-102.5,0,0,0,0,0,0,0,0,0,0
2016,JPN,-17.5,-92.5,0,0,0,0,0,0,0,0,0,0
2016,JPN,-17.5,-87.5,0,0,0,0,0,0,0,0,0,0
2016,JPN,-12.5,-117.5,0,0,0,0,0,0,0,0,0,0
2016,JPN,-12.5,-112.5,0,0,0,0,0,0,0,0,0,0
2016,JPN,-12.5,-92.5,0,0,0,0,0,0,0,0,0,0
2016,JPN,-12.5,-87.5,0,0,0,0,0,0,0,0,0,0
2016,JPN,-7.5,-122.5,0,0,0,0,0,0,0,0,0,0
2016,JPN,-7.5,-117.5,0,0,0,0,0,0,0,0,0,0
2016,JPN,2.5,-142.5,0,0,0,0,0,0,0,0,0,0
2016,JPN,2.5,-132.5,0,0,0,0,0,0,0,0,0,0
2016,KOR,-12.5,-127.5,0,0,0,0.03,0,0,0.38,0,0.2,2.04
2016,KOR,-12.5,-122.5,0,0,0,0,0,0,0.02,0,0,0.03
2016,KOR,-7.5,-132.5,0,0,0,0,0,0,0,0,0,0.02
2016,KOR,-7.5,-127.5,0,0,0,0,0,0,0.3,0,0.03,0.11
2016,PAN,-17.5,-107.5,0.17,0,0,0,0,0,0,0,0,0
2016,PAN,-17.5,-102.5,0.27,0,0.17,0,0,0,0,0,0,0
2016,PAN,-7.5,-117.5,1.3,0,0.03,0,0,0,0,0,0,0
2016,PAN,-7.5,-112.5,0.06,0,0,0,0,0,0,0,0,0
2016,PAN,-2.5,-112.5,0.47,0,0,0,0,0,0,0,0,0
2016,PAN,-2.5,-107.5,2.01,0,0,0,0,0,0,0,0,0
2016,PAN,-2.5,-102.5,1.05,0,0,0,0,0,0,0,0,0
2016,PAN,-2.5,-97.5,0.22,0,0,0,0,0,0,0,0,0
2016,PAN,2.5,-102.5,1.37,0,0,0,0,0,0,0,0,0
2016,PAN,2.5,-97.5,3.48,0,0,0,0,0,0,0,0,0
2016,PAN,2.5,-92.5,1.43,0,0,0,0,0,0,0,0,0
2016,TWN,-12.5,-137.5,0,0,0,0,0,0,0.46,0,0,0
2016,TWN,-12.5,-132.5,0,0,0,0,0,0,11.95,0,0,0
2016,TWN,-12.5,-127.5,0,0,0,0,0,0,8.61,0,0,0
2016,TWN,-12.5,-122.5,0,0,0,0,0,0,1.32,0,0,0
2016,TWN,-7.5,-137.5,0,0,0,0,0,0,5.72,0,0,0
2016,TWN,-7.5,-132.5,0,0,0,0,0,0,24.83,0,0,0
2016,TWN,-7.5,-127.5,0,0,0,0,0,0,2.32,0,0,0
2016,TWN,-7.5,-122.5,0,0,0,0,0,0,3.84,0,0,0
2016,TWN,-7.5,-117.5,0,0,0,0,0,0,1.54,0,0,0
2016,TWN,-2.5,-132.5,0,0,0,0,0,0,0.28,0,0,0
2016,TWN,-2.5,-127.5,0,0,0,0,0,0,0.18,0,0,0
2016,TWN,2.5,-132.5,0,0,0,0,0,0,0.5,0,0,0
2016,TWN,2.5,-127.5,0,0,0,0,0,0,0.12,0,0,0
2016,USA,27.5,-147.5,0,0,0,0,0,0,0,0,0,0
2016,USA,27.5,-142.5,0,0,0,0,0,0,0,0,0,0
2016,USA,27.5,-137.5,0,0,0,0,0,0,0,0,0,0
2016,USA,27.5,-132.5,0,0,0,0,0,0,0,0,0,0
2016,USA,32.5,-147.5,0,0,0,0,0,0,0,0,0,0
2016,VUT,-17.5,-112.5,0,0,0,0,0,0,0,0,0,0
2016,VUT,-17.5,-107.5,0,0,0,0,0,0,0,0,0,0
2016,VUT,-17.5,-102.5,0,0,0,0,0,0,0,0,0,0
2016,VUT,-17.5,-97.5,0,0,0,0,0,0,0,0,0,0
2016,VUT,-7.5,-147.5,0,0,0,0,0,0,0,0,0,0
2016,VUT,-2.5,-102.5,0,0,0,0,0,0,0,0,0,0
2016,BLZ,2.5,-107.5,0.54,0,20.64,0,0,0,0,0.03,0,0.04
2016,BLZ,7.5,-107.5,1.91,0,17.44,0,0,0,0,0.14,0,0.1
2016,CHN,-17.5,-147.5,0,0,0,0,0,0,0,0,0,0
2016,CHN,-17.5,-132.5,0,0,0,0,0,0,0,0,0,0
2016,CHN,-12.5,-147.5,0.04,0,0,0,0,0,0,0,0,0
2016,CHN,-12.5,-132.5,0,0,0,0,0,0,0,0.96,0,0
2016,CHN,-12.5,-127.5,1.66,0,0,0,0,0,0,0,0,0
2016,CHN,-12.5,-122.5,10.18,0,0,0,0,0,0,0,0,0
2016,CHN,-12.5,-117.5,0,0,0,0,0,0,0,0,0,0
2016,CHN,-7.5,-147.5,0.03,0,0,0,0,0,0,0,0,0
2016,CHN,-7.5,-142.5,0,0,0,0,0,0,0,0,0,0
2016,CHN,-7.5,-137.5,0.33,0,0,0,0,0,0,0,0,0
2016,CHN,-7.5,-132.5,1.59,0,0,0,0,0,0,0.51,0,0
2016,CHN,-7.5,-127.5,0.14,0,0,0,0,0,0,0,0,0
2016,CHN,-7.5,-122.5,1,0,0,0,0,0,0,0,0,0
2016,CHN,-2.5,-137.5,0.69,0,0,0,0,0,0,0,0,0
2016,CHN,-2.5,-132.5,0,0,0,0,0,0,0,0,0,0
2016,CHN,2.5,-147.5,0.07,0,0,0,0,0,0,0,0,0
2016,CHN,2.5,-127.5,0.71,0,0,0,0,0,0,0,0,0
2016,CHN,7.5,-147.5,0.15,0,0,0,0,0,0,0,0,0
2016,CHN,7.5,-132.5,0.93,0,0,0,0,0,0,0,0,0
2016,CHN,7.5,-127.5,1.88,0,0,0,0,0,0,0,0,0
2016,CHN,7.5,-122.5,0.95,0,0,0,0,0,0,0,0,0
2016,CHN,12.5,-137.5,0.23,0,0,0,0,0,0,0,0,0
2016,CHN,12.5,-132.5,2.81,0,0,0,0,0,0,0,0,0
2016,CHN,12.5,-127.5,2.62,0,0,0,0,0,0,0,0,0
2016,JPN,-32.5,-82.5,0,0,0,0,0,0,0,0,0,0
2016,JPN,-27.5,-87.5,0,0,0,0,0,0,0,0,0,0
2016,JPN,-27.5,-82.5,0,0,0,0,0,0,0,0,0,0
2016,JPN,-17.5,-117.5,0,0,0,0,0,0,0,0,0,0
2016,JPN,-17.5,-112.5,0,0,0,0,0,0,0,0,0,0
2016,JPN,-17.5,-102.5,0,0,0,0,0,0,0,0,0,0
2016,JPN,-17.5,-97.5,0,0,0,0,0,0,0,0,0,0
2016,JPN,-17.5,-92.5,0,0,0,0,0,0,0,0,0,0
2016,JPN,-17.5,-87.5,0,0,0,0,0,0,0,0,0,0
2016,JPN,-12.5,-117.5,0,0,0,0,0,0,0,0,0,0
2016,JPN,-12.5,-112.5,0,0,0,0,0,0,0,0,0,0
2016,JPN,-12.5,-97.5,0,0,0,0,0,0,0,0,0,0
2016,JPN,-12.5,-92.5,0,0,0,0,0,0,0,0,0,0
2016,JPN,-7.5,-127.5,0,0,0,0,0,0,0,0,0,0
2016,JPN,-7.5,-117.5,0,0,0,0,0,0,0,0,0,0
2016,JPN,-7.5,-112.5,0,0,0,0,0,0,0,0,0,0
2016,KOR,-12.5,-127.5,0,0,0,0,0,0,0.06,0,0,1.44
2016,KOR,-7.5,-132.5,0,0,0,0,0,0,0,0,0,0.11
2016,KOR,-7.5,-127.5,0,0,0,0,0,0,1.32,0,0.46,0.8
2016,KOR,-7.5,-122.5,0,0,0,0.05,0,0,0.02,0,0.19,0.11
2016,KOR,2.5,-137.5,0,0,0,0,0,0,0.04,0,0.04,0.06
2016,KOR,2.5,-132.5,0,0,0,0,0,0,1.01,0,0.28,0.04
2016,KOR,2.5,-127.5,0,0,0,0,0,0,0.13,0,0.05,0
2016,KOR,7.5,-137.5,0,0,0,0,0,0,0.04,0,0,0.04
2016,PAN,-17.5,-97.5,0.03,0,0.19,0,0,0,0.15,0.06,0,0
2016,PAN,-12.5,-132.5,0.27,0,0,0,0,0,0,0,0,0
2016,PAN,-12.5,-127.5,0.54,0,0,0,0,0,0,0,0,0
2016,PAN,-12.5,-122.5,0.42,0,0,0,0,0,0,0,0,0
2016,PAN,-12.5,-117.5,0.2,0,0,0,0,0,0,0,0,0
2016,PAN,-7.5,-132.5,0.4,0,0,0,0,0,0,0,0,0
2016,PAN,-2.5,-107.5,1.43,0,0,0,0,0,0,0,0,0
2016,PAN,-2.5,-102.5,2.58,0,0,0,0,0,0,0,0,0
2016,PAN,-2.5,-97.5,0.17,0,0,0,0,0,0,0,0,0
2016,PAN,2.5,-97.5,2.76,0,0,0,0,0,0,0,0,0
2016,PAN,2.5,-92.5,0.65,0,0,0,0,0,0,0,0,0
2016,TWN,-32.5,-147.5,0,0,0,0,0,0,0.27,0,0,0
2016,TWN,-12.5,-137.5,0,0,0,0,0,0,1.95,0,0,0
2016,TWN,-12.5,-132.5,0,0,0,0,0,0,34.09,0,0,0
2016,TWN,-12.5,-127.5,0,0,0,0,0,0,22.71,0,0,0
2016,TWN,-12.5,-122.5,0,0,0,0,0,0,13.56,0,0,0
2016,TWN,-12.5,-117.5,0,0,0,0,0,0,0.04,0,0,0
2016,TWN,-7.5,-137.5,0,0,0,0,0,0,4.01,0,0,0
2016,TWN,-7.5,-132.5,0,0,0,0,0,0,7.46,0,0,0
2016,TWN,-7.5,-127.5,0,0,0,0,0,0,1.13,0,0,0
2016,TWN,-7.5,-122.5,0,0,0,0,0,0,2.14,0,0,0
2016,TWN,-7.5,-117.5,0,0,0,0,0,0,1.63,0,0,0
2016,TWN,-2.5,-137.5,0,0,0,0,0,0,0.03,0,0,0
2016,USA,17.5,-147.5,0,0,0,0,0,0,0,0,0,0
2016,USA,27.5,-147.5,0,0,0,0,0,0,0,0,0,0
2016,USA,27.5,-142.5,0,0,0,0,0,0,0,0,0,0
2016,USA,27.5,-137.5,0,0,0,0,0,0,0,0,0,0
2016,USA,27.5,-132.5,0,0,0,0,0,0,0,0,0,0
2016,USA,32.5,-147.5,0,0,0,0,0,0,0,0,0,0
2016,VUT,-22.5,-97.5,0,0,0,0,0,0,0,0,0,0
2016,VUT,-17.5,-97.5,0,0,0,0,0,0,0,0,0,0
2016,VUT,-2.5,-102.5,0,0,0,0,0,0,0,0,0,0
2016,VUT,-2.5,-97.5,0,0,0,0,0,0,0,0,0,0
2016,BLZ,2.5,-102.5,0,0,1.65,0,0,0,0,0.03,0,0.15
2016,BLZ,7.5,-107.5,0.02,0,21.06,0,0,0,0,0.13,0,0.15
2016,BLZ,7.5,-102.5,1.44,0,8.2,0,0,0,0,0.12,0,0.06
2016,CHN,-17.5,-147.5,0.09,0,0,0,0,0,0,0,0,0
2016,CHN,-17.5,-132.5,0,0,0,0,0,0,0,0,0,0
2016,CHN,-12.5,-147.5,0.09,0,0,0,0,0,0,0,0,0
2016,CHN,-12.5,-132.5,0.29,0,0,0,0,0,0,0.11,0,0
2016,CHN,-12.5,-127.5,2.41,0,0,0,0,0,0,0.42,0,0
2016,CHN,-12.5,-122.5,4.44,0,0,0,0,0,0,0.1,0,0
2016,CHN,-12.5,-117.5,0.17,0,0,0,0,0,0,0,0,0
2016,CHN,-7.5,-147.5,0.16,0,0,0,0,0,0,0,0,0
2016,CHN,-7.5,-142.5,0,0,0,0,0,0,0,0,0,0
2016,CHN,-7.5,-137.5,0.07,0,0,0,0,0,0,0,0,0
2016,CHN,-7.5,-132.5,1.2,0,0,0,0,0,0,0.15,0,0
2016,CHN,-7.5,-127.5,0.42,0,0,0,0,0,0,0,0,0
2016,CHN,-2.5,-147.5,0,0,0,0,0,0,0,0,0,0
2016,CHN,-2.5,-132.5,0.04,0,0,0,0,0,0,0,0,0
2016,CHN,-2.5,-127.5,0.04,0,0,0,0,0,0,0,0,0
2016,CHN,7.5,-137.5,0.17,0,0,0,0,0,0,0,0,0
2016,CHN,7.5,-132.5,1.7,0,0,0,0,0,0,0,0,0
2016,CHN,12.5,-132.5,1.75,0,0,0,0,0,0,0,0,0
2016,CHN,12.5,-127.5,6.18,0,0,0,0,0,0,0,0,0
2016,CHN,12.5,-122.5,0.67,0,0,0,0,0,0,0,0,0
2016,JPN,-27.5,-87.5,0,0,0,0,0,0,0,0,0,0
2016,JPN,-27.5,-82.5,0,0,0,0,0,0,0,0,0,0
2016,JPN,-22.5,-87.5,0,0,0,0,0,0,0,0,0,0
2016,JPN,-22.5,-82.5,0,0,0,0,0,0,0,0,0,0
2016,JPN,-17.5,-122.5,0,0,0,0,0,0,0,0,0,0
2016,JPN,-17.5,-117.5,0,0,0,0,0,0,0,0,0,0
2016,JPN,-17.5,-112.5,0,0,0,0,0,0,0,0,0,0
2016,JPN,-17.5,-107.5,0,0,0,0,0,0,0,0,0,0
2016,JPN,-17.5,-92.5,0,0,0,0,0,0,0,0,0,0
2016,JPN,-17.5,-87.5,0,0,0,0,0,0,0,0,0,0
2016,JPN,-12.5,-122.5,0,0,0,0,0,0,0,0,0,0
2016,JPN,-12.5,-117.5,0,0,0,0,0,0,0,0,0,0
2016,JPN,-12.5,-97.5,0,0,0,0,0,0,0,0,0,0
2016,JPN,-12.5,-87.5,0,0,0,0,0,0,0,0,0,0
2016,JPN,-12.5,-82.5,0,0,0,0,0,0,0,0,0,0
2016,JPN,-7.5,-127.5,0,0,0,0,0,0,0,0,0,0
2016,JPN,-7.5,-122.5,0,0,0,0,0,0,0,0,0,0
2016,KOR,-12.5,-132.5,0,0,0,0,0,0,0,0,0,0.11
2016,KOR,-12.5,-127.5,0,0,0,0.1,0,0,0,0,0,0.27
2016,KOR,-12.5,-122.5,0,0,0,0,0,0,0,0,0,0.09
2016,KOR,-7.5,-127.5,0,0,0,0.13,0,0,0.08,0,0.08,0.45
2016,KOR,-7.5,-122.5,0,0,0,0,0,0,0,0,0,0.66
2016,KOR,-2.5,-132.5,0,0,0,0,0,0,0,0,0,0.07
2016,KOR,2.5,-137.5,0,0,0,0,0,0,0.17,0,0,0.02
2016,KOR,2.5,-132.5,0,0,0,0,0,0,0.32,0,0,0
2016,PAN,-27.5,-97.5,2.98,0,0,0,0,0,0,0,0,0
2016,PAN,-22.5,-102.5,1.25,0,0,0,0,0,0,0,0,0
2016,PAN,-22.5,-97.5,6.75,0,0,0,0,0,0,0,0,0
2016,PAN,-22.5,-92.5,2.43,0,0,0,0,0,0,0,0,0
2016,PAN,-17.5,-97.5,4.96,0,0.06,0,0,0,0.04,0,0,0
2016,PAN,-12.5,-132.5,0.18,0,0,0,0,0,0,0,0,0
2016,PAN,-12.5,-102.5,0.37,0,0,0,0,0,0,0,0,0
2016,PAN,-12.5,-97.5,2.37,0,0,0,0,0,0,0,0,0
2016,PAN,-12.5,-92.5,0.13,0,0,0,0,0,0,0,0,0
2016,PAN,-7.5,-132.5,0.27,0,0,0,0,0,0,0,0,0
2016,PAN,-7.5,-127.5,0.26,0,0,0,0,0,0,0,0,0
2016,PAN,-7.5,-97.5,1.35,0,0,0,0,0,0,0,0,0
2016,PAN,-2.5,-102.5,0.11,0,0,0,0,0,0,0,0,0
2016,PAN,-2.5,-97.5,0.66,0,0,0,0,0,0,0,0,0
2016,PAN,2.5,-102.5,3.72,0,0,0,0,0,0,0,0,0
2016,PAN,2.5,-97.5,1.09,0,0,0,0,0,0,0,0,0
2016,TWN,-32.5,-147.5,0,0,0,0,0,0,0.65,0,0,0
2016,TWN,-32.5,-142.5,0,0,0,0,0,0,1.56,0,0,0
2016,TWN,-32.5,-137.5,0,0,0,0,0,0,1.29,0,0,0
2016,TWN,-17.5,-132.5,0,0,0,0,0,0,2.55,0,0,0
2016,TWN,-17.5,-127.5,0,0,0,0,0,0,0.98,0,0,0
2016,TWN,-17.5,-122.5,0,0,0,0,0,0,0.14,0,0,0
2016,TWN,-12.5,-137.5,0,0,0,0,0,0,1.26,0,0,0
2016,TWN,-12.5,-132.5,0,0,0,0,0,0,18.31,0,0,0
2016,TWN,-12.5,-127.5,0,0,0,0,0,0,7.66,0,0,0
2016,TWN,-12.5,-122.5,0,0,0,0,0,0,14.57,0,0,0
2016,TWN,-12.5,-112.5,0,0,0,0,0,0,0.82,0,0,0
2016,TWN,-7.5,-132.5,0,0,0,0,0,0,2.83,0,0,0
2016,TWN,-7.5,-127.5,0,0,0,0,0,0,1.1,0,0,0
2016,TWN,-7.5,-122.5,0,0,0,0,0,0,0.22,0,0,0
2016,TWN,-7.5,-117.5,0,0,0,0,0,0,6.17,0,0,0
2016,TWN,-7.5,-112.5,0,0,0,0,0,0,0.18,0,0,0
2016,USA,22.5,-147.5,0,0,0,0,0,0,0,0,0,0
2016,USA,27.5,-147.5,0,0,0,0,0,0,0,0,0,0
2016,USA,27.5,-142.5,0,0,0,0,0,0,0,0,0,0
2016,USA,27.5,-137.5,0,0,0,0,0,0,0,0,0,0
2016,USA,27.5,-132.5,0,0,0,0,0,0,0,0,0,0
2016,USA,32.5,-147.5,0,0,0,0,0,0,0,0,0,0
2016,USA,32.5,-142.5,0,0,0,0,0,0,0,0,0,0
2016,USA,32.5,-137.5,0,0,0,0,0,0,0,0,0,0
2016,VUT,-27.5,-97.5,0,0,0,0,0,0,0,0,0,0
2016,VUT,-22.5,-97.5,0,0,0,0,0,0,0,0,0,0
2016,VUT,-17.5,-117.5,0,0,0,0,0,0,0,0,0,0
2016,VUT,-17.5,-97.5,0,0,0,0,0,0,0,0,0,0
2016,VUT,-17.5,-92.5,0,0,0,0,0,0,0,0,0,0
2016,VUT,-12.5,-117.5,0,0,0,0,0,0,0,0,0,0
2016,VUT,-12.5,-97.5,0,0,0,0,0,0,0,0,0,0
2016,VUT,-12.5,-92.5,0,0,0,0,0,0,0,0,0,0
2016,VUT,-2.5,-102.5,0,0,0,0,0,0,0,0,0,0
2016,VUT,-2.5,-97.5,0,0,0,0,0,0,0,0,0,0
2016,BLZ,7.5,-107.5,0.14,0,15.16,0,0,0,0,0.04,0,0.07
2016,BLZ,12.5,-107.5,0.03,0,16.95,0,0,0,0,0.03,0,0.11
2016,BLZ,12.5,-102.5,0.4,0,13.97,0,0,0,0,0.03,0,0.16
2016,CHN,-17.5,-147.5,0,0,0,0,0,0,0,0,0,0
2016,CHN,-17.5,-137.5,0,0,0,0,0,0,0,0,0,0
2016,CHN,-12.5,-147.5,0,0,0,0,0,0,0,0,0,0
2016,CHN,-12.5,-142.5,0,0,0,0,0,0,0,0,0,0
2016,CHN,-12.5,-132.5,0.54,0,0,0,0,0,0,0.11,0,0
2016,CHN,-12.5,-127.5,1.59,0,0,0,0,0,0,0.47,0,0
2016,CHN,-12.5,-122.5,2.61,0,0,0,0,0,0,0.08,0,0
2016,CHN,-7.5,-142.5,0,0,0,0,0,0,0,0,0,0
2016,CHN,-7.5,-132.5,3.09,0,0,0,0,0,0,0,0,0
2016,CHN,-2.5,-142.5,0,0,0,0,0,0,0,0,0,0
2016,CHN,-2.5,-132.5,0.27,0,0,0,0,0,0,0,0,0
2016,CHN,-2.5,-122.5,0.37,0,0,0,0,0,0,0,0,0
2016,CHN,-2.5,-117.5,0.98,0,0,0,0,0,0,0,0,0
2016,CHN,2.5,-127.5,0.56,0,0,0,0,0,0,0,0,0
2016,CHN,2.5,-122.5,1.71,0,0,0,0,0,0,0,0,0
2016,CHN,2.5,-117.5,0.21,0,0,0,0,0,0,0,0,0
2016,CHN,7.5,-132.5,0.42,0,0,0,0,0,0,0,0,0
2016,CHN,7.5,-127.5,0.39,0,0,0,0,0,0,0,0,0
2016,CHN,7.5,-122.5,0.42,0,0,0,0,0,0,0,0,0
2016,CHN,12.5,-132.5,0.63,0,0,0,0,0,0,0,0,0
2016,CHN,12.5,-127.5,1.17,0,0,0,0,0,0,0,0,0
2016,CHN,12.5,-122.5,0.21,0,0,0,0,0,0,0,0,0
2016,JPN,-22.5,-82.5,0,0,0,0,0,0,0,0,0,0
2016,JPN,-17.5,-112.5,0,0,0,0,0,0,0,0,0,0
2016,JPN,-17.5,-107.5,0,0,0,0,0,0,0,0,0,0
2016,JPN,-17.5,-92.5,0,0,0,0,0,0,0,0,0,0
2016,JPN,-17.5,-87.5,0,0,0,0,0,0,0,0,0,0
2016,JPN,-12.5,-137.5,0,0,0,0,0,0,0,0,0,0
2016,JPN,-12.5,-132.5,0,0,0,0,0,0,0,0,0,0
2016,JPN,-12.5,-127.5,0,0,0,0,0,0,0,0,0,0
2016,JPN,-12.5,-122.5,0,0,0,0,0,0,0,0,0,0
2016,JPN,-12.5,-117.5,0,0,0,0,0,0,0,0,0,0
2016,JPN,-12.5,-112.5,0,0,0,0,0,0,0,0,0,0
2016,JPN,-12.5,-107.5,0,0,0,0,0,0,0,0,0,0
2016,JPN,-12.5,-102.5,0,0,0,0,0,0,0,0,0,0
2016,JPN,-12.5,-87.5,0,0,0,0,0,0,0,0,0,0
2016,JPN,-7.5,-127.5,0,0,0,0,0,0,0,0,0,0
2016,JPN,-7.5,-122.5,0,0,0,0,0,0,0,0,0,0
2016,JPN,-7.5,-117.5,0,0,0,0,0,0,0,0,0,0
2016,KOR,-12.5,-127.5,0,0,0,0.03,0,0,0,0,0,0.14
2016,KOR,-12.5,-122.5,0.23,0,0,0,0,0,0,0,0,0.71
2016,KOR,-12.5,-117.5,0,0,0,0.22,0,0,0,0,0,0.61
2016,KOR,-12.5,-112.5,0,0,0,0.06,0,0,0,0,0,0.08
2016,KOR,-7.5,-127.5,0.13,0,0,0.04,0,0,0,0,0,0.13
2016,KOR,-7.5,-122.5,0,0,0,0.27,0,0,0,0,0,0.58
2016,KOR,2.5,-142.5,0.01,0,0,0,0,0,0.05,0,0,0
2016,KOR,7.5,-147.5,0.06,0,0,0,0,0,0,0,0,0
2016,PAN,-27.5,-97.5,8.27,0,0,0,0,0,0,0,0,0
2016,PAN,-27.5,-92.5,6.44,0,0,0,0,0,0.08,0,0,0
2016,PAN,-22.5,-102.5,2.55,0,0,0,0,0,0,0,0,0
2016,PAN,-22.5,-97.5,4.63,0,0,0,0,0,0,0,0,0
2016,PAN,-22.5,-92.5,1.62,0,0,0,0,0,0,0,0,0
2016,PAN,-17.5,-97.5,2.9,0,0,0,0,0,0,0,0,0
2016,PAN,-17.5,-92.5,0.95,0,0,0,0,0,0,0,0,0
2016,PAN,-12.5,-132.5,0.5,0,0,0,0,0,0,0,0,0
2016,PAN,-12.5,-127.5,0.54,0,0,0,0,0,0,0,0,0
2016,PAN,-12.5,-102.5,6.05,0,0,0,0,0,0,0,0,0
2016,PAN,-12.5,-97.5,14.4,0,0,0,0,0,0,0,0,0
2016,PAN,-12.5,-92.5,2.67,0,0.66,0,0,0,0,0.18,0,0
2016,PAN,-7.5,-132.5,0.09,0,0,0,0,0,0,0,0,0
2016,PAN,-7.5,-102.5,2.65,0,0,0,0,0,0,0,0,0
2016,PAN,-7.5,-97.5,6.4,0,0,0,0,0,0,0,0,0
2016,PAN,-2.5,-102.5,5.7,0,0,0,0,0,0,0,0,0
2016,PAN,-2.5,-97.5,8.09,0,0,0,0,0,0,0,0,0
2016,PAN,2.5,-97.5,1.72,0,0,0,0,0,0,0,0,0
2016,PAN,2.5,-92.5,1.61,0,0,0,0,0,0,0,0,0
2016,TWN,-32.5,-142.5,0,0,0,0,0,0,0.89,0,0,0
2016,TWN,-32.5,-137.5,0,0,0,0,0,0,5.83,0,0,0
2016,TWN,-32.5,-127.5,0,0,0,0,0,0,3.46,0,0,0
2016,TWN,-17.5,-132.5,0,0,0,0,0,0,0.27,0,0,0
2016,TWN,-17.5,-127.5,0,0,0,0,0,0,0.28,0,0,0
2016,TWN,-12.5,-137.5,0,0,0,0,0,0,0.56,0,0,0
2016,TWN,-12.5,-132.5,0,0,0,0,0,0,19.53,0,0,0
2016,TWN,-12.5,-127.5,0,0,0,0,0,0,7.46,0,0,0
2016,TWN,-12.5,-122.5,0,0,0,0,0,0,8.31,0,0,0
2016,TWN,-12.5,-117.5,0,0,0,0,0,0,6.06,0,0,0
2016,TWN,-7.5,-147.5,0,0,0,0,0,0,0.03,0,0,0
2016,TWN,-7.5,-142.5,0,0,0,0,0,0,0.9,0,0,0
2016,TWN,-7.5,-137.5,0,0,0,0,0,0,0.27,0,0,0
2016,TWN,-7.5,-132.5,0,0,0,0,0,0,11.61,0,0,0
2016,TWN,-7.5,-127.5,0,0,0,0,0,0,1.82,0,0,0
2016,TWN,-7.5,-122.5,0,0,0,0,0,0,0.31,0,0,0
2016,TWN,-7.5,-117.5,0,0,0,0,0,0,4.06,0,0,0
2016,TWN,-2.5,-142.5,0,0,0,0,0,0,0.02,0,0,0
2016,TWN,-2.5,-137.5,0,0,0,0,0,0,0.09,0,0,0
2016,USA,17.5,-147.5,0,0,0,0,0,0,0,0,0,0
2016,USA,22.5,-147.5,0,0,0,0,0,0,0,0,0,0
2016,USA,22.5,-142.5,0,0,0,0,0,0,0,0,0,0
2016,USA,22.5,-137.5,0,0,0,0,0,0,0,0,0,0
2016,USA,27.5,-147.5,0,0,0,0,0,0,0,0,0,0
2016,USA,27.5,-142.5,0,0,0,0,0,0,0,0,0,0
2016,USA,27.5,-137.5,0,0,0,0,0,0,0,0,0,0
2016,USA,27.5,-132.5,0,0,0,0,0,0,0,0,0,0
2016,USA,32.5,-147.5,0,0,0,0,0,0,0,0,0,0
2016,USA,32.5,-142.5,0,0,0,0,0,0,0,0,0,0
2016,USA,32.5,-137.5,0,0,0,0,0,0,0,0,0,0
2016,VUT,-32.5,-142.5,0,0,0,0,0,0,0,0,0,0
2016,VUT,-32.5,-137.5,0,0,0,0,0,0,0,0,0,0
2016,VUT,-32.5,-132.5,0,0,0,0,0,0,0,0,0,0
2016,VUT,-32.5,-122.5,0,0,0,0,0,0,0,0,0,0
2016,VUT,-32.5,-112.5,0,0,0,0,0,0,0,0,0,0
2016,VUT,-32.5,-107.5,0,0,0,0,0,0,0,0,0,0
2016,VUT,-27.5,-102.5,0,0,0,0,0,0,0,0,0,0
2016,VUT,-27.5,-97.5,0,0,0,0,0,0,0,0,0,0
2016,VUT,-27.5,-92.5,0,0,0,0,0,0,0,0,0,0
2016,BLZ,7.5,-107.5,0.16,0,8.69,0,0,0,0,0.02,0,0.03
2016,BLZ,12.5,-107.5,0.24,0,32.16,0,0,0,0,0.2,0,0.1
2016,CHN,-17.5,-147.5,0,0,0,0,0,0,0,0,0,0
2016,CHN,-17.5,-132.5,0,0,0,0,0,0,0,0,0,0
2016,CHN,-12.5,-147.5,0.09,0,0,0,0,0,0,0,0,0
2016,CHN,-12.5,-142.5,0,0,0,0,0,0,0,0,0,0
2016,CHN,-12.5,-132.5,2.56,0,0,0,0,0,0,0.23,0,0
2016,CHN,-12.5,-127.5,2.11,0,0,0,0,0,0,0.06,0,0
2016,CHN,-12.5,-122.5,0.91,0,0,0,0,0,0,0,0,0
2016,CHN,-7.5,-147.5,0.17,0,0,0,0,0,0,0,0,0
2016,CHN,-7.5,-142.5,0.4,0,0,0,0,0,0,0,0,0
2016,CHN,-7.5,-137.5,0,0,0,0,0,0,0,0.32,0,0
2016,CHN,-7.5,-132.5,0,0,0,0,0,0,0,0.39,0,0
2016,CHN,-2.5,-142.5,0,0,0,0,0,0,0,0,0,0
2016,CHN,-2.5,-132.5,0,0,0,0,0,0,0,0.08,0,0
2016,CHN,2.5,-142.5,1.48,0,0,0,0,0,0,0,0,0
2016,CHN,7.5,-142.5,0.99,0,0,0,0,0,0,0,0,0
2016,CHN,7.5,-137.5,1.11,0,0,0,0,0,0,0,0,0
2016,CHN,7.5,-132.5,0.43,0,0,0,0,0,0,0,0,0
2016,CHN,12.5,-142.5,0.27,0,0,0,0,0,0,0,0,0
2016,CHN,12.5,-137.5,1.05,0,0,0,0,0,0,0,0,0
2016,CHN,12.5,-132.5,1.66,0,0,0,0,0,0,0,0,0
2016,JPN,-17.5,-112.5,0,0,0,0,0,0,0,0,0,0
2016,JPN,-12.5,-137.5,0,0,0,0,0,0,0,0,0,0
2016,JPN,-12.5,-132.5,0,0,0,0,0,0,0,0,0,0
2016,JPN,-12.5,-127.5,0,0,0,0,0,0,0,0,0,0
2016,JPN,-12.5,-122.5,0,0,0,0,0,0,0,0,0,0
2016,JPN,-12.5,-117.5,0,0,0,0,0,0,0,0,0,0
2016,JPN,-12.5,-112.5,0,0,0,0,0,0,0,0,0,0
2016,JPN,-12.5,-107.5,0,0,0,0,0,0,0,0,0,0
2016,JPN,-12.5,-102.5,0,0,0,0,0,0,0,0,0,0
2016,JPN,-12.5,-97.5,0,0,0,0,0,0,0,0,0,0
2016,JPN,-12.5,-87.5,0,0,0,0,0,0,0,0,0,0
2016,JPN,-7.5,-122.5,0,0,0,0,0,0,0,0,0,0
2016,JPN,-7.5,-117.5,0,0,0,0,0,0,0,0,0,0
2016,JPN,-7.5,-112.5,0,0,0,0,0,0,0,0,0,0
2016,JPN,-7.5,-107.5,0,0,0,0,0,0,0,0,0,0
2016,KOR,-17.5,-122.5,0.01,0,0,0,0,0,0,0,0,0
2016,KOR,-12.5,-127.5,0.02,0,0,0,0,0,0,0,0,0
2016,KOR,-12.5,-122.5,0.01,0,0,0,0,0,0,0,0,0
2016,KOR,-12.5,-117.5,0.44,0,0,0,0,0,0,0,0,0.53
2016,KOR,-12.5,-112.5,0.09,0,0,0.33,0,0,0,0,0,5.4
2016,KOR,-12.5,-107.5,0,0,0,0.51,0,0,0,0,0.04,0.83
2016,PAN,-32.5,-92.5,0.6,0,0,0,0,0,0,0,0,0
2016,PAN,-27.5,-92.5,1.86,0,0.47,0,0,0,0.83,0.44,0,0
2016,PAN,-27.5,-87.5,0.73,0,0,0,0,0,0.17,0,0,0
2016,PAN,-22.5,-97.5,0,0,0,0,0,0,0,0.09,0,0
2016,PAN,-22.5,-92.5,0,0,0,0,0,0,0.2,0,0,0
2016,PAN,-22.5,-87.5,0.47,0,0,0,0,0,0,0,0,0
2016,PAN,-17.5,-97.5,1.08,0,1.91,0,0,0,0,0.34,0,0
2016,PAN,-17.5,-92.5,4.89,0,0.22,0,0,0,0.27,0.16,0,0
2016,PAN,-12.5,-127.5,0.18,0,0.03,0.05,0,0,0,0,0,0
2016,PAN,-12.5,-122.5,0.15,0,0,0,0,0,0.19,0,0,0
2016,PAN,-12.5,-97.5,2.39,0,0.4,0,0,0,0.27,0.27,0,0
2016,PAN,-12.5,-92.5,11.26,0,1.69,0,0,0,0.4,0.54,0,0
2016,PAN,-7.5,-127.5,0.24,0,0,0,0,0,0,0,0,0
2016,PAN,-7.5,-122.5,2.11,0,0.02,0.18,0,0,0,0,0,0
2016,PAN,-7.5,-97.5,0.03,0,0,0,0,0,0,0,0,0
2016,PAN,-7.5,-87.5,1.48,0,0,0,0,0,0,0,0,0
2016,PAN,-7.5,-82.5,5.15,0,0,0,0,0,0,0,0,0
2016,PAN,-2.5,-102.5,0.38,0,0.95,0,0,0,0.29,0.41,0,0
2016,PAN,-2.5,-97.5,0.85,0,0.74,0,0,0,0.11,0.12,0,0.06
2016,PAN,-2.5,-92.5,1.23,0,0,0,0,0,0,0,0,0
2016,PAN,-2.5,-87.5,5.25,0,0,0,0,0,0,0,0,0
2016,PAN,-2.5,-82.5,0.8,0,0,0,0,0,0,0,0,0
2016,PAN,2.5,-102.5,1.09,0,0.27,0,0,0,0.07,0.26,0,0
2016,PAN,2.5,-97.5,0.67,0,0.34,0,0,0,0,0,0,0
2016,PAN,2.5,-87.5,1.86,0,0,0,0,0,0,0,0,0
2016,PAN,2.5,-82.5,1.71,0,0,0,0,0,0,0,0,0
2016,PAN,7.5,-82.5,0.56,0,0,0,0,0,0,0,0,0
2016,TWN,-32.5,-132.5,0,0,0,0,0,0,1.44,0,0,0
2016,TWN,-32.5,-127.5,0,0,0,0,0,0,7.68,0,0,0
2016,TWN,-27.5,-137.5,0,0,0,0,0,0,0.41,0,0,0
2016,TWN,-27.5,-132.5,0,0,0,0,0,0,0.06,0,0,0
2016,TWN,-27.5,-127.5,0,0,0,0,0,0,0.28,0,0,0
2016,TWN,-12.5,-147.5,0,0,0,0,0,0,0.08,0,0,0
2016,TWN,-12.5,-142.5,0,0,0,0,0,0,0.32,0,0,0
2016,TWN,-12.5,-137.5,0,0,0,0,0,0,0.76,0,0,0
2016,TWN,-12.5,-132.5,0,0,0,0,0,0,29.45,0,0,0
2016,TWN,-12.5,-127.5,0,0,0,0,0,0,16.44,0,0,0
2016,TWN,-12.5,-122.5,0,0,0,0,0,0,3.19,0,0,0
2016,TWN,-12.5,-117.5,0,0,0,0,0,0,0.17,0,0,0
2016,TWN,-12.5,-112.5,0,0,0,0,0,0,7.61,0,0,0
2016,TWN,-7.5,-147.5,0,0,0,0,0,0,1.03,0,0,0
2016,TWN,-7.5,-142.5,0,0,0,0,0,0,0.58,0,0,0
2016,TWN,-7.5,-137.5,0,0,0,0,0,0,1.21,0,0,0
2016,TWN,-7.5,-132.5,0,0,0,0,0,0,11.58,0,0,0
2016,TWN,-7.5,-122.5,0,0,0,0,0,0,0.26,0,0,0
2016,TWN,-7.5,-117.5,0,0,0,0,0,0,1.23,0,0,0
2016,TWN,-7.5,-112.5,0,0,0,0,0,0,3.38,0,0,0
2016,TWN,-2.5,-147.5,0,0,0,0,0,0,1.33,0,0,0
2016,TWN,-2.5,-142.5,0,0,0,0,0,0,0.12,0,0,0
2016,TWN,2.5,-147.5,0,0,0,0,0,0,1.82,0,0,0
2016,TWN,7.5,-147.5,0,0,0,0,0,0,0.68,0,0,0
2016,USA,17.5,-147.5,0,0,0,0,0,0,0,0,0,0
2016,USA,22.5,-147.5,0,0,0,0,0,0,0,0,0,0
2016,USA,22.5,-142.5,0,0,0,0,0,0,0,0,0,0
2016,USA,22.5,-132.5,0,0,0,0,0,0,0,0,0,0
2016,USA,27.5,-132.5,0,0,0,0,0,0,0,0,0,0
2016,VUT,-37.5,-127.5,0,0,0,0,0,0,0,0,0,0
2016,VUT,-32.5,-137.5,0,0,0,0,0,0,0,0,0,0
2016,VUT,-32.5,-132.5,0,0,0,0,0,0,0,0,0,0
2016,VUT,-32.5,-127.5,0,0,0,0,0,0,0,0,0,0
2016,VUT,-32.5,-122.5,0,0,0,0,0,0,0,0,0,0
2016,VUT,-32.5,-97.5,0,0,0,0,0,0,0,0,0,0
2016,VUT,-32.5,-92.5,0,0,0,0,0,0,0,0,0,0
2016,VUT,-32.5,-87.5,0,0,0,0,0,0,0,0,0,0
2016,VUT,-27.5,-127.5,0,0,0,0,0,0,0,0,0,0
2016,VUT,-27.5,-92.5,0,0,0,0,0,0,0,0,0,0
2016,VUT,-27.5,-87.5,0,0,0,0,0,0,0,0,0,0
2016,BLZ,12.5,-107.5,0.02,0,37.48,0,0,0,0,0.06,0,0.16
2016,BLZ,12.5,-102.5,0,0,5.15,0,0,0,0,0,0,0
2016,CHN,-17.5,-147.5,0,0,0,0,0,0,0,0,0,0
2016,CHN,-17.5,-132.5,0,0,0,0,0,0,0,0,0,0
2016,CHN,-12.5,-147.5,0,0,0,0,0,0,0,0,0,0
2016,CHN,-12.5,-142.5,0,0,0,0,0,0,0,0,0,0
2016,CHN,-12.5,-137.5,0,0,0,0,0,0,0,0,0,0
2016,CHN,-12.5,-132.5,0,0,0,0,0,0,0,0,0,0
2016,CHN,-12.5,-127.5,3.86,0,0,0,0,0,0,0,0,0
2016,CHN,-12.5,-122.5,2.79,0,0,0,0,0,0,0,0,0
2016,CHN,-12.5,-117.5,0,0,0,0,0,0,0,0,0,0
2016,CHN,-12.5,-102.5,0,0,0,0,0,0,0,0,0,0
2016,CHN,-7.5,-147.5,0.15,0,0,0,0,0,0,0,0,0
2016,CHN,-7.5,-142.5,0.13,0,0,0,0,0,0,0,0,0
2016,CHN,-7.5,-137.5,0.57,0,0,0,0,0,0,0.15,0,0
2016,CHN,-7.5,-132.5,5.35,0,0,0,0,0,0,1.02,0,0
2016,CHN,-7.5,-127.5,2.13,0,0,0,0,0,0,0.36,0,0
2016,CHN,-2.5,-147.5,0,0,0,0,0,0,0,0,0,0
2016,CHN,-2.5,-132.5,0.53,0,0,0,0,0,0,0,0,0
2016,CHN,-2.5,-127.5,0,0,0,0,0,0,0,0,0,0
2016,CHN,2.5,-142.5,0.17,0,0,0,0,0,0,0,0,0
2016,CHN,2.5,-137.5,0.17,0,0,0,0,0,0,0,0,0
2016,CHN,7.5,-142.5,0.52,0,0,0,0,0,0,0,0,0
2016,CHN,7.5,-137.5,0.7,0,0,0,0,0,0,0,0,0
2016,CHN,7.5,-132.5,0.17,0,0,0,0,0,0,0,0,0
2016,CHN,12.5,-137.5,1.04,0,0,0,0,0,0,0,0,0
2016,CHN,12.5,-127.5,0.52,0,0,0,0,0,0,0,0,0
2016,JPN,-17.5,-122.5,0,0,0,0,0,0,0,0,0,0
2016,JPN,-17.5,-112.5,0,0,0,0,0,0,0,0,0,0
2016,JPN,-12.5,-137.5,0,0,0,0,0,0,0,0,0,0
2016,JPN,-12.5,-132.5,0,0,0,0,0,0,0,0,0,0
2016,JPN,-12.5,-127.5,0,0,0,0,0,0,0,0,0,0
2016,JPN,-12.5,-122.5,0,0,0,0,0,0,0,0,0,0
2016,JPN,-12.5,-117.5,0,0,0,0,0,0,0,0,0,0
2016,JPN,-12.5,-112.5,0,0,0,0,0,0,0,0,0,0
2016,JPN,-12.5,-107.5,0,0,0,0,0,0,0,0,0,0
2016,JPN,-12.5,-102.5,0,0,0,0,0,0,0,0,0,0
2016,JPN,22.5,-137.5,0,0,0,0,0,0,0,0,0,0
2016,KOR,-12.5,-117.5,1,0,0,0,0,0,0,0,1.2,1.94
2016,KOR,-12.5,-112.5,0,0,0,0.04,0,0,0,0,0.7,5.2
2016,KOR,-12.5,-107.5,0,0,0,0.09,0,0,0,0,0.41,0.13
2016,PAN,-32.5,-97.5,0.32,0,0.05,0,0,0,0,0,0,0
2016,PAN,-22.5,-97.5,0.25,0,0.19,0,0,0,0.29,0.11,0,0
2016,PAN,-17.5,-102.5,2.93,0,0.08,0,0,0,0.11,0,0,0
2016,PAN,-17.5,-97.5,12.8,0,0.59,0,0,0,0.08,0.42,0,0
2016,PAN,-17.5,-92.5,0.33,0,0.21,0,0,0,0.19,0.05,0,0
2016,PAN,-12.5,-122.5,0.14,0,0,0,0,0,0,0,0,0
2016,PAN,-12.5,-97.5,4.05,0,0.14,0,0,0,0,0,0,0
2016,PAN,-7.5,-127.5,1.13,0,0,0,0,0,0,0,0,0
2016,PAN,-7.5,-122.5,0.11,0,0,0,0,0,0,0,0,0
2016,PAN,-7.5,-97.5,7.34,0,0,0,0,0,0,0,0,0
2016,PAN,-7.5,-92.5,3.4,0,0,0,0,0,0,0,0,0
2016,PAN,-7.5,-87.5,2.83,0,0,0,0,0,0,0,0,0
2016,PAN,-2.5,-102.5,3.12,0,0.18,0,0,0,0,0,0,0
2016,PAN,-2.5,-97.5,14.2,0,0.58,0,0,0,0.29,0.2,0,0
2016,PAN,2.5,-102.5,0.45,0,0.71,0,0,0,0.25,0.32,0,0
2016,PAN,2.5,-97.5,20.74,0,6.53,0,0,0,1.86,2.39,0,0
2016,PAN,7.5,-97.5,3.74,0,0,0,0,0,0,0,0,0
2016,TWN,-12.5,-147.5,0,0,0,0,0,0,0.21,0,0,0
2016,TWN,-12.5,-142.5,0,0,0,0,0,0,0.88,0,0,0
2016,TWN,-12.5,-137.5,0,0,0,0,0,0,0.34,0,0,0
2016,TWN,-12.5,-132.5,0,0,0,0,0,0,35.75,0,0,0
2016,TWN,-12.5,-127.5,0,0,0,0,0,0,10.79,0,0,0
2016,TWN,-12.5,-122.5,0,0,0,0,0,0,6.65,0,0,0
2016,TWN,-12.5,-117.5,0,0,0,0,0,0,5.03,0,0,0
2016,TWN,-12.5,-112.5,0,0,0,0,0,0,2.49,0,0,0
2016,TWN,-7.5,-147.5,0,0,0,0,0,0,0.37,0,0,0
2016,TWN,-7.5,-142.5,0,0,0,0,0,0,0.14,0,0,0
2016,TWN,-7.5,-137.5,0,0,0,0,0,0,0.77,0,0,0
2016,TWN,-7.5,-132.5,0,0,0,0,0,0,6.55,0,0,0
2016,TWN,-7.5,-112.5,0,0,0,0,0,0,1.31,0,0,0
2016,USA,22.5,-147.5,0,0,0,0,0,0,0,0,0,0
2016,USA,22.5,-142.5,0,0,0,0,0,0,0,0,0,0
2016,USA,22.5,-132.5,0,0,0,0,0,0,0,0,0,0
2016,USA,27.5,-147.5,0,0,0,0,0,0,0,0,0,0
2016,USA,27.5,-142.5,0,0,0,0,0,0,0,0,0,0
2016,USA,37.5,-137.5,0,0,0,0,0,0,0,0,0,0
2016,VUT,-32.5,-97.5,0,0,0,0,0,0,0,0,0,0
2016,VUT,-27.5,-97.5,0,0,0,0,0,0,0,0,0,0
2016,VUT,-22.5,-102.5,0,0,0,0,0,0,0,0,0,0
2016,VUT,-22.5,-97.5,0,0,0,0,0,0,0,0,0,0
2016,VUT,-17.5,-102.5,0,0,0,0,0,0,0,0,0,0
2016,VUT,-17.5,-97.5,0,0,0,0,0,0,0,0,0,0
2016,VUT,-17.5,-92.5,0,0,0,0,0,0,0,0,0,0
2016,VUT,-12.5,-92.5,0,0,0,0,0,0,0,0,0,0
2016,VUT,-7.5,-137.5,0,0,0,0,0,0,0,0,0,0
2016,VUT,-7.5,-132.5,0,0,0,0,0,0,0,0,0,0
2016,BLZ,7.5,-107.5,0.35,0,8.92,0,0,0,0,0,0,0.15
2016,BLZ,12.5,-107.5,0.58,0,30.66,0,0,0,0,0.07,0,0.21
2016,CHN,-17.5,-147.5,0,0,0,0,0,0,0,0,0,0
2016,CHN,-17.5,-137.5,0,0,0,0,0,0,0,0,0,0
2016,CHN,-17.5,-132.5,0,0,0,0,0,0,0,0,0,0
2016,CHN,-12.5,-142.5,0,0,0,0,0,0,0,0,0,0
2016,CHN,-12.5,-137.5,0,0,0,0,0,0,0,0,0,0
2016,CHN,-12.5,-132.5,1.96,0,0,0,0,0,0,0,0,0
2016,CHN,-12.5,-127.5,0.48,0,0,0,0,0,0,0,0,0
2016,CHN,-12.5,-122.5,3.48,0,0,0,0,0,0,0,0,0
2016,CHN,-12.5,-117.5,0.75,0,0,0,0,0,0,0,0,0
2016,CHN,-7.5,-147.5,0.15,0,0,0,0,0,0,0,0,0
2016,CHN,-7.5,-142.5,0,0,0,0,0,0,0,0,0,0
2016,CHN,-7.5,-137.5,0.92,0,0,0,0,0,0,0,0,0
2016,CHN,-7.5,-132.5,1.42,0,0,0,0,0,0,0.04,0,0
2016,CHN,-7.5,-127.5,0.13,0,0,0,0,0,0,0,0,0
2016,CHN,-2.5,-147.5,0.15,0,0,0,0,0,0,0.02,0,0
2016,CHN,-2.5,-137.5,2.01,0,0,0,0,0,0,0.15,0,0
2016,CHN,-2.5,-132.5,0.24,0,0,0,0,0,0,0,0,0
2016,CHN,-2.5,-127.5,0.03,0,0,0,0,0,0,0,0,0
2016,CHN,2.5,-137.5,0.22,0,0,0,0,0,0,0,0,0
2016,CHN,2.5,-132.5,2.03,0,0,0,0,0,0,0,0,0
2016,CHN,7.5,-137.5,0.9,0,0,0,0,0,0,0,0,0
2016,CHN,7.5,-132.5,0.67,0,0,0,0,0,0,0,0,0
2016,CHN,7.5,-127.5,0.45,0,0,0,0,0,0,0,0,0
2016,JPN,-12.5,-137.5,0,0,0,0,0,0,0,0,0,0
2016,JPN,-12.5,-132.5,0,0,0,0,0,0,0,0,0,0
2016,JPN,-12.5,-127.5,0,0,0,0,0,0,0,0,0,0
2016,JPN,-12.5,-122.5,0,0,0,0,0,0,0,0,0,0
2016,JPN,-12.5,-117.5,0,0,0,0,0,0,0,0,0,0
2016,JPN,-12.5,-112.5,0,0,0,0,0,0,0,0,0,0
2016,JPN,-12.5,-107.5,0,0,0,0,0,0,0,0,0,0
2016,JPN,-12.5,-102.5,0,0,0,0,0,0,0,0,0,0
2016,JPN,-7.5,-137.5,0,0,0,0,0,0,0,0,0,0
2016,JPN,-7.5,-132.5,0,0,0,0,0,0,0,0,0,0
2016,JPN,-7.5,-127.5,0,0,0,0,0,0,0,0,0,0
2016,JPN,-7.5,-112.5,0,0,0,0,0,0,0,0,0,0
2016,JPN,-7.5,-107.5,0,0,0,0,0,0,0,0,0,0
2016,JPN,-7.5,-102.5,0,0,0,0,0,0,0,0,0,0
2016,KOR,-17.5,-117.5,0.03,0,0,0,0,0,0,0,0,0
2016,KOR,-12.5,-117.5,0.59,0,0,0,0,0,0,0,0.06,0.76
2016,KOR,-12.5,-112.5,0.37,0,0,0.03,0,0,0,0,0.77,5.45
2016,PAN,-17.5,-107.5,0.63,0,0.13,0,0,0,0,0,0,0
2016,PAN,-17.5,-102.5,2.65,0,0.39,0,0,0,0.22,0.35,0,0
2016,PAN,-12.5,-122.5,0.18,0,0,0,0,0,0,0,0,0
2016,PAN,-12.5,-102.5,1.73,0,0.3,0,0,0,0.14,0.27,0,0
2016,PAN,-12.5,-97.5,1.19,0,0.41,0,0,0,0,0.2,0,0
2016,PAN,-12.5,-92.5,1.75,0,0,0,0,0,0,0,0,0
2016,PAN,-7.5,-127.5,0.13,0,0,0,0,0,0,0,0,0
2016,PAN,-7.5,-122.5,0.64,0,0.07,0,0,0,0,0,0,0
2016,PAN,-7.5,-117.5,0.34,0,0,0,0,0,0.07,0,0,0
2016,PAN,-7.5,-112.5,0.13,0,0,0,0,0,0.06,0,0,0
2016,PAN,-7.5,-107.5,0,0,0,0,0,0,0,0.08,0,0
2016,PAN,-7.5,-97.5,2.61,0,0,0,0,0,0,0,0,0
2016,PAN,-7.5,-92.5,0.79,0,0,0,0,0,0,0,0,0
2016,PAN,-7.5,-87.5,2.31,0,0,0,0,0,0,0,0,0
2016,PAN,-7.5,-82.5,0.71,0,0,0,0,0,0,0,0,0
2016,PAN,2.5,-97.5,0,0,0.07,0,0,0,0,0,0,0
2016,PAN,2.5,-87.5,3.83,0,0,0,0,0,0,0,0,0
2016,PAN,2.5,-82.5,0.97,0,0,0,0,0,0,0,0,0
2016,PAN,7.5,-102.5,0.98,0,0.46,0,0,0,0,0.29,0,0
2016,PAN,7.5,-97.5,1.15,0,1.27,0,0,0,0.32,0.23,0,0
2016,PAN,7.5,-92.5,6.9,0,2.74,0,0,0,1.13,5.14,0,0
2016,PAN,7.5,-87.5,1.45,0,0,0,0,0,0,0,0,0
2016,PAN,7.5,-82.5,0.96,0,0.12,0,0,0,0,0.49,0,0
2016,PAN,12.5,-102.5,0.36,0,0.31,0,0,0,0,0,0,0
2016,PAN,12.5,-97.5,2.23,0,2.09,0,0,0,1.15,0.87,0,0
2016,PAN,12.5,-92.5,1.9,0,3.11,0,0,0,1.73,2.44,0,0
2016,TWN,-12.5,-137.5,0,0,0,0,0,0,1.28,0,0,0
2016,TWN,-12.5,-132.5,0,0,0,0,0,0,26.82,0,0,0
2016,TWN,-12.5,-127.5,0,0,0,0,0,0,10.53,0,0,0
2016,TWN,-12.5,-122.5,0,0,0,0,0,0,15.43,0,0,0
2016,TWN,-12.5,-117.5,0,0,0,0,0,0,10.06,0,0,0
2016,TWN,-7.5,-147.5,0,0,0,0,0,0,0.08,0,0,0
2016,TWN,-7.5,-137.5,0,0,0,0,0,0,5.18,0,0,0
2016,TWN,-7.5,-132.5,0,0,0,0,0,0,10.77,0,0,0
2016,TWN,-7.5,-127.5,0,0,0,0,0,0,0.29,0,0,0
2016,TWN,-2.5,-147.5,0,0,0,0,0,0,0.54,0,0,0
2016,TWN,-2.5,-142.5,0,0,0,0,0,0,3.52,0,0,0
2016,TWN,-2.5,-137.5,0,0,0,0,0,0,2.99,0,0,0
2016,TWN,-2.5,-132.5,0,0,0,0,0,0,0.88,0,0,0
2016,TWN,2.5,-147.5,0,0,0,0,0,0,2.06,0,0,0
2016,TWN,27.5,-147.5,0,0,0,0,0,0,2.08,0,0,0
2016,TWN,32.5,-147.5,0,0,0,0,0,0,51.34,0,0,0
2016,TWN,32.5,-142.5,0,0,0,0,0,0,4.23,0,0,0
2016,USA,22.5,-127.5,0,0,0,0,0,0,0,0,0,0
2016,USA,37.5,-132.5,0,0,0,0,0,0,0,0,0,0
2016,VUT,-17.5,-97.5,0,0,0,0,0,0,0,0,0,0
2016,VUT,-7.5,-137.5,0,0,0,0,0,0,0,0,0,0
2016,VUT,-7.5,-132.5,0,0,0,0,0,0,0,0,0,0
2016,VUT,-2.5,-137.5,0,0,0,0,0,0,0,0,0,0
2016,VUT,32.5,-147.5,0,0,0,0,0,0,0,0,0,0
2017,BLZ,7.5,-107.5,0.49,0,16.99,0,0,0,0,0.16,0,0.15
2017,BLZ,12.5,-107.5,3.24,0,19.31,0,0,0,0,0.15,0,0.31
2017,BLZ,12.5,-102.5,0.14,0,3.94,0,0,0,0,0.03,0,0
2017,CHN,-17.5,-132.5,0,0,0,0,0,0,0,0,0,0
2017,CHN,-17.5,-117.5,0,0,0,0,0,0,0,0,0,0
2017,CHN,-12.5,-137.5,0,0,0,0,0,0,0,0,0,0
2017,CHN,-12.5,-132.5,0,0,0,0,0,0,0,0,0,0
2017,CHN,-12.5,-127.5,0,0,0,0,0,0,0,0,0,0
2017,CHN,-12.5,-122.5,0,0,0,0,0,0,0,0,0,0
2017,CHN,-12.5,-117.5,0,0,0,0,0,0,0,0,0,0
2017,CHN,-7.5,-132.5,0,0,0,0,0,0,0,0,0,0
2017,CHN,-2.5,-147.5,0,0,0,0,0,0,0,0,0,0
2017,CHN,-2.5,-137.5,0,0,0,0,0,0,0,0,0,0
2017,CHN,-2.5,-132.5,0,0,0,0,0,0,0,0,0,0
2017,CHN,-2.5,-127.5,0,0,0,0,0,0,0,0,0,0
2017,CHN,7.5,-132.5,0,0,0,0,0,0,0,0,0,0
2017,CHN,7.5,-127.5,0,0,0,0,0,0,0,0,0,0
2017,CHN,12.5,-132.5,0,0,0,0,0,0,0,0,0,0
2017,JPN,-12.5,-112.5,0,0,0,0,0,0,0,0,0,0
2017,JPN,-12.5,-107.5,0,0,0,0,0,0,0,0,0,0
2017,JPN,-12.5,-102.5,0,0,0,0,0,0,0,0,0,0
2017,JPN,-12.5,-97.5,0,0,0,0,0,0,0,0,0,0
2017,JPN,-7.5,-137.5,0,0,0,0,0,0,0,0,0,0
2017,JPN,-7.5,-112.5,0,0,0,0,0,0,0,0,0,0
2017,JPN,-7.5,-107.5,0,0,0,0,0,0,0,0,0,0
2017,JPN,-2.5,-132.5,0,0,0,0,0,0,0,0,0,0
2017,KOR,-12.5,-117.5,0,0,0,0,0,0,0,0,0,0.54
2017,KOR,-12.5,-112.5,0.71,0,0.45,0,0,0,0,0,0.15,3.98
2017,KOR,-12.5,-107.5,0.45,0,0.24,0,0,0,0,0,0.03,1.09
2017,PAN,-17.5,-107.5,0.44,0,0,0,0,0,0,0,0,0
2017,PAN,-17.5,-102.5,1.2,0,0,0,0,0,0,0,0,0
2017,PAN,-17.5,-97.5,0.16,0,0,0,0,0,0,0,0,0
2017,PAN,2.5,-102.5,0.22,0,0.36,0,0,0,0,0.66,0,0
2017,PAN,2.5,-97.5,0.48,0,0.24,0,0,0,0,0.85,0,0
2017,PAN,7.5,-102.5,0.05,0,0.43,0,0,0,0,1.2,0,0
2017,PAN,7.5,-97.5,0,0,0.04,0,0,0,0,0.14,0,0
2017,PAN,7.5,-92.5,9.24,0,6.48,0,0,0,1.76,4.37,0,0
2017,PAN,7.5,-87.5,2.34,0,0.92,0,0,0,0,0.93,0,0
2017,PAN,7.5,-82.5,0.8,0,0,0,0,0,0.13,0.12,0,0
2017,PAN,7.5,-77.5,0.39,0,0.18,0,0,0,0,0,0,0
2017,PAN,12.5,-122.5,0.68,0,0.07,0,0,0,0,0,0,0
2017,PAN,12.5,-117.5,0.8,0,0,0.11,0,0,0,0,0,0
2017,PAN,12.5,-92.5,2.02,0,1.06,0,0,0,0.5,0.87,0,0
2017,TWN,-12.5,-132.5,0,0,0,0,0,0,9.82,0,0,0
2017,TWN,-12.5,-127.5,0,0,0,0,0,0,0.47,0,0,0
2017,TWN,-12.5,-122.5,0,0,0,0,0,0,23.03,0,0,0
2017,TWN,-12.5,-117.5,0,0,0,0,0,0,1.83,0,0,0
2017,TWN,-7.5,-147.5,0,0,0,0,0,0,0.06,0,0,0
2017,TWN,-7.5,-142.5,0,0,0,0,0,0,0.19,0,0,0
2017,TWN,-7.5,-137.5,0,0,0,0,0,0,6.38,0,0,0
2017,TWN,-7.5,-132.5,0,0,0,0,0,0,8.68,0,0,0
2017,TWN,-7.5,-127.5,0,0,0,0,0,0,0.59,0,0,0
2017,TWN,-2.5,-147.5,0,0,0,0,0,0,0.21,0,0,0
2017,TWN,-2.5,-142.5,0,0,0,0,0,0,2.7,0,0,0
2017,TWN,-2.5,-137.5,0,0,0,0,0,0,3.52,0,0,0
2017,TWN,-2.5,-132.5,0,0,0,0,0,0,0.2,0,0,0
2017,TWN,2.5,-137.5,0,0,0,0,0,0,0.28,0,0,0
2017,TWN,32.5,-147.5,0,0,0,0,0,0,2.01,0,0,0
2017,USA,22.5,-137.5,0,0,0,0,0,0,0,0,0,0
2017,USA,22.5,-132.5,0,0,0,0,0,0,0,0,0,0
2017,USA,22.5,-127.5,0,0,0,0,0,0,0,0,0,0
2017,USA,32.5,-132.5,0,0,0,0,0,0,0,0,0,0
2017,VUT,-17.5,-117.5,0,0,0,0,0,0,0,0,0,0
2017,VUT,-17.5,-112.5,0,0,0,0,0,0,0,0,0,0
2017,VUT,-17.5,-107.5,0,0,0,0,0,0,0,0,0,0
2017,VUT,-17.5,-102.5,0,0,0,0,0,0,0,0,0,0
2017,VUT,-12.5,-122.5,0,0,0,0,0,0,0,0,0,0
2017,VUT,-12.5,-117.5,0,0,0,0,0,0,0,0,0,0
2017,VUT,-7.5,-117.5,0,0,0,0,0,0,0,0,0,0
2017,VUT,7.5,-97.5,0,0,0,0,0,0,0,0,0,0
2017,VUT,7.5,-92.5,0,0,0,0,0,0,0,0,0,0
2017,VUT,12.5,-97.5,0,0,0,0,0,0,0,0,0,0
2017,VUT,12.5,-92.5,0,0,0,0,0,0,0,0,0,0
2017,BLZ,12.5,-107.5,4.2,0,17.05,0,0,0,0,0.13,0,0.35
2017,BLZ,12.5,-102.5,0.27,0,2.9,0,0,0,0,0,0,0.03
2017,CHN,-17.5,-132.5,0,0,0,0,0,0,0,0,0,0
2017,CHN,-17.5,-122.5,0,0,0,0,0,0,0,0,0,0
2017,CHN,-17.5,-107.5,0,0,0,0,0,0,0,0,0,0
2017,CHN,-12.5,-147.5,0,0,0,0,0,0,0,0,0,0
2017,CHN,-12.5,-142.5,0,0,0,0,0,0,0,0,0,0
2017,CHN,-12.5,-137.5,0,0,0,0,0,0,0,0,0,0
2017,CHN,-12.5,-132.5,0,0,0,0,0,0,0,0,0,0
2017,CHN,-12.5,-127.5,0,0,0,0,0,0,0,0,0,0
2017,CHN,-7.5,-147.5,0,0,0,0,0,0,0,0,0,0
2017,CHN,-7.5,-142.5,0,0,0,0,0,0,0,0,0,0
2017,CHN,-7.5,-137.5,0,0,0,0,0,0,0,0,0,0
2017,CHN,-7.5,-132.5,0,0,0,0,0,0,0,0,0,0
2017,CHN,-7.5,-127.5,0,0,0,0,0,0,0,0,0,0
2017,CHN,-2.5,-147.5,0,0,0,0,0,0,0,0,0,0
2017,CHN,2.5,-147.5,0,0,0,0,0,0,0,0,0,0
2017,CHN,2.5,-142.5,0,0,0,0,0,0,0,0,0,0
2017,CHN,2.5,-137.5,0,0,0,0,0,0,0,0,0,0
2017,CHN,7.5,-147.5,0,0,0,0,0,0,0,0,0,0
2017,CHN,7.5,-132.5,0,0,0,0,0,0,0,0,0,0
2017,CHN,7.5,-127.5,0,0,0,0,0,0,0,0,0,0
2017,CHN,7.5,-122.5,0,0,0,0,0,0,0,0,0,0
2017,CHN,12.5,-132.5,0,0,0,0,0,0,0,0,0,0
2017,JPN,-12.5,-107.5,0,0,0,0,0,0,0,0,0,0
2017,JPN,-12.5,-102.5,0,0,0,0,0,0,0,0,0,0
2017,JPN,-12.5,-97.5,0,0,0,0,0,0,0,0,0,0
2017,JPN,-7.5,-122.5,0,0,0,0,0,0,0,0,0,0
2017,JPN,-7.5,-107.5,0,0,0,0,0,0,0,0,0,0
2017,JPN,-7.5,-102.5,0,0,0,0,0,0,0,0,0,0
2017,KOR,-12.5,-117.5,0,0,0,0,0,0,0,0,0,0.03
2017,KOR,-12.5,-112.5,0.11,0,0.26,0,0,0,0,0,0,0.35
2017,KOR,-12.5,-107.5,0.04,0,0.04,0,0,0,0,0,0,0.16
2017,KOR,-12.5,-102.5,0.47,0,0.22,0,0,0,0.04,0,0,0.36
2017,KOR,-12.5,-97.5,0.73,0,1.49,0.05,0,0,0,0,0,0.26
2017,KOR,-7.5,-127.5,0,0,0.06,0,0,0,0,0,0.1,0
2017,KOR,-7.5,-122.5,0,0,0.02,0,0,0,0,0,0,0
2017,KOR,-7.5,-117.5,0,0,0,0,0,0,0,0,0,0.59
2017,KOR,-7.5,-112.5,0,0,0.62,0,0,0,0,0,0,0.2
2017,KOR,-7.5,-107.5,0,0,0.02,0,0,0,0,0,0,0
2017,KOR,2.5,-142.5,0,0,0,0,0,0,0,0,0.03,0.09
2017,KOR,2.5,-137.5,0.05,0,0,0,0,0,0,0,0,0
2017,KOR,7.5,-137.5,0.05,0,0,0,0,0,0,0,0,0
2017,PAN,-22.5,-97.5,0.23,0,0,0,0,0,0,0,0,0
2017,PAN,-17.5,-102.5,1,0,0,0,0,0,0,0,0,0
2017,PAN,-17.5,-97.5,0.6,0,0,0,0,0,0,0,0,0
2017,PAN,-2.5,-97.5,0.03,0,0.12,0,0,0,0,0.12,0,0
2017,PAN,2.5,-102.5,1.7,0,0.48,0,0,0,0.06,0.25,0,0
2017,PAN,2.5,-97.5,3.46,0,0.88,0,0,0,0.25,0.68,0,0
2017,PAN,7.5,-117.5,0.44,0,0,0,0,0,0,0,0,0
2017,PAN,7.5,-102.5,1.62,0,0.86,0,0,0,0,0.33,0,0.65
2017,PAN,7.5,-97.5,1.15,0,0.19,0,0,0,0,0,0,0
2017,PAN,7.5,-92.5,1.19,0,0.36,0,0,0,0.06,0.27,0,0
2017,PAN,12.5,-117.5,0.2,0,0,0,0,0,0,0,0,0
2017,PAN,12.5,-92.5,0.23,0,0.26,0,0,0,0,0,0,0
2017,TWN,-12.5,-127.5,0,0,0,0,0,0,0.44,0,0,0
2017,TWN,-12.5,-122.5,0,0,0,0,0,0,12.84,0,0,0
2017,TWN,-12.5,-117.5,0,0,0,0,0,0,1.26,0,0,0
2017,TWN,-12.5,-107.5,0,0,0,0,0,0,0.82,0,0,0
2017,TWN,-12.5,-102.5,0,0,0,0,0,0,4.07,0,0,0
2017,TWN,-7.5,-142.5,0,0,0,0,0,0,0.09,0,0,0
2017,TWN,-7.5,-137.5,0,0,0,0,0,0,0.03,0,0,0
2017,TWN,-7.5,-132.5,0,0,0,0,0,0,3.44,0,0,0
2017,TWN,-7.5,-127.5,0,0,0,0,0,0,1.9,0,0,0
2017,TWN,-7.5,-107.5,0,0,0,0,0,0,0.98,0,0,0
2017,TWN,-7.5,-102.5,0,0,0,0,0,0,0.45,0,0,0
2017,TWN,-2.5,-147.5,0,0,0,0,0,0,1.87,0,0,0
2017,TWN,-2.5,-142.5,0,0,0,0,0,0,2.2,0,0,0
2017,TWN,-2.5,-137.5,0,0,0,0,0,0,0.31,0,0,0
2017,TWN,-2.5,-132.5,0,0,0,0,0,0,1.99,0,0,0
2017,TWN,-2.5,-127.5,0,0,0,0,0,0,0.05,0,0,0
2017,TWN,-2.5,-122.5,0,0,0,0,0,0,2.71,0,0,0
2017,TWN,2.5,-147.5,0,0,0,0,0,0,7.1,0,0,0
2017,TWN,2.5,-142.5,0,0,0,0,0,0,0.8,0,0,0
2017,TWN,2.5,-137.5,0,0,0,0,0,0,0.06,0,0,0
2017,TWN,7.5,-147.5,0,0,0,0,0,0,2.08,0,0,0
2017,TWN,7.5,-142.5,0,0,0,0,0,0,0.23,0,0,0
2017,USA,17.5,-147.5,0,0,0,0,0,0,0,0,0,0
2017,USA,22.5,-147.5,0,0,0,0,0,0,0,0,0,0
2017,USA,22.5,-142.5,0,0,0,0,0,0,0,0,0,0
2017,USA,22.5,-137.5,0,0,0,0,0,0,0,0,0,0
2017,USA,22.5,-132.5,0,0,0,0,0,0,0,0,0,0
2017,USA,27.5,-147.5,0,0,0,0,0,0,0,0,0,0
2017,USA,32.5,-137.5,0,0,0,0,0,0,0,0,0,0
2017,VUT,-22.5,-102.5,0,0,0,0,0,0,0,0,0,0
2017,VUT,-22.5,-97.5,0,0,0,0,0,0,0,0,0,0
2017,VUT,-17.5,-107.5,0,0,0,0,0,0,0,0,0,0
2017,VUT,-17.5,-102.5,0,0,0,0,0,0,0,0,0,0
2017,VUT,-17.5,-97.5,0,0,0,0,0,0,0,0,0,0
2017,VUT,-17.5,-92.5,0,0,0,0,0,0,0,0,0,0
2017,VUT,-12.5,-97.5,0,0,0,0,0,0,0,0,0,0
2017,VUT,-12.5,-92.5,0,0,0,0,0,0,0,0,0,0
2017,VUT,-7.5,-117.5,0,0,0,0,0,0,0,0,0,0
2017,VUT,-7.5,-97.5,0,0,0,0,0,0,0,0,0,0
2017,VUT,-2.5,-142.5,0,0,0,0,0,0,0,0,0,0
2017,VUT,-2.5,-137.5,0,0,0,0,0,0,0,0,0,0
2017,VUT,-2.5,-102.5,0,0,0,0,0,0,0,0,0,0
2017,VUT,-2.5,-97.5,0,0,0,0,0,0,0,0,0,0
2017,VUT,2.5,-102.5,0,0,0,0,0,0,0,0,0,0
2017,VUT,2.5,-97.5,0,0,0,0,0,0,0,0,0,0
2017,VUT,7.5,-102.5,0,0,0,0,0,0,0,0,0,0
2017,VUT,7.5,-92.5,0,0,0,0,0,0,0,0,0,0
2017,VUT,12.5,-97.5,0,0,0,0,0,0,0,0,0,0
2017,VUT,12.5,-92.5,0,0,0,0,0,0,0,0,0,0
2017,BLZ,2.5,-107.5,13.96,0,9.25,0,0,0,0,0.01,0,0.14
2017,BLZ,7.5,-107.5,0.22,0,3.92,0,0,0,0,0,0,0.08
2017,BLZ,12.5,-107.5,0.06,0,5.06,0,0,0,0,0.03,0,0.01
2017,BLZ,12.5,-92.5,0.5,0,1.11,0,0,0,0,0,0,0.05
2017,CHN,-17.5,-137.5,0,0,0,0,0,0,0,0,0,0
2017,CHN,-17.5,-132.5,0,0,0,0,0,0,0,0,0,0
2017,CHN,-12.5,-147.5,0,0,0,0,0,0,0,0,0,0
2017,CHN,-12.5,-142.5,0,0,0,0,0,0,0,0,0,0
2017,CHN,-12.5,-137.5,0,0,0,0,0,0,0,0,0,0
2017,CHN,-12.5,-132.5,0,0,0,0,0,0,0,0,0,0
2017,CHN,-7.5,-147.5,0,0,0,0,0,0,0,0,0,0
2017,CHN,-7.5,-142.5,0,0,0,0,0,0,0,0,0,0
2017,CHN,-7.5,-137.5,0,0,0,0,0,0,0,0,0,0
2017,CHN,-2.5,-147.5,0,0,0,0,0,0,0,0,0,0
2017,CHN,-2.5,-142.5,0,0,0,0,0,0,0,0,0,0
2017,CHN,2.5,-147.5,0,0,0,0,0,0,0,0,0,0
2017,CHN,2.5,-142.5,0,0,0,0,0,0,0,0,0,0
2017,CHN,7.5,-147.5,0,0,0,0,0,0,0,0,0,0
2017,CHN,7.5,-142.5,0,0,0,0,0,0,0,0,0,0
2017,CHN,7.5,-132.5,0,0,0,0,0,0,0,0,0,0
2017,CHN,7.5,-127.5,0,0,0,0,0,0,0,0,0,0
2017,JPN,-32.5,-87.5,0,0,0,0,0,0,0,0,0,0
2017,JPN,-32.5,-82.5,0,0,0,0,0,0,0,0,0,0
2017,JPN,-27.5,-82.5,0,0,0,0,0,0,0,0,0,0
2017,JPN,-27.5,-77.5,0,0,0,0,0,0,0,0,0,0
2017,JPN,-12.5,-117.5,0,0,0,0,0,0,0,0,0,0
2017,JPN,-12.5,-112.5,0,0,0,0,0,0,0,0,0,0
2017,JPN,-12.5,-107.5,0,0,0,0,0,0,0,0,0,0
2017,JPN,-12.5,-102.5,0,0,0,0,0,0,0,0,0,0
2017,JPN,-7.5,-122.5,0,0,0,0,0,0,0,0,0,0
2017,JPN,-7.5,-117.5,0,0,0,0,0,0,0,0,0,0
2017,JPN,-7.5,-112.5,0,0,0,0,0,0,0,0,0,0
2017,JPN,-7.5,-107.5,0,0,0,0,0,0,0,0,0,0
2017,JPN,2.5,-147.5,0,0,0,0,0,0,0,0,0,0
2017,JPN,7.5,-147.5,0,0,0,0,0,0,0,0,0,0
2017,KOR,-12.5,-122.5,0,0,0.31,0,0,0,0,0,0.83,1.66
2017,KOR,-12.5,-117.5,0.33,0,0.1,0,0,0,0,0,0.28,1.89
2017,KOR,-12.5,-112.5,0.33,0,0,0.04,0,0,0.02,0,0,0
2017,KOR,-7.5,-122.5,0,0,0.07,0,0,0,0,0,0,0
2017,KOR,-7.5,-117.5,0.39,0,0.41,0,0,0,0.05,0,0,0.47
2017,KOR,-7.5,-112.5,0.19,0,0.1,0,0,0,0,0,0,0.27
2017,KOR,-2.5,-127.5,0,0,0,0,0,0,0,0,0.03,0
2017,KOR,2.5,-137.5,0.11,0,0,0,0,0,0,0,0,0
2017,KOR,7.5,-137.5,0.32,0,0,0,0,0,0,0,0,0.09
2017,PAN,-22.5,-102.5,0.24,0,0,0,0,0,0,0,0,0
2017,PAN,-22.5,-97.5,1.18,0,0,0,0,0,0,0,0,0
2017,PAN,-17.5,-107.5,0.21,0,0,0,0,0,0,0,0,0
2017,PAN,-17.5,-102.5,0.48,0,0,0,0,0,0,0,0,0
2017,PAN,-17.5,-97.5,0.35,0,0,0,0,0,0,0,0,0
2017,PAN,-17.5,-92.5,0.39,0,0,0,0,0,0,0,0,0
2017,PAN,-12.5,-97.5,7.25,0,0.89,0.04,0,0,0,2.41,0,0
2017,PAN,-12.5,-92.5,3.82,0,0.08,0,0,0,0,0,0,0
2017,PAN,-7.5,-97.5,0.47,0,0,0,0,0,0,0,0,0
2017,PAN,-7.5,-87.5,0.82,0,0.05,0.05,0,0,0,0,0,0
2017,PAN,-2.5,-97.5,1.31,0,0.81,0,0,0,0.3,0.5,0,0
2017,PAN,2.5,-102.5,0.82,0,0.03,0,0,0,0,0,0,0
2017,PAN,2.5,-97.5,1.9,0,0.47,0.55,0,0,0,0.51,0,0
2017,PAN,7.5,-102.5,1.15,0,0.6,0.05,0,0,0,0.3,0,0
2017,PAN,7.5,-97.5,0.26,0,0,0,0,0,0,0,0,0
2017,PAN,7.5,-92.5,0.11,0,0,0,0,0,0,0,0,0
2017,TWN,-12.5,-122.5,0,0,0,0,0,0,3.84,0,0,0
2017,TWN,-12.5,-117.5,0,0,0,0,0,0,1.13,0,0,0
2017,TWN,-12.5,-112.5,0,0,0,0,0,0,2.92,0,0,0
2017,TWN,-12.5,-107.5,0,0,0,0,0,0,1.15,0,0,0
2017,TWN,-7.5,-132.5,0,0,0,0,0,0,1.84,0,0,0
2017,TWN,-7.5,-127.5,0,0,0,0,0,0,1.5,0,0,0
2017,TWN,-7.5,-112.5,0,0,0,0,0,0,0.44,0,0,0
2017,TWN,-7.5,-107.5,0,0,0,0,0,0,0.46,0,0,0
2017,TWN,-2.5,-147.5,0,0,0,0,0,0,5.42,0,0,0
2017,TWN,-2.5,-142.5,0,0,0,0,0,0,0.07,0,0,0
2017,TWN,-2.5,-137.5,0,0,0,0,0,0,0.19,0,0,0
2017,TWN,-2.5,-132.5,0,0,0,0,0,0,2.4,0,0,0
2017,TWN,-2.5,-127.5,0,0,0,0,0,0,0.35,0,0,0
2017,TWN,2.5,-147.5,0,0,0,0,0,0,4.72,0,0,0
2017,TWN,2.5,-142.5,0,0,0,0,0,0,0.8,0,0,0
2017,TWN,2.5,-132.5,0,0,0,0,0,0,0.1,0,0,0
2017,TWN,7.5,-142.5,0,0,0,0,0,0,0.14,0,0,0
2017,TWN,22.5,-147.5,0,0,0,0,0,0,0.66,0,0,0
2017,TWN,27.5,-147.5,0,0,0,0,0,0,1.25,0,0,0
2017,USA,17.5,-147.5,0,0,0,0,0,0,0,0,0,0
2017,USA,22.5,-147.5,0,0,0,0,0,0,0,0,0,0
2017,USA,22.5,-142.5,0,0,0,0,0,0,0,0,0,0
2017,USA,22.5,-137.5,0,0,0,0,0,0,0,0,0,0
2017,USA,22.5,-132.5,0,0,0,0,0,0,0,0,0,0
2017,USA,22.5,-127.5,0,0,0,0,0,0,0,0,0,0
2017,USA,27.5,-147.5,0,0,0,0,0,0,0,0,0,0
2017,USA,32.5,-137.5,0,0,0,0,0,0,0,0,0,0
2017,VUT,-17.5,-107.5,0,0,0,0,0,0,0,0,0,0
2017,VUT,-17.5,-102.5,0,0,0,0,0,0,0,0,0,0
2017,VUT,-17.5,-97.5,0,0,0,0,0,0,0,0,0,0
2017,VUT,-17.5,-92.5,0,0,0,0,0,0,0,0,0,0
2017,VUT,-12.5,-102.5,0,0,0,0,0,0,0,0,0,0
2017,VUT,-12.5,-97.5,0,0,0,0,0,0,0,0,0,0
2017,VUT,-12.5,-92.5,0,0,0,0,0,0,0,0,0,0
2017,VUT,-12.5,-87.5,0,0,0,0,0,0,0,0,0,0
2017,VUT,-7.5,-112.5,0,0,0,0,0,0,0,0,0,0
2017,VUT,-7.5,-97.5,0,0,0,0,0,0,0,0,0,0
2017,VUT,2.5,-147.5,0,0,0,0,0,0,0,0,0,0
2017,VUT,2.5,-97.5,0,0,0,0,0,0,0,0,0,0
2017,VUT,7.5,-102.5,0,0,0,0,0,0,0,0,0,0
2017,VUT,7.5,-92.5,0,0,0,0,0,0,0,0,0,0
2017,VUT,32.5,-147.5,0,0,0,0,0,0,0,0,0,0
2017,VUT,32.5,-142.5,0,0,0,0,0,0,0,0,0,0
2017,BLZ,2.5,-107.5,14.29,0,18.74,0,0,0,0,0,0,0.05
2017,BLZ,2.5,-102.5,0.03,0,3.99,0,0,0,0,0.04,0,0.05
2017,BLZ,7.5,-92.5,1.01,0,7.44,0,0,0,0,0,0,0
2017,CHN,-32.5,-147.5,0,0,0,0,0,0,0,0,0,0
2017,CHN,-32.5,-142.5,0,0,0,0,0,0,0,0,0,0
2017,CHN,-17.5,-142.5,0,0,0,0,0,0,0,0,0,0
2017,CHN,-17.5,-132.5,0,0,0,0,0,0,0,0,0,0
2017,CHN,-12.5,-147.5,0,0,0,0,0,0,0,0,0,0
2017,CHN,-12.5,-142.5,0,0,0,0,0,0,0,0,0,0
2017,CHN,-12.5,-137.5,0,0,0,0,0,0,0,0,0,0
2017,CHN,-12.5,-132.5,0,0,0,0,0,0,0,0,0,0
2017,CHN,-12.5,-127.5,0,0,0,0,0,0,0,0,0,0
2017,CHN,-2.5,-147.5,0,0,0,0,0,0,0,0,0,0
2017,CHN,2.5,-142.5,0,0,0,0,0,0,0,0,0,0
2017,CHN,2.5,-137.5,0,0,0,0,0,0,0,0,0,0
2017,CHN,2.5,-127.5,0,0,0,0,0,0,0,0,0,0
2017,CHN,7.5,-132.5,0,0,0,0,0,0,0,0,0,0
2017,CHN,7.5,-127.5,0,0,0,0,0,0,0,0,0,0
2017,JPN,-37.5,-87.5,0,0,0,0,0,0,0,0,0,0
2017,JPN,-37.5,-82.5,0,0,0,0,0,0,0,0,0,0
2017,JPN,-32.5,-87.5,0,0,0,0,0,0,0,0,0,0
2017,JPN,-32.5,-82.5,0,0,0,0,0,0,0,0,0,0
2017,JPN,-27.5,-82.5,0,0,0,0,0,0,0,0,0,0
2017,JPN,-27.5,-77.5,0,0,0,0,0,0,0,0,0,0
2017,JPN,-12.5,-117.5,0,0,0,0,0,0,0,0,0,0
2017,JPN,-12.5,-112.5,0,0,0,0,0,0,0,0,0,0
2017,JPN,-7.5,-122.5,0,0,0,0,0,0,0,0,0,0
2017,JPN,-7.5,-117.5,0,0,0,0,0,0,0,0,0,0
2017,JPN,-7.5,-112.5,0,0,0,0,0,0,0,0,0,0
2017,JPN,-7.5,-107.5,0,0,0,0,0,0,0,0,0,0
2017,JPN,2.5,-147.5,0,0,0,0,0,0,0,0,0,0
2017,JPN,2.5,-142.5,0,0,0,0,0,0,0,0,0,0
2017,JPN,7.5,-147.5,0,0,0,0,0,0,0,0,0,0
2017,KOR,-12.5,-122.5,1.93,0,0.26,0,0,0,0.04,0,0.4,2.34
2017,KOR,-12.5,-117.5,0.06,0,0,0,0,0,0,0,0,0
2017,KOR,-7.5,-127.5,0,0,0.14,0,0,0,0,0,0,0
2017,KOR,-7.5,-122.5,0,0,0.28,0,0,0,0,0,0.59,0.05
2017,KOR,-7.5,-117.5,0.02,0,0.22,0,0,0,0.03,0,0.43,0.17
2017,KOR,-2.5,-127.5,0,0,0.06,0,0,0,0,0,0,0.5
2017,KOR,2.5,-147.5,0,0,0.07,0,0,0,0,0,0,0.1
2017,KOR,2.5,-142.5,0.14,0,0.01,0,0,0,0,0,0.02,0.71
2017,KOR,2.5,-137.5,0.07,0,0.02,0,0,0,0,0,0,0.44
2017,KOR,2.5,-132.5,0,0,0,0,0,0,0,0,0,0.05
2017,KOR,2.5,-127.5,0,0,0.1,0,0,0,0,0,0.1,2.17
2017,KOR,7.5,-147.5,0,0,0.02,0,0,0,0,0,0,0.02
2017,KOR,7.5,-142.5,0.28,0,0.05,0,0,0,0,0,0,0.27
2017,KOR,7.5,-137.5,0.1,0,0.08,0,0,0,0,0,0.02,0.19
2017,PAN,-22.5,-107.5,0.12,0,0,0,0,0,0,0,0,0
2017,PAN,-22.5,-102.5,1.77,0,0,0,0,0,0,0,0,0
2017,PAN,-17.5,-107.5,1.03,0,0,0,0,0,0,0,0,0
2017,PAN,-17.5,-102.5,0.77,0,0,0,0,0,0,0,0,0
2017,PAN,-17.5,-97.5,0.37,0,0,0,0,0,0,0,0,0
2017,PAN,-12.5,-102.5,0.39,0,0.17,0,0,0,0,0.08,0,0
2017,PAN,-12.5,-97.5,24.41,0,3.32,0.26,0,0,1.14,2.01,0,0
2017,PAN,-12.5,-92.5,5.7,0,0.11,0.08,0,0,0.32,0.12,0,0
2017,PAN,-7.5,-102.5,0.74,0,0,0,0,0,0,0,0,0
2017,PAN,-7.5,-97.5,0.06,0,0.05,0,0,0,0,0.19,0,0
2017,PAN,-7.5,-92.5,0.91,0,0.09,0,0,0,0.06,0,0,0.13
2017,PAN,-7.5,-87.5,1.73,0,0,0,0,0,0.25,0,0,0
2017,PAN,-2.5,-102.5,0.05,0,0,0,0,0,0,0,0,0
2017,PAN,-2.5,-97.5,0.13,0,0,0,0,0,0,0,0,0
2017,PAN,-2.5,-87.5,0.33,0,0.13,0,0,0,0.09,0,0,0
2017,PAN,2.5,-82.5,0.68,0,0,0.06,0,0,0,0,0,0
2017,TWN,-37.5,-147.5,0,0,0,0,0,0,34.18,0,0,0
2017,TWN,-32.5,-147.5,0,0,0,0,0,0,6.02,0,0,0
2017,TWN,-32.5,-142.5,0,0,0,0,0,0,4.96,0,0,0
2017,TWN,-12.5,-112.5,0,0,0,0,0,0,1.41,0,0,0
2017,TWN,-12.5,-107.5,0,0,0,0,0,0,0.62,0,0,0
2017,TWN,-7.5,-147.5,0,0,0,0,0,0,1.03,0,0,0
2017,TWN,-7.5,-112.5,0,0,0,0,0,0,0.79,0,0,0
2017,TWN,-2.5,-147.5,0,0,0,0,0,0,2.51,0,0,0
2017,TWN,-2.5,-142.5,0,0,0,0,0,0,1.02,0,0,0
2017,TWN,-2.5,-137.5,0,0,0,0,0,0,2.08,0,0,0
2017,TWN,-2.5,-132.5,0,0,0,0,0,0,0.21,0,0,0
2017,TWN,-2.5,-127.5,0,0,0,0,0,0,0.47,0,0,0
2017,TWN,2.5,-147.5,0,0,0,0,0,0,3.68,0,0,0
2017,TWN,2.5,-142.5,0,0,0,0,0,0,0.09,0,0,0
2017,TWN,2.5,-137.5,0,0,0,0,0,0,0.01,0,0,0
2017,TWN,7.5,-147.5,0,0,0,0,0,0,1.17,0,0,0
2017,TWN,12.5,-147.5,0,0,0,0,0,0,0.77,0,0,0
2017,USA,22.5,-147.5,0,0,0,0,0,0,0,0,0,0
2017,USA,22.5,-142.5,0,0,0,0,0,0,0,0,0,0
2017,USA,22.5,-137.5,0,0,0,0,0,0,0,0,0,0
2017,USA,22.5,-132.5,0,0,0,0,0,0,0,0,0,0
2017,USA,27.5,-147.5,0,0,0,0,0,0,0,0,0,0
2017,USA,27.5,-142.5,0,0,0,0,0,0,0,0,0,0
2017,USA,27.5,-137.5,0,0,0,0,0,0,0,0,0,0
2017,USA,32.5,-147.5,0,0,0,0,0,0,0,0,0,0
2017,VUT,-32.5,-132.5,0,0,0,0,0,0,0,0,0,0
2017,VUT,-32.5,-127.5,0,0,0,0,0,0,0,0,0,0
2017,VUT,-17.5,-107.5,0,0,0,0,0,0,0,0,0,0
2017,VUT,-17.5,-97.5,0,0,0,0,0,0,0,0,0,0
2017,VUT,-12.5,-102.5,0,0,0,0,0,0,0,0,0,0
2017,VUT,-12.5,-97.5,0,0,0,0,0,0,0,0,0,0
2017,VUT,-12.5,-92.5,0,0,0,0,0,0,0,0,0,0
2017,VUT,-7.5,-122.5,0,0,0,0,0,0,0,0,0,0
2017,VUT,-7.5,-117.5,0,0,0,0,0,0,0,0,0,0
2017,VUT,-7.5,-102.5,0,0,0,0,0,0,0,0,0,0
2017,VUT,-7.5,-97.5,0,0,0,0,0,0,0,0,0,0
2017,VUT,2.5,-147.5,0,0,0,0,0,0,0,0,0,0
2017,VUT,2.5,-142.5,0,0,0,0,0,0,0,0,0,0
2017,VUT,2.5,-137.5,0,0,0,0,0,0,0,0,0,0
2017,VUT,2.5,-132.5,0,0,0,0,0,0,0,0,0,0
2017,VUT,7.5,-132.5,0,0,0,0,0,0,0,0,0,0
2017,BLZ,2.5,-107.5,8.45,0,30.67,0,0,0,0,0.13,0,0.01
2017,CHN,-17.5,-132.5,0,0,0,0,0,0,0,0,0,0
2017,CHN,-17.5,-122.5,0,0,0,0,0,0,0,0,0,0
2017,CHN,-12.5,-147.5,0,0,0,0,0,0,0,0,0,0
2017,CHN,-12.5,-137.5,0,0,0,0,0,0,0,0,0,0
2017,CHN,-12.5,-132.5,0,0,0,0,0,0,0,0,0,0
2017,CHN,-12.5,-127.5,0,0,0,0,0,0,0,0,0,0
2017,CHN,-7.5,-147.5,0,0,0,0,0,0,0,0,0,0
2017,CHN,-2.5,-147.5,0,0,0,0,0,0,0,0,0,0
2017,CHN,-2.5,-142.5,0,0,0,0,0,0,0,0,0,0
2017,CHN,-2.5,-137.5,0,0,0,0,0,0,0,0,0,0
2017,CHN,2.5,-142.5,0,0,0,0,0,0,0,0,0,0
2017,CHN,2.5,-127.5,0,0,0,0,0,0,0,0,0,0
2017,CHN,7.5,-137.5,0,0,0,0,0,0,0,0,0,0
2017,CHN,7.5,-132.5,0,0,0,0,0,0,0,0,0,0
2017,CHN,7.5,-127.5,0,0,0,0,0,0,0,0,0,0
2017,CHN,7.5,-122.5,0,0,0,0,0,0,0,0,0,0
2017,CHN,12.5,-132.5,0,0,0,0,0,0,0,0,0,0
2017,CHN,12.5,-127.5,0,0,0,0,0,0,0,0,0,0
2017,CHN,22.5,-147.5,0,0,0,0,0,0,0,0,0,0
2017,JPN,-32.5,-87.5,0,0,0,0,0,0,0,0,0,0
2017,JPN,-32.5,-82.5,0,0,0,0,0,0,0,0,0,0
2017,JPN,-32.5,-77.5,0,0,0,0,0,0,0,0,0,0
2017,JPN,-27.5,-82.5,0,0,0,0,0,0,0,0,0,0
2017,JPN,-27.5,-77.5,0,0,0,0,0,0,0,0,0,0
2017,JPN,-12.5,-122.5,0,0,0,0,0,0,0,0,0,0
2017,JPN,-12.5,-117.5,0,0,0,0,0,0,0,0,0,0
2017,JPN,-12.5,-112.5,0,0,0,0,0,0,0,0,0,0
2017,JPN,-7.5,-132.5,0,0,0,0,0,0,0,0,0,0
2017,JPN,-7.5,-127.5,0,0,0,0,0,0,0,0,0,0
2017,JPN,-7.5,-122.5,0,0,0,0,0,0,0,0,0,0
2017,JPN,-7.5,-117.5,0,0,0,0,0,0,0,0,0,0
2017,JPN,-2.5,-127.5,0,0,0,0,0,0,0,0,0,0
2017,JPN,2.5,-137.5,0,0,0,0,0,0,0,0,0,0
2017,JPN,2.5,-127.5,0,0,0,0,0,0,0,0,0,0
2017,JPN,7.5,-132.5,0,0,0,0,0,0,0,0,0,0
2017,KOR,-12.5,-127.5,0.15,0,0,0,0,0,0,0,0,0
2017,KOR,-12.5,-122.5,0.44,0,0,0,0,0,0,0,0,0.64
2017,KOR,-7.5,-127.5,0.15,0,0,0,0,0,0.02,0,0,0
2017,KOR,-2.5,-132.5,0.21,0,0.39,0,0,0,0,0,0.05,0.47
2017,KOR,-2.5,-127.5,0.07,0,1,0,0,0,0,0,0.07,1.76
2017,KOR,2.5,-147.5,0,0,0.09,0,0,0,0,0,0.01,0.47
2017,KOR,2.5,-142.5,0,0,0.02,0,0,0,0,0,0,0.24
2017,KOR,2.5,-137.5,0.06,0,0.37,0,0,0,0,0,0,0.45
2017,KOR,2.5,-132.5,0.01,0,0.28,0.09,0,0,0,0,0,0.24
2017,KOR,2.5,-127.5,0,0,0.16,0,0,0,0,0,0.02,6.47
2017,KOR,7.5,-147.5,0,0,0.03,0,0,0,0,0,0,0.02
2017,KOR,7.5,-142.5,0.02,0,0.02,0,0,0,0,0,0,0.28
2017,KOR,7.5,-137.5,0.17,0,0,0,0,0,0,0,0,0.07
2017,PAN,-32.5,-97.5,0.98,0,0,0,0,0,0,0,0,0
2017,PAN,-27.5,-102.5,0.25,0,0,0,0,0,0,0,0,0
2017,PAN,-27.5,-97.5,1.62,0,0,0,0,0,0,0,0,0
2017,PAN,-22.5,-102.5,0.15,0,0,0,0,0,0,0,0,0
2017,PAN,-17.5,-107.5,0.93,0,0,0,0,0,0,0,0,0
2017,PAN,-17.5,-102.5,0.19,0,0,0,0,0,0,0,0,0
2017,PAN,-12.5,-102.5,4.2,0,1.52,0,0,0,0,0.18,0,0
2017,PAN,-12.5,-97.5,4.22,0,4.61,0,0,0,0,1.15,0,0
2017,PAN,-7.5,-102.5,6.48,0,2.44,0,0,0,0,0.09,0,0
2017,PAN,-7.5,-97.5,1.38,0,1.52,0,0,0,0,0.51,0,0
2017,PAN,-7.5,-92.5,0.69,0,2.69,0,0,0,0,0.96,0,0
2017,PAN,-7.5,-87.5,0,0,1.53,0,0,0,0,0.31,0,0
2017,PAN,-2.5,-107.5,0.08,0,0,0,0,0,0,0,0,0
2017,PAN,-2.5,-102.5,1.08,0,0.2,0,0,0,0,0,0,0
2017,PAN,-2.5,-97.5,2.16,0,1.77,0,0,0,0,0.5,0,0
2017,PAN,-2.5,-87.5,0.3,0,2.22,0,0,0,0,0.72,0,0
2017,PAN,-2.5,-82.5,0.74,0,0.64,0,0,0,0,0,0,0
2017,PAN,2.5,-97.5,3.12,0,1.36,0,0,0,0,0.05,0,0
2017,PAN,2.5,-92.5,0,0,0.25,0,0,0,0,0.18,0,0
2017,TWN,-32.5,-142.5,0,0,0,0,0,0,8.35,0,0,0
2017,TWN,-32.5,-132.5,0,0,0,0,0,0,4.53,0,0,0
2017,TWN,-32.5,-127.5,0,0,0,0,0,0,1.13,0,0,0
2017,TWN,-32.5,-122.5,0,0,0,0,0,0,0.04,0,0,0
2017,TWN,-12.5,-142.5,0,0,0,0,0,0,0.23,0,0,0
2017,TWN,-12.5,-132.5,0,0,0,0,0,0,0.15,0,0,0
2017,TWN,-7.5,-132.5,0,0,0,0,0,0,0.64,0,0,0
2017,TWN,-2.5,-147.5,0,0,0,0,0,0,2.07,0,0,0
2017,TWN,-2.5,-142.5,0,0,0,0,0,0,12.06,0,0,0
2017,TWN,-2.5,-137.5,0,0,0,0,0,0,2.98,0,0,0
2017,TWN,2.5,-147.5,0,0,0,0,0,0,6.1,0,0,0
2017,TWN,2.5,-142.5,0,0,0,0,0,0,0.12,0,0,0
2017,TWN,2.5,-137.5,0,0,0,0,0,0,0.02,0,0,0
2017,USA,22.5,-147.5,0,0,0,0,0,0,0,0,0,0
2017,USA,22.5,-142.5,0,0,0,0,0,0,0,0,0,0
2017,USA,22.5,-137.5,0,0,0,0,0,0,0,0,0,0
2017,USA,22.5,-132.5,0,0,0,0,0,0,0,0,0,0
2017,USA,27.5,-147.5,0,0,0,0,0,0,0,0,0,0
2017,USA,27.5,-142.5,0,0,0,0,0,0,0,0,0,0
2017,USA,27.5,-137.5,0,0,0,0,0,0,0,0,0,0
2017,VUT,-32.5,-127.5,0,0,0,0,0,0,0,0,0,0
2017,VUT,-32.5,-122.5,0,0,0,0,0,0,0,0,0,0
2017,VUT,-32.5,-117.5,0,0,0,0,0,0,0,0,0,0
2017,VUT,-12.5,-102.5,0,0,0,0,0,0,0,0,0,0
2017,VUT,-12.5,-97.5,0,0,0,0,0,0,0,0,0,0
2017,VUT,-7.5,-102.5,0,0,0,0,0,0,0,0,0,0
2017,VUT,-7.5,-97.5,0,0,0,0,0,0,0,0,0,0
2017,VUT,-2.5,-112.5,0,0,0,0,0,0,0,0,0,0
2017,VUT,-2.5,-102.5,0,0,0,0,0,0,0,0,0,0
2017,VUT,7.5,-92.5,0,0,0,0,0,0,0,0,0,0
2017,BLZ,2.5,-107.5,4.24,0,16.41,0,0,0,0,0.09,0,0.09
2017,CHN,-27.5,-132.5,0,0,0,0,0,0,0,0,0,0
2017,CHN,-22.5,-127.5,0,0,0,0,0,0,0,0,0,0
2017,CHN,-17.5,-137.5,0,0,0,0,0,0,0,0,0,0
2017,CHN,-17.5,-132.5,0,0,0,0,0,0,0,0,0,0
2017,CHN,-17.5,-117.5,0,0,0,0,0,0,0,0,0,0
2017,CHN,-12.5,-137.5,0,0,0,0,0,0,0,0,0,0
2017,CHN,-12.5,-132.5,0,0,0,0,0,0,0,0,0,0
2017,CHN,-7.5,-147.5,0,0,0,0,0,0,0,0,0,0
2017,CHN,-7.5,-142.5,0,0,0,0,0,0,0,0,0,0
2017,CHN,-7.5,-137.5,0,0,0,0,0,0,0,0,0,0
2017,CHN,-7.5,-132.5,0,0,0,0,0,0,0,0,0,0
2017,CHN,-2.5,-142.5,0,0,0,0,0,0,0,0,0,0
2017,CHN,-2.5,-137.5,0,0,0,0,0,0,0,0,0,0
2017,CHN,-2.5,-132.5,0,0,0,0,0,0,0,0,0,0
2017,CHN,2.5,-147.5,0,0,0,0,0,0,0,0,0,0
2017,CHN,2.5,-117.5,0,0,0,0,0,0,0,0,0,0
2017,CHN,2.5,-112.5,0,0,0,0,0,0,0,0,0,0
2017,CHN,7.5,-142.5,0,0,0,0,0,0,0,0,0,0
2017,CHN,7.5,-122.5,0,0,0,0,0,0,0,0,0,0
2017,CHN,7.5,-117.5,0,0,0,0,0,0,0,0,0,0
2017,CHN,7.5,-112.5,0,0,0,0,0,0,0,0,0,0
2017,CHN,12.5,-132.5,0,0,0,0,0,0,0,0,0,0
2017,CHN,12.5,-127.5,0,0,0,0,0,0,0,0,0,0
2017,JPN,-32.5,-82.5,0,0,0,0,0,0,0,0,0,0
2017,JPN,-32.5,-77.5,0,0,0,0,0,0,0,0,0,0
2017,JPN,-27.5,-82.5,0,0,0,0,0,0,0,0,0,0
2017,JPN,-27.5,-77.5,0,0,0,0,0,0,0,0,0,0
2017,JPN,-17.5,-117.5,0,0,0,0,0,0,0,0,0,0
2017,JPN,-17.5,-112.5,0,0,0,0,0,0,0,0,0,0
2017,JPN,-17.5,-107.5,0,0,0,0,0,0,0,0,0,0
2017,JPN,-17.5,-102.5,0,0,0,0,0,0,0,0,0,0
2017,JPN,-12.5,-127.5,0,0,0,0,0,0,0,0,0,0
2017,JPN,-12.5,-117.5,0,0,0,0,0,0,0,0,0,0
2017,JPN,-12.5,-112.5,0,0,0,0,0,0,0,0,0,0
2017,JPN,-7.5,-132.5,0,0,0,0,0,0,0,0,0,0
2017,JPN,-7.5,-127.5,0,0,0,0,0,0,0,0,0,0
2017,JPN,-7.5,-122.5,0,0,0,0,0,0,0,0,0,0
2017,JPN,-7.5,-117.5,0,0,0,0,0,0,0,0,0,0
2017,JPN,-2.5,-127.5,0,0,0,0,0,0,0,0,0,0
2017,KOR,-12.5,-127.5,0.29,0,0,0,0,0,0.05,0,0,0
2017,KOR,-7.5,-127.5,0.38,0,0,0,0,0,0,0,0,0.41
2017,KOR,-7.5,-122.5,0.12,0,0,0,0,0,0,0,0,0
2017,KOR,-2.5,-137.5,0,0,0.23,0,0,0,0,0,0.04,0.09
2017,KOR,-2.5,-132.5,0.05,0,2.45,0.03,0,0,0,0,0.4,0.37
2017,KOR,-2.5,-127.5,0.24,0,0.69,0,0,0,0,0,0.1,2.2
2017,KOR,-2.5,-122.5,0.05,0,0,0,0,0,0,0,0,0.3
2017,PAN,-22.5,-97.5,0.84,0,0.13,0,0,0,0.05,0,0,0.08
2017,PAN,-17.5,-102.5,0.14,0,0,0,0,0,0,0,0,0
2017,PAN,-17.5,-97.5,7.98,0,0,0,0,0,0,0,0,0
2017,PAN,-2.5,-97.5,0.13,0,0,0,0,0,0,0.09,0,0
2017,PAN,2.5,-102.5,1.24,0,0,0,0,0,0,0,0,0
2017,PAN,2.5,-97.5,1.68,0,0.38,0,0,0,0,0.79,0,0
2017,PAN,2.5,-92.5,0,0,0.58,0,0,0,0,0.09,0,0
2017,PAN,7.5,-102.5,0.36,0,0,0,0,0,0,0,0,0
2017,PAN,7.5,-97.5,11.69,0,0,0,0,0,0,0,0,0
2017,PAN,7.5,-92.5,35.38,0,0.76,0,0,0,0,0.18,0,0
2017,PAN,12.5,-97.5,0.24,0,0,0,0,0,0,0,0,0
2017,PAN,12.5,-92.5,2.08,0,0,0,0,0,0,0,0,0
2017,TWN,-32.5,-132.5,0,0,0,0,0,0,0.23,0,0,0
2017,TWN,-32.5,-127.5,0,0,0,0,0,0,0.1,0,0,0
2017,TWN,-32.5,-122.5,0,0,0,0,0,0,0.25,0,0,0
2017,TWN,-12.5,-147.5,0,0,0,0,0,0,0.05,0,0,0
2017,TWN,-12.5,-132.5,0,0,0,0,0,0,2.74,0,0,0
2017,TWN,-12.5,-127.5,0,0,0,0,0,0,1.7,0,0,0
2017,TWN,-7.5,-147.5,0,0,0,0,0,0,12.6,0,0,0
2017,TWN,-7.5,-142.5,0,0,0,0,0,0,4.56,0,0,0
2017,TWN,-7.5,-137.5,0,0,0,0,0,0,8.88,0,0,0
2017,TWN,-7.5,-132.5,0,0,0,0,0,0,10.71,0,0,0
2017,TWN,-7.5,-127.5,0,0,0,0,0,0,2,0,0,0
2017,TWN,-2.5,-147.5,0,0,0,0,0,0,6.53,0,0,0
2017,TWN,-2.5,-142.5,0,0,0,0,0,0,8.37,0,0,0
2017,TWN,-2.5,-137.5,0,0,0,0,0,0,4.82,0,0,0
2017,TWN,-2.5,-132.5,0,0,0,0,0,0,6.12,0,0,0
2017,TWN,2.5,-132.5,0,0,0,0,0,0,0.43,0,0,0
2017,USA,22.5,-147.5,0,0,0,0,0,0,0,0,0,0
2017,USA,22.5,-137.5,0,0,0,0,0,0,0,0,0,0
2017,USA,27.5,-147.5,0,0,0,0,0,0,0,0,0,0
2017,USA,27.5,-142.5,0,0,0,0,0,0,0,0,0,0
2017,USA,27.5,-137.5,0,0,0,0,0,0,0,0,0,0
2017,USA,27.5,-132.5,0,0,0,0,0,0,0,0,0,0
2017,USA,32.5,-147.5,0,0,0,0,0,0,0,0,0,0
2017,VUT,-32.5,-117.5,0,0,0,0,0,0,0,0,0,0
2017,VUT,-32.5,-112.5,0,0,0,0,0,0,0,0,0,0
2017,VUT,-27.5,-137.5,0,0,0,0,0,0,0,0,0,0
2017,VUT,-22.5,-97.5,0,0,0,0,0,0,0,0,0,0
2017,VUT,-17.5,-97.5,0,0,0,0,0,0,0,0,0,0
2017,VUT,-17.5,-92.5,0,0,0,0,0,0,0,0,0,0
2017,VUT,-12.5,-132.5,0,0,0,0,0,0,0,0,0,0
2017,VUT,-12.5,-127.5,0,0,0,0,0,0,0,0,0,0
2017,VUT,-12.5,-102.5,0,0,0,0,0,0,0,0,0,0
2017,VUT,-12.5,-92.5,0,0,0,0,0,0,0,0,0,0
2017,VUT,-7.5,-132.5,0,0,0,0,0,0,0,0,0,0
2017,VUT,-7.5,-127.5,0,0,0,0,0,0,0,0,0,0
2017,VUT,-2.5,-147.5,0,0,0,0,0,0,0,0,0,0
2017,VUT,-2.5,-137.5,0,0,0,0,0,0,0,0,0,0
2017,VUT,-2.5,-102.5,0,0,0,0,0,0,0,0,0,0
2017,VUT,-2.5,-97.5,0,0,0,0,0,0,0,0,0,0
2017,VUT,7.5,-97.5,0,0,0,0,0,0,0,0,0,0
2017,VUT,7.5,-92.5,0,0,0,0,0,0,0,0,0,0
2017,BLZ,2.5,-112.5,2.03,0,1.36,0,0,0,0,0.12,0,0.03
2017,BLZ,7.5,-107.5,1.49,0,19.57,0,0,0,0,0.04,0,0.17
2017,CHN,-27.5,-147.5,0,0,0,0,0,0,0,0,0,0
2017,CHN,-22.5,-142.5,0,0,0,0,0,0,0,0,0,0
2017,CHN,-22.5,-127.5,0,0,0,0,0,0,0,0,0,0
2017,CHN,-17.5,-147.5,0,0,0,0,0,0,0,0,0,0
2017,CHN,-17.5,-137.5,0,0,0,0,0,0,0,0,0,0
2017,CHN,-17.5,-132.5,0,0,0,0,0,0,0,0,0,0
2017,CHN,-17.5,-127.5,0,0,0,0,0,0,0,0,0,0
2017,CHN,-12.5,-147.5,0,0,0,0,0,0,0,0,0,0
2017,CHN,-12.5,-132.5,0,0,0,0,0,0,0,0,0,0
2017,CHN,-12.5,-122.5,0,0,0,0,0,0,0,0,0,0
2017,CHN,-7.5,-142.5,0,0,0,0,0,0,0,0,0,0
2017,CHN,-7.5,-137.5,0,0,0,0,0,0,0,0,0,0
2017,CHN,-7.5,-132.5,0,0,0,0,0,0,0,0,0,0
2017,CHN,-7.5,-127.5,0,0,0,0,0,0,0,0,0,0
2017,CHN,-2.5,-147.5,0,0,0,0,0,0,0,0,0,0
2017,CHN,-2.5,-132.5,0,0,0,0,0,0,0,0,0,0
2017,CHN,-2.5,-127.5,0,0,0,0,0,0,0,0,0,0
2017,CHN,2.5,-147.5,0,0,0,0,0,0,0,0,0,0
2017,CHN,2.5,-122.5,0,0,0,0,0,0,0,0,0,0
2017,CHN,2.5,-117.5,0,0,0,0,0,0,0,0,0,0
2017,CHN,7.5,-137.5,0,0,0,0,0,0,0,0,0,0
2017,CHN,7.5,-127.5,0,0,0,0,0,0,0,0,0,0
2017,CHN,7.5,-117.5,0,0,0,0,0,0,0,0,0,0
2017,JPN,-32.5,-82.5,0,0,0,0,0,0,0,0,0,0
2017,JPN,-27.5,-87.5,0,0,0,0,0,0,0,0,0,0
2017,JPN,-27.5,-82.5,0,0,0,0,0,0,0,0,0,0
2017,JPN,-27.5,-77.5,0,0,0,0,0,0,0,0,0,0
2017,JPN,-22.5,-82.5,0,0,0,0,0,0,0,0,0,0
2017,JPN,-22.5,-77.5,0,0,0,0,0,0,0,0,0,0
2017,JPN,-17.5,-112.5,0,0,0,0,0,0,0,0,0,0
2017,JPN,-17.5,-107.5,0,0,0,0,0,0,0,0,0,0
2017,JPN,-17.5,-102.5,0,0,0,0,0,0,0,0,0,0
2017,JPN,-17.5,-87.5,0,0,0,0,0,0,0,0,0,0
2017,JPN,-17.5,-82.5,0,0,0,0,0,0,0,0,0,0
2017,JPN,-12.5,-117.5,0,0,0,0,0,0,0,0,0,0
2017,JPN,-12.5,-112.5,0,0,0,0,0,0,0,0,0,0
2017,JPN,-12.5,-102.5,0,0,0,0,0,0,0,0,0,0
2017,JPN,-12.5,-97.5,0,0,0,0,0,0,0,0,0,0
2017,JPN,-12.5,-92.5,0,0,0,0,0,0,0,0,0,0
2017,JPN,-7.5,-132.5,0,0,0,0,0,0,0,0,0,0
2017,JPN,-7.5,-122.5,0,0,0,0,0,0,0,0,0,0
2017,JPN,-7.5,-117.5,0,0,0,0,0,0,0,0,0,0
2017,JPN,2.5,-137.5,0,0,0,0,0,0,0,0,0,0
2017,JPN,7.5,-132.5,0,0,0,0,0,0,0,0,0,0
2017,JPN,7.5,-122.5,0,0,0,0,0,0,0,0,0,0
2017,KOR,-12.5,-132.5,0,0,0,0,0,0,0,0,0,0.07
2017,KOR,-12.5,-127.5,0,0,0.32,0.08,0,0,0,0,0.21,0.06
2017,KOR,-7.5,-127.5,0.03,0,0.18,0.01,0,0,0.1,0,0.09,0
2017,KOR,-2.5,-132.5,0,0,0.64,0,0,0,0,0,0.26,0.44
2017,KOR,-2.5,-127.5,0.33,0,0.66,0.02,0,0,0,0,0.23,0.87
2017,KOR,-2.5,-122.5,0.03,0,0,0,0,0,0,0,0,0.05
2017,KOR,2.5,-142.5,0.14,0,0,0,0,0,0,0,0,0.07
2017,KOR,2.5,-137.5,0.02,0,0,0,0,0,0,0,0,0.35
2017,KOR,2.5,-132.5,0.25,0,0,0,0,0,0,0,0,0.31
2017,KOR,2.5,-127.5,0.02,0,0.06,0,0,0,0,0,0,0.61
2017,KOR,7.5,-142.5,0.01,0,0,0,0,0,0,0,0,0.03
2017,KOR,7.5,-137.5,0.37,0,0,0,0,0,0,0,0,0.99
2017,KOR,7.5,-132.5,0.48,0,0,0,0,0,0,0,0,0.27
2017,KOR,7.5,-127.5,0,0,0.17,0,0,0,0,0,0,0.27
2017,PAN,-27.5,-92.5,0.22,0,0,0,0,0,0,0,0.12,0.17
2017,PAN,-22.5,-97.5,0.3,0,0,0,0,0,0,0,0,0
2017,PAN,-22.5,-92.5,17.63,0,2.08,0,0,0,1.92,0.85,1.68,4.62
2017,PAN,-22.5,-87.5,1.67,0,0,0,0,0,0,0,0.15,0.44
2017,PAN,-17.5,-97.5,0.33,0,0,0,0,0,0,0,0,0
2017,PAN,7.5,-97.5,0.17,0,0,0,0,0,0,0,0,0
2017,PAN,7.5,-92.5,30.48,0,0,0,0,0,0,0,0,0
2017,PAN,12.5,-92.5,2.44,0,0,0,0,0,0,0,0,0
2017,TWN,-17.5,-127.5,0,0,0,0,0,0,17.13,0,0,0
2017,TWN,-17.5,-122.5,0,0,0,0,0,0,5.28,0,0,0
2017,TWN,-12.5,-132.5,0,0,0,0,0,0,15.7,0,0,0
2017,TWN,-12.5,-127.5,0,0,0,0,0,0,9.01,0,0,0
2017,TWN,-12.5,-122.5,0,0,0,0,0,0,4.69,0,0,0
2017,TWN,-7.5,-147.5,0,0,0,0,0,0,34.31,0,0,0
2017,TWN,-7.5,-142.5,0,0,0,0,0,0,8.87,0,0,0
2017,TWN,-7.5,-137.5,0,0,0,0,0,0,6.11,0,0,0
2017,TWN,-7.5,-132.5,0,0,0,0,0,0,40.63,0,0,0
2017,TWN,-7.5,-127.5,0,0,0,0,0,0,2.79,0,0,0
2017,TWN,-7.5,-122.5,0,0,0,0,0,0,0.85,0,0,0
2017,TWN,-2.5,-147.5,0,0,0,0,0,0,3.74,0,0,0
2017,TWN,-2.5,-142.5,0,0,0,0,0,0,0.16,0,0,0
2017,TWN,-2.5,-132.5,0,0,0,0,0,0,0.6,0,0,0
2017,TWN,2.5,-147.5,0,0,0,0,0,0,0.99,0,0,0
2017,TWN,2.5,-142.5,0,0,0,0,0,0,0.6,0,0,0
2017,TWN,2.5,-137.5,0,0,0,0,0,0,0.05,0,0,0
2017,TWN,2.5,-132.5,0,0,0,0,0,0,0.24,0,0,0
2017,USA,17.5,-147.5,0,0,0,0,0,0,0,0,0,0
2017,USA,22.5,-147.5,0,0,0,0,0,0,0,0,0,0
2017,USA,22.5,-137.5,0,0,0,0,0,0,0,0,0,0
2017,USA,27.5,-147.5,0,0,0,0,0,0,0,0,0,0
2017,USA,27.5,-142.5,0,0,0,0,0,0,0,0,0,0
2017,USA,27.5,-137.5,0,0,0,0,0,0,0,0,0,0
2017,USA,27.5,-132.5,0,0,0,0,0,0,0,0,0,0
2017,USA,32.5,-147.5,0,0,0,0,0,0,0,0,0,0
2017,USA,32.5,-142.5,0,0,0,0,0,0,0,0,0,0
2017,USA,32.5,-137.5,0,0,0,0,0,0,0,0,0,0
2017,VUT,-22.5,-97.5,0,0,0,0,0,0,0,0,0,0
2017,VUT,-22.5,-92.5,0,0,0,0,0,0,0,0,0,0
2017,VUT,-17.5,-127.5,0,0,0,0,0,0,0,0,0,0
2017,VUT,-17.5,-92.5,0,0,0,0,0,0,0,0,0,0
2017,VUT,-12.5,-132.5,0,0,0,0,0,0,0,0,0,0
2017,VUT,-12.5,-127.5,0,0,0,0,0,0,0,0,0,0
2017,VUT,-12.5,-122.5,0,0,0,0,0,0,0,0,0,0
2017,VUT,-7.5,-132.5,0,0,0,0,0,0,0,0,0,0
2017,VUT,-7.5,-122.5,0,0,0,0,0,0,0,0,0,0
2017,VUT,-7.5,-117.5,0,0,0,0,0,0,0,0,0,0
2017,VUT,-7.5,-112.5,0,0,0,0,0,0,0,0,0,0
2017,VUT,-2.5,-147.5,0,0,0,0,0,0,0,0,0,0
2017,VUT,-2.5,-112.5,0,0,0,0,0,0,0,0,0,0
2017,VUT,2.5,-117.5,0,0,0,0,0,0,0,0,0,0
2017,VUT,2.5,-112.5,0,0,0,0,0,0,0,0,0,0
2017,VUT,2.5,-107.5,0,0,0,0,0,0,0,0,0,0
2017,VUT,7.5,-92.5,0,0,0,0,0,0,0,0,0,0
2017,BLZ,2.5,-107.5,0.6,0,0.27,0,0,0,0,0,0,0
2017,BLZ,7.5,-107.5,2.03,0,24.03,0,0,0,0,0.12,0,0.24
2017,CHN,-22.5,-122.5,0,0,0,0,0,0,0,0,0,0
2017,CHN,-17.5,-127.5,0,0,0,0,0,0,0,0,0,0
2017,CHN,-12.5,-147.5,0,0,0,0,0,0,0,0,0,0
2017,CHN,-12.5,-137.5,0,0,0,0,0,0,0,0,0,0
2017,CHN,-12.5,-132.5,0,0,0,0,0,0,0,0,0,0
2017,CHN,-12.5,-127.5,0,0,0,0,0,0,0,0,0,0
2017,CHN,-12.5,-122.5,0,0,0,0,0,0,0,0,0,0
2017,CHN,-7.5,-147.5,0,0,0,0,0,0,0,0,0,0
2017,CHN,-7.5,-142.5,0,0,0,0,0,0,0,0,0,0
2017,CHN,-7.5,-132.5,0,0,0,0,0,0,0,0,0,0
2017,CHN,-7.5,-127.5,0,0,0,0,0,0,0,0,0,0
2017,CHN,-2.5,-137.5,0,0,0,0,0,0,0,0,0,0
2017,CHN,-2.5,-132.5,0,0,0,0,0,0,0,0,0,0
2017,CHN,7.5,-137.5,0,0,0,0,0,0,0,0,0,0
2017,CHN,7.5,-132.5,0,0,0,0,0,0,0,0,0,0
2017,CHN,7.5,-127.5,0,0,0,0,0,0,0,0,0,0
2017,CHN,7.5,-117.5,0,0,0,0,0,0,0,0,0,0
2017,CHN,7.5,-112.5,0,0,0,0,0,0,0,0,0,0
2017,CHN,7.5,-107.5,0,0,0,0,0,0,0,0,0,0
2017,CHN,12.5,-137.5,0,0,0,0,0,0,0,0,0,0
2017,CHN,12.5,-132.5,0,0,0,0,0,0,0,0,0,0
2017,CHN,12.5,-127.5,0,0,0,0,0,0,0,0,0,0
2017,JPN,-27.5,-87.5,0,0,0,0,0,0,0,0,0,0
2017,JPN,-27.5,-82.5,0,0,0,0,0,0,0,0,0,0
2017,JPN,-22.5,-87.5,0,0,0,0,0,0,0,0,0,0
2017,JPN,-22.5,-82.5,0,0,0,0,0,0,0,0,0,0
2017,JPN,-22.5,-77.5,0,0,0,0,0,0,0,0,0,0
2017,JPN,-17.5,-117.5,0,0,0,0,0,0,0,0,0,0
2017,JPN,-17.5,-112.5,0,0,0,0,0,0,0,0,0,0
2017,JPN,-17.5,-107.5,0,0,0,0,0,0,0,0,0,0
2017,JPN,-17.5,-97.5,0,0,0,0,0,0,0,0,0,0
2017,JPN,-17.5,-92.5,0,0,0,0,0,0,0,0,0,0
2017,JPN,-17.5,-87.5,0,0,0,0,0,0,0,0,0,0
2017,JPN,-17.5,-82.5,0,0,0,0,0,0,0,0,0,0
2017,JPN,-12.5,-112.5,0,0,0,0,0,0,0,0,0,0
2017,JPN,-12.5,-92.5,0,0,0,0,0,0,0,0,0,0
2017,JPN,-7.5,-132.5,0,0,0,0,0,0,0,0,0,0
2017,JPN,-7.5,-127.5,0,0,0,0,0,0,0,0,0,0
2017,JPN,-7.5,-122.5,0,0,0,0,0,0,0,0,0,0
2017,JPN,-7.5,-117.5,0,0,0,0,0,0,0,0,0,0
2017,JPN,-7.5,-112.5,0,0,0,0,0,0,0,0,0,0
2017,KOR,-12.5,-132.5,0,0,0,0,0,0,0,0,0,0.03
2017,KOR,-12.5,-127.5,0,0,0.16,0,0,0,0,0,0.06,0.04
2017,KOR,-7.5,-132.5,0,0,0,0,0,0,0,0,0,0.03
2017,KOR,-2.5,-147.5,0,0,0.19,0,0,0,0,0,0,0
2017,KOR,-2.5,-142.5,0,0,0.5,0,0,0,0,0,0,0.2
2017,KOR,2.5,-147.5,0.12,0,0,0,0,0,0,0,0,0.05
2017,KOR,2.5,-142.5,0.09,0,0,0,0,0,0,0,0,0
2017,KOR,2.5,-137.5,0.01,0,0,0,0,0,0,0,0,0.27
2017,KOR,7.5,-147.5,0.36,0,0.54,0,0,0,0,0,0,0.11
2017,KOR,7.5,-142.5,0.14,0,0,0,0,0,0,0,0,0.16
2017,PAN,-22.5,-97.5,0.21,0,0,0,0,0,0,0,0.38,0.17
2017,PAN,-22.5,-92.5,19.91,0,2.27,0,0,0,3.43,0.58,5.44,6.98
2017,PAN,-17.5,-92.5,0.87,0,0.43,0,0,0,0.15,0.47,0,0
2017,PAN,-2.5,-97.5,0.08,0,0,0.08,0,0,0,0,0,0
2017,PAN,2.5,-97.5,1.48,0,0.46,0.78,0,0,0.27,0,0,0
2017,PAN,7.5,-97.5,0.15,0,0.19,0.13,0,0,0,0,0,0
2017,PAN,7.5,-92.5,2.51,0,0,0,0,0,0.06,0,0,0
2017,PAN,7.5,-87.5,0.08,0,0,0,0,0,0,0,0,0
2017,PAN,12.5,-97.5,0,0,0.23,0.27,0,0,0,0,0,0
2017,TWN,-32.5,-147.5,0,0,0,0,0,0,16.85,0,0,0
2017,TWN,-32.5,-142.5,0,0,0,0,0,0,9.01,0,0,0
2017,TWN,-32.5,-137.5,0,0,0,0,0,0,9.92,0,0,0
2017,TWN,-27.5,-147.5,0,0,0,0,0,0,0.65,0,0,0
2017,TWN,-17.5,-132.5,0,0,0,0,0,0,0.02,0,0,0
2017,TWN,-17.5,-127.5,0,0,0,0,0,0,0.07,0,0,0
2017,TWN,-12.5,-147.5,0,0,0,0,0,0,3.92,0,0,0
2017,TWN,-12.5,-142.5,0,0,0,0,0,0,4.88,0,0,0
2017,TWN,-12.5,-137.5,0,0,0,0,0,0,0.53,0,0,0
2017,TWN,-12.5,-132.5,0,0,0,0,0,0,25.73,0,0,0
2017,TWN,-12.5,-127.5,0,0,0,0,0,0,17.48,0,0,0
2017,TWN,-12.5,-122.5,0,0,0,0,0,0,17.69,0,0,0
2017,TWN,-7.5,-147.5,0,0,0,0,0,0,35.97,0,0,0
2017,TWN,-7.5,-142.5,0,0,0,0,0,0,3.35,0,0,0
2017,TWN,-7.5,-137.5,0,0,0,0,0,0,0.37,0,0,0
2017,TWN,-7.5,-132.5,0,0,0,0,0,0,4.47,0,0,0
2017,TWN,-7.5,-117.5,0,0,0,0,0,0,0.09,0,0,0
2017,TWN,-2.5,-147.5,0,0,0,0,0,0,0.86,0,0,0
2017,TWN,-2.5,-142.5,0,0,0,0,0,0,0.29,0,0,0
2017,TWN,2.5,-147.5,0,0,0,0,0,0,1.94,0,0,0
2017,TWN,2.5,-142.5,0,0,0,0,0,0,0.92,0,0,0
2017,TWN,2.5,-132.5,0,0,0,0,0,0,0.14,0,0,0
2017,TWN,7.5,-147.5,0,0,0,0,0,0,1.75,0,0,0
2017,TWN,7.5,-137.5,0,0,0,0,0,0,0.25,0,0,0
2017,USA,17.5,-147.5,0,0,0,0,0,0,0,0,0,0
2017,USA,17.5,-142.5,0,0,0,0,0,0,0,0,0,0
2017,USA,22.5,-147.5,0,0,0,0,0,0,0,0,0,0
2017,USA,22.5,-142.5,0,0,0,0,0,0,0,0,0,0
2017,USA,22.5,-137.5,0,0,0,0,0,0,0,0,0,0
2017,USA,27.5,-147.5,0,0,0,0,0,0,0,0,0,0
2017,USA,27.5,-142.5,0,0,0,0,0,0,0,0,0,0
2017,USA,27.5,-137.5,0,0,0,0,0,0,0,0,0,0
2017,USA,27.5,-132.5,0,0,0,0,0,0,0,0,0,0
2017,USA,32.5,-147.5,0,0,0,0,0,0,0,0,0,0
2017,USA,32.5,-142.5,0,0,0,0,0,0,0,0,0,0
2017,USA,32.5,-137.5,0,0,0,0,0,0,0,0,0,0
2017,VUT,-32.5,-147.5,0,0,0,0,0,0,0,0,0,0
2017,VUT,-32.5,-142.5,0,0,0,0,0,0,0,0,0,0
2017,VUT,-32.5,-137.5,0,0,0,0,0,0,0,0,0,0
2017,VUT,-22.5,-92.5,0,0,0,0,0,0,0,0,0,0
2017,VUT,-17.5,-92.5,0,0,0,0,0,0,0,0,0,0
2017,VUT,-12.5,-147.5,0,0,0,0,0,0,0,0,0,0
2017,VUT,-12.5,-142.5,0,0,0,0,0,0,0,0,0,0
2017,VUT,-7.5,-147.5,0,0,0,0,0,0,0,0,0,0
2017,VUT,-7.5,-122.5,0,0,0,0,0,0,0,0,0,0
2017,VUT,-7.5,-117.5,0,0,0,0,0,0,0,0,0,0
2017,VUT,-7.5,-112.5,0,0,0,0,0,0,0,0,0,0
2017,VUT,-7.5,-107.5,0,0,0,0,0,0,0,0,0,0
2017,VUT,-7.5,-102.5,0,0,0,0,0,0,0,0,0,0
2017,VUT,-2.5,-107.5,0,0,0,0,0,0,0,0,0,0
2017,VUT,2.5,-147.5,0,0,0,0,0,0,0,0,0,0
2017,VUT,2.5,-142.5,0,0,0,0,0,0,0,0,0,0
2017,VUT,2.5,-97.5,0,0,0,0,0,0,0,0,0,0
2017,VUT,7.5,-147.5,0,0,0,0,0,0,0,0,0,0
2017,VUT,7.5,-137.5,0,0,0,0,0,0,0,0,0,0
2017,BLZ,7.5,-107.5,0,0,5.68,0,0,0,0,0,0,0
2017,BLZ,12.5,-107.5,2.25,0,18.98,0,0,0,0,0,0,0
2017,BLZ,12.5,-102.5,0.45,0,15.14,0,0,0,0,0.03,0,0
2017,CHN,-27.5,-147.5,0,0,0,0,0,0,0,0,0,0
2017,CHN,-22.5,-137.5,0,0,0,0,0,0,0,0,0,0
2017,CHN,-22.5,-132.5,0,0,0,0,0,0,0,0,0,0
2017,CHN,-17.5,-122.5,0,0,0,0,0,0,0,0,0,0
2017,CHN,-12.5,-142.5,0,0,0,0,0,0,0,0,0,0
2017,CHN,-12.5,-132.5,0,0,0,0,0,0,0,0,0,0
2017,CHN,-12.5,-127.5,0,0,0,0,0,0,0,0,0,0
2017,CHN,-7.5,-142.5,0,0,0,0,0,0,0,0,0,0
2017,CHN,-7.5,-137.5,0,0,0,0,0,0,0,0,0,0
2017,CHN,-7.5,-132.5,0,0,0,0,0,0,0,0,0,0
2017,CHN,-7.5,-127.5,0,0,0,0,0,0,0,0,0,0
2017,CHN,-7.5,-122.5,0,0,0,0,0,0,0,0,0,0
2017,CHN,-2.5,-142.5,0,0,0,0,0,0,0,0,0,0
2017,CHN,-2.5,-132.5,0,0,0,0,0,0,0,0,0,0
2017,CHN,-2.5,-127.5,0,0,0,0,0,0,0,0,0,0
2017,CHN,2.5,-122.5,0,0,0,0,0,0,0,0,0,0
2017,CHN,2.5,-117.5,0,0,0,0,0,0,0,0,0,0
2017,CHN,7.5,-142.5,0,0,0,0,0,0,0,0,0,0
2017,CHN,7.5,-132.5,0,0,0,0,0,0,0,0,0,0
2017,CHN,7.5,-127.5,0,0,0,0,0,0,0,0,0,0
2017,CHN,7.5,-122.5,0,0,0,0,0,0,0,0,0,0
2017,CHN,7.5,-117.5,0,0,0,0,0,0,0,0,0,0
2017,CHN,12.5,-142.5,0,0,0,0,0,0,0,0,0,0
2017,CHN,12.5,-132.5,0,0,0,0,0,0,0,0,0,0
2017,CHN,12.5,-127.5,0,0,0,0,0,0,0,0,0,0
2017,JPN,-27.5,-87.5,0,0,0,0,0,0,0,0,0,0
2017,JPN,-27.5,-82.5,0,0,0,0,0,0,0,0,0,0
2017,JPN,-22.5,-87.5,0,0,0,0,0,0,0,0,0,0
2017,JPN,-22.5,-82.5,0,0,0,0,0,0,0,0,0,0
2017,JPN,-17.5,-112.5,0,0,0,0,0,0,0,0,0,0
2017,JPN,-17.5,-107.5,0,0,0,0,0,0,0,0,0,0
2017,JPN,-17.5,-102.5,0,0,0,0,0,0,0,0,0,0
2017,JPN,-17.5,-97.5,0,0,0,0,0,0,0,0,0,0
2017,JPN,-17.5,-92.5,0,0,0,0,0,0,0,0,0,0
2017,JPN,-17.5,-87.5,0,0,0,0,0,0,0,0,0,0
2017,JPN,-12.5,-122.5,0,0,0,0,0,0,0,0,0,0
2017,JPN,-12.5,-117.5,0,0,0,0,0,0,0,0,0,0
2017,JPN,-12.5,-112.5,0,0,0,0,0,0,0,0,0,0
2017,JPN,-12.5,-107.5,0,0,0,0,0,0,0,0,0,0
2017,JPN,-12.5,-102.5,0,0,0,0,0,0,0,0,0,0
2017,JPN,-7.5,-147.5,0,0,0,0,0,0,0,0,0,0
2017,JPN,-7.5,-142.5,0,0,0,0,0,0,0,0,0,0
2017,JPN,-7.5,-127.5,0,0,0,0,0,0,0,0,0,0
2017,JPN,-7.5,-122.5,0,0,0,0,0,0,0,0,0,0
2017,JPN,-7.5,-117.5,0,0,0,0,0,0,0,0,0,0
2017,JPN,-7.5,-112.5,0,0,0,0,0,0,0,0,0,0
2017,KOR,-12.5,-127.5,0,0,0,0.04,0,0,0.22,0,0,0
2017,KOR,-12.5,-122.5,0,0,0.05,0.19,0,0,0,0,0.29,0
2017,KOR,-7.5,-132.5,0.01,0,0,0,0,0,0,0,0,0.01
2017,KOR,-7.5,-127.5,0.02,0,1.52,0.55,0,0,0,0,1.25,0.42
2017,KOR,-7.5,-122.5,0,0,1.01,0.35,0,0,0,0,3.48,0.07
2017,KOR,-2.5,-132.5,0.03,0,0,0,0,0,0,0,0,0.22
2017,KOR,2.5,-137.5,0,0,0.07,0,0,0,0,0,0,0.03
2017,KOR,2.5,-132.5,0,0,0.02,0,0,0,0,0,0,0.37
2017,PAN,-22.5,-92.5,1.22,0,0,0,0,0,0.22,0,0.21,0.23
2017,PAN,-17.5,-97.5,2.14,0,0.34,0,0,0,0,0,0.42,0.14
2017,PAN,-17.5,-92.5,8.43,0,1.52,0.18,0,0,0.12,0.13,0.27,1.39
2017,PAN,-17.5,-87.5,0.93,0,0.45,0,0,0,0,0,0,0
2017,PAN,-12.5,-92.5,7.23,0,1.11,0.27,0,0,0.09,0.99,0.25,0.08
2017,PAN,-12.5,-87.5,1.33,0,1.6,1.16,0,0,0.34,0,0,0.22
2017,PAN,-7.5,-92.5,0.17,0,0,0,0,0,0,0,0,0
2017,PAN,-7.5,-87.5,0.09,0,0,0,0,0,0,0,0,0
2017,PAN,-2.5,-92.5,0.08,0,0,0,0,0,0,0,0,0
2017,TWN,-32.5,-142.5,0,0,0,0,0,0,2.95,0,0,0
2017,TWN,-32.5,-137.5,0,0,0,0,0,0,9.76,0,0,0
2017,TWN,-32.5,-132.5,0,0,0,0,0,0,13.73,0,0,0
2017,TWN,-32.5,-127.5,0,0,0,0,0,0,42.75,0,0,0
2017,TWN,-27.5,-127.5,0,0,0,0,0,0,0.22,0,0,0
2017,TWN,-22.5,-132.5,0,0,0,0,0,0,0.04,0,0,0
2017,TWN,-22.5,-127.5,0,0,0,0,0,0,3.16,0,0,0
2017,TWN,-17.5,-132.5,0,0,0,0,0,0,0.7,0,0,0
2017,TWN,-17.5,-127.5,0,0,0,0,0,0,1.45,0,0,0
2017,TWN,-12.5,-147.5,0,0,0,0,0,0,3.01,0,0,0
2017,TWN,-12.5,-142.5,0,0,0,0,0,0,7.15,0,0,0
2017,TWN,-12.5,-137.5,0,0,0,0,0,0,0.55,0,0,0
2017,TWN,-12.5,-132.5,0,0,0,0,0,0,22.22,0,0,0
2017,TWN,-12.5,-127.5,0,0,0,0,0,0,12.02,0,0,0
2017,TWN,-12.5,-122.5,0,0,0,0,0,0,8.85,0,0,0
2017,TWN,-7.5,-147.5,0,0,0,0,0,0,15.2,0,0,0
2017,TWN,-7.5,-142.5,0,0,0,0,0,0,3.17,0,0,0
2017,TWN,-7.5,-132.5,0,0,0,0,0,0,1.81,0,0,0
2017,TWN,-7.5,-127.5,0,0,0,0,0,0,2.77,0,0,0
2017,TWN,-7.5,-122.5,0,0,0,0,0,0,2.31,0,0,0
2017,TWN,-7.5,-117.5,0,0,0,0,0,0,0.56,0,0,0
2017,USA,17.5,-147.5,0,0,0,0,0,0,0,0,0,0
2017,USA,17.5,-142.5,0,0,0,0,0,0,0,0,0,0
2017,USA,17.5,-137.5,0,0,0,0,0,0,0,0,0,0
2017,USA,22.5,-147.5,0,0,0,0,0,0,0,0,0,0
2017,USA,22.5,-142.5,0,0,0,0,0,0,0,0,0,0
2017,USA,22.5,-137.5,0,0,0,0,0,0,0,0,0,0
2017,USA,27.5,-142.5,0,0,0,0,0,0,0,0,0,0
2017,USA,27.5,-137.5,0,0,0,0,0,0,0,0,0,0
2017,USA,27.5,-132.5,0,0,0,0,0,0,0,0,0,0
2017,VUT,-37.5,-142.5,0,0,0,0,0,0,0,0,0,0
2017,VUT,-32.5,-147.5,0,0,0,0,0,0,0,0,0,0
2017,VUT,-32.5,-142.5,0,0,0,0,0,0,0,0,0,0
2017,VUT,-32.5,-137.5,0,0,0,0,0,0,0,0,0,0
2017,VUT,-32.5,-132.5,0,0,0,0,0,0,0,0,0,0
2017,VUT,-27.5,-137.5,0,0,0,0,0,0,0,0,0,0
2017,VUT,-17.5,-132.5,0,0,0,0,0,0,0,0,0,0
2017,VUT,-17.5,-127.5,0,0,0,0,0,0,0,0,0,0
2017,VUT,-17.5,-87.5,0,0,0,0,0,0,0,0,0,0
2017,VUT,-12.5,-147.5,0,0,0,0,0,0,0,0,0,0
2017,VUT,-12.5,-127.5,0,0,0,0,0,0,0,0,0,0
2017,VUT,-12.5,-87.5,0,0,0,0,0,0,0,0,0,0
2017,VUT,-7.5,-147.5,0,0,0,0,0,0,0,0,0,0
2017,VUT,-7.5,-142.5,0,0,0,0,0,0,0,0,0,0
2017,VUT,-7.5,-137.5,0,0,0,0,0,0,0,0,0,0
2017,VUT,-7.5,-122.5,0,0,0,0,0,0,0,0,0,0
2017,VUT,-7.5,-117.5,0,0,0,0,0,0,0,0,0,0
2017,VUT,-7.5,-112.5,0,0,0,0,0,0,0,0,0,0
2017,VUT,-2.5,-127.5,0,0,0,0,0,0,0,0,0,0
2017,VUT,7.5,-92.5,0,0,0,0,0,0,0,0,0,0
2017,BLZ,12.5,-107.5,2.04,0,21.47,0,0,0,0,0.02,0,0.12
2017,BLZ,12.5,-102.5,0,0,1.48,0,0,0,0,0,0,0
2017,CHN,-17.5,-137.5,0,0,0,0,0,0,0,0,0,0
2017,CHN,-17.5,-132.5,0,0,0,0,0,0,0,0,0,0
2017,CHN,-12.5,-147.5,0,0,0,0,0,0,0,0,0,0
2017,CHN,-12.5,-142.5,0,0,0,0,0,0,0,0,0,0
2017,CHN,-12.5,-137.5,0,0,0,0,0,0,0,0,0,0
2017,CHN,-12.5,-132.5,0,0,0,0,0,0,0,0,0,0
2017,CHN,-12.5,-122.5,0,0,0,0,0,0,0,0,0,0
2017,CHN,-7.5,-147.5,0,0,0,0,0,0,0,0,0,0
2017,CHN,-7.5,-142.5,0,0,0,0,0,0,0,0,0,0
2017,CHN,-7.5,-132.5,0,0,0,0,0,0,0,0,0,0
2017,CHN,-7.5,-127.5,0,0,0,0,0,0,0,0,0,0
2017,CHN,-2.5,-147.5,0,0,0,0,0,0,0,0,0,0
2017,CHN,-2.5,-132.5,0,0,0,0,0,0,0,0,0,0
2017,CHN,-2.5,-122.5,0,0,0,0,0,0,0,0,0,0
2017,CHN,-2.5,-117.5,0,0,0,0,0,0,0,0,0,0
2017,CHN,2.5,-112.5,0,0,0,0,0,0,0,0,0,0
2017,CHN,7.5,-142.5,0,0,0,0,0,0,0,0,0,0
2017,CHN,7.5,-132.5,0,0,0,0,0,0,0,0,0,0
2017,CHN,7.5,-127.5,0,0,0,0,0,0,0,0,0,0
2017,CHN,7.5,-117.5,0,0,0,0,0,0,0,0,0,0
2017,CHN,7.5,-112.5,0,0,0,0,0,0,0,0,0,0
2017,CHN,12.5,-142.5,0,0,0,0,0,0,0,0,0,0
2017,CHN,12.5,-137.5,0,0,0,0,0,0,0,0,0,0
2017,CHN,12.5,-127.5,0,0,0,0,0,0,0,0,0,0
2017,CHN,12.5,-117.5,0,0,0,0,0,0,0,0,0,0
2017,CHN,12.5,-112.5,0,0,0,0,0,0,0,0,0,0
2017,JPN,-17.5,-112.5,0,0,0,0,0,0,0,0,0,0
2017,JPN,-17.5,-107.5,0,0,0,0,0,0,0,0,0,0
2017,JPN,-17.5,-97.5,0,0,0,0,0,0,0,0,0,0
2017,JPN,-17.5,-92.5,0,0,0,0,0,0,0,0,0,0
2017,JPN,-17.5,-87.5,0,0,0,0,0,0,0,0,0,0
2017,JPN,-12.5,-137.5,0,0,0,0,0,0,0,0,0,0
2017,JPN,-12.5,-132.5,0,0,0,0,0,0,0,0,0,0
2017,JPN,-12.5,-122.5,0,0,0,0,0,0,0,0,0,0
2017,JPN,-12.5,-117.5,0,0,0,0,0,0,0,0,0,0
2017,JPN,-12.5,-112.5,0,0,0,0,0,0,0,0,0,0
2017,JPN,-12.5,-107.5,0,0,0,0,0,0,0,0,0,0
2017,JPN,-12.5,-102.5,0,0,0,0,0,0,0,0,0,0
2017,JPN,-12.5,-97.5,0,0,0,0,0,0,0,0,0,0
2017,JPN,-12.5,-92.5,0,0,0,0,0,0,0,0,0,0
2017,JPN,-7.5,-147.5,0,0,0,0,0,0,0,0,0,0
2017,JPN,-7.5,-142.5,0,0,0,0,0,0,0,0,0,0
2017,JPN,-7.5,-122.5,0,0,0,0,0,0,0,0,0,0
2017,JPN,-7.5,-117.5,0,0,0,0,0,0,0,0,0,0
2017,JPN,-7.5,-112.5,0,0,0,0,0,0,0,0,0,0
2017,KOR,-12.5,-127.5,0,0,0.49,0.15,0,0,0,0,0.52,0.29
2017,KOR,-12.5,-122.5,0.18,0,1.04,1.08,0,0,0,0,1.15,0.18
2017,KOR,-12.5,-117.5,0,0,0.43,1.18,0,0,0,0,1.75,0.4
2017,KOR,-7.5,-127.5,0,0,0.07,0.13,0,0,0,0,0.8,0.04
2017,KOR,-7.5,-122.5,0,0,0.16,0,0,0,0,0,0.23,0
2017,KOR,7.5,-137.5,0,0,0.04,0,0,0,0,0,0,0.2
2017,PAN,-17.5,-97.5,2.52,0,1.82,0.98,0,0,0.38,0.1,0,0.22
2017,PAN,-17.5,-92.5,1.53,0,1.41,0.83,0,0,0.27,0,0,0
2017,PAN,-17.5,-87.5,1.06,0,0.34,0.14,0,0,0,0,0,0
2017,PAN,-12.5,-97.5,1.1,0,0,0,0,0,0.23,0,0,0
2017,PAN,-12.5,-92.5,2.95,0,0.45,0.7,0,0,0.15,1,0.05,0.38
2017,PAN,-12.5,-87.5,0.73,0,0,0.64,0,0,0.08,0.17,0,0.21
2017,PAN,-7.5,-127.5,0.09,0,0,0,0,0,0,0,0,0
2017,PAN,-7.5,-87.5,0.49,0,0,0,0,0,0,0,0,0
2017,PAN,-7.5,-82.5,0.39,0,0,0,0,0,0,0,0,0
2017,PAN,-2.5,-87.5,0.13,0,0,0,0,0,0,0,0,0
2017,TWN,-22.5,-127.5,0,0,0,0,0,0,0.24,0,0,0
2017,TWN,-17.5,-127.5,0,0,0,0,0,0,2.15,0,0,0
2017,TWN,-12.5,-147.5,0,0,0,0,0,0,1.99,0,0,0
2017,TWN,-12.5,-142.5,0,0,0,0,0,0,2.39,0,0,0
2017,TWN,-12.5,-137.5,0,0,0,0,0,0,1.67,0,0,0
2017,TWN,-12.5,-132.5,0,0,0,0,0,0,23.28,0,0,0
2017,TWN,-12.5,-127.5,0,0,0,0,0,0,17.63,0,0,0
2017,TWN,-12.5,-122.5,0,0,0,0,0,0,3.48,0,0,0
2017,TWN,-7.5,-147.5,0,0,0,0,0,0,14.19,0,0,0
2017,TWN,-7.5,-142.5,0,0,0,0,0,0,2.36,0,0,0
2017,TWN,-7.5,-137.5,0,0,0,0,0,0,2.77,0,0,0
2017,TWN,-7.5,-132.5,0,0,0,0,0,0,14.48,0,0,0
2017,TWN,-7.5,-127.5,0,0,0,0,0,0,1.78,0,0,0
2017,TWN,-2.5,-147.5,0,0,0,0,0,0,0.85,0,0,0
2017,TWN,-2.5,-142.5,0,0,0,0,0,0,0.47,0,0,0
2017,USA,17.5,-147.5,0,0,0,0,0,0,0,0,0,0
2017,USA,17.5,-142.5,0,0,0,0,0,0,0,0,0,0
2017,USA,22.5,-147.5,0,0,0,0,0,0,0,0,0,0
2017,USA,22.5,-142.5,0,0,0,0,0,0,0,0,0,0
2017,USA,22.5,-137.5,0,0,0,0,0,0,0,0,0,0
2017,USA,22.5,-132.5,0,0,0,0,0,0,0,0,0,0
2017,USA,27.5,-147.5,0,0,0,0,0,0,0,0,0,0
2017,USA,27.5,-142.5,0,0,0,0,0,0,0,0,0,0
2017,USA,37.5,-132.5,0,0,0,0,0,0,0,0,0,0
2017,VUT,-17.5,-97.5,0,0,0,0,0,0,0,0,0,0
2017,VUT,-17.5,-92.5,0,0,0,0,0,0,0,0,0,0
2017,VUT,-17.5,-87.5,0,0,0,0,0,0,0,0,0,0
2017,VUT,-12.5,-127.5,0,0,0,0,0,0,0,0,0,0
2017,VUT,-12.5,-122.5,0,0,0,0,0,0,0,0,0,0
2017,VUT,-12.5,-117.5,0,0,0,0,0,0,0,0,0,0
2017,VUT,-12.5,-102.5,0,0,0,0,0,0,0,0,0,0
2017,VUT,-12.5,-97.5,0,0,0,0,0,0,0,0,0,0
2017,VUT,-12.5,-92.5,0,0,0,0,0,0,0,0,0,0
2017,VUT,-12.5,-87.5,0,0,0,0,0,0,0,0,0,0
2017,VUT,-7.5,-147.5,0,0,0,0,0,0,0,0,0,0
2017,VUT,-7.5,-142.5,0,0,0,0,0,0,0,0,0,0
2017,VUT,-7.5,-132.5,0,0,0,0,0,0,0,0,0,0
2017,VUT,-7.5,-127.5,0,0,0,0,0,0,0,0,0,0
2017,VUT,-7.5,-122.5,0,0,0,0,0,0,0,0,0,0
2017,VUT,-7.5,-117.5,0,0,0,0,0,0,0,0,0,0
2017,VUT,-2.5,-147.5,0,0,0,0,0,0,0,0,0,0
2017,BLZ,12.5,-107.5,0.48,0,16.7,0,0,0,0,0.05,0,0.06
2017,BLZ,12.5,-102.5,0.08,0,1.44,0,0,0,0,0,0,0
2017,CHN,-22.5,-112.5,0,0,0,0,0,0,0,0,0,0
2017,CHN,-17.5,-127.5,0,0,0,0,0,0,0,0,0,0
2017,CHN,-12.5,-127.5,0,0,0,0,0,0,0,0,0,0
2017,CHN,-12.5,-117.5,0,0,0,0,0,0,0,0,0,0
2017,CHN,-7.5,-147.5,0,0,0,0,0,0,0,0,0,0
2017,CHN,-7.5,-142.5,0,0,0,0,0,0,0,0,0,0
2017,CHN,-7.5,-137.5,0,0,0,0,0,0,0,0,0,0
2017,CHN,-7.5,-132.5,0,0,0,0,0,0,0,0,0,0
2017,CHN,-7.5,-127.5,0,0,0,0,0,0,0,0,0,0
2017,CHN,-7.5,-117.5,0,0,0,0,0,0,0,0,0,0
2017,CHN,-7.5,-112.5,0,0,0,0,0,0,0,0,0,0
2017,CHN,-2.5,-147.5,0,0,0,0,0,0,0,0,0,0
2017,CHN,-2.5,-132.5,0,0,0,0,0,0,0,0,0,0
2017,CHN,-2.5,-127.5,0,0,0,0,0,0,0,0,0,0
2017,CHN,-2.5,-122.5,0,0,0,0,0,0,0,0,0,0
2017,CHN,2.5,-137.5,0,0,0,0,0,0,0,0,0,0
2017,CHN,2.5,-132.5,0,0,0,0,0,0,0,0,0,0
2017,CHN,2.5,-122.5,0,0,0,0,0,0,0,0,0,0
2017,CHN,7.5,-137.5,0,0,0,0,0,0,0,0,0,0
2017,CHN,7.5,-132.5,0,0,0,0,0,0,0,0,0,0
2017,CHN,7.5,-127.5,0,0,0,0,0,0,0,0,0,0
2017,CHN,12.5,-137.5,0,0,0,0,0,0,0,0,0,0
2017,CHN,12.5,-132.5,0,0,0,0,0,0,0,0,0,0
2017,CHN,12.5,-127.5,0,0,0,0,0,0,0,0,0,0
2017,JPN,-17.5,-102.5,0,0,0,0,0,0,0,0,0,0
2017,JPN,-12.5,-142.5,0,0,0,0,0,0,0,0,0,0
2017,JPN,-12.5,-127.5,0,0,0,0,0,0,0,0,0,0
2017,JPN,-12.5,-117.5,0,0,0,0,0,0,0,0,0,0
2017,JPN,-12.5,-112.5,0,0,0,0,0,0,0,0,0,0
2017,JPN,-12.5,-107.5,0,0,0,0,0,0,0,0,0,0
2017,JPN,-12.5,-102.5,0,0,0,0,0,0,0,0,0,0
2017,JPN,-12.5,-97.5,0,0,0,0,0,0,0,0,0,0
2017,JPN,-7.5,-147.5,0,0,0,0,0,0,0,0,0,0
2017,JPN,-7.5,-142.5,0,0,0,0,0,0,0,0,0,0
2017,JPN,-7.5,-122.5,0,0,0,0,0,0,0,0,0,0
2017,JPN,-7.5,-112.5,0,0,0,0,0,0,0,0,0,0
2017,JPN,-7.5,-107.5,0,0,0,0,0,0,0,0,0,0
2017,KOR,-12.5,-127.5,0.1,0,0.26,0,0,0,0,0,0.05,0.07
2017,KOR,-12.5,-122.5,0.41,0,0.36,0.34,0,0,0,0,1.13,0.32
2017,KOR,-12.5,-117.5,0.11,0,0.51,0.31,0,0,0,0,1.99,0.75
2017,KOR,-12.5,-112.5,0.02,0,0,0,0,0,0,0,0,0
2017,KOR,-7.5,-122.5,0,0,0.02,0,0,0,0,0,0,0
2017,PAN,-17.5,-102.5,1.28,0,0,0,0,0,0,0,0,0
2017,PAN,-17.5,-97.5,6.98,0,0.18,1.72,0,0,0.61,0.83,0.59,1.07
2017,PAN,-17.5,-82.5,1.33,0,0,0,0,0,0,0,0,0
2017,PAN,-12.5,-97.5,1.14,0,0,0,0,0,0,0,0,0
2017,PAN,-12.5,-92.5,0.42,0,0,0,0,0,0.15,0,0,0
2017,PAN,-12.5,-87.5,0.61,0,0,0,0,0,0,0,0,0
2017,PAN,-12.5,-82.5,1.12,0,0,0,0,0,0,0,0,0
2017,PAN,-7.5,-122.5,0.3,0,0,0,0,0,0,0,0,0
2017,PAN,-7.5,-92.5,0.13,0,0,0,0,0,0,0,0,0
2017,PAN,-7.5,-87.5,0.2,0,0,0,0,0,0.07,0,0,0
2017,PAN,-7.5,-82.5,0.73,0,0,0,0,0,0,0,0,0
2017,PAN,-2.5,-87.5,0.08,0,0,0,0,0,0,0,0,0
2017,PAN,-2.5,-82.5,0.96,0,0,0,0,0,0,0,0,0
2017,PAN,2.5,-97.5,2.66,0,0,0.09,0,0,0,0.21,0.3,0.13
2017,PAN,2.5,-92.5,1.08,0,0,0.19,0,0,0.07,0.06,0.08,0
2017,PAN,2.5,-82.5,0.13,0,0,0,0,0,0,0,0,0
2017,PAN,7.5,-97.5,0.05,0,0,0,0,0,0,0,0,0
2017,PAN,7.5,-92.5,0.28,0,0,0,0,0,0,0,0,0
2017,PAN,7.5,-87.5,0.22,0,0,0,0,0,0,0,0,0
2017,PAN,12.5,-92.5,0.06,0,0,0,0,0,0,0,0,0
2017,TWN,-17.5,-127.5,0,0,0,0,0,0,0.67,0,0,0
2017,TWN,-17.5,-122.5,0,0,0,0,0,0,0.49,0,0,0
2017,TWN,-17.5,-117.5,0,0,0,0,0,0,1.73,0,0,0
2017,TWN,-17.5,-112.5,0,0,0,0,0,0,0.3,0,0,0
2017,TWN,-12.5,-147.5,0,0,0,0,0,0,0.17,0,0,0
2017,TWN,-12.5,-142.5,0,0,0,0,0,0,5.41,0,0,0
2017,TWN,-12.5,-137.5,0,0,0,0,0,0,1.44,0,0,0
2017,TWN,-12.5,-132.5,0,0,0,0,0,0,33.87,0,0,0
2017,TWN,-12.5,-127.5,0,0,0,0,0,0,18.32,0,0,0
2017,TWN,-12.5,-122.5,0,0,0,0,0,0,0.55,0,0,0
2017,TWN,-7.5,-147.5,0,0,0,0,0,0,13.04,0,0,0
2017,TWN,-7.5,-142.5,0,0,0,0,0,0,1.73,0,0,0
2017,TWN,-7.5,-137.5,0,0,0,0,0,0,2.24,0,0,0
2017,TWN,-7.5,-132.5,0,0,0,0,0,0,3.48,0,0,0
2017,TWN,-7.5,-127.5,0,0,0,0,0,0,0.14,0,0,0
2017,TWN,-2.5,-147.5,0,0,0,0,0,0,0.67,0,0,0
2017,TWN,-2.5,-142.5,0,0,0,0,0,0,0.16,0,0,0
2017,TWN,-2.5,-137.5,0,0,0,0,0,0,0.22,0,0,0
2017,TWN,32.5,-147.5,0,0,0,0,0,0,5.5,0,0,0
2017,USA,22.5,-147.5,0,0,0,0,0,0,0,0,0,0
2017,USA,22.5,-132.5,0,0,0,0,0,0,0,0,0,0
2017,USA,22.5,-127.5,0,0,0,0,0,0,0,0,0,0
2017,USA,37.5,-137.5,0,0,0,0,0,0,0,0,0,0
2017,VUT,-17.5,-102.5,0,0,0,0,0,0,0,0,0,0
2017,VUT,-17.5,-97.5,0,0,0,0,0,0,0,0,0,0
2017,VUT,-12.5,-147.5,0,0,0,0,0,0,0,0,0,0
2017,VUT,-12.5,-142.5,0,0,0,0,0,0,0,0,0,0
2017,VUT,-12.5,-127.5,0,0,0,0,0,0,0,0,0,0
2017,VUT,-12.5,-97.5,0,0,0,0,0,0,0,0,0,0
2017,VUT,-7.5,-147.5,0,0,0,0,0,0,0,0,0,0
2017,VUT,-7.5,-142.5,0,0,0,0,0,0,0,0,0,0
2017,VUT,-7.5,-137.5,0,0,0,0,0,0,0,0,0,0
2017,VUT,-7.5,-132.5,0,0,0,0,0,0,0,0,0,0
2017,VUT,-7.5,-122.5,0,0,0,0,0,0,0,0,0,0
2017,VUT,2.5,-112.5,0,0,0,0,0,0,0,0,0,0
2017,VUT,7.5,-117.5,0,0,0,0,0,0,0,0,0,0
2017,VUT,32.5,-147.5,0,0,0,0,0,0,0,0,0,0
2017,BLZ,7.5,-102.5,0,0,6.67,0,0,0,0,0.01,0,0.06
2017,BLZ,12.5,-107.5,0,0,9.19,0,0,0,0,0.08,0,0
2017,BLZ,12.5,-102.5,0.29,0,1.76,0,0,0,0,0,0,0
2017,CHN,-12.5,-147.5,0,0,0,0,0,0,0,0,0,0
2017,CHN,-12.5,-137.5,0,0,0,0,0,0,0,0,0,0
2017,CHN,-12.5,-127.5,0,0,0,0,0,0,0,0,0,0
2017,CHN,-12.5,-122.5,0,0,0,0,0,0,0,0,0,0
2017,CHN,-7.5,-147.5,0,0,0,0,0,0,0,0,0,0
2017,CHN,-7.5,-142.5,0,0,0,0,0,0,0,0,0,0
2017,CHN,-7.5,-137.5,0,0,0,0,0,0,0,0,0,0
2017,CHN,-7.5,-132.5,0,0,0,0,0,0,0,0,0,0
2017,CHN,-2.5,-147.5,0,0,0,0,0,0,0,0,0,0
2017,CHN,-2.5,-142.5,0,0,0,0,0,0,0,0,0,0
2017,CHN,-2.5,-137.5,0,0,0,0,0,0,0,0,0,0
2017,CHN,-2.5,-132.5,0,0,0,0,0,0,0,0,0,0
2017,CHN,-2.5,-127.5,0,0,0,0,0,0,0,0,0,0
2017,CHN,-2.5,-112.5,0,0,0,0,0,0,0,0,0,0
2017,CHN,2.5,-142.5,0,0,0,0,0,0,0,0,0,0
2017,CHN,2.5,-132.5,0,0,0,0,0,0,0,0,0,0
2017,CHN,2.5,-117.5,0,0,0,0,0,0,0,0,0,0
2017,CHN,2.5,-112.5,0,0,0,0,0,0,0,0,0,0
2017,CHN,7.5,-147.5,0,0,0,0,0,0,0,0,0,0
2017,CHN,7.5,-132.5,0,0,0,0,0,0,0,0,0,0
2017,CHN,7.5,-127.5,0,0,0,0,0,0,0,0,0,0
2017,CHN,7.5,-122.5,0,0,0,0,0,0,0,0,0,0
2017,CHN,7.5,-117.5,0,0,0,0,0,0,0,0,0,0
2017,CHN,12.5,-137.5,0,0,0,0,0,0,0,0,0,0
2017,CHN,12.5,-132.5,0,0,0,0,0,0,0,0,0,0
2017,CHN,12.5,-127.5,0,0,0,0,0,0,0,0,0,0
2017,CHN,12.5,-117.5,0,0,0,0,0,0,0,0,0,0
2017,JPN,-17.5,-117.5,0,0,0,0,0,0,0,0,0,0
2017,JPN,-17.5,-107.5,0,0,0,0,0,0,0,0,0,0
2017,JPN,-17.5,-102.5,0,0,0,0,0,0,0,0,0,0
2017,JPN,-12.5,-137.5,0,0,0,0,0,0,0,0,0,0
2017,JPN,-12.5,-132.5,0,0,0,0,0,0,0,0,0,0
2017,JPN,-12.5,-127.5,0,0,0,0,0,0,0,0,0,0
2017,JPN,-12.5,-122.5,0,0,0,0,0,0,0,0,0,0
2017,JPN,-12.5,-117.5,0,0,0,0,0,0,0,0,0,0
2017,JPN,-12.5,-112.5,0,0,0,0,0,0,0,0,0,0
2017,JPN,-12.5,-107.5,0,0,0,0,0,0,0,0,0,0
2017,JPN,-12.5,-102.5,0,0,0,0,0,0,0,0,0,0
2017,JPN,-7.5,-117.5,0,0,0,0,0,0,0,0,0,0
2017,JPN,-7.5,-112.5,0,0,0,0,0,0,0,0,0,0
2017,JPN,-7.5,-107.5,0,0,0,0,0,0,0,0,0,0
2017,JPN,-7.5,-102.5,0,0,0,0,0,0,0,0,0,0
2017,KOR,-12.5,-132.5,0.03,0,0,0,0,0,0,0,0,0
2017,KOR,-12.5,-127.5,0.02,0,0.05,0,0,0,0,0,0,0
2017,KOR,-12.5,-122.5,0.22,0,0.17,0,0,0,0,0,0.63,0.04
2017,KOR,-12.5,-117.5,0.1,0,0,0.12,0,0,0,0,0,0
2017,KOR,-12.5,-112.5,0,0,0,0,0,0,0,0,0,0.02
2017,KOR,-7.5,-127.5,0,0,0,0,0,0,0,0,0,0.1
2017,KOR,-7.5,-122.5,0.02,0,0,0,0,0,0,0,0,0
2017,KOR,-2.5,-147.5,0.01,0,0,0,0,0,0,0,0,0.04
2017,KOR,-2.5,-142.5,0.07,0,0,0,0,0,0.4,0,0,0.1
2017,KOR,2.5,-147.5,0.36,0,0,0,0,0,0,0,0,0
2017,KOR,7.5,-147.5,0.6,0,0,0,0,0,0,0,0,0.07
2017,PAN,-22.5,-92.5,0.17,0,0,0,0,0,0,0,0,0
2017,PAN,-17.5,-107.5,1.21,0,0,0,0,0,0,0,0,0
2017,PAN,-17.5,-102.5,7.04,0,0,0,0,0,0,0,0,0
2017,PAN,-17.5,-97.5,9.34,0,0,0.2,0,0,0.06,0,0.36,0
2017,PAN,-17.5,-92.5,6.41,0,0,0,0,0,0,0,0,0
2017,PAN,-17.5,-87.5,0.16,0,0,0,0,0,0,0,0,0
2017,PAN,-12.5,-97.5,0.61,0,0,0,0,0,0,0,0,0
2017,PAN,-12.5,-92.5,0.09,0,0,0,0,0,0,0,0,0
2017,PAN,-7.5,-127.5,0.05,0,0,0,0,0,0,0,0,0
2017,PAN,-7.5,-122.5,1.34,0,0,0,0,0,0,0,0,0
2017,PAN,-2.5,-122.5,0.03,0,0,0,0,0,0,0,0,0
2017,PAN,-2.5,-102.5,0.05,0,0,0,0,0,0,0,0,0
2017,PAN,-2.5,-97.5,2.07,0,0.15,0.53,0,0,0.06,0.43,0.56,0
2017,PAN,-2.5,-92.5,0.14,0,0,0.08,0,0,0.05,0.09,0.08,0
2017,PAN,2.5,-102.5,0.05,0,0,0,0,0,0,0,0,0
2017,PAN,2.5,-97.5,5.97,0,0,0.17,0,0,0.09,0.19,0.09,0
2017,PAN,2.5,-92.5,0.14,0,0,0,0,0,0,0,0,0
2017,PAN,7.5,-92.5,0.41,0,0,0,0,0,0,0,0,0
2017,TWN,-22.5,-122.5,0,0,0,0,0,0,0.2,0,0,0
2017,TWN,-22.5,-117.5,0,0,0,0,0,0,1.66,0,0,0
2017,TWN,-17.5,-127.5,0,0,0,0,0,0,0.11,0,0,0
2017,TWN,-17.5,-122.5,0,0,0,0,0,0,1.81,0,0,0
2017,TWN,-17.5,-117.5,0,0,0,0,0,0,1.6,0,0,0
2017,TWN,-17.5,-112.5,0,0,0,0,0,0,0.69,0,0,0
2017,TWN,-12.5,-147.5,0,0,0,0,0,0,0.64,0,0,0
2017,TWN,-12.5,-142.5,0,0,0,0,0,0,2.57,0,0,0
2017,TWN,-12.5,-132.5,0,0,0,0,0,0,43.78,0,0,0
2017,TWN,-12.5,-127.5,0,0,0,0,0,0,10.03,0,0,0
2017,TWN,-12.5,-122.5,0,0,0,0,0,0,7.84,0,0,0
2017,TWN,-7.5,-147.5,0,0,0,0,0,0,17.81,0,0,0
2017,TWN,-7.5,-142.5,0,0,0,0,0,0,5.12,0,0,0
2017,TWN,-7.5,-132.5,0,0,0,0,0,0,4.59,0,0,0
2017,TWN,-7.5,-127.5,0,0,0,0,0,0,0.1,0,0,0
2017,TWN,-2.5,-147.5,0,0,0,0,0,0,7.12,0,0,0
2017,TWN,-2.5,-142.5,0,0,0,0,0,0,1.09,0,0,0
2017,TWN,-2.5,-137.5,0,0,0,0,0,0,0.12,0,0,0
2017,TWN,32.5,-147.5,0,0,0,0,0,0,84.56,0,0,0
2017,TWN,32.5,-142.5,0,0,0,0,0,0,22.93,0,0,0
2017,USA,22.5,-147.5,0,0,0,0,0,0,0,0,0,0
2017,USA,22.5,-127.5,0,0,0,0,0,0,0,0,0,0
2017,USA,32.5,-147.5,0,0,0,0,0,0,0,0,0,0
2017,USA,32.5,-137.5,0,0,0,0,0,0,0,0,0,0
2017,USA,37.5,-137.5,0,0,0,0,0,0,0,0,0,0
2017,USA,37.5,-132.5,0,0,0,0,0,0,0,0,0,0
2017,VUT,-17.5,-97.5,0,0,0,0,0,0,0,0,0,0
2017,VUT,-17.5,-92.5,0,0,0,0,0,0,0,0,0,0
2017,VUT,-17.5,-87.5,0,0,0,0,0,0,0,0,0,0
2017,VUT,-12.5,-147.5,0,0,0,0,0,0,0,0,0,0
2017,VUT,-12.5,-142.5,0,0,0,0,0,0,0,0,0,0
2017,VUT,-12.5,-132.5,0,0,0,0,0,0,0,0,0,0
2017,VUT,-12.5,-127.5,0,0,0,0,0,0,0,0,0,0
2017,VUT,-12.5,-112.5,0,0,0,0,0,0,0,0,0,0
2017,VUT,-12.5,-107.5,0,0,0,0,0,0,0,0,0,0
2017,VUT,-7.5,-147.5,0,0,0,0,0,0,0,0,0,0
2017,VUT,-7.5,-127.5,0,0,0,0,0,0,0,0,0,0
2017,VUT,-2.5,-147.5,0,0,0,0,0,0,0,0,0,0
2017,VUT,-2.5,-127.5,0,0,0,0,0,0,0,0,0,0
2017,VUT,2.5,-142.5,0,0,0,0,0,0,0,0,0,0
2017,VUT,2.5,-137.5,0,0,0,0,0,0,0,0,0,0
2017,VUT,2.5,-132.5,0,0,0,0,0,0,0,0,0,0
2017,VUT,7.5,-142.5,0,0,0,0,0,0,0,0,0,0
2017,VUT,32.5,-147.5,0,0,0,0,0,0,0,0,0,0
2018,CHN,-17.5,-137.5,0,0,0,0,0,0,0,0,0,0
2018,CHN,-17.5,-132.5,0,0,0,0,0,0,0,0,0,0
2018,CHN,-12.5,-137.5,0,0,0,0,0,0,0,0,0,0
2018,CHN,-12.5,-132.5,0,0,0,0,0,0,0,0,0,0
2018,CHN,-7.5,-147.5,0,0,0,0,0,0,0,0,0,0
2018,CHN,-7.5,-142.5,0,0,0,0,0,0,0,0,0,0
2018,CHN,-7.5,-137.5,0,0,0,0,0,0,0,0,0,0
2018,CHN,-7.5,-132.5,0,0,0,0,0,0,0,0,0,0
2018,CHN,-7.5,-127.5,0,0,0,0,0,0,0,0,0,0
2018,CHN,-2.5,-147.5,0,0,0,0,0,0,0,0,0,0
2018,CHN,-2.5,-142.5,0,0,0,0,0,0,0,0,0,0
2018,CHN,-2.5,-137.5,0,0,0,0,0,0,0,0,0,0
2018,CHN,-2.5,-132.5,0,0,0,0,0,0,0,0,0,0
2018,CHN,-2.5,-127.5,0,0,0,0,0,0,0,0,0,0
2018,CHN,2.5,-147.5,0,0,0,0,0,0,0,0,0,0
2018,CHN,2.5,-142.5,0,0,0,0,0,0,0,0,0,0
2018,CHN,2.5,-137.5,0,0,0,0,0,0,0,0,0,0
2018,CHN,2.5,-132.5,0,0,0,0,0,0,0,0,0,0
2018,CHN,2.5,-127.5,0,0,0,0,0,0,0,0,0,0
2018,CHN,2.5,-122.5,0,0,0,0,0,0,0,0,0,0
2018,CHN,2.5,-117.5,0,0,0,0,0,0,0,0,0,0
2018,CHN,2.5,-112.5,0,0,0,0,0,0,0,0,0,0
2018,CHN,2.5,-107.5,0,0,0,0,0,0,0,0,0,0
2018,CHN,2.5,-102.5,0,0,0,0,0,0,0,0,0,0
2018,CHN,7.5,-142.5,0,0,0,0,0,0,0,0,0,0
2018,CHN,7.5,-137.5,0,0,0,0,0,0,0,0,0,0
2018,CHN,7.5,-132.5,0,0,0,0,0,0,0,0,0,0
2018,CHN,7.5,-127.5,0,0,0,0,0,0,0,0,0,0
2018,CHN,7.5,-122.5,0,0,0,0,0,0,0,0,0,0
2018,CHN,7.5,-117.5,0,0,0,0,0,0,0,0,0,0
2018,CHN,7.5,-112.5,0,0,0,0,0,0,0,0,0,0
2018,CHN,7.5,-107.5,0,0,0,0,0,0,0,0,0,0
2018,CHN,7.5,-102.5,0,0,0,0,0,0,0,0,0,0
2018,CHN,12.5,-142.5,0,0,0,0,0,0,0,0,0,0
2018,CHN,12.5,-137.5,0,0,0,0,0,0,0,0,0,0
2018,CHN,12.5,-132.5,0,0,0,0,0,0,0,0,0,0
2018,CHN,12.5,-127.5,0,0,0,0,0,0,0,0,0,0
2018,CHN,12.5,-122.5,0,0,0,0,0,0,0,0,0,0
2018,CHN,12.5,-117.5,0,0,0,0,0,0,0,0,0,0
2018,CHN,12.5,-112.5,0,0,0,0,0,0,0,0,0,0
2018,JPN,-17.5,-117.5,0,0,0,0,0,0,0,0,0,0
2018,JPN,-17.5,-107.5,0,0,0,0,0,0,0,0,0,0
2018,JPN,-12.5,-142.5,0,0,0,0,0,0,0,0,0,0
2018,JPN,-12.5,-137.5,0,0,0,0,0,0,0,0,0,0
2018,JPN,-12.5,-132.5,0,0,0,0,0,0,0,0,0,0
2018,JPN,-12.5,-122.5,0,0,0,0,0,0,0,0,0,0
2018,JPN,-12.5,-117.5,0,0,0,0,0,0,0,0,0,0
2018,JPN,-12.5,-112.5,0,0,0,0,0,0,0,0,0,0
2018,JPN,-12.5,-107.5,0,0,0,0,0,0,0,0,0,0
2018,JPN,-12.5,-102.5,0,0,0,0,0,0,0,0,0,0
2018,JPN,-12.5,-97.5,0,0,0,0,0,0,0,0,0,0
2018,JPN,-12.5,-92.5,0,0,0,0,0,0,0,0,0,0
2018,JPN,-7.5,-147.5,0,0,0,0,0,0,0,0,0,0
2018,JPN,-7.5,-117.5,0,0,0,0,0,0,0,0,0,0
2018,JPN,-7.5,-112.5,0,0,0,0,0,0,0,0,0,0
2018,JPN,-7.5,-107.5,0,0,0,0,0,0,0,0,0,0
2018,JPN,2.5,-142.5,0,0,0,0,0,0,0,0,0,0
2018,JPN,7.5,-147.5,0,0,0,0,0,0,0,0,0,0
2018,KOR,-12.5,-127.5,0,0,0.45,0.08,0,0,0,0,0,0
2018,KOR,-7.5,-137.5,0,0,0,0.07,0,0,0.03,0,0,0
2018,KOR,-7.5,-132.5,0,0,0,0,0,0,0.06,0,0,0
2018,KOR,-7.5,-122.5,0,0,0,0,0,0,0.02,0,0,0
2018,KOR,-2.5,-147.5,0,0,1.53,0,0,0,0.05,0,0.37,0.41
2018,KOR,-2.5,-142.5,0.22,0,0.16,0,0,0,0.02,0,0,3.65
2018,KOR,-2.5,-137.5,0,0,0,0,0,0,0.03,0,0,0
2018,KOR,-2.5,-132.5,0,0,0,0,0,0,0.02,0,0,0
2018,PAN,-22.5,-97.5,0.03,0,0,0,0,0,0,0,0,0
2018,PAN,-22.5,-92.5,1.45,0,0,0,0,0,0,0,0,0
2018,PAN,-22.5,-87.5,0.07,0,0,0,0,0,0,0,0,0
2018,PAN,-17.5,-97.5,0.13,0,0,0,0,0,0,0,0,0
2018,PAN,-17.5,-92.5,1.08,0,0,0,0,0,0,0,0,0
2018,PAN,-17.5,-87.5,0.09,0,0,0,0,0,0,0,0,0
2018,PAN,-7.5,-142.5,1.15,0,0,0,0,0,0,0,0,0
2018,PAN,-7.5,-137.5,0.63,0,0,0,0,0,0,0,0,0
2018,PAN,-7.5,-132.5,0.53,0,0,0,0,0,0,0,0,0
2018,PAN,-7.5,-127.5,1.94,0,0,0,0,0,0,0,0,0
2018,PAN,-7.5,-122.5,0.43,0,0,0,0,0,0,0,0,0
2018,PAN,-7.5,-117.5,0.5,0,0,0,0,0,0,0,0,0
2018,PAN,-2.5,-142.5,1.95,0,0,0,0,0,0,0,0,0
2018,PAN,-2.5,-137.5,4.84,0,0,0,0,0,0,0,0,0
2018,PAN,-2.5,-132.5,0.59,0,0,0,0,0,0,0,0,0
2018,PAN,2.5,-97.5,5.53,0,0.03,0,0,0,0,0,0,0
2018,PAN,2.5,-92.5,1.06,0,0,0,0,0,0,0,0,0
2018,PAN,7.5,-92.5,4.41,0,0,0,0,0,0,0,0,0
2018,TWN,-22.5,-117.5,0,0,0,0,0,0,0.04,0,0,0
2018,TWN,-17.5,-132.5,0,0,0,0,0,0,0.38,0,0,0
2018,TWN,-17.5,-127.5,0,0,0,0,0,0,0.49,0,0,0
2018,TWN,-17.5,-122.5,0,0,0,0,0,0,1.53,0,0,0
2018,TWN,-17.5,-117.5,0,0,0,0,0,0,0.09,0,0,0
2018,TWN,-12.5,-147.5,0,0,0,0,0,0,0.15,0,0,0
2018,TWN,-12.5,-142.5,0,0,0,0,0,0,0.47,0,0,0
2018,TWN,-12.5,-137.5,0,0,0,0,0,0,0.3,0,0,0
2018,TWN,-12.5,-132.5,0,0,0,0,0,0,5.05,0,0,0
2018,TWN,-12.5,-127.5,0,0,0,0,0,0,8.11,0,0,0
2018,TWN,-12.5,-122.5,0,0,0,0,0,0,1.74,0,0,0
2018,TWN,-7.5,-147.5,0,0,0,0,0,0,9.25,0,0,0
2018,TWN,-7.5,-142.5,0,0,0,0,0,0,0.2,0,0,0
2018,TWN,-7.5,-137.5,0,0,0,0,0,0,3.58,0,0,0
2018,TWN,-7.5,-132.5,0,0,0,0,0,0,5.95,0,0,0
2018,TWN,-7.5,-127.5,0,0,0,0,0,0,2.17,0,0,0
2018,TWN,-7.5,-122.5,0,0,0,0,0,0,0.35,0,0,0
2018,TWN,-2.5,-147.5,0,0,0,0,0,0,18.14,0,0,0
2018,TWN,-2.5,-142.5,0,0,0,0,0,0,5.93,0,0,0
2018,TWN,-2.5,-137.5,0,0,0,0,0,0,7.07,0,0,0
2018,TWN,32.5,-147.5,0,0,0,0,0,0,14.39,0,0,0
2018,USA,17.5,-132.5,0,0,0,0,0,0,0,0,0,0
2018,USA,22.5,-147.5,0,0,0,0,0,0,0,0,0,0
2018,USA,22.5,-132.5,0,0,0,0,0,0,0,0,0,0
2018,USA,22.5,-127.5,0,0,0,0,0,0,0,0,0,0
2018,USA,32.5,-142.5,0,0,0,0,0,0,0,0,0,0
2018,USA,32.5,-137.5,0,0,0,0,0,0,0,0,0,0
2018,USA,32.5,-132.5,0,0,0,0,0,0,0,0,0,0
2018,USA,37.5,-137.5,0,0,0,0,0,0,0,0,0,0
2018,VUT,-22.5,-97.5,0,0,0,0,0,0,0,0,0,0
2018,VUT,-17.5,-102.5,0,0,0,0,0,0,0,0,0,0
2018,VUT,-17.5,-97.5,0,0,0,0,0,0,0,0,0,0
2018,VUT,-17.5,-92.5,0,0,0,0,0,0,0,0,0,0
2018,VUT,-17.5,-87.5,0,0,0,0,0,0,0,0,0,0
2018,VUT,-12.5,-142.5,0,0,0,0,0,0,0,0,0,0
2018,VUT,-7.5,-147.5,0,0,0,0,0,0,0,0,0,0
2018,VUT,-2.5,-147.5,0,0,0,0,0,0,0,0,0,0
2018,VUT,-2.5,-142.5,0,0,0,0,0,0,0,0,0,0
2018,VUT,2.5,-142.5,0,0,0,0,0,0,0,0,0,0
2018,VUT,2.5,-137.5,0,0,0,0,0,0,0,0,0,0
2018,VUT,2.5,-132.5,0,0,0,0,0,0,0,0,0,0
2018,VUT,2.5,-127.5,0,0,0,0,0,0,0,0,0,0
2018,VUT,7.5,-142.5,0,0,0,0,0,0,0,0,0,0
2018,VUT,7.5,-137.5,0,0,0,0,0,0,0,0,0,0
2018,CHN,-17.5,-132.5,0,0,0,0,0,0,0,0,0,0
2018,CHN,-7.5,-147.5,0,0,0,0,0,0,0,0,0,0
2018,CHN,-7.5,-142.5,0,0,0,0,0,0,0,0,0,0
2018,CHN,-7.5,-137.5,0,0,0,0,0,0,0,0,0,0
2018,CHN,-7.5,-132.5,0,0,0,0,0,0,0,0,0,0
2018,CHN,-7.5,-127.5,0,0,0,0,0,0,0,0,0,0
2018,CHN,-2.5,-147.5,0,0,0,0,0,0,0,0,0,0
2018,CHN,-2.5,-142.5,0,0,0,0,0,0,0,0,0,0
2018,CHN,-2.5,-137.5,0,0,0,0,0,0,0,0,0,0
2018,CHN,-2.5,-132.5,0,0,0,0,0,0,0,0,0,0
2018,CHN,-2.5,-127.5,0,0,0,0,0,0,0,0,0,0
2018,CHN,-2.5,-122.5,0,0,0,0,0,0,0,0,0,0
2018,CHN,2.5,-147.5,0,0,0,0,0,0,0,0,0,0
2018,CHN,2.5,-142.5,0,0,0,0,0,0,0,0,0,0
2018,CHN,2.5,-127.5,0,0,0,0,0,0,0,0,0,0
2018,CHN,2.5,-122.5,0,0,0,0,0,0,0,0,0,0
2018,CHN,7.5,-147.5,0,0,0,0,0,0,0,0,0,0
2018,CHN,7.5,-142.5,0,0,0,0,0,0,0,0,0,0
2018,CHN,7.5,-137.5,0,0,0,0,0,0,0,0,0,0
2018,CHN,7.5,-132.5,0,0,0,0,0,0,0,0,0,0
2018,CHN,7.5,-127.5,0,0,0,0,0,0,0,0,0,0
2018,CHN,7.5,-122.5,0,0,0,0,0,0,0,0,0,0
2018,CHN,12.5,-142.5,0,0,0,0,0,0,0,0,0,0
2018,CHN,12.5,-137.5,0,0,0,0,0,0,0,0,0,0
2018,CHN,12.5,-132.5,0,0,0,0,0,0,0,0,0,0
2018,CHN,12.5,-127.5,0,0,0,0,0,0,0,0,0,0
2018,CHN,12.5,-122.5,0,0,0,0,0,0,0,0,0,0
2018,CHN,12.5,-117.5,0,0,0,0,0,0,0,0,0,0
2018,CHN,12.5,-112.5,0,0,0,0,0,0,0,0,0,0
2018,CHN,12.5,-107.5,0,0,0,0,0,0,0,0,0,0
2018,CHN,12.5,-102.5,0,0,0,0,0,0,0,0,0,0
2018,CHN,17.5,-132.5,0,0,0,0,0,0,0,0,0,0
2018,CHN,17.5,-127.5,0,0,0,0,0,0,0,0,0,0
2018,JPN,-17.5,-107.5,0,0,0,0,0,0,0,0,0,0
2018,JPN,-12.5,-122.5,0,0,0,0,0,0,0,0,0,0
2018,JPN,-12.5,-117.5,0,0,0,0,0,0,0,0,0,0
2018,JPN,-12.5,-112.5,0,0,0,0,0,0,0,0,0,0
2018,JPN,-12.5,-107.5,0,0,0,0,0,0,0,0,0,0
2018,JPN,-12.5,-102.5,0,0,0,0,0,0,0,0,0,0
2018,JPN,-12.5,-97.5,0,0,0,0,0,0,0,0,0,0
2018,JPN,-7.5,-127.5,0,0,0,0,0,0,0,0,0,0
2018,JPN,-7.5,-122.5,0,0,0,0,0,0,0,0,0,0
2018,JPN,-7.5,-117.5,0,0,0,0,0,0,0,0,0,0
2018,JPN,-7.5,-112.5,0,0,0,0,0,0,0,0,0,0
2018,JPN,-7.5,-107.5,0,0,0,0,0,0,0,0,0,0
2018,KOR,-2.5,-147.5,0.05,0,0.3,0.23,0,0,0,0,0,0.09
2018,KOR,-2.5,-142.5,0,0,0,0,0,0,0.02,0,0,0
2018,KOR,-2.5,-137.5,0,0,0,0,0,0,0.09,0,0,0
2018,KOR,2.5,-147.5,0.34,0,2,0,0,0,0.14,0,0.05,0.08
2018,KOR,2.5,-142.5,0.23,0,1.51,0,0,0,0.12,0,0,0.19
2018,KOR,7.5,-147.5,0.63,0,0,0.05,0,0,0.22,0,0,0.07
2018,KOR,7.5,-142.5,0,0,0.43,0,0,0,0.01,0,0.4,0
2018,KOR,7.5,-137.5,0,0,0,0,0,0,0.09,0,0,0
2018,PAN,-22.5,-97.5,2.27,0,0,0,0,0,0,0,0,0
2018,PAN,-22.5,-92.5,0.05,0,0,0,0,0,0,0,0,0
2018,PAN,-17.5,-97.5,0.37,0,0,0,0,0,0,0,0,0
2018,PAN,-17.5,-92.5,3.39,0,0,0,0,0,0,0,0,0
2018,PAN,-12.5,-97.5,1.58,0,0,0,0,0,0,0,0,0
2018,PAN,-12.5,-92.5,4.35,0,0,0,0,0,0,0,0,0
2018,PAN,-7.5,-132.5,0.4,0,0,0,0,0,0,0,0,0
2018,PAN,-7.5,-127.5,1.05,0,0,0,0,0,0,0,0,0
2018,PAN,-7.5,-97.5,0.93,0,0,0,0,0,0,0,0,0
2018,PAN,-2.5,-137.5,2.64,0,0,0,0,0,0,0,0,0
2018,PAN,-2.5,-132.5,1.05,0,0,0,0,0,0,0,0,0
2018,PAN,-2.5,-97.5,0.55,0,0,0,0,0,0,0,0,0
2018,PAN,2.5,-132.5,0.67,0,0,0,0,0,0,0,0,0
2018,PAN,2.5,-97.5,5.15,0,0,0,0,0,0,0,0,0
2018,PAN,2.5,-92.5,1.02,0,0,0,0,0,0,0,0,0
2018,PAN,7.5,-97.5,0.13,0,0,0,0,0,0,0,0,0
2018,PAN,7.5,-92.5,0.27,0,0,0,0,0,0,0,0,0
2018,TWN,-17.5,-132.5,0,0,0,0,0,0,0.38,0,0,0
2018,TWN,-17.5,-127.5,0,0,0,0,0,0,0.32,0,0,0
2018,TWN,-12.5,-142.5,0,0,0,0,0,0,0.19,0,0,0
2018,TWN,-12.5,-132.5,0,0,0,0,0,0,0.52,0,0,0
2018,TWN,-7.5,-147.5,0,0,0,0,0,0,4.65,0,0,0
2018,TWN,-7.5,-142.5,0,0,0,0,0,0,0.11,0,0,0
2018,TWN,-7.5,-137.5,0,0,0,0,0,0,2.08,0,0,0
2018,TWN,-7.5,-132.5,0,0,0,0,0,0,0.49,0,0,0
2018,TWN,-2.5,-147.5,0,0,0,0,0,0,9.98,0,0,0
2018,TWN,-2.5,-142.5,0,0,0,0,0,0,1.69,0,0,0
2018,TWN,-2.5,-137.5,0,0,0,0,0,0,4.01,0,0,0
2018,TWN,2.5,-147.5,0,0,0,0,0,0,0.5,0,0,0
2018,TWN,2.5,-142.5,0,0,0,0,0,0,0.61,0,0,0
2018,TWN,2.5,-137.5,0,0,0,0,0,0,0.22,0,0,0
2018,TWN,7.5,-147.5,0,0,0,0,0,0,0.11,0,0,0
2018,TWN,32.5,-147.5,0,0,0,0,0,0,0.57,0,0,0
2018,USA,22.5,-147.5,0,0,0,0,0,0,0,0,0,0
2018,USA,22.5,-142.5,0,0,0,0,0,0,0,0,0,0
2018,USA,22.5,-137.5,0,0,0,0,0,0,0,0,0,0
2018,USA,22.5,-132.5,0,0,0,0,0,0,0,0,0,0
2018,USA,32.5,-142.5,0,0,0,0,0,0,0,0,0,0
2018,USA,32.5,-137.5,0,0,0,0,0,0,0,0,0,0
2018,USA,32.5,-132.5,0,0,0,0,0,0,0,0,0,0
2018,VUT,-22.5,-97.5,0,0,0,0,0,0,0,0,0,0
2018,VUT,-22.5,-92.5,0,0,0,0,0,0,0,0,0,0
2018,VUT,-17.5,-97.5,0,0,0,0,0,0,0,0,0,0
2018,VUT,-17.5,-92.5,0,0,0,0,0,0,0,0,0,0
2018,VUT,-12.5,-92.5,0,0,0,0,0,0,0,0,0,0
2018,VUT,-7.5,-147.5,0,0,0,0,0,0,0,0,0,0
2018,VUT,-2.5,-147.5,0,0,0,0,0,0,0,0,0,0
2018,VUT,-2.5,-142.5,0,0,0,0,0,0,0,0,0,0
2018,CHN,-17.5,-132.5,0,0,0,0,0,0,0,0,0,0
2018,CHN,-17.5,-127.5,0,0,0,0,0,0,0,0,0,0
2018,CHN,-17.5,-122.5,0,0,0,0,0,0,0,0,0,0
2018,CHN,-17.5,-117.5,0,0,0,0,0,0,0,0,0,0
2018,CHN,-17.5,-112.5,0,0,0,0,0,0,0,0,0,0
2018,CHN,-17.5,-107.5,0,0,0,0,0,0,0,0,0,0
2018,CHN,-17.5,-102.5,0,0,0,0,0,0,0,0,0,0
2018,CHN,-12.5,-147.5,0,0,0,0,0,0,0,0,0,0
2018,CHN,-12.5,-142.5,0,0,0,0,0,0,0,0,0,0
2018,CHN,-12.5,-137.5,0,0,0,0,0,0,0,0,0,0
2018,CHN,-12.5,-127.5,0,0,0,0,0,0,0,0,0,0
2018,CHN,-12.5,-122.5,0,0,0,0,0,0,0,0,0,0
2018,CHN,-7.5,-147.5,0,0,0,0,0,0,0,0,0,0
2018,CHN,-7.5,-142.5,0,0,0,0,0,0,0,0,0,0
2018,CHN,-7.5,-137.5,0,0,0,0,0,0,0,0,0,0
2018,CHN,-7.5,-132.5,0,0,0,0,0,0,0,0,0,0
2018,CHN,-7.5,-127.5,0,0,0,0,0,0,0,0,0,0
2018,CHN,-7.5,-122.5,0,0,0,0,0,0,0,0,0,0
2018,CHN,-2.5,-147.5,0,0,0,0,0,0,0,0,0,0
2018,CHN,-2.5,-142.5,0,0,0,0,0,0,0,0,0,0
2018,CHN,-2.5,-137.5,0,0,0,0,0,0,0,0,0,0
2018,CHN,-2.5,-132.5,0,0,0,0,0,0,0,0,0,0
2018,CHN,-2.5,-127.5,0,0,0,0,0,0,0,0,0,0
2018,CHN,-2.5,-122.5,0,0,0,0,0,0,0,0,0,0
2018,CHN,2.5,-147.5,0,0,0,0,0,0,0,0,0,0
2018,CHN,2.5,-142.5,0,0,0,0,0,0,0,0,0,0
2018,CHN,2.5,-137.5,0,0,0,0,0,0,0,0,0,0
2018,CHN,2.5,-132.5,0,0,0,0,0,0,0,0,0,0
2018,CHN,2.5,-127.5,0,0,0,0,0,0,0,0,0,0
2018,CHN,2.5,-122.5,0,0,0,0,0,0,0,0,0,0
2018,CHN,2.5,-117.5,0,0,0,0,0,0,0,0,0,0
2018,CHN,2.5,-112.5,0,0,0,0,0,0,0,0,0,0
2018,CHN,2.5,-107.5,0,0,0,0,0,0,0,0,0,0
2018,CHN,7.5,-147.5,0,0,0,0,0,0,0,0,0,0
2018,CHN,7.5,-142.5,0,0,0,0,0,0,0,0,0,0
2018,CHN,7.5,-137.5,0,0,0,0,0,0,0,0,0,0
2018,CHN,7.5,-132.5,0,0,0,0,0,0,0,0,0,0
2018,CHN,7.5,-127.5,0,0,0,0,0,0,0,0,0,0
2018,CHN,7.5,-122.5,0,0,0,0,0,0,0,0,0,0
2018,CHN,7.5,-117.5,0,0,0,0,0,0,0,0,0,0
2018,CHN,7.5,-112.5,0,0,0,0,0,0,0,0,0,0
2018,CHN,7.5,-107.5,0,0,0,0,0,0,0,0,0,0
2018,CHN,12.5,-142.5,0,0,0,0,0,0,0,0,0,0
2018,CHN,12.5,-137.5,0,0,0,0,0,0,0,0,0,0
2018,CHN,12.5,-132.5,0,0,0,0,0,0,0,0,0,0
2018,CHN,12.5,-127.5,0,0,0,0,0,0,0,0,0,0
2018,CHN,12.5,-122.5,0,0,0,0,0,0,0,0,0,0
2018,CHN,12.5,-117.5,0,0,0,0,0,0,0,0,0,0
2018,CHN,12.5,-112.5,0,0,0,0,0,0,0,0,0,0
2018,CHN,12.5,-107.5,0,0,0,0,0,0,0,0,0,0
2018,CHN,12.5,-102.5,0,0,0,0,0,0,0,0,0,0
2018,JPN,-32.5,-87.5,0,0,0,0,0,0,0,0,0,0
2018,JPN,-32.5,-82.5,0,0,0,0,0,0,0,0,0,0
2018,JPN,-17.5,-107.5,0,0,0,0,0,0,0,0,0,0
2018,JPN,-12.5,-127.5,0,0,0,0,0,0,0,0,0,0
2018,JPN,-12.5,-122.5,0,0,0,0,0,0,0,0,0,0
2018,JPN,-12.5,-117.5,0,0,0,0,0,0,0,0,0,0
2018,JPN,-12.5,-112.5,0,0,0,0,0,0,0,0,0,0
2018,JPN,-12.5,-107.5,0,0,0,0,0,0,0,0,0,0
2018,JPN,-12.5,-102.5,0,0,0,0,0,0,0,0,0,0
2018,JPN,-12.5,-97.5,0,0,0,0,0,0,0,0,0,0
2018,JPN,-7.5,-127.5,0,0,0,0,0,0,0,0,0,0
2018,JPN,-7.5,-122.5,0,0,0,0,0,0,0,0,0,0
2018,JPN,-7.5,-117.5,0,0,0,0,0,0,0,0,0,0
2018,JPN,-7.5,-112.5,0,0,0,0,0,0,0,0,0,0
2018,JPN,-7.5,-107.5,0,0,0,0,0,0,0,0,0,0
2018,KOR,-2.5,-142.5,0,0,0.11,0,0,0,0,0,0,0
2018,KOR,2.5,-147.5,0.29,0,5.48,0.02,0,0,0.22,0,0.24,0.76
2018,KOR,2.5,-142.5,0.1,0,1.13,0,0,0,0.21,0,0.05,0.17
2018,KOR,2.5,-137.5,0.15,0,0.04,0,0,0,0.14,0,0,0
2018,KOR,2.5,-132.5,0,0,0,0,0,0,0.19,0,0,0
2018,KOR,7.5,-147.5,0,0,0.65,0,0,0,0,0,0.03,0.1
2018,KOR,7.5,-142.5,0.13,0,0.46,0,0,0,0,0,0.04,0.16
2018,KOR,7.5,-137.5,0,0,0.04,0,0,0,0.06,0,0,0
2018,KOR,7.5,-132.5,0,0,0,0,0,0,0.11,0,0,0
2018,PAN,-22.5,-102.5,0.09,0,0,0,0,0,0,0,0,0
2018,PAN,-22.5,-97.5,1.12,0,0,0,0,0,0,0,0,0
2018,PAN,-22.5,-92.5,2.54,0,0,0,0,0,0,0,0,0
2018,PAN,-17.5,-97.5,0.59,0,0,0,0,0,0,0,0,0
2018,PAN,-17.5,-92.5,1.5,0,0,0,0,0,0,0,0,0
2018,PAN,-12.5,-97.5,24.14,0,0,0,0,0,0,0,0,0
2018,PAN,-12.5,-92.5,9.31,0,0,0,0,0,0,0,0,0
2018,PAN,-7.5,-137.5,0.34,0,0,0,0,0,0,0,0,0
2018,PAN,-7.5,-132.5,1.86,0,0,0,0,0,0,0,0,0
2018,PAN,-7.5,-127.5,1.08,0,0,0,0,0,0,0,0,0
2018,PAN,-7.5,-87.5,1.02,0,0,0,0,0,0,0,0,0
2018,PAN,-2.5,-142.5,0.54,0,0,0,0,0,0,0,0,0
2018,PAN,-2.5,-137.5,4.79,0,0,0,0,0,0,0,0,0
2018,PAN,-2.5,-132.5,1.87,0,0,0,0,0,0,0,0,0
2018,PAN,2.5,-137.5,0.71,0,0,0,0,0,0,0,0,0
2018,PAN,7.5,-137.5,0.36,0,0,0,0,0,0,0,0,0
2018,TWN,-12.5,-142.5,0,0,0,0,0,0,0.04,0,0,0
2018,TWN,-7.5,-147.5,0,0,0,0,0,0,4.56,0,0,0
2018,TWN,-7.5,-142.5,0,0,0,0,0,0,1.7,0,0,0
2018,TWN,-2.5,-147.5,0,0,0,0,0,0,9.21,0,0,0
2018,TWN,-2.5,-142.5,0,0,0,0,0,0,6.63,0,0,0
2018,TWN,-2.5,-137.5,0,0,0,0,0,0,0.23,0,0,0
2018,TWN,2.5,-147.5,0,0,0,0,0,0,3.57,0,0,0
2018,TWN,7.5,-147.5,0,0,0,0,0,0,1.18,0,0,0
2018,USA,17.5,-137.5,0,0,0,0,0,0,0,0,0,0
2018,USA,17.5,-132.5,0,0,0,0,0,0,0,0,0,0
2018,USA,22.5,-147.5,0,0,0,0,0,0,0,0,0,0
2018,USA,22.5,-142.5,0,0,0,0,0,0,0,0,0,0
2018,USA,22.5,-137.5,0,0,0,0,0,0,0,0,0,0
2018,USA,22.5,-132.5,0,0,0,0,0,0,0,0,0,0
2018,USA,27.5,-147.5,0,0,0,0,0,0,0,0,0,0
2018,USA,32.5,-142.5,0,0,0,0,0,0,0,0,0,0
2018,USA,32.5,-137.5,0,0,0,0,0,0,0,0,0,0
2018,VUT,-22.5,-92.5,0,0,0,0,0,0,0,0,0,0
2018,VUT,-17.5,-92.5,0,0,0,0,0,0,0,0,0,0
2018,VUT,-12.5,-97.5,0,0,0,0,0,0,0,0,0,0
2018,VUT,-7.5,-147.5,0,0,0,0,0,0,0,0,0,0
2018,VUT,-2.5,-147.5,0,0,0,0,0,0,0,0,0,0
2018,VUT,2.5,-147.5,0,0,0,0,0,0,0,0,0,0
2018,CHN,-17.5,-132.5,0,0,0,0,0,0,0,0,0,0
2018,CHN,-17.5,-127.5,0,0,0,0,0,0,0,0,0,0
2018,CHN,-12.5,-132.5,0,0,0,0,0,0,0,0,0,0
2018,CHN,-12.5,-127.5,0,0,0,0,0,0,0,0,0,0
2018,CHN,-7.5,-147.5,0,0,0,0,0,0,0,0,0,0
2018,CHN,-7.5,-142.5,0,0,0,0,0,0,0,0,0,0
2018,CHN,-7.5,-137.5,0,0,0,0,0,0,0,0,0,0
2018,CHN,-7.5,-132.5,0,0,0,0,0,0,0,0,0,0
2018,CHN,-7.5,-127.5,0,0,0,0,0,0,0,0,0,0
2018,CHN,-7.5,-122.5,0,0,0,0,0,0,0,0,0,0
2018,CHN,-2.5,-147.5,0,0,0,0,0,0,0,0,0,0
2018,CHN,-2.5,-142.5,0,0,0,0,0,0,0,0,0,0
2018,CHN,-2.5,-137.5,0,0,0,0,0,0,0,0,0,0
2018,CHN,-2.5,-132.5,0,0,0,0,0,0,0,0,0,0
2018,CHN,-2.5,-127.5,0,0,0,0,0,0,0,0,0,0
2018,CHN,-2.5,-122.5,0,0,0,0,0,0,0,0,0,0
2018,CHN,2.5,-147.5,0,0,0,0,0,0,0,0,0,0
2018,CHN,2.5,-142.5,0,0,0,0,0,0,0,0,0,0
2018,CHN,2.5,-137.5,0,0,0,0,0,0,0,0,0,0
2018,CHN,2.5,-132.5,0,0,0,0,0,0,0,0,0,0
2018,CHN,2.5,-127.5,0,0,0,0,0,0,0,0,0,0
2018,CHN,2.5,-122.5,0,0,0,0,0,0,0,0,0,0
2018,CHN,2.5,-112.5,0,0,0,0,0,0,0,0,0,0
2018,CHN,2.5,-107.5,0,0,0,0,0,0,0,0,0,0
2018,CHN,2.5,-102.5,0,0,0,0,0,0,0,0,0,0
2018,CHN,7.5,-147.5,0,0,0,0,0,0,0,0,0,0
2018,CHN,7.5,-142.5,0,0,0,0,0,0,0,0,0,0
2018,CHN,7.5,-137.5,0,0,0,0,0,0,0,0,0,0
2018,CHN,7.5,-132.5,0,0,0,0,0,0,0,0,0,0
2018,CHN,7.5,-127.5,0,0,0,0,0,0,0,0,0,0
2018,CHN,7.5,-122.5,0,0,0,0,0,0,0,0,0,0
2018,CHN,7.5,-112.5,0,0,0,0,0,0,0,0,0,0
2018,CHN,7.5,-107.5,0,0,0,0,0,0,0,0,0,0
2018,CHN,7.5,-102.5,0,0,0,0,0,0,0,0,0,0
2018,CHN,12.5,-147.5,0,0,0,0,0,0,0,0,0,0
2018,CHN,12.5,-142.5,0,0,0,0,0,0,0,0,0,0
2018,CHN,12.5,-137.5,0,0,0,0,0,0,0,0,0,0
2018,CHN,12.5,-132.5,0,0,0,0,0,0,0,0,0,0
2018,CHN,12.5,-127.5,0,0,0,0,0,0,0,0,0,0
2018,CHN,12.5,-122.5,0,0,0,0,0,0,0,0,0,0
2018,CHN,12.5,-117.5,0,0,0,0,0,0,0,0,0,0
2018,CHN,12.5,-112.5,0,0,0,0,0,0,0,0,0,0
2018,CHN,12.5,-107.5,0,0,0,0,0,0,0,0,0,0
2018,CHN,12.5,-102.5,0,0,0,0,0,0,0,0,0,0
2018,CHN,17.5,-107.5,0,0,0,0,0,0,0,0,0,0
2018,JPN,-37.5,-87.5,0,0,0,0,0,0,0,0,0,0
2018,JPN,-32.5,-87.5,0,0,0,0,0,0,0,0,0,0
2018,JPN,-32.5,-82.5,0,0,0,0,0,0,0,0,0,0
2018,JPN,-32.5,-77.5,0,0,0,0,0,0,0,0,0,0
2018,JPN,-27.5,-82.5,0,0,0,0,0,0,0,0,0,0
2018,JPN,-12.5,-127.5,0,0,0,0,0,0,0,0,0,0
2018,JPN,-12.5,-117.5,0,0,0,0,0,0,0,0,0,0
2018,JPN,-12.5,-112.5,0,0,0,0,0,0,0,0,0,0
2018,JPN,-12.5,-107.5,0,0,0,0,0,0,0,0,0,0
2018,JPN,-7.5,-132.5,0,0,0,0,0,0,0,0,0,0
2018,JPN,-7.5,-127.5,0,0,0,0,0,0,0,0,0,0
2018,JPN,-7.5,-112.5,0,0,0,0,0,0,0,0,0,0
2018,JPN,-7.5,-107.5,0,0,0,0,0,0,0,0,0,0
2018,JPN,2.5,-147.5,0,0,0,0,0,0,0,0,0,0
2018,JPN,2.5,-127.5,0,0,0,0,0,0,0,0,0,0
2018,JPN,7.5,-147.5,0,0,0,0,0,0,0,0,0,0
2018,KOR,-2.5,-142.5,0.01,0,2.46,0,0,0,0.03,0,0.77,0.43
2018,KOR,-2.5,-137.5,0,0,0.41,0.27,0,0,0.66,0,0,0
2018,KOR,2.5,-147.5,0,0,0.15,0,0,0,0,0,0,0.03
2018,KOR,2.5,-142.5,0,0,1.68,0,0,0,0,0,0.07,0.51
2018,KOR,2.5,-137.5,0.04,0,0.25,0,0,0,0.04,0,0,0
2018,KOR,2.5,-132.5,0,0,0,0,0,0,0.12,0,0,0
2018,KOR,7.5,-137.5,0.05,0,0,0,0,0,0.06,0,0,0
2018,PAN,-17.5,-97.5,2.12,0,0,0,0,0,0,0,0,0
2018,PAN,-12.5,-102.5,4.25,0,0,0,0,0,0,0,0,0
2018,PAN,-12.5,-97.5,14.19,0,0,0,0,0,0,0,0,0
2018,PAN,-12.5,-92.5,7.64,0,0,0,0,0,0,0,0,0
2018,PAN,-7.5,-132.5,0.03,0,0,0,0,0,0,0,0,0
2018,PAN,-7.5,-127.5,0.44,0,0,0,0,0,0,0,0,0
2018,PAN,-7.5,-117.5,0.1,0,0,0,0,0,0,0,0,0
2018,PAN,-7.5,-92.5,1.67,0,0,0,0,0,0,0,0,0
2018,PAN,-7.5,-87.5,2.07,0,0,0,0,0,0,0,0,0
2018,PAN,-2.5,-137.5,1.93,0,0,0,0,0,0,0,0,0
2018,PAN,-2.5,-132.5,1.64,0,0,0,0,0,0,0,0,0
2018,PAN,-2.5,-102.5,0.18,0,0,0,0,0,0,0,0,0
2018,PAN,-2.5,-87.5,1.11,0,0,0,0,0,0,0,0,0
2018,PAN,2.5,-137.5,0.37,0,0,0,0,0,0,0,0,0
2018,PAN,2.5,-132.5,0.55,0,0,0,0,0,0,0,0,0
2018,PAN,7.5,-137.5,0.05,0,0,0,0,0,0,0,0,0
2018,TWN,-12.5,-142.5,0,0,0,0,0,0,0.07,0,0,0
2018,TWN,-7.5,-142.5,0,0,0,0,0,0,0.25,0,0,0
2018,TWN,-2.5,-147.5,0,0,0,0,0,0,4.62,0,0,0
2018,TWN,-2.5,-142.5,0,0,0,0,0,0,3.5,0,0,0
2018,TWN,-2.5,-137.5,0,0,0,0,0,0,0.08,0,0,0
2018,TWN,2.5,-147.5,0,0,0,0,0,0,0.85,0,0,0
2018,USA,22.5,-147.5,0,0,0,0,0,0,0,0,0,0
2018,USA,22.5,-142.5,0,0,0,0,0,0,0,0,0,0
2018,USA,22.5,-137.5,0,0,0,0,0,0,0,0,0,0
2018,USA,22.5,-132.5,0,0,0,0,0,0,0,0,0,0
2018,USA,27.5,-147.5,0,0,0,0,0,0,0,0,0,0
2018,USA,27.5,-142.5,0,0,0,0,0,0,0,0,0,0
2018,VUT,-12.5,-102.5,0,0,0,0,0,0,0,0,0,0
2018,VUT,-12.5,-97.5,0,0,0,0,0,0,0,0,0,0
2018,VUT,-12.5,-92.5,0,0,0,0,0,0,0,0,0,0
2018,VUT,-2.5,-147.5,0,0,0,0,0,0,0,0,0,0
2018,CHN,-17.5,-132.5,0,0,0,0,0,0,0,0,0,0
2018,CHN,-17.5,-127.5,0,0,0,0,0,0,0,0,0,0
2018,CHN,-17.5,-122.5,0,0,0,0,0,0,0,0,0,0
2018,CHN,-12.5,-147.5,0,0,0,0,0,0,0,0,0,0
2018,CHN,-12.5,-142.5,0,0,0,0,0,0,0,0,0,0
2018,CHN,-12.5,-137.5,0,0,0,0,0,0,0,0,0,0
2018,CHN,-12.5,-132.5,0,0,0,0,0,0,0,0,0,0
2018,CHN,-12.5,-127.5,0,0,0,0,0,0,0,0,0,0
2018,CHN,-12.5,-122.5,0,0,0,0,0,0,0,0,0,0
2018,CHN,-7.5,-147.5,0,0,0,0,0,0,0,0,0,0
2018,CHN,-7.5,-142.5,0,0,0,0,0,0,0,0,0,0
2018,CHN,-7.5,-137.5,0,0,0,0,0,0,0,0,0,0
2018,CHN,-7.5,-132.5,0,0,0,0,0,0,0,0,0,0
2018,CHN,-7.5,-127.5,0,0,0,0,0,0,0,0,0,0
2018,CHN,-7.5,-122.5,0,0,0,0,0,0,0,0,0,0
2018,CHN,-2.5,-147.5,0,0,0,0,0,0,0,0,0,0
2018,CHN,-2.5,-142.5,0,0,0,0,0,0,0,0,0,0
2018,CHN,-2.5,-137.5,0,0,0,0,0,0,0,0,0,0
2018,CHN,-2.5,-132.5,0,0,0,0,0,0,0,0,0,0
2018,CHN,-2.5,-127.5,0,0,0,0,0,0,0,0,0,0
2018,CHN,-2.5,-122.5,0,0,0,0,0,0,0,0,0,0
2018,CHN,2.5,-147.5,0,0,0,0,0,0,0,0,0,0
2018,CHN,2.5,-142.5,0,0,0,0,0,0,0,0,0,0
2018,CHN,2.5,-137.5,0,0,0,0,0,0,0,0,0,0
2018,CHN,2.5,-132.5,0,0,0,0,0,0,0,0,0,0
2018,CHN,2.5,-127.5,0,0,0,0,0,0,0,0,0,0
2018,CHN,2.5,-122.5,0,0,0,0,0,0,0,0,0,0
2018,CHN,2.5,-117.5,0,0,0,0,0,0,0,0,0,0
2018,CHN,2.5,-112.5,0,0,0,0,0,0,0,0,0,0
2018,CHN,2.5,-107.5,0,0,0,0,0,0,0,0,0,0
2018,CHN,7.5,-142.5,0,0,0,0,0,0,0,0,0,0
2018,CHN,7.5,-137.5,0,0,0,0,0,0,0,0,0,0
2018,CHN,7.5,-132.5,0,0,0,0,0,0,0,0,0,0
2018,CHN,7.5,-127.5,0,0,0,0,0,0,0,0,0,0
2018,CHN,7.5,-122.5,0,0,0,0,0,0,0,0,0,0
2018,CHN,7.5,-112.5,0,0,0,0,0,0,0,0,0,0
2018,CHN,7.5,-107.5,0,0,0,0,0,0,0,0,0,0
2018,CHN,7.5,-102.5,0,0,0,0,0,0,0,0,0,0
2018,CHN,12.5,-142.5,0,0,0,0,0,0,0,0,0,0
2018,CHN,12.5,-137.5,0,0,0,0,0,0,0,0,0,0
2018,CHN,12.5,-132.5,0,0,0,0,0,0,0,0,0,0
2018,CHN,12.5,-127.5,0,0,0,0,0,0,0,0,0,0
2018,CHN,12.5,-122.5,0,0,0,0,0,0,0,0,0,0
2018,CHN,12.5,-117.5,0,0,0,0,0,0,0,0,0,0
2018,CHN,12.5,-112.5,0,0,0,0,0,0,0,0,0,0
2018,CHN,12.5,-107.5,0,0,0,0,0,0,0,0,0,0
2018,CHN,12.5,-102.5,0,0,0,0,0,0,0,0,0,0
2018,JPN,-32.5,-82.5,0,0,0,0,0,0,0,0,0,0
2018,JPN,-32.5,-77.5,0,0,0,0,0,0,0,0,0,0
2018,JPN,-27.5,-82.5,0,0,0,0,0,0,0,0,0,0
2018,JPN,-27.5,-77.5,0,0,0,0,0,0,0,0,0,0
2018,JPN,-22.5,-82.5,0,0,0,0,0,0,0,0,0,0
2018,JPN,-22.5,-77.5,0,0,0,0,0,0,0,0,0,0
2018,JPN,-17.5,-117.5,0,0,0,0,0,0,0,0,0,0
2018,JPN,-17.5,-107.5,0,0,0,0,0,0,0,0,0,0
2018,JPN,-17.5,-102.5,0,0,0,0,0,0,0,0,0,0
2018,JPN,-17.5,-87.5,0,0,0,0,0,0,0,0,0,0
2018,JPN,-17.5,-82.5,0,0,0,0,0,0,0,0,0,0
2018,JPN,-17.5,-77.5,0,0,0,0,0,0,0,0,0,0
2018,JPN,-12.5,-122.5,0,0,0,0,0,0,0,0,0,0
2018,JPN,-12.5,-107.5,0,0,0,0,0,0,0,0,0,0
2018,JPN,-7.5,-147.5,0,0,0,0,0,0,0,0,0,0
2018,JPN,-7.5,-132.5,0,0,0,0,0,0,0,0,0,0
2018,JPN,-2.5,-147.5,0,0,0,0,0,0,0,0,0,0
2018,JPN,-2.5,-127.5,0,0,0,0,0,0,0,0,0,0
2018,JPN,2.5,-147.5,0,0,0,0,0,0,0,0,0,0
2018,JPN,2.5,-137.5,0,0,0,0,0,0,0,0,0,0
2018,JPN,2.5,-127.5,0,0,0,0,0,0,0,0,0,0
2018,JPN,2.5,-122.5,0,0,0,0,0,0,0,0,0,0
2018,JPN,2.5,-117.5,0,0,0,0,0,0,0,0,0,0
2018,JPN,17.5,-147.5,0,0,0,0,0,0,0,0,0,0
2018,KOR,-2.5,-137.5,0,0,0,0.32,0,0,0.62,0,0,0
2018,KOR,2.5,-147.5,0,0,0.02,0,0,0,0,0,0,0
2018,KOR,2.5,-142.5,0,0,0,0,0,0,0,0,0,0.04
2018,KOR,2.5,-137.5,0,0,0.73,0,0,0,0,0,0.64,0.79
2018,KOR,7.5,-142.5,0,0,0.1,0,0,0,0,0,0,0
2018,PAN,-22.5,-97.5,3.01,0,0,0,0,0,0,0,0,0
2018,PAN,-22.5,-92.5,39.24,0,0,0,0,0,0,0,0,0
2018,PAN,-22.5,-87.5,1.47,0,0,0,0,0,0,0,0,0
2018,PAN,-17.5,-102.5,0.67,0,0,0,0,0,0,0,0,0
2018,PAN,-17.5,-97.5,1.4,0,0,0,0,0,0,0,0,0
2018,PAN,-17.5,-92.5,0.81,0,0,0,0,0,0,0,0,0
2018,PAN,-12.5,-127.5,0.78,0,0,0,0,0,0,0,0,0
2018,PAN,-12.5,-122.5,0.16,0,0,0,0,0,0,0,0,0
2018,PAN,-12.5,-102.5,4.08,0,0,0,0,0,0,0,0,0
2018,PAN,-12.5,-97.5,2.26,0,0,0,0,0,0,0,0,0
2018,PAN,-7.5,-127.5,0.55,0,0,0,0,0,0,0,0,0
2018,PAN,-7.5,-122.5,0.18,0,0,0,0,0,0,0,0,0
2018,PAN,-2.5,-87.5,0.08,0,0,0,0,0,0,0,0,0
2018,PAN,2.5,-82.5,0.15,0,0,0,0,0,0,0,0,0
2018,PAN,7.5,-82.5,0.11,0,0,0,0,0,0,0,0,0
2018,PAN,7.5,-77.5,0.06,0,0,0,0,0,0,0,0,0
2018,TWN,-7.5,-147.5,0,0,0,0,0,0,13.74,0,0,0
2018,TWN,-7.5,-142.5,0,0,0,0,0,0,4.81,0,0,0
2018,TWN,-7.5,-137.5,0,0,0,0,0,0,1.47,0,0,0
2018,TWN,-2.5,-147.5,0,0,0,0,0,0,4.41,0,0,0
2018,TWN,-2.5,-142.5,0,0,0,0,0,0,3.45,0,0,0
2018,TWN,-2.5,-137.5,0,0,0,0,0,0,3.16,0,0,0
2018,TWN,-2.5,-132.5,0,0,0,0,0,0,0.52,0,0,0
2018,TWN,2.5,-147.5,0,0,0,0,0,0,0.04,0,0,0
2018,USA,17.5,-147.5,0,0,0,0,0,0,0,0,0,0
2018,USA,22.5,-147.5,0,0,0,0,0,0,0,0,0,0
2018,USA,22.5,-142.5,0,0,0,0,0,0,0,0,0,0
2018,USA,22.5,-137.5,0,0,0,0,0,0,0,0,0,0
2018,USA,22.5,-132.5,0,0,0,0,0,0,0,0,0,0
2018,USA,27.5,-147.5,0,0,0,0,0,0,0,0,0,0
2018,USA,27.5,-142.5,0,0,0,0,0,0,0,0,0,0
2018,USA,27.5,-137.5,0,0,0,0,0,0,0,0,0,0
2018,VUT,-12.5,-122.5,0,0,0,0,0,0,0,0,0,0
2018,VUT,-12.5,-102.5,0,0,0,0,0,0,0,0,0,0
2018,VUT,-7.5,-147.5,0,0,0,0,0,0,0,0,0,0
2018,VUT,-7.5,-142.5,0,0,0,0,0,0,0,0,0,0
2018,VUT,-7.5,-122.5,0,0,0,0,0,0,0,0,0,0
2018,VUT,-7.5,-117.5,0,0,0,0,0,0,0,0,0,0
2018,VUT,-2.5,-147.5,0,0,0,0,0,0,0,0,0,0
2018,VUT,2.5,-147.5,0,0,0,0,0,0,0,0,0,0
2018,CHN,-32.5,-147.5,0,0,0,0,0,0,0,0,0,0
2018,CHN,-27.5,-147.5,0,0,0,0,0,0,0,0,0,0
2018,CHN,-17.5,-132.5,0,0,0,0,0,0,0,0,0,0
2018,CHN,-12.5,-142.5,0,0,0,0,0,0,0,0,0,0
2018,CHN,-12.5,-137.5,0,0,0,0,0,0,0,0,0,0
2018,CHN,-7.5,-147.5,0,0,0,0,0,0,0,0,0,0
2018,CHN,-7.5,-142.5,0,0,0,0,0,0,0,0,0,0
2018,CHN,-7.5,-137.5,0,0,0,0,0,0,0,0,0,0
2018,CHN,-7.5,-132.5,0,0,0,0,0,0,0,0,0,0
2018,CHN,-7.5,-127.5,0,0,0,0,0,0,0,0,0,0
2018,CHN,-7.5,-122.5,0,0,0,0,0,0,0,0,0,0
2018,CHN,-2.5,-147.5,0,0,0,0,0,0,0,0,0,0
2018,CHN,-2.5,-142.5,0,0,0,0,0,0,0,0,0,0
2018,CHN,-2.5,-137.5,0,0,0,0,0,0,0,0,0,0
2018,CHN,-2.5,-132.5,0,0,0,0,0,0,0,0,0,0
2018,CHN,-2.5,-127.5,0,0,0,0,0,0,0,0,0,0
2018,CHN,-2.5,-122.5,0,0,0,0,0,0,0,0,0,0
2018,CHN,-2.5,-112.5,0,0,0,0,0,0,0,0,0,0
2018,CHN,-2.5,-107.5,0,0,0,0,0,0,0,0,0,0
2018,CHN,2.5,-147.5,0,0,0,0,0,0,0,0,0,0
2018,CHN,2.5,-142.5,0,0,0,0,0,0,0,0,0,0
2018,CHN,2.5,-137.5,0,0,0,0,0,0,0,0,0,0
2018,CHN,2.5,-132.5,0,0,0,0,0,0,0,0,0,0
2018,CHN,2.5,-127.5,0,0,0,0,0,0,0,0,0,0
2018,CHN,2.5,-122.5,0,0,0,0,0,0,0,0,0,0
2018,CHN,2.5,-112.5,0,0,0,0,0,0,0,0,0,0
2018,CHN,2.5,-107.5,0,0,0,0,0,0,0,0,0,0
2018,CHN,2.5,-102.5,0,0,0,0,0,0,0,0,0,0
2018,CHN,7.5,-147.5,0,0,0,0,0,0,0,0,0,0
2018,CHN,7.5,-142.5,0,0,0,0,0,0,0,0,0,0
2018,CHN,7.5,-137.5,0,0,0,0,0,0,0,0,0,0
2018,CHN,7.5,-132.5,0,0,0,0,0,0,0,0,0,0
2018,CHN,7.5,-127.5,0,0,0,0,0,0,0,0,0,0
2018,CHN,7.5,-122.5,0,0,0,0,0,0,0,0,0,0
2018,CHN,7.5,-112.5,0,0,0,0,0,0,0,0,0,0
2018,CHN,7.5,-107.5,0,0,0,0,0,0,0,0,0,0
2018,CHN,12.5,-142.5,0,0,0,0,0,0,0,0,0,0
2018,CHN,12.5,-137.5,0,0,0,0,0,0,0,0,0,0
2018,CHN,12.5,-132.5,0,0,0,0,0,0,0,0,0,0
2018,CHN,12.5,-127.5,0,0,0,0,0,0,0,0,0,0
2018,CHN,12.5,-122.5,0,0,0,0,0,0,0,0,0,0
2018,CHN,12.5,-117.5,0,0,0,0,0,0,0,0,0,0
2018,JPN,-32.5,-87.5,0,0,0,0,0,0,0,0,0,0
2018,JPN,-32.5,-82.5,0,0,0,0,0,0,0,0,0,0
2018,JPN,-32.5,-77.5,0,0,0,0,0,0,0,0,0,0
2018,JPN,-27.5,-82.5,0,0,0,0,0,0,0,0,0,0
2018,JPN,-27.5,-77.5,0,0,0,0,0,0,0,0,0,0
2018,JPN,-22.5,-107.5,0,0,0,0,0,0,0,0,0,0
2018,JPN,-22.5,-82.5,0,0,0,0,0,0,0,0,0,0
2018,JPN,-22.5,-77.5,0,0,0,0,0,0,0,0,0,0
2018,JPN,-17.5,-117.5,0,0,0,0,0,0,0,0,0,0
2018,JPN,-17.5,-107.5,0,0,0,0,0,0,0,0,0,0
2018,JPN,-17.5,-102.5,0,0,0,0,0,0,0,0,0,0
2018,JPN,-17.5,-97.5,0,0,0,0,0,0,0,0,0,0
2018,JPN,-17.5,-87.5,0,0,0,0,0,0,0,0,0,0
2018,JPN,-17.5,-82.5,0,0,0,0,0,0,0,0,0,0
2018,JPN,-12.5,-97.5,0,0,0,0,0,0,0,0,0,0
2018,JPN,-12.5,-92.5,0,0,0,0,0,0,0,0,0,0
2018,JPN,-7.5,-147.5,0,0,0,0,0,0,0,0,0,0
2018,JPN,-2.5,-147.5,0,0,0,0,0,0,0,0,0,0
2018,JPN,2.5,-127.5,0,0,0,0,0,0,0,0,0,0
2018,KOR,2.5,-147.5,0,0,2.66,0,0,0,0,0,0.04,0.13
2018,PAN,-27.5,-92.5,1.64,0,0,0,0,0,0,0,0,0
2018,PAN,-22.5,-97.5,1.2,0,0,0,0,0,0,0,0,0
2018,PAN,-22.5,-92.5,5.73,0,0,0,0,0,0,0,0,0
2018,PAN,-22.5,-87.5,3.74,0,0,0,0,0,0,0,0,0
2018,PAN,-17.5,-107.5,1.88,0,0,0,0,0,0,0,0,0
2018,PAN,-17.5,-102.5,2.39,0,0,0,0,0,0,0,0,0
2018,PAN,-17.5,-97.5,16.76,0,0,0,0,0,0,0,0,0
2018,PAN,-17.5,-92.5,9.69,0,0,0,0,0,0,0,0,0
2018,PAN,-12.5,-97.5,1.41,0,0,0,0,0,0,0,0,0
2018,TWN,-12.5,-132.5,0,0,0,0,0,0,6.32,0,0,0
2018,TWN,-7.5,-147.5,0,0,0,0,0,0,36.16,0,0,0
2018,TWN,-7.5,-142.5,0,0,0,0,0,0,12.52,0,0,0
2018,TWN,-7.5,-137.5,0,0,0,0,0,0,24.54,0,0,0
2018,TWN,-7.5,-132.5,0,0,0,0,0,0,29.61,0,0,0
2018,TWN,-2.5,-147.5,0,0,0,0,0,0,7.1,0,0,0
2018,TWN,-2.5,-142.5,0,0,0,0,0,0,0.24,0,0,0
2018,TWN,2.5,-142.5,0,0,0,0,0,0,0.53,0,0,0
2018,TWN,7.5,-142.5,0,0,0,0,0,0,0.14,0,0,0
2018,USA,17.5,-147.5,0,0,0,0,0,0,0,0,0,0
2018,USA,22.5,-147.5,0,0,0,0,0,0,0,0,0,0
2018,USA,22.5,-142.5,0,0,0,0,0,0,0,0,0,0
2018,USA,22.5,-137.5,0,0,0,0,0,0,0,0,0,0
2018,USA,27.5,-147.5,0,0,0,0,0,0,0,0,0,0
2018,USA,27.5,-142.5,0,0,0,0,0,0,0,0,0,0
2018,USA,27.5,-137.5,0,0,0,0,0,0,0,0,0,0
2018,VUT,-7.5,-147.5,0,0,0,0,0,0,0,0,0,0
2018,VUT,-7.5,-122.5,0,0,0,0,0,0,0,0,0,0
2018,VUT,-7.5,-117.5,0,0,0,0,0,0,0,0,0,0
2018,VUT,-2.5,-147.5,0,0,0,0,0,0,0,0,0,0
2018,CHN,-32.5,-147.5,0,0,0,0,0,0,0,0,0,0
2018,CHN,-32.5,-142.5,0,0,0,0,0,0,0,0,0,0
2018,CHN,-32.5,-137.5,0,0,0,0,0,0,0,0,0,0
2018,CHN,-32.5,-132.5,0,0,0,0,0,0,0,0,0,0
2018,CHN,-27.5,-137.5,0,0,0,0,0,0,0,0,0,0
2018,CHN,-12.5,-147.5,0,0,0,0,0,0,0,0,0,0
2018,CHN,-12.5,-142.5,0,0,0,0,0,0,0,0,0,0
2018,CHN,-12.5,-132.5,0,0,0,0,0,0,0,0,0,0
2018,CHN,-7.5,-147.5,0,0,0,0,0,0,0,0,0,0
2018,CHN,-7.5,-142.5,0,0,0,0,0,0,0,0,0,0
2018,CHN,-7.5,-137.5,0,0,0,0,0,0,0,0,0,0
2018,CHN,-7.5,-132.5,0,0,0,0,0,0,0,0,0,0
2018,CHN,-7.5,-127.5,0,0,0,0,0,0,0,0,0,0
2018,CHN,-7.5,-122.5,0,0,0,0,0,0,0,0,0,0
2018,CHN,-2.5,-147.5,0,0,0,0,0,0,0,0,0,0
2018,CHN,-2.5,-142.5,0,0,0,0,0,0,0,0,0,0
2018,CHN,-2.5,-137.5,0,0,0,0,0,0,0,0,0,0
2018,CHN,-2.5,-132.5,0,0,0,0,0,0,0,0,0,0
2018,CHN,-2.5,-127.5,0,0,0,0,0,0,0,0,0,0
2018,CHN,-2.5,-122.5,0,0,0,0,0,0,0,0,0,0
2018,CHN,-2.5,-112.5,0,0,0,0,0,0,0,0,0,0
2018,CHN,-2.5,-107.5,0,0,0,0,0,0,0,0,0,0
2018,CHN,-2.5,-102.5,0,0,0,0,0,0,0,0,0,0
2018,CHN,2.5,-147.5,0,0,0,0,0,0,0,0,0,0
2018,CHN,2.5,-142.5,0,0,0,0,0,0,0,0,0,0
2018,CHN,2.5,-137.5,0,0,0,0,0,0,0,0,0,0
2018,CHN,2.5,-132.5,0,0,0,0,0,0,0,0,0,0
2018,CHN,2.5,-127.5,0,0,0,0,0,0,0,0,0,0
2018,CHN,2.5,-122.5,0,0,0,0,0,0,0,0,0,0
2018,CHN,2.5,-112.5,0,0,0,0,0,0,0,0,0,0
2018,CHN,2.5,-107.5,0,0,0,0,0,0,0,0,0,0
2018,CHN,2.5,-102.5,0,0,0,0,0,0,0,0,0,0
2018,CHN,7.5,-142.5,0,0,0,0,0,0,0,0,0,0
2018,CHN,7.5,-137.5,0,0,0,0,0,0,0,0,0,0
2018,CHN,7.5,-132.5,0,0,0,0,0,0,0,0,0,0
2018,CHN,7.5,-127.5,0,0,0,0,0,0,0,0,0,0
2018,CHN,7.5,-122.5,0,0,0,0,0,0,0,0,0,0
2018,CHN,7.5,-112.5,0,0,0,0,0,0,0,0,0,0
2018,CHN,7.5,-107.5,0,0,0,0,0,0,0,0,0,0
2018,CHN,7.5,-102.5,0,0,0,0,0,0,0,0,0,0
2018,CHN,12.5,-142.5,0,0,0,0,0,0,0,0,0,0
2018,CHN,12.5,-137.5,0,0,0,0,0,0,0,0,0,0
2018,CHN,12.5,-132.5,0,0,0,0,0,0,0,0,0,0
2018,CHN,12.5,-127.5,0,0,0,0,0,0,0,0,0,0
2018,CHN,12.5,-122.5,0,0,0,0,0,0,0,0,0,0
2018,CHN,12.5,-117.5,0,0,0,0,0,0,0,0,0,0
2018,CHN,12.5,-112.5,0,0,0,0,0,0,0,0,0,0
2018,JPN,-32.5,-82.5,0,0,0,0,0,0,0,0,0,0
2018,JPN,-27.5,-87.5,0,0,0,0,0,0,0,0,0,0
2018,JPN,-27.5,-82.5,0,0,0,0,0,0,0,0,0,0
2018,JPN,-22.5,-87.5,0,0,0,0,0,0,0,0,0,0
2018,JPN,-22.5,-82.5,0,0,0,0,0,0,0,0,0,0
2018,JPN,-22.5,-77.5,0,0,0,0,0,0,0,0,0,0
2018,JPN,-17.5,-132.5,0,0,0,0,0,0,0,0,0,0
2018,JPN,-17.5,-117.5,0,0,0,0,0,0,0,0,0,0
2018,JPN,-17.5,-112.5,0,0,0,0,0,0,0,0,0,0
2018,JPN,-17.5,-102.5,0,0,0,0,0,0,0,0,0,0
2018,JPN,-17.5,-87.5,0,0,0,0,0,0,0,0,0,0
2018,JPN,-17.5,-82.5,0,0,0,0,0,0,0,0,0,0
2018,JPN,-12.5,-142.5,0,0,0,0,0,0,0,0,0,0
2018,JPN,-12.5,-132.5,0,0,0,0,0,0,0,0,0,0
2018,JPN,-12.5,-97.5,0,0,0,0,0,0,0,0,0,0
2018,JPN,-12.5,-92.5,0,0,0,0,0,0,0,0,0,0
2018,JPN,-7.5,-132.5,0,0,0,0,0,0,0,0,0,0
2018,JPN,-7.5,-127.5,0,0,0,0,0,0,0,0,0,0
2018,JPN,2.5,-127.5,0,0,0,0,0,0,0,0,0,0
2018,KOR,-2.5,-147.5,0,0,0.72,0,0,0,0,0,0.51,0.12
2018,KOR,-2.5,-142.5,0,0,0.13,0,0,0,0,0,0.1,0.06
2018,KOR,-2.5,-137.5,0,0,1.04,0,0,0,0,0,0,0.26
2018,KOR,2.5,-147.5,0,0,5.95,0,0,0,0,0,0.02,0.94
2018,KOR,2.5,-142.5,0,0,0.6,0,0,0,0,0,0.18,0.1
2018,KOR,2.5,-137.5,0,0,0.16,0,0,0,0,0,0,0
2018,KOR,7.5,-147.5,0,0,0.33,0,0,0,0,0,0,0.05
2018,KOR,7.5,-142.5,0,0,0.03,0,0,0,0,0,0,0
2018,PAN,-22.5,-92.5,4.54,0,0,0,0,0,0,0,0,0
2018,PAN,-17.5,-107.5,1.14,0,0,0,0,0,0,0,0,0
2018,PAN,-17.5,-102.5,2.38,0,0,0,0,0,0,0,0,0
2018,PAN,-17.5,-97.5,8.78,0,0,0,0,0,0,0,0,0
2018,PAN,-17.5,-92.5,14.92,0,0,0,0,0,0,0,0,0
2018,PAN,-12.5,-97.5,1.07,0,0,0,0,0,0,0,0,0
2018,PAN,-12.5,-92.5,0.1,0,0,0,0,0,0,0,0,0
2018,TWN,-37.5,-147.5,0,0,0,0,0,0,1.95,0,0,0
2018,TWN,-12.5,-147.5,0,0,0,0,0,0,1.98,0,0,0
2018,TWN,-12.5,-142.5,0,0,0,0,0,0,0.23,0,0,0
2018,TWN,-12.5,-137.5,0,0,0,0,0,0,6.35,0,0,0
2018,TWN,-12.5,-132.5,0,0,0,0,0,0,30.72,0,0,0
2018,TWN,-12.5,-127.5,0,0,0,0,0,0,10.43,0,0,0
2018,TWN,-7.5,-147.5,0,0,0,0,0,0,33.6,0,0,0
2018,TWN,-7.5,-142.5,0,0,0,0,0,0,6.79,0,0,0
2018,TWN,-7.5,-137.5,0,0,0,0,0,0,19.91,0,0,0
2018,TWN,-7.5,-132.5,0,0,0,0,0,0,38.03,0,0,0
2018,TWN,-2.5,-147.5,0,0,0,0,0,0,0.98,0,0,0
2018,TWN,-2.5,-142.5,0,0,0,0,0,0,0.29,0,0,0
2018,TWN,2.5,-142.5,0,0,0,0,0,0,1.16,0,0,0
2018,USA,22.5,-147.5,0,0,0,0,0,0,0,0,0,0
2018,USA,22.5,-142.5,0,0,0,0,0,0,0,0,0,0
2018,USA,22.5,-137.5,0,0,0,0,0,0,0,0,0,0
2018,USA,27.5,-147.5,0,0,0,0,0,0,0,0,0,0
2018,USA,27.5,-142.5,0,0,0,0,0,0,0,0,0,0
2018,USA,27.5,-137.5,0,0,0,0,0,0,0,0,0,0
2018,USA,27.5,-132.5,0,0,0,0,0,0,0,0,0,0
2018,USA,32.5,-147.5,0,0,0,0,0,0,0,0,0,0
2018,USA,32.5,-142.5,0,0,0,0,0,0,0,0,0,0
2018,USA,32.5,-137.5,0,0,0,0,0,0,0,0,0,0
2018,VUT,-12.5,-147.5,0,0,0,0,0,0,0,0,0,0
2018,VUT,-12.5,-142.5,0,0,0,0,0,0,0,0,0,0
2018,VUT,-12.5,-122.5,0,0,0,0,0,0,0,0,0,0
2018,VUT,-12.5,-117.5,0,0,0,0,0,0,0,0,0,0
2018,VUT,-7.5,-147.5,0,0,0,0,0,0,0,0,0,0
2018,VUT,-7.5,-142.5,0,0,0,0,0,0,0,0,0,0
2018,VUT,-7.5,-132.5,0,0,0,0,0,0,0,0,0,0
2018,VUT,-7.5,-122.5,0,0,0,0,0,0,0,0,0,0
2018,VUT,-7.5,-117.5,0,0,0,0,0,0,0,0,0,0
2018,VUT,-7.5,-112.5,0,0,0,0,0,0,0,0,0,0
2018,VUT,-2.5,-142.5,0,0,0,0,0,0,0,0,0,0
2018,VUT,2.5,-117.5,0,0,0,0,0,0,0,0,0,0
2018,VUT,2.5,-112.5,0,0,0,0,0,0,0,0,0,0
2018,VUT,7.5,-117.5,0,0,0,0,0,0,0,0,0,0
2018,VUT,7.5,-112.5,0,0,0,0,0,0,0,0,0,0
2018,VUT,12.5,-147.5,0,0,0,0,0,0,0,0,0,0
2018,VUT,12.5,-142.5,0,0,0,0,0,0,0,0,0,0
2018,VUT,17.5,-147.5,0,0,0,0,0,0,0,0,0,0
2018,VUT,17.5,-142.5,0,0,0,0,0,0,0,0,0,0
2018,VUT,22.5,-147.5,0,0,0,0,0,0,0,0,0,0
2018,CHN,-17.5,-132.5,0,0,0,0,0,0,0,0,0,0
2018,CHN,-12.5,-147.5,0,0,0,0,0,0,0,0,0,0
2018,CHN,-12.5,-142.5,0,0,0,0,0,0,0,0,0,0
2018,CHN,-12.5,-132.5,0,0,0,0,0,0,0,0,0,0
2018,CHN,-7.5,-147.5,0,0,0,0,0,0,0,0,0,0
2018,CHN,-7.5,-142.5,0,0,0,0,0,0,0,0,0,0
2018,CHN,-7.5,-137.5,0,0,0,0,0,0,0,0,0,0
2018,CHN,-7.5,-132.5,0,0,0,0,0,0,0,0,0,0
2018,CHN,-7.5,-127.5,0,0,0,0,0,0,0,0,0,0
2018,CHN,-7.5,-122.5,0,0,0,0,0,0,0,0,0,0
2018,CHN,-2.5,-147.5,0,0,0,0,0,0,0,0,0,0
2018,CHN,-2.5,-142.5,0,0,0,0,0,0,0,0,0,0
2018,CHN,-2.5,-137.5,0,0,0,0,0,0,0,0,0,0
2018,CHN,-2.5,-132.5,0,0,0,0,0,0,0,0,0,0
2018,CHN,-2.5,-127.5,0,0,0,0,0,0,0,0,0,0
2018,CHN,-2.5,-122.5,0,0,0,0,0,0,0,0,0,0
2018,CHN,-2.5,-117.5,0,0,0,0,0,0,0,0,0,0
2018,CHN,-2.5,-112.5,0,0,0,0,0,0,0,0,0,0
2018,CHN,-2.5,-107.5,0,0,0,0,0,0,0,0,0,0
2018,CHN,-2.5,-102.5,0,0,0,0,0,0,0,0,0,0
2018,CHN,2.5,-147.5,0,0,0,0,0,0,0,0,0,0
2018,CHN,2.5,-142.5,0,0,0,0,0,0,0,0,0,0
2018,CHN,2.5,-137.5,0,0,0,0,0,0,0,0,0,0
2018,CHN,2.5,-132.5,0,0,0,0,0,0,0,0,0,0
2018,CHN,2.5,-127.5,0,0,0,0,0,0,0,0,0,0
2018,CHN,2.5,-122.5,0,0,0,0,0,0,0,0,0,0
2018,CHN,2.5,-117.5,0,0,0,0,0,0,0,0,0,0
2018,CHN,2.5,-112.5,0,0,0,0,0,0,0,0,0,0
2018,CHN,2.5,-107.5,0,0,0,0,0,0,0,0,0,0
2018,CHN,2.5,-102.5,0,0,0,0,0,0,0,0,0,0
2018,CHN,7.5,-142.5,0,0,0,0,0,0,0,0,0,0
2018,CHN,7.5,-137.5,0,0,0,0,0,0,0,0,0,0
2018,CHN,7.5,-132.5,0,0,0,0,0,0,0,0,0,0
2018,CHN,7.5,-127.5,0,0,0,0,0,0,0,0,0,0
2018,CHN,7.5,-122.5,0,0,0,0,0,0,0,0,0,0
2018,CHN,7.5,-112.5,0,0,0,0,0,0,0,0,0,0
2018,CHN,7.5,-107.5,0,0,0,0,0,0,0,0,0,0
2018,CHN,7.5,-102.5,0,0,0,0,0,0,0,0,0,0
2018,CHN,12.5,-137.5,0,0,0,0,0,0,0,0,0,0
2018,CHN,12.5,-132.5,0,0,0,0,0,0,0,0,0,0
2018,CHN,12.5,-127.5,0,0,0,0,0,0,0,0,0,0
2018,CHN,12.5,-122.5,0,0,0,0,0,0,0,0,0,0
2018,CHN,12.5,-112.5,0,0,0,0,0,0,0,0,0,0
2018,CHN,12.5,-107.5,0,0,0,0,0,0,0,0,0,0
2018,CHN,12.5,-102.5,0,0,0,0,0,0,0,0,0,0
2018,JPN,-27.5,-87.5,0,0,0,0,0,0,0,0,0,0
2018,JPN,-22.5,-87.5,0,0,0,0,0,0,0,0,0,0
2018,JPN,-22.5,-82.5,0,0,0,0,0,0,0,0,0,0
2018,JPN,-22.5,-77.5,0,0,0,0,0,0,0,0,0,0
2018,JPN,-17.5,-117.5,0,0,0,0,0,0,0,0,0,0
2018,JPN,-17.5,-112.5,0,0,0,0,0,0,0,0,0,0
2018,JPN,-17.5,-92.5,0,0,0,0,0,0,0,0,0,0
2018,JPN,-17.5,-87.5,0,0,0,0,0,0,0,0,0,0
2018,JPN,-17.5,-82.5,0,0,0,0,0,0,0,0,0,0
2018,JPN,-12.5,-147.5,0,0,0,0,0,0,0,0,0,0
2018,JPN,-12.5,-142.5,0,0,0,0,0,0,0,0,0,0
2018,JPN,-12.5,-137.5,0,0,0,0,0,0,0,0,0,0
2018,JPN,-12.5,-132.5,0,0,0,0,0,0,0,0,0,0
2018,JPN,-12.5,-127.5,0,0,0,0,0,0,0,0,0,0
2018,JPN,-12.5,-92.5,0,0,0,0,0,0,0,0,0,0
2018,JPN,-7.5,-142.5,0,0,0,0,0,0,0,0,0,0
2018,JPN,-7.5,-132.5,0,0,0,0,0,0,0,0,0,0
2018,JPN,-7.5,-127.5,0,0,0,0,0,0,0,0,0,0
2018,KOR,-2.5,-147.5,0,0,0.13,0,0,0,0,0,0,0.03
2018,KOR,-2.5,-142.5,0,0,0.17,0,0,0,0,0,0,0
2018,KOR,-2.5,-137.5,0,0,0.02,0,0,0,0,0,0.04,0
2018,KOR,2.5,-147.5,0,0,0.54,0,0,0,0,0,0,0.19
2018,KOR,2.5,-142.5,0,0,0.5,0,0,0,0,0,0.01,0.08
2018,KOR,2.5,-137.5,0,0,1.06,0,0,0,0,0,0.26,0
2018,KOR,7.5,-147.5,0,0,0.47,0,0,0,0,0,0,0.06
2018,KOR,7.5,-142.5,0,0,0.78,0,0,0,0,0,0,0.53
2018,KOR,7.5,-137.5,0,0,2.25,0,0,0,0,0,0.52,0.48
2018,KOR,7.5,-132.5,0,0,0.8,0,0,0,0,0,0.27,0.2
2018,PAN,-22.5,-97.5,0.69,0,0,0,0,0,0,0,0,0
2018,PAN,-22.5,-92.5,25.3,0,0,0,0,0,0,0,0,0
2018,PAN,-22.5,-87.5,19.14,0,0,0,0,0,0,0,0,0
2018,PAN,-17.5,-92.5,15.28,0,0,0,0,0,0,0,0,0
2018,PAN,-17.5,-87.5,5.63,0,0,0,0,0,0,0,0,0
2018,PAN,2.5,-97.5,0.11,0,0,0,0,0,0,0,0,0
2018,PAN,7.5,-102.5,0.53,0,0,0,0,0,0,0,0,0
2018,PAN,7.5,-97.5,0.49,0,0,0,0,0,0,0,0,0
2018,PAN,7.5,-92.5,0.14,0,0,0,0,0,0,0,0,0
2018,PAN,12.5,-102.5,0.83,0,0,0,0,0,0,0,0,0
2018,PAN,12.5,-97.5,0.46,0,0,0,0,0,0,0,0,0
2018,TWN,-32.5,-147.5,0,0,0,0,0,0,6.17,0,0,0
2018,TWN,-32.5,-142.5,0,0,0,0,0,0,2.94,0,0,0
2018,TWN,-32.5,-137.5,0,0,0,0,0,0,0.71,0,0,0
2018,TWN,-17.5,-132.5,0,0,0,0,0,0,1.11,0,0,0
2018,TWN,-12.5,-147.5,0,0,0,0,0,0,2.54,0,0,0
2018,TWN,-12.5,-132.5,0,0,0,0,0,0,52.25,0,0,0
2018,TWN,-12.5,-127.5,0,0,0,0,0,0,37.29,0,0,0
2018,TWN,-7.5,-147.5,0,0,0,0,0,0,38.31,0,0,0
2018,TWN,-7.5,-142.5,0,0,0,0,0,0,6.67,0,0,0
2018,TWN,-7.5,-137.5,0,0,0,0,0,0,9.08,0,0,0
2018,TWN,-7.5,-132.5,0,0,0,0,0,0,24.33,0,0,0
2018,TWN,-7.5,-127.5,0,0,0,0,0,0,4.84,0,0,0
2018,TWN,-2.5,-147.5,0,0,0,0,0,0,8.7,0,0,0
2018,TWN,-2.5,-137.5,0,0,0,0,0,0,0.54,0,0,0
2018,TWN,2.5,-137.5,0,0,0,0,0,0,0.04,0,0,0
2018,USA,22.5,-147.5,0,0,0,0,0,0,0,0,0,0
2018,USA,22.5,-142.5,0,0,0,0,0,0,0,0,0,0
2018,USA,22.5,-137.5,0,0,0,0,0,0,0,0,0,0
2018,USA,22.5,-132.5,0,0,0,0,0,0,0,0,0,0
2018,USA,27.5,-147.5,0,0,0,0,0,0,0,0,0,0
2018,USA,27.5,-142.5,0,0,0,0,0,0,0,0,0,0
2018,USA,27.5,-137.5,0,0,0,0,0,0,0,0,0,0
2018,USA,27.5,-132.5,0,0,0,0,0,0,0,0,0,0
2018,USA,27.5,-127.5,0,0,0,0,0,0,0,0,0,0
2018,USA,32.5,-147.5,0,0,0,0,0,0,0,0,0,0
2018,USA,32.5,-142.5,0,0,0,0,0,0,0,0,0,0
2018,USA,32.5,-137.5,0,0,0,0,0,0,0,0,0,0
2018,USA,32.5,-132.5,0,0,0,0,0,0,0,0,0,0
2018,USA,37.5,-142.5,0,0,0,0,0,0,0,0,0,0
2018,VUT,-32.5,-147.5,0,0,0,0,0,0,0,0,0,0
2018,VUT,-32.5,-142.5,0,0,0,0,0,0,0,0,0,0
2018,VUT,-17.5,-132.5,0,0,0,0,0,0,0,0,0,0
2018,VUT,-17.5,-127.5,0,0,0,0,0,0,0,0,0,0
2018,VUT,-12.5,-147.5,0,0,0,0,0,0,0,0,0,0
2018,VUT,-12.5,-142.5,0,0,0,0,0,0,0,0,0,0
2018,VUT,-12.5,-132.5,0,0,0,0,0,0,0,0,0,0
2018,VUT,-12.5,-127.5,0,0,0,0,0,0,0,0,0,0
2018,VUT,-7.5,-147.5,0,0,0,0,0,0,0,0,0,0
2018,VUT,-7.5,-142.5,0,0,0,0,0,0,0,0,0,0
2018,VUT,-7.5,-132.5,0,0,0,0,0,0,0,0,0,0
2018,VUT,2.5,-122.5,0,0,0,0,0,0,0,0,0,0
2018,VUT,2.5,-117.5,0,0,0,0,0,0,0,0,0,0
2018,VUT,2.5,-112.5,0,0,0,0,0,0,0,0,0,0
2018,VUT,7.5,-117.5,0,0,0,0,0,0,0,0,0,0
2018,VUT,7.5,-112.5,0,0,0,0,0,0,0,0,0,0
2018,CHN,-12.5,-147.5,0,0,0,0,0,0,0,0,0,0
2018,CHN,-12.5,-142.5,0,0,0,0,0,0,0,0,0,0
2018,CHN,-12.5,-132.5,0,0,0,0,0,0,0,0,0,0
2018,CHN,-7.5,-147.5,0,0,0,0,0,0,0,0,0,0
2018,CHN,-7.5,-142.5,0,0,0,0,0,0,0,0,0,0
2018,CHN,-7.5,-137.5,0,0,0,0,0,0,0,0,0,0
2018,CHN,-7.5,-132.5,0,0,0,0,0,0,0,0,0,0
2018,CHN,-7.5,-127.5,0,0,0,0,0,0,0,0,0,0
2018,CHN,-7.5,-122.5,0,0,0,0,0,0,0,0,0,0
2018,CHN,-7.5,-117.5,0,0,0,0,0,0,0,0,0,0
2018,CHN,-7.5,-112.5,0,0,0,0,0,0,0,0,0,0
2018,CHN,-2.5,-147.5,0,0,0,0,0,0,0,0,0,0
2018,CHN,-2.5,-142.5,0,0,0,0,0,0,0,0,0,0
2018,CHN,-2.5,-137.5,0,0,0,0,0,0,0,0,0,0
2018,CHN,-2.5,-132.5,0,0,0,0,0,0,0,0,0,0
2018,CHN,-2.5,-127.5,0,0,0,0,0,0,0,0,0,0
2018,CHN,-2.5,-122.5,0,0,0,0,0,0,0,0,0,0
2018,CHN,-2.5,-117.5,0,0,0,0,0,0,0,0,0,0
2018,CHN,-2.5,-112.5,0,0,0,0,0,0,0,0,0,0
2018,CHN,-2.5,-107.5,0,0,0,0,0,0,0,0,0,0
2018,CHN,-2.5,-102.5,0,0,0,0,0,0,0,0,0,0
2018,CHN,2.5,-147.5,0,0,0,0,0,0,0,0,0,0
2018,CHN,2.5,-142.5,0,0,0,0,0,0,0,0,0,0
2018,CHN,2.5,-137.5,0,0,0,0,0,0,0,0,0,0
2018,CHN,2.5,-132.5,0,0,0,0,0,0,0,0,0,0
2018,CHN,2.5,-127.5,0,0,0,0,0,0,0,0,0,0
2018,CHN,2.5,-122.5,0,0,0,0,0,0,0,0,0,0
2018,CHN,2.5,-112.5,0,0,0,0,0,0,0,0,0,0
2018,CHN,2.5,-107.5,0,0,0,0,0,0,0,0,0,0
2018,CHN,7.5,-142.5,0,0,0,0,0,0,0,0,0,0
2018,CHN,7.5,-137.5,0,0,0,0,0,0,0,0,0,0
2018,CHN,7.5,-132.5,0,0,0,0,0,0,0,0,0,0
2018,CHN,7.5,-127.5,0,0,0,0,0,0,0,0,0,0
2018,CHN,7.5,-122.5,0,0,0,0,0,0,0,0,0,0
2018,CHN,7.5,-117.5,0,0,0,0,0,0,0,0,0,0
2018,CHN,7.5,-112.5,0,0,0,0,0,0,0,0,0,0
2018,CHN,7.5,-107.5,0,0,0,0,0,0,0,0,0,0
2018,CHN,7.5,-102.5,0,0,0,0,0,0,0,0,0,0
2018,CHN,12.5,-137.5,0,0,0,0,0,0,0,0,0,0
2018,CHN,12.5,-132.5,0,0,0,0,0,0,0,0,0,0
2018,CHN,12.5,-127.5,0,0,0,0,0,0,0,0,0,0
2018,CHN,12.5,-122.5,0,0,0,0,0,0,0,0,0,0
2018,CHN,12.5,-112.5,0,0,0,0,0,0,0,0,0,0
2018,CHN,12.5,-102.5,0,0,0,0,0,0,0,0,0,0
2018,JPN,-22.5,-82.5,0,0,0,0,0,0,0,0,0,0
2018,JPN,-17.5,-102.5,0,0,0,0,0,0,0,0,0,0
2018,JPN,-17.5,-97.5,0,0,0,0,0,0,0,0,0,0
2018,JPN,-17.5,-92.5,0,0,0,0,0,0,0,0,0,0
2018,JPN,-17.5,-87.5,0,0,0,0,0,0,0,0,0,0
2018,JPN,-12.5,-147.5,0,0,0,0,0,0,0,0,0,0
2018,JPN,-12.5,-142.5,0,0,0,0,0,0,0,0,0,0
2018,JPN,-12.5,-102.5,0,0,0,0,0,0,0,0,0,0
2018,JPN,-12.5,-97.5,0,0,0,0,0,0,0,0,0,0
2018,JPN,-12.5,-92.5,0,0,0,0,0,0,0,0,0,0
2018,JPN,-7.5,-142.5,0,0,0,0,0,0,0,0,0,0
2018,JPN,-7.5,-137.5,0,0,0,0,0,0,0,0,0,0
2018,JPN,-7.5,-132.5,0,0,0,0,0,0,0,0,0,0
2018,JPN,-2.5,-147.5,0,0,0,0,0,0,0,0,0,0
2018,JPN,-2.5,-142.5,0,0,0,0,0,0,0,0,0,0
2018,KOR,-2.5,-142.5,0,0,0.54,0,0,0,0,0,0,0.48
2018,KOR,-2.5,-137.5,0,0,2.69,0,0,0,0,0,0.34,0.24
2018,KOR,2.5,-147.5,0,0,0,0,0,0,1.62,0,0,0
2018,KOR,2.5,-142.5,0,0,0.15,0,0,0,0,0,0,0
2018,PAN,-22.5,-97.5,0.88,0,0,0,0,0,0,0,0,0
2018,PAN,-22.5,-92.5,39.75,0,0,0,0,0,0,0,0,0
2018,PAN,-22.5,-87.5,1.21,0,0,0,0,0,0,0,0,0
2018,PAN,-17.5,-92.5,21.91,0,0,0,0,0,0,0,0,0
2018,TWN,-32.5,-147.5,0,0,0,0,0,0,4.81,0,0,0
2018,TWN,-32.5,-142.5,0,0,0,0,0,0,11.77,0,0,0
2018,TWN,-32.5,-137.5,0,0,0,0,0,0,1.24,0,0,0
2018,TWN,-32.5,-132.5,0,0,0,0,0,0,6.83,0,0,0
2018,TWN,-32.5,-127.5,0,0,0,0,0,0,63.16,0,0,0
2018,TWN,-32.5,-122.5,0,0,0,0,0,0,29.7,0,0,0
2018,TWN,-17.5,-132.5,0,0,0,0,0,0,2.37,0,0,0
2018,TWN,-17.5,-127.5,0,0,0,0,0,0,1.34,0,0,0
2018,TWN,-12.5,-147.5,0,0,0,0,0,0,0.79,0,0,0
2018,TWN,-12.5,-142.5,0,0,0,0,0,0,1.52,0,0,0
2018,TWN,-12.5,-132.5,0,0,0,0,0,0,20.68,0,0,0
2018,TWN,-12.5,-127.5,0,0,0,0,0,0,6.01,0,0,0
2018,TWN,-7.5,-147.5,0,0,0,0,0,0,14.08,0,0,0
2018,TWN,-7.5,-142.5,0,0,0,0,0,0,2.01,0,0,0
2018,TWN,-7.5,-137.5,0,0,0,0,0,0,12.6,0,0,0
2018,TWN,-7.5,-132.5,0,0,0,0,0,0,23.26,0,0,0
2018,TWN,-7.5,-127.5,0,0,0,0,0,0,4.66,0,0,0
2018,TWN,-2.5,-147.5,0,0,0,0,0,0,4.23,0,0,0
2018,TWN,-2.5,-142.5,0,0,0,0,0,0,1.12,0,0,0
2018,TWN,-2.5,-137.5,0,0,0,0,0,0,2.74,0,0,0
2018,TWN,-2.5,-127.5,0,0,0,0,0,0,0.42,0,0,0
2018,USA,22.5,-147.5,0,0,0,0,0,0,0,0,0,0
2018,USA,22.5,-142.5,0,0,0,0,0,0,0,0,0,0
2018,USA,22.5,-137.5,0,0,0,0,0,0,0,0,0,0
2018,USA,22.5,-132.5,0,0,0,0,0,0,0,0,0,0
2018,USA,27.5,-147.5,0,0,0,0,0,0,0,0,0,0
2018,USA,27.5,-142.5,0,0,0,0,0,0,0,0,0,0
2018,USA,27.5,-137.5,0,0,0,0,0,0,0,0,0,0
2018,USA,27.5,-132.5,0,0,0,0,0,0,0,0,0,0
2018,USA,32.5,-147.5,0,0,0,0,0,0,0,0,0,0
2018,USA,32.5,-142.5,0,0,0,0,0,0,0,0,0,0
2018,USA,32.5,-137.5,0,0,0,0,0,0,0,0,0,0
2018,USA,32.5,-132.5,0,0,0,0,0,0,0,0,0,0
2018,VUT,-37.5,-147.5,0,0,0,0,0,0,0,0,0,0
2018,VUT,-37.5,-142.5,0,0,0,0,0,0,0,0,0,0
2018,VUT,-32.5,-147.5,0,0,0,0,0,0,0,0,0,0
2018,VUT,-32.5,-142.5,0,0,0,0,0,0,0,0,0,0
2018,VUT,-32.5,-137.5,0,0,0,0,0,0,0,0,0,0
2018,VUT,-32.5,-132.5,0,0,0,0,0,0,0,0,0,0
2018,VUT,-32.5,-127.5,0,0,0,0,0,0,0,0,0,0
2018,VUT,-32.5,-122.5,0,0,0,0,0,0,0,0,0,0
2018,VUT,-27.5,-147.5,0,0,0,0,0,0,0,0,0,0
2018,VUT,-27.5,-132.5,0,0,0,0,0,0,0,0,0,0
2018,VUT,-17.5,-132.5,0,0,0,0,0,0,0,0,0,0
2018,VUT,-17.5,-127.5,0,0,0,0,0,0,0,0,0,0
2018,VUT,-12.5,-147.5,0,0,0,0,0,0,0,0,0,0
2018,VUT,-12.5,-132.5,0,0,0,0,0,0,0,0,0,0
2018,VUT,-12.5,-97.5,0,0,0,0,0,0,0,0,0,0
2018,VUT,-12.5,-92.5,0,0,0,0,0,0,0,0,0,0
2018,VUT,-7.5,-147.5,0,0,0,0,0,0,0,0,0,0
2018,VUT,-7.5,-132.5,0,0,0,0,0,0,0,0,0,0
2018,VUT,-2.5,-147.5,0,0,0,0,0,0,0,0,0,0
2018,VUT,-2.5,-142.5,0,0,0,0,0,0,0,0,0,0
2018,CHN,-12.5,-147.5,0,0,0,0,0,0,0,0,0,0
2018,CHN,-12.5,-142.5,0,0,0,0,0,0,0,0,0,0
2018,CHN,-12.5,-127.5,0,0,0,0,0,0,0,0,0,0
2018,CHN,-12.5,-122.5,0,0,0,0,0,0,0,0,0,0
2018,CHN,-7.5,-147.5,0,0,0,0,0,0,0,0,0,0
2018,CHN,-7.5,-142.5,0,0,0,0,0,0,0,0,0,0
2018,CHN,-7.5,-137.5,0,0,0,0,0,0,0,0,0,0
2018,CHN,-7.5,-132.5,0,0,0,0,0,0,0,0,0,0
2018,CHN,-7.5,-127.5,0,0,0,0,0,0,0,0,0,0
2018,CHN,-7.5,-122.5,0,0,0,0,0,0,0,0,0,0
2018,CHN,-2.5,-147.5,0,0,0,0,0,0,0,0,0,0
2018,CHN,-2.5,-142.5,0,0,0,0,0,0,0,0,0,0
2018,CHN,-2.5,-137.5,0,0,0,0,0,0,0,0,0,0
2018,CHN,-2.5,-132.5,0,0,0,0,0,0,0,0,0,0
2018,CHN,-2.5,-127.5,0,0,0,0,0,0,0,0,0,0
2018,CHN,-2.5,-122.5,0,0,0,0,0,0,0,0,0,0
2018,CHN,-2.5,-117.5,0,0,0,0,0,0,0,0,0,0
2018,CHN,-2.5,-112.5,0,0,0,0,0,0,0,0,0,0
2018,CHN,-2.5,-107.5,0,0,0,0,0,0,0,0,0,0
2018,CHN,-2.5,-102.5,0,0,0,0,0,0,0,0,0,0
2018,CHN,2.5,-147.5,0,0,0,0,0,0,0,0,0,0
2018,CHN,2.5,-142.5,0,0,0,0,0,0,0,0,0,0
2018,CHN,2.5,-137.5,0,0,0,0,0,0,0,0,0,0
2018,CHN,2.5,-132.5,0,0,0,0,0,0,0,0,0,0
2018,CHN,2.5,-127.5,0,0,0,0,0,0,0,0,0,0
2018,CHN,2.5,-122.5,0,0,0,0,0,0,0,0,0,0
2018,CHN,2.5,-117.5,0,0,0,0,0,0,0,0,0,0
2018,CHN,2.5,-112.5,0,0,0,0,0,0,0,0,0,0
2018,CHN,2.5,-107.5,0,0,0,0,0,0,0,0,0,0
2018,CHN,2.5,-102.5,0,0,0,0,0,0,0,0,0,0
2018,CHN,7.5,-142.5,0,0,0,0,0,0,0,0,0,0
2018,CHN,7.5,-137.5,0,0,0,0,0,0,0,0,0,0
2018,CHN,7.5,-132.5,0,0,0,0,0,0,0,0,0,0
2018,CHN,7.5,-127.5,0,0,0,0,0,0,0,0,0,0
2018,CHN,7.5,-122.5,0,0,0,0,0,0,0,0,0,0
2018,CHN,7.5,-117.5,0,0,0,0,0,0,0,0,0,0
2018,CHN,7.5,-112.5,0,0,0,0,0,0,0,0,0,0
2018,CHN,7.5,-107.5,0,0,0,0,0,0,0,0,0,0
2018,CHN,7.5,-102.5,0,0,0,0,0,0,0,0,0,0
2018,CHN,12.5,-137.5,0,0,0,0,0,0,0,0,0,0
2018,CHN,12.5,-132.5,0,0,0,0,0,0,0,0,0,0
2018,CHN,12.5,-127.5,0,0,0,0,0,0,0,0,0,0
2018,CHN,12.5,-122.5,0,0,0,0,0,0,0,0,0,0
2018,JPN,-17.5,-92.5,0,0,0,0,0,0,0,0,0,0
2018,JPN,-17.5,-87.5,0,0,0,0,0,0,0,0,0,0
2018,JPN,-12.5,-117.5,0,0,0,0,0,0,0,0,0,0
2018,JPN,-12.5,-112.5,0,0,0,0,0,0,0,0,0,0
2018,JPN,-12.5,-107.5,0,0,0,0,0,0,0,0,0,0
2018,JPN,-12.5,-102.5,0,0,0,0,0,0,0,0,0,0
2018,JPN,-12.5,-97.5,0,0,0,0,0,0,0,0,0,0
2018,JPN,-12.5,-92.5,0,0,0,0,0,0,0,0,0,0
2018,JPN,-7.5,-132.5,0,0,0,0,0,0,0,0,0,0
2018,JPN,-7.5,-127.5,0,0,0,0,0,0,0,0,0,0
2018,JPN,-7.5,-122.5,0,0,0,0,0,0,0,0,0,0
2018,JPN,-2.5,-147.5,0,0,0,0,0,0,0,0,0,0
2018,JPN,-2.5,-142.5,0,0,0,0,0,0,0,0,0,0
2018,JPN,2.5,-147.5,0,0,0,0,0,0,0,0,0,0
2018,JPN,2.5,-142.5,0,0,0,0,0,0,0,0,0,0
2018,KOR,-12.5,-127.5,0,0,0.48,0.08,0,0,0,0,0.04,1.18
2018,KOR,-7.5,-127.5,0,0,0.7,0,0,0,0,0,0.03,0.96
2018,KOR,2.5,-147.5,0,0,0,0,0,0,0.6,0,0,0
2018,KOR,2.5,-142.5,0,0,0,0,0,0,0.06,0,0,0
2018,PAN,-27.5,-92.5,1.56,0,0,0,0,0,0,0,0,0
2018,PAN,-22.5,-97.5,1,0,0,0,0,0,0,0,0,0
2018,PAN,-22.5,-92.5,20.83,0,0,0,0,0,0,0,0,0
2018,PAN,-22.5,-87.5,0.1,0,0,0,0,0,0,0,0,0
2018,PAN,-17.5,-97.5,7.42,0,0,0,0,0,0,0,0,0
2018,PAN,-17.5,-92.5,13.98,0,0,0,0,0,0,0,0,0
2018,PAN,-17.5,-87.5,0.38,0,0,0,0,0,0,0,0,0
2018,PAN,-12.5,-92.5,1.48,0,0,0,0,0,0,0,0,0
2018,TWN,-32.5,-127.5,0,0,0,0,0,0,1.31,0,0,0
2018,TWN,-32.5,-122.5,0,0,0,0,0,0,6.25,0,0,0
2018,TWN,-22.5,-127.5,0,0,0,0,0,0,0.4,0,0,0
2018,TWN,-12.5,-147.5,0,0,0,0,0,0,6.61,0,0,0
2018,TWN,-12.5,-142.5,0,0,0,0,0,0,2.68,0,0,0
2018,TWN,-12.5,-132.5,0,0,0,0,0,0,28.12,0,0,0
2018,TWN,-12.5,-127.5,0,0,0,0,0,0,24.76,0,0,0
2018,TWN,-12.5,-122.5,0,0,0,0,0,0,2.33,0,0,0
2018,TWN,-7.5,-147.5,0,0,0,0,0,0,8.19,0,0,0
2018,TWN,-7.5,-142.5,0,0,0,0,0,0,1.9,0,0,0
2018,TWN,-7.5,-137.5,0,0,0,0,0,0,1.31,0,0,0
2018,TWN,-7.5,-132.5,0,0,0,0,0,0,7.93,0,0,0
2018,TWN,-7.5,-127.5,0,0,0,0,0,0,4.96,0,0,0
2018,TWN,-2.5,-147.5,0,0,0,0,0,0,4.66,0,0,0
2018,TWN,-2.5,-142.5,0,0,0,0,0,0,1.57,0,0,0
2018,TWN,-2.5,-137.5,0,0,0,0,0,0,10.36,0,0,0
2018,TWN,-2.5,-132.5,0,0,0,0,0,0,9.94,0,0,0
2018,TWN,2.5,-147.5,0,0,0,0,0,0,1.99,0,0,0
2018,TWN,2.5,-142.5,0,0,0,0,0,0,0.16,0,0,0
2018,TWN,7.5,-147.5,0,0,0,0,0,0,9.01,0,0,0
2018,TWN,32.5,-147.5,0,0,0,0,0,0,0.29,0,0,0
2018,TWN,37.5,-147.5,0,0,0,0,0,0,1.56,0,0,0
2018,USA,17.5,-147.5,0,0,0,0,0,0,0,0,0,0
2018,USA,22.5,-147.5,0,0,0,0,0,0,0,0,0,0
2018,USA,22.5,-142.5,0,0,0,0,0,0,0,0,0,0
2018,USA,22.5,-137.5,0,0,0,0,0,0,0,0,0,0
2018,USA,22.5,-132.5,0,0,0,0,0,0,0,0,0,0
2018,USA,27.5,-147.5,0,0,0,0,0,0,0,0,0,0
2018,USA,27.5,-142.5,0,0,0,0,0,0,0,0,0,0
2018,USA,27.5,-132.5,0,0,0,0,0,0,0,0,0,0
2018,USA,27.5,-127.5,0,0,0,0,0,0,0,0,0,0
2018,VUT,-32.5,-147.5,0,0,0,0,0,0,0,0,0,0
2018,VUT,-32.5,-127.5,0,0,0,0,0,0,0,0,0,0
2018,VUT,-32.5,-122.5,0,0,0,0,0,0,0,0,0,0
2018,VUT,-27.5,-147.5,0,0,0,0,0,0,0,0,0,0
2018,VUT,-27.5,-127.5,0,0,0,0,0,0,0,0,0,0
2018,VUT,-27.5,-122.5,0,0,0,0,0,0,0,0,0,0
2018,VUT,-12.5,-132.5,0,0,0,0,0,0,0,0,0,0
2018,VUT,-12.5,-127.5,0,0,0,0,0,0,0,0,0,0
2018,VUT,-12.5,-97.5,0,0,0,0,0,0,0,0,0,0
2018,VUT,-12.5,-92.5,0,0,0,0,0,0,0,0,0,0
2018,VUT,-7.5,-147.5,0,0,0,0,0,0,0,0,0,0
2018,VUT,-7.5,-132.5,0,0,0,0,0,0,0,0,0,0
2018,VUT,-7.5,-97.5,0,0,0,0,0,0,0,0,0,0
2018,VUT,-2.5,-147.5,0,0,0,0,0,0,0,0,0,0
2018,VUT,-2.5,-137.5,0,0,0,0,0,0,0,0,0,0
2018,VUT,-2.5,-132.5,0,0,0,0,0,0,0,0,0,0
2018,VUT,2.5,-147.5,0,0,0,0,0,0,0,0,0,0
2018,VUT,32.5,-147.5,0,0,0,0,0,0,0,0,0,0
2018,VUT,37.5,-147.5,0,0,0,0,0,0,0,0,0,0
2018,CHN,-12.5,-147.5,0,0,0,0,0,0,0,0,0,0
2018,CHN,-12.5,-127.5,0,0,0,0,0,0,0,0,0,0
2018,CHN,-12.5,-122.5,0,0,0,0,0,0,0,0,0,0
2018,CHN,-7.5,-147.5,0,0,0,0,0,0,0,0,0,0
2018,CHN,-7.5,-142.5,0,0,0,0,0,0,0,0,0,0
2018,CHN,-7.5,-137.5,0,0,0,0,0,0,0,0,0,0
2018,CHN,-7.5,-132.5,0,0,0,0,0,0,0,0,0,0
2018,CHN,-7.5,-127.5,0,0,0,0,0,0,0,0,0,0
2018,CHN,-7.5,-122.5,0,0,0,0,0,0,0,0,0,0
2018,CHN,-2.5,-147.5,0,0,0,0,0,0,0,0,0,0
2018,CHN,-2.5,-142.5,0,0,0,0,0,0,0,0,0,0
2018,CHN,-2.5,-137.5,0,0,0,0,0,0,0,0,0,0
2018,CHN,-2.5,-132.5,0,0,0,0,0,0,0,0,0,0
2018,CHN,-2.5,-127.5,0,0,0,0,0,0,0,0,0,0
2018,CHN,-2.5,-122.5,0,0,0,0,0,0,0,0,0,0
2018,CHN,-2.5,-112.5,0,0,0,0,0,0,0,0,0,0
2018,CHN,-2.5,-107.5,0,0,0,0,0,0,0,0,0,0
2018,CHN,-2.5,-102.5,0,0,0,0,0,0,0,0,0,0
2018,CHN,-2.5,-97.5,0,0,0,0,0,0,0,0,0,0
2018,CHN,2.5,-142.5,0,0,0,0,0,0,0,0,0,0
2018,CHN,2.5,-137.5,0,0,0,0,0,0,0,0,0,0
2018,CHN,2.5,-132.5,0,0,0,0,0,0,0,0,0,0
2018,CHN,2.5,-127.5,0,0,0,0,0,0,0,0,0,0
2018,CHN,2.5,-122.5,0,0,0,0,0,0,0,0,0,0
2018,CHN,2.5,-112.5,0,0,0,0,0,0,0,0,0,0
2018,CHN,2.5,-107.5,0,0,0,0,0,0,0,0,0,0
2018,CHN,2.5,-102.5,0,0,0,0,0,0,0,0,0,0
2018,CHN,7.5,-142.5,0,0,0,0,0,0,0,0,0,0
2018,CHN,7.5,-137.5,0,0,0,0,0,0,0,0,0,0
2018,CHN,7.5,-132.5,0,0,0,0,0,0,0,0,0,0
2018,CHN,7.5,-127.5,0,0,0,0,0,0,0,0,0,0
2018,CHN,7.5,-122.5,0,0,0,0,0,0,0,0,0,0
2018,CHN,7.5,-112.5,0,0,0,0,0,0,0,0,0,0
2018,CHN,7.5,-107.5,0,0,0,0,0,0,0,0,0,0
2018,CHN,7.5,-102.5,0,0,0,0,0,0,0,0,0,0
2018,CHN,12.5,-137.5,0,0,0,0,0,0,0,0,0,0
2018,CHN,12.5,-132.5,0,0,0,0,0,0,0,0,0,0
2018,CHN,12.5,-127.5,0,0,0,0,0,0,0,0,0,0
2018,CHN,12.5,-122.5,0,0,0,0,0,0,0,0,0,0
2018,CHN,12.5,-117.5,0,0,0,0,0,0,0,0,0,0
2018,CHN,12.5,-107.5,0,0,0,0,0,0,0,0,0,0
2018,JPN,-17.5,-117.5,0,0,0,0,0,0,0,0,0,0
2018,JPN,-12.5,-122.5,0,0,0,0,0,0,0,0,0,0
2018,JPN,-12.5,-117.5,0,0,0,0,0,0,0,0,0,0
2018,JPN,-12.5,-112.5,0,0,0,0,0,0,0,0,0,0
2018,JPN,-12.5,-107.5,0,0,0,0,0,0,0,0,0,0
2018,JPN,-12.5,-102.5,0,0,0,0,0,0,0,0,0,0
2018,JPN,-12.5,-97.5,0,0,0,0,0,0,0,0,0,0
2018,JPN,-7.5,-127.5,0,0,0,0,0,0,0,0,0,0
2018,JPN,-7.5,-122.5,0,0,0,0,0,0,0,0,0,0
2018,JPN,-7.5,-117.5,0,0,0,0,0,0,0,0,0,0
2018,JPN,-7.5,-112.5,0,0,0,0,0,0,0,0,0,0
2018,JPN,-2.5,-147.5,0,0,0,0,0,0,0,0,0,0
2018,JPN,-2.5,-142.5,0,0,0,0,0,0,0,0,0,0
2018,KOR,-12.5,-127.5,0,0,0.59,0.11,0,0,0,0,0.78,0.95
2018,KOR,-7.5,-127.5,0,0,0.71,0.18,0,0,0,0,0.24,0.82
2018,KOR,2.5,-147.5,0,0,0,0,0,0,0.19,0,0,0
2018,PAN,-22.5,-97.5,0.99,0,0,0,0,0,0,0,0,0
2018,PAN,-22.5,-92.5,0.24,0,0,0,0,0,0,0,0,0
2018,PAN,-17.5,-107.5,7.11,0,0,0,0,0,0,0,0,0
2018,PAN,-17.5,-102.5,17.72,0,0,0,0,0,0,0,0,0
2018,PAN,-17.5,-97.5,5.88,0,0,0,0,0,0,0,0,0
2018,PAN,-17.5,-92.5,0.87,0,0,0,0,0,0,0,0,0
2018,PAN,-12.5,-117.5,0.76,0,0,0,0,0,0,0,0,0
2018,PAN,-12.5,-112.5,1.47,0,0,0,0,0,0,0,0,0
2018,PAN,-12.5,-107.5,0.41,0,0,0,0,0,0,0,0,0
2018,PAN,-12.5,-92.5,0.82,0,0,0,0,0,0,0,0,0
2018,PAN,-7.5,-117.5,0.7,0,0,0,0,0,0,0,0,0
2018,PAN,-7.5,-112.5,0.45,0,0,0,0,0,0,0,0,0
2018,PAN,-2.5,-107.5,0.08,0,0,0,0,0,0,0,0,0
2018,PAN,-2.5,-97.5,0.23,0,0,0,0,0,0,0,0,0
2018,PAN,2.5,-107.5,0.4,0,0,0,0,0,0,0,0,0
2018,PAN,7.5,-102.5,0.11,0,0,0,0,0,0,0,0,0
2018,PAN,7.5,-92.5,0.6,0,0,0,0,0,0,0,0,0
2018,PAN,12.5,-102.5,0.14,0,0,0,0,0,0,0,0,0
2018,PAN,12.5,-97.5,0.68,0,0,0,0,0,0,0,0,0
2018,TWN,-12.5,-147.5,0,0,0,0,0,0,5.07,0,0,0
2018,TWN,-12.5,-142.5,0,0,0,0,0,0,4.37,0,0,0
2018,TWN,-12.5,-137.5,0,0,0,0,0,0,0.28,0,0,0
2018,TWN,-12.5,-132.5,0,0,0,0,0,0,3.25,0,0,0
2018,TWN,-12.5,-127.5,0,0,0,0,0,0,5.28,0,0,0
2018,TWN,-12.5,-122.5,0,0,0,0,0,0,0.08,0,0,0
2018,TWN,-7.5,-147.5,0,0,0,0,0,0,9.82,0,0,0
2018,TWN,-7.5,-137.5,0,0,0,0,0,0,1.79,0,0,0
2018,TWN,-7.5,-132.5,0,0,0,0,0,0,4.83,0,0,0
2018,TWN,-7.5,-127.5,0,0,0,0,0,0,1.22,0,0,0
2018,TWN,-2.5,-147.5,0,0,0,0,0,0,7,0,0,0
2018,TWN,-2.5,-142.5,0,0,0,0,0,0,4.27,0,0,0
2018,TWN,-2.5,-137.5,0,0,0,0,0,0,10.22,0,0,0
2018,TWN,-2.5,-132.5,0,0,0,0,0,0,4.38,0,0,0
2018,TWN,-2.5,-127.5,0,0,0,0,0,0,2.5,0,0,0
2018,TWN,2.5,-147.5,0,0,0,0,0,0,1.19,0,0,0
2018,TWN,32.5,-147.5,0,0,0,0,0,0,0.91,0,0,0
2018,TWN,37.5,-147.5,0,0,0,0,0,0,1.49,0,0,0
2018,USA,17.5,-147.5,0,0,0,0,0,0,0,0,0,0
2018,USA,17.5,-137.5,0,0,0,0,0,0,0,0,0,0
2018,USA,22.5,-147.5,0,0,0,0,0,0,0,0,0,0
2018,USA,22.5,-142.5,0,0,0,0,0,0,0,0,0,0
2018,USA,22.5,-137.5,0,0,0,0,0,0,0,0,0,0
2018,USA,22.5,-132.5,0,0,0,0,0,0,0,0,0,0
2018,USA,22.5,-127.5,0,0,0,0,0,0,0,0,0,0
2018,USA,27.5,-147.5,0,0,0,0,0,0,0,0,0,0
2018,VUT,-12.5,-97.5,0,0,0,0,0,0,0,0,0,0
2018,VUT,-7.5,-147.5,0,0,0,0,0,0,0,0,0,0
2018,VUT,-7.5,-142.5,0,0,0,0,0,0,0,0,0,0
2018,VUT,-2.5,-147.5,0,0,0,0,0,0,0,0,0,0
2018,VUT,-2.5,-142.5,0,0,0,0,0,0,0,0,0,0
2018,VUT,-2.5,-137.5,0,0,0,0,0,0,0,0,0,0
2018,VUT,-2.5,-97.5,0,0,0,0,0,0,0,0,0,0
2018,VUT,2.5,-102.5,0,0,0,0,0,0,0,0,0,0
2018,VUT,2.5,-97.5,0,0,0,0,0,0,0,0,0,0
2018,VUT,32.5,-147.5,0,0,0,0,0,0,0,0,0,0
2018,VUT,32.5,-142.5,0,0,0,0,0,0,0,0,0,0
2018,VUT,37.5,-147.5,0,0,0,0,0,0,0,0,0,0
2018,VUT,37.5,-142.5,0,0,0,0,0,0,0,0,0,0
2018,CHN,-17.5,-127.5,0,0,0,0,0,0,0,0,0,0
2018,CHN,-17.5,-122.5,0,0,0,0,0,0,0,0,0,0
2018,CHN,-17.5,-117.5,0,0,0,0,0,0,0,0,0,0
2018,CHN,-17.5,-112.5,0,0,0,0,0,0,0,0,0,0
2018,CHN,-12.5,-132.5,0,0,0,0,0,0,0,0,0,0
2018,CHN,-12.5,-127.5,0,0,0,0,0,0,0,0,0,0
2018,CHN,-12.5,-122.5,0,0,0,0,0,0,0,0,0,0
2018,CHN,-7.5,-147.5,0,0,0,0,0,0,0,0,0,0
2018,CHN,-7.5,-142.5,0,0,0,0,0,0,0,0,0,0
2018,CHN,-7.5,-137.5,0,0,0,0,0,0,0,0,0,0
2018,CHN,-7.5,-132.5,0,0,0,0,0,0,0,0,0,0
2018,CHN,-7.5,-127.5,0,0,0,0,0,0,0,0,0,0
2018,CHN,-7.5,-122.5,0,0,0,0,0,0,0,0,0,0
2018,CHN,-2.5,-147.5,0,0,0,0,0,0,0,0,0,0
2018,CHN,-2.5,-142.5,0,0,0,0,0,0,0,0,0,0
2018,CHN,-2.5,-137.5,0,0,0,0,0,0,0,0,0,0
2018,CHN,-2.5,-132.5,0,0,0,0,0,0,0,0,0,0
2018,CHN,-2.5,-127.5,0,0,0,0,0,0,0,0,0,0
2018,CHN,-2.5,-122.5,0,0,0,0,0,0,0,0,0,0
2018,CHN,-2.5,-112.5,0,0,0,0,0,0,0,0,0,0
2018,CHN,-2.5,-107.5,0,0,0,0,0,0,0,0,0,0
2018,CHN,-2.5,-102.5,0,0,0,0,0,0,0,0,0,0
2018,CHN,-2.5,-97.5,0,0,0,0,0,0,0,0,0,0
2018,CHN,2.5,-142.5,0,0,0,0,0,0,0,0,0,0
2018,CHN,2.5,-137.5,0,0,0,0,0,0,0,0,0,0
2018,CHN,2.5,-132.5,0,0,0,0,0,0,0,0,0,0
2018,CHN,2.5,-127.5,0,0,0,0,0,0,0,0,0,0
2018,CHN,2.5,-122.5,0,0,0,0,0,0,0,0,0,0
2018,CHN,2.5,-112.5,0,0,0,0,0,0,0,0,0,0
2018,CHN,2.5,-107.5,0,0,0,0,0,0,0,0,0,0
2018,CHN,7.5,-142.5,0,0,0,0,0,0,0,0,0,0
2018,CHN,7.5,-137.5,0,0,0,0,0,0,0,0,0,0
2018,CHN,7.5,-132.5,0,0,0,0,0,0,0,0,0,0
2018,CHN,7.5,-127.5,0,0,0,0,0,0,0,0,0,0
2018,CHN,7.5,-122.5,0,0,0,0,0,0,0,0,0,0
2018,CHN,12.5,-137.5,0,0,0,0,0,0,0,0,0,0
2018,CHN,12.5,-132.5,0,0,0,0,0,0,0,0,0,0
2018,CHN,12.5,-127.5,0,0,0,0,0,0,0,0,0,0
2018,CHN,12.5,-122.5,0,0,0,0,0,0,0,0,0,0
2018,CHN,12.5,-117.5,0,0,0,0,0,0,0,0,0,0
2018,JPN,-17.5,-117.5,0,0,0,0,0,0,0,0,0,0
2018,JPN,-12.5,-117.5,0,0,0,0,0,0,0,0,0,0
2018,JPN,-12.5,-112.5,0,0,0,0,0,0,0,0,0,0
2018,JPN,-7.5,-122.5,0,0,0,0,0,0,0,0,0,0
2018,JPN,-7.5,-112.5,0,0,0,0,0,0,0,0,0,0
2018,KOR,-17.5,-127.5,0,0,0.05,0,0,0,0,0,0,0
2018,KOR,-12.5,-127.5,0,0,1.44,0.26,0,0,0,0,0.83,1.18
2018,KOR,-12.5,-122.5,0,0,0.17,0,0,0,0,0,0,0.09
2018,PAN,-22.5,-102.5,0.16,0,0,0,0,0,0,0,0,0
2018,PAN,-17.5,-102.5,12.94,0,0,0,0,0,0,0,0,0
2018,PAN,-17.5,-97.5,9.59,0,0,0,0,0,0,0,0,0
2018,PAN,-17.5,-92.5,1.94,0,0,0,0,0,0,0,0,0
2018,PAN,-12.5,-112.5,0.1,0,0,0,0,0,0,0,0,0
2018,PAN,-12.5,-107.5,0.53,0,0,0,0,0,0,0,0,0
2018,PAN,-7.5,-127.5,0.65,0,0,0,0,0,0,0,0,0
2018,PAN,-7.5,-122.5,0.9,0,0,0,0,0,0,0,0,0
2018,PAN,-7.5,-117.5,0.92,0,0,0,0,0,0,0,0,0
2018,PAN,-7.5,-112.5,0.71,0,0,0,0,0,0,0,0,0
2018,PAN,-7.5,-102.5,1.1,0,0,0,0,0,0,0,0,0
2018,PAN,-2.5,-117.5,0.41,0,0,0,0,0,0,0,0,0
2018,PAN,-2.5,-112.5,2.01,0,0,0,0,0,0,0,0,0
2018,PAN,-2.5,-107.5,0.94,0,0,0,0,0,0,0,0,0
2018,PAN,2.5,-117.5,0.36,0,0,0,0,0,0,0,0,0
2018,PAN,2.5,-112.5,3.02,0,0,0,0,0,0,0,0,0
2018,PAN,2.5,-102.5,0.28,0,0,0,0,0,0,0,0,0
2018,TWN,-17.5,-132.5,0,0,0,0,0,0,0.09,0,0,0
2018,TWN,-12.5,-147.5,0,0,0,0,0,0,0.89,0,0,0
2018,TWN,-12.5,-142.5,0,0,0,0,0,0,3.5,0,0,0
2018,TWN,-7.5,-147.5,0,0,0,0,0,0,14.34,0,0,0
2018,TWN,-7.5,-142.5,0,0,0,0,0,0,1.18,0,0,0
2018,TWN,-7.5,-137.5,0,0,0,0,0,0,4.09,0,0,0
2018,TWN,-7.5,-132.5,0,0,0,0,0,0,7.03,0,0,0
2018,TWN,-7.5,-127.5,0,0,0,0,0,0,0.47,0,0,0
2018,TWN,-2.5,-147.5,0,0,0,0,0,0,8.4,0,0,0
2018,TWN,-2.5,-142.5,0,0,0,0,0,0,2.85,0,0,0
2018,TWN,-2.5,-137.5,0,0,0,0,0,0,2.02,0,0,0
2018,TWN,-2.5,-132.5,0,0,0,0,0,0,3.69,0,0,0
2018,TWN,32.5,-147.5,0,0,0,0,0,0,111.42,0,0,0
2018,TWN,32.5,-142.5,0,0,0,0,0,0,52.62,0,0,0
2018,TWN,32.5,-137.5,0,0,0,0,0,0,12.91,0,0,0
2018,TWN,37.5,-147.5,0,0,0,0,0,0,0.46,0,0,0
2018,USA,22.5,-147.5,0,0,0,0,0,0,0,0,0,0
2018,USA,22.5,-132.5,0,0,0,0,0,0,0,0,0,0
2018,USA,27.5,-147.5,0,0,0,0,0,0,0,0,0,0
2018,VUT,-7.5,-147.5,0,0,0,0,0,0,0,0,0,0
2018,VUT,-2.5,-147.5,0,0,0,0,0,0,0,0,0,0
2018,VUT,-2.5,-142.5,0,0,0,0,0,0,0,0,0,0
2018,VUT,2.5,-147.5,0,0,0,0,0,0,0,0,0,0
2018,VUT,32.5,-147.5,0,0,0,0,0,0,0,0,0,0
2019,CHN,-12.5,-147.5,0,0,0,0,0,0,0,0,0,0
2019,CHN,-12.5,-127.5,0,0,0,0,0,0,0,0,0,0
2019,CHN,-12.5,-122.5,0,0,0,0,0,0,0,0,0,0
2019,CHN,-12.5,-117.5,0,0,0,0,0,0,0,0,0,0
2019,CHN,-7.5,-147.5,0,0,0,0,0,0,0,0,0,0
2019,CHN,-7.5,-142.5,0,0,0,0,0,0,0,0,0,0
2019,CHN,-7.5,-137.5,0,0,0,0,0,0,0,0,0,0
2019,CHN,-7.5,-132.5,0,0,0,0,0,0,0,0,0,0
2019,CHN,-7.5,-127.5,0,0,0,0,0,0,0,0,0,0
2019,CHN,-7.5,-122.5,0,0,0,0,0,0,0,0,0,0
2019,CHN,-7.5,-117.5,0,0,0,0,0,0,0,0,0,0
2019,CHN,-7.5,-112.5,0,0,0,0,0,0,0,0,0,0
2019,CHN,-7.5,-107.5,0,0,0,0,0,0,0,0,0,0
2019,CHN,-2.5,-147.5,0,0,0,0,0,0,0,0,0,0
2019,CHN,-2.5,-137.5,0,0,0,0,0,0,0,0,0,0
2019,CHN,-2.5,-132.5,0,0,0,0,0,0,0,0,0,0
2019,CHN,-2.5,-127.5,0,0,0,0,0,0,0,0,0,0
2019,CHN,-2.5,-122.5,0,0,0,0,0,0,0,0,0,0
2019,CHN,-2.5,-117.5,0,0,0,0,0,0,0,0,0,0
2019,CHN,-2.5,-112.5,0,0,0,0,0,0,0,0,0,0
2019,CHN,-2.5,-107.5,0,0,0,0,0,0,0,0,0,0
2019,CHN,-2.5,-102.5,0,0,0,0,0,0,0,0,0,0
2019,CHN,2.5,-142.5,0,0,0,0,0,0,0,0,0,0
2019,CHN,2.5,-137.5,0,0,0,0,0,0,0,0,0,0
2019,CHN,2.5,-132.5,0,0,0,0,0,0,0,0,0,0
2019,CHN,2.5,-127.5,0,0,0,0,0,0,0,0,0,0
2019,CHN,2.5,-122.5,0,0,0,0,0,0,0,0,0,0
2019,CHN,2.5,-117.5,0,0,0,0,0,0,0,0,0,0
2019,CHN,2.5,-112.5,0,0,0,0,0,0,0,0,0,0
2019,CHN,2.5,-107.5,0,0,0,0,0,0,0,0,0,0
2019,CHN,7.5,-147.5,0,0,0,0,0,0,0,0,0,0
2019,CHN,7.5,-137.5,0,0,0,0,0,0,0,0,0,0
2019,CHN,7.5,-132.5,0,0,0,0,0,0,0,0,0,0
2019,CHN,7.5,-127.5,0,0,0,0,0,0,0,0,0,0
2019,CHN,7.5,-122.5,0,0,0,0,0,0,0,0,0,0
2019,CHN,7.5,-117.5,0,0,0,0,0,0,0,0,0,0
2019,CHN,7.5,-112.5,0,0,0,0,0,0,0,0,0,0
2019,CHN,7.5,-107.5,0,0,0,0,0,0,0,0,0,0
2019,CHN,7.5,-102.5,0,0,0,0,0,0,0,0,0,0
2019,CHN,12.5,-137.5,0,0,0,0,0,0,0,0,0,0
2019,CHN,12.5,-132.5,0,0,0,0,0,0,0,0,0,0
2019,CHN,12.5,-127.5,0,0,0,0,0,0,0,0,0,0
2019,CHN,12.5,-122.5,0,0,0,0,0,0,0,0,0,0
2019,CHN,12.5,-117.5,0,0,0,0,0,0,0,0,0,0
2019,CHN,12.5,-112.5,0,0,0,0,0,0,0,0,0,0
2019,CHN,12.5,-107.5,0,0,0,0,0,0,0,0,0,0
2019,CHN,12.5,-102.5,0,0,0,0,0,0,0,0,0,0
2019,CHN,12.5,-97.5,0,0,0,0,0,0,0,0,0,0
2019,JPN,-17.5,-117.5,0,0,0,0,0,0,0,0,0,0
2019,JPN,-17.5,-112.5,0,0,0,0,0,0,0,0,0,0
2019,JPN,-12.5,-112.5,0,0,0,0,0,0,0,0,0,0
2019,JPN,-12.5,-107.5,0,0,0,0,0,0,0,0,0,0
2019,JPN,-7.5,-112.5,0,0,0,0,0,0,0,0,0,0
2019,JPN,-7.5,-107.5,0,0,0,0,0,0,0,0,0,0
2019,KOR,-12.5,-127.5,0,0,0.05,0,0,0,0,0,0,0.21
2019,KOR,-12.5,-122.5,0,0,0.03,0,0,0,0,0,0.22,0.15
2019,KOR,-7.5,-127.5,0,0,0.04,0,0,0,0,0.03,0.12,0.02
2019,KOR,-2.5,-147.5,0,0,0.04,0,0,0,0,0,0,0.24
2019,KOR,-2.5,-142.5,0,0,0.08,0,0,0,0,0,0,0.74
2019,KOR,-2.5,-137.5,0,0,0.11,0,0,0,0,0,0,0.03
2019,KOR,-2.5,-132.5,0,0,0.47,0,0,0,0,0,0.52,0.49
2019,KOR,2.5,-142.5,0,0,0.12,0,0,0,0,0,0,0.65
2019,KOR,2.5,-137.5,0,0,0,0,0,0,0,0,0,0.03
2019,PAN,-22.5,-97.5,0.09,0,0,0,0,0,0,0,0,0
2019,PAN,-22.5,-92.5,0.06,0,0,0,0,0,0,0,0,0
2019,PAN,-17.5,-107.5,1.02,0,0,0,0,0,0,0,0,0
2019,PAN,-17.5,-102.5,1.79,0,0,0,0,0,0,0,0,0
2019,PAN,-17.5,-97.5,18.18,0,0,0,0,0,0,0,0,0
2019,PAN,-17.5,-92.5,7.58,0,0,0,0,0,0,0,0,0
2019,PAN,-12.5,-117.5,0.87,0,0,0,0,0,0,0,0,0
2019,PAN,-12.5,-112.5,0.81,0,0,0,0,0,0,0,0,0
2019,PAN,-12.5,-97.5,1.16,0,0,0,0,0,0,0,0,0
2019,PAN,-7.5,-132.5,0.02,0,0,0,0,0,0,0,0,0
2019,PAN,-7.5,-127.5,4.01,0,0,0,0,0,0,0,0,0
2019,PAN,-7.5,-122.5,0.08,0,0,0,0,0,0,0,0,0
2019,PAN,-7.5,-112.5,8.4,0,0,0,0,0,0,0,0,0
2019,PAN,-7.5,-97.5,0.1,0,0,0,0,0,0,0,0,0
2019,PAN,-2.5,-127.5,1.1,0,0,0,0,0,0,0,0,0
2019,PYF,-22.5,-147.5,0,0,0,0,0,0,0,0,0,0
2019,PYF,-22.5,-142.5,0,0,0,0,0,0,0,0,0,0
2019,PYF,-17.5,-147.5,0,0,0,0,0,0,0,0,0,0
2019,PYF,-17.5,-142.5,0,0,0,0,0,0,0,0,0,0
2019,PYF,-17.5,-137.5,0,0,0,0,0,0,0,0,0,0
2019,PYF,-12.5,-147.5,0,0,0,0,0,0,0,0,0,0
2019,PYF,-12.5,-142.5,0,0,0,0,0,0,0,0,0,0
2019,PYF,-12.5,-137.5,0,0,0,0,0,0,0,0,0,0
2019,PYF,-7.5,-142.5,0,0,0,0,0,0,0,0,0,0
2019,PYF,-7.5,-137.5,0,0,0,0,0,0,0,0,0,0
2019,TWN,-22.5,-127.5,0.12,0,0,0,0,0,0,0,0,0
2019,TWN,-17.5,-132.5,2.16,0,0,0,0,0,0,0.05,0,0
2019,TWN,-17.5,-127.5,1.69,0,0.14,0,0,0,0,0,0,0
2019,TWN,-17.5,-122.5,0.94,0,0,0,0,0,0,0,0,0
2019,TWN,-12.5,-132.5,0.47,0,0,0,0,0,0,0,0,0
2019,TWN,-7.5,-147.5,25.61,0,0,0.27,0,0,0.06,0.75,0.14,0.68
2019,TWN,-7.5,-142.5,1.99,0,0,0,0,0,0,0,0,0
2019,TWN,-7.5,-137.5,2.05,0,0,0,0,0,0,0,0,0
2019,TWN,-7.5,-132.5,6.5,0,0,0,0,0,0,0.2,0,0
2019,TWN,-2.5,-147.5,0.37,0,0,0,0,0,0,0,0,0
2019,TWN,-2.5,-142.5,0.12,0,0,0,0,0,0,0,0,0
2019,TWN,-2.5,-137.5,1.36,0,0,0,0,0,0,0.26,0,0
2019,TWN,-2.5,-132.5,1.46,0,0,0,0,0,0,0,0,0
2019,TWN,2.5,-147.5,0.7,0,0,0,0,0,0,0.11,0,0
2019,TWN,27.5,-147.5,4.03,0,0,0,0,0,0,0,0,0
2019,TWN,27.5,-142.5,4.67,0,0,0,0,0,0,0.79,0,0
2019,TWN,32.5,-147.5,36.31,0,0,0.09,0,0,0,14.63,0,0
2019,TWN,32.5,-142.5,15.94,0,0,0,0,0,0,5.74,0,0
2019,TWN,32.5,-137.5,0.77,0,0,0,0,0,0,0.53,0,0
2019,USA,17.5,-147.5,0,0,0,0,0,0,0,0,0,0
2019,USA,22.5,-147.5,0,0,0,0,0,0,0,0,0,0
2019,USA,22.5,-142.5,0,0,0,0,0,0,0,0,0,0
2019,USA,22.5,-137.5,0,0,0,0,0,0,0,0,0,0
2019,USA,22.5,-132.5,0,0,0,0,0,0,0,0,0,0
2019,USA,22.5,-127.5,0,0,0,0,0,0,0,0,0,0
2019,USA,27.5,-147.5,0,0,0,0,0,0,0,0,0,0
2019,USA,32.5,-137.5,0,0,0,0,0,0,0,0,0,0
2019,VUT,-17.5,-132.5,0,0,0,0,0,0,0,0,0,0
2019,VUT,-17.5,-127.5,0,0,0,0,0,0,0,0,0,0
2019,VUT,-17.5,-122.5,0,0,0,0,0,0,0,0,0,0
2019,VUT,-12.5,-132.5,0,0,0,0,0,0,0,0,0,0
2019,VUT,-7.5,-147.5,0,0,0,0,0,0,0,0,0,0
2019,VUT,-7.5,-142.5,0,0,0,0,0,0,0,0,0,0
2019,VUT,-7.5,-132.5,0,0,0,0,0,0,0,0,0,0
2019,VUT,-2.5,-147.5,0,0,0,0,0,0,0,0,0,0
2019,VUT,-2.5,-142.5,0,0,0,0,0,0,0,0,0,0
2019,VUT,-2.5,-132.5,0,0,0,0,0,0,0,0,0,0
2019,VUT,2.5,-147.5,0,0,0,0,0,0,0,0,0,0
2019,VUT,2.5,-97.5,0,0,0,0,0,0,0,0,0,0
2019,VUT,2.5,-92.5,0,0,0,0,0,0,0,0,0,0
2019,VUT,32.5,-142.5,0,0,0,0,0,0,0,0,0,0
2019,VUT,32.5,-137.5,0,0,0,0,0,0,0,0,0,0
2019,CHN,-17.5,-132.5,0,0,0,0,0,0,0,0,0,0
2019,CHN,-12.5,-147.5,0,0,0,0,0,0,0,0,0,0
2019,CHN,-12.5,-132.5,0,0,0,0,0,0,0,0,0,0
2019,CHN,-7.5,-147.5,0,0,0,0,0,0,0,0,0,0
2019,CHN,-7.5,-142.5,0,0,0,0,0,0,0,0,0,0
2019,CHN,-7.5,-132.5,0,0,0,0,0,0,0,0,0,0
2019,CHN,-7.5,-127.5,0,0,0,0,0,0,0,0,0,0
2019,CHN,-7.5,-122.5,0,0,0,0,0,0,0,0,0,0
2019,CHN,-7.5,-117.5,0,0,0,0,0,0,0,0,0,0
2019,CHN,-2.5,-147.5,0,0,0,0,0,0,0,0,0,0
2019,CHN,-2.5,-142.5,0,0,0,0,0,0,0,0,0,0
2019,CHN,-2.5,-137.5,0,0,0,0,0,0,0,0,0,0
2019,CHN,-2.5,-132.5,0,0,0,0,0,0,0,0,0,0
2019,CHN,-2.5,-127.5,0,0,0,0,0,0,0,0,0,0
2019,CHN,-2.5,-122.5,0,0,0,0,0,0,0,0,0,0
2019,CHN,-2.5,-117.5,0,0,0,0,0,0,0,0,0,0
2019,CHN,-2.5,-112.5,0,0,0,0,0,0,0,0,0,0
2019,CHN,-2.5,-107.5,0,0,0,0,0,0,0,0,0,0
2019,CHN,2.5,-147.5,0,0,0,0,0,0,0,0,0,0
2019,CHN,2.5,-142.5,0,0,0,0,0,0,0,0,0,0
2019,CHN,2.5,-137.5,0,0,0,0,0,0,0,0,0,0
2019,CHN,2.5,-132.5,0,0,0,0,0,0,0,0,0,0
2019,CHN,2.5,-127.5,0,0,0,0,0,0,0,0,0,0
2019,CHN,2.5,-122.5,0,0,0,0,0,0,0,0,0,0
2019,CHN,2.5,-117.5,0,0,0,0,0,0,0,0,0,0
2019,CHN,2.5,-112.5,0,0,0,0,0,0,0,0,0,0
2019,CHN,2.5,-107.5,0,0,0,0,0,0,0,0,0,0
2019,CHN,2.5,-102.5,0,0,0,0,0,0,0,0,0,0
2019,CHN,7.5,-147.5,0,0,0,0,0,0,0,0,0,0
2019,CHN,7.5,-142.5,0,0,0,0,0,0,0,0,0,0
2019,CHN,7.5,-137.5,0,0,0,0,0,0,0,0,0,0
2019,CHN,7.5,-132.5,0,0,0,0,0,0,0,0,0,0
2019,CHN,7.5,-127.5,0,0,0,0,0,0,0,0,0,0
2019,CHN,7.5,-122.5,0,0,0,0,0,0,0,0,0,0
2019,CHN,7.5,-117.5,0,0,0,0,0,0,0,0,0,0
2019,CHN,7.5,-112.5,0,0,0,0,0,0,0,0,0,0
2019,CHN,7.5,-107.5,0,0,0,0,0,0,0,0,0,0
2019,CHN,7.5,-102.5,0,0,0,0,0,0,0,0,0,0
2019,CHN,12.5,-137.5,0,0,0,0,0,0,0,0,0,0
2019,CHN,12.5,-132.5,0,0,0,0,0,0,0,0,0,0
2019,CHN,12.5,-127.5,0,0,0,0,0,0,0,0,0,0
2019,CHN,12.5,-122.5,0,0,0,0,0,0,0,0,0,0
2019,CHN,12.5,-117.5,0,0,0,0,0,0,0,0,0,0
2019,CHN,12.5,-112.5,0,0,0,0,0,0,0,0,0,0
2019,CHN,12.5,-107.5,0,0,0,0,0,0,0,0,0,0
2019,CHN,12.5,-102.5,0,0,0,0,0,0,0,0,0,0
2019,JPN,-12.5,-127.5,0,0,0,0,0,0,0,0,0,0
2019,JPN,-12.5,-122.5,0,0,0,0,0,0,0,0,0,0
2019,JPN,-12.5,-107.5,0,0,0,0,0,0,0,0,0,0
2019,JPN,-12.5,-102.5,0,0,0,0,0,0,0,0,0,0
2019,JPN,-7.5,-107.5,0,0,0,0,0,0,0,0,0,0
2019,KOR,-2.5,-147.5,0,0,0.2,0,0,0,0,0,0.06,0.31
2019,KOR,-2.5,-137.5,0,0,0.65,0,0,0,0,0,0.71,0.51
2019,KOR,2.5,-147.5,0,0,1.26,0,0,0,0,0,0.03,0.89
2019,KOR,2.5,-142.5,0,0,0.39,0,0,0,0,0,0.16,0.45
2019,KOR,2.5,-137.5,0,0,0.12,0,0,0,0,0,0.14,0.13
2019,KOR,7.5,-147.5,0,0,0.07,0,0,0,0,0,0,0.1
2019,PAN,-17.5,-112.5,3.47,0,0,0,0,0,0,0,0,0
2019,PAN,-17.5,-107.5,52.1,0,0,0,0,0,0,0,0,0
2019,PAN,-17.5,-102.5,8.01,0,0,0,0,0,0,0,0,0
2019,PAN,-17.5,-97.5,1.1,0,0,0,0,0,0,0,0,0
2019,PAN,-12.5,-117.5,0.07,0,0,0,0,0,0,0,0,0
2019,PAN,-12.5,-112.5,4.06,0,0,0,0,0,0,0,0,0
2019,PAN,-12.5,-107.5,2.33,0,0,0,0,0,0,0,0,0
2019,PAN,-12.5,-92.5,1.42,0,0,0,0,0,0,0,0,0
2019,PAN,-7.5,-127.5,3.07,0,0,0,0,0,0,0,0,0
2019,PAN,-7.5,-122.5,0.55,0,0,0,0,0,0,0,0,0
2019,PAN,-2.5,-127.5,0.08,0,0,0,0,0,0,0,0,0
2019,PAN,7.5,-92.5,1.02,0,0,0,0,0,0,0,0,0
2019,PYF,-22.5,-147.5,0,0,0,0,0,0,0,0,0,0
2019,PYF,-17.5,-147.5,0,0,0,0,0,0,0,0,0,0
2019,PYF,-17.5,-142.5,0,0,0,0,0,0,0,0,0,0
2019,PYF,-17.5,-137.5,0,0,0,0,0,0,0,0,0,0
2019,PYF,-12.5,-147.5,0,0,0,0,0,0,0,0,0,0
2019,PYF,-12.5,-142.5,0,0,0,0,0,0,0,0,0,0
2019,PYF,-12.5,-137.5,0,0,0,0,0,0,0,0,0,0
2019,PYF,-7.5,-142.5,0,0,0,0,0,0,0,0,0,0
2019,PYF,-7.5,-137.5,0,0,0,0,0,0,0,0,0,0
2019,TWN,-17.5,-132.5,0.41,0,0,0,0,0,0,0,0,0
2019,TWN,-17.5,-127.5,0.52,0,0,0,0,0,0,0,0,0
2019,TWN,-12.5,-147.5,0.02,0,0,0,0,0,0,0,0,0
2019,TWN,-12.5,-142.5,0.06,0,0,0,0,0,0,0,0,0
2019,TWN,-12.5,-137.5,0.37,0,0,0,0,0,0,0,0,0
2019,TWN,-12.5,-132.5,2.83,0,0,0,0,0,0,0,0,0
2019,TWN,-7.5,-147.5,1.89,0,0,0,0,0,0,0,0,0
2019,TWN,-7.5,-142.5,0.67,0,0,0,0,0,0,0,0,0
2019,TWN,-7.5,-137.5,5.06,0,0,0,0,0,0,0,0,0
2019,TWN,-2.5,-147.5,0.32,0,0,0,0,0,0,0,0,0
2019,TWN,-2.5,-142.5,0.35,0,0,0,0,0,0,0.05,0,0
2019,TWN,-2.5,-137.5,0.36,0,0,0,0,0,0,0.23,0,0
2019,TWN,-2.5,-132.5,0.27,0,0,0,0,0,0,0,0,0
2019,TWN,2.5,-147.5,5.05,0,0,0,0,0,0,0,0,0
2019,TWN,2.5,-142.5,0.11,0,0,0,0,0,0,0.56,0,0
2019,TWN,2.5,-137.5,0.13,0,0,0,0,0,0,0.02,0,0
2019,TWN,7.5,-147.5,0.27,0,0,0,0,0,0,0,0,0
2019,TWN,27.5,-147.5,0.99,0,0,0,0,0,0,0.28,0,0
2019,TWN,32.5,-147.5,3.48,0,0,0,0,0,0,0.84,0,0
2019,USA,17.5,-147.5,0,0,0,0,0,0,0,0,0,0
2019,USA,22.5,-147.5,0,0,0,0,0,0,0,0,0,0
2019,USA,22.5,-142.5,0,0,0,0,0,0,0,0,0,0
2019,USA,22.5,-137.5,0,0,0,0,0,0,0,0,0,0
2019,USA,22.5,-132.5,0,0,0,0,0,0,0,0,0,0
2019,USA,27.5,-147.5,0,0,0,0,0,0,0,0,0,0
2019,USA,32.5,-142.5,0,0,0,0,0,0,0,0,0,0
2019,USA,32.5,-137.5,0,0,0,0,0,0,0,0,0,0
2019,VUT,-7.5,-127.5,0,0,0,0,0,0,0,0,0,0
2019,VUT,7.5,-147.5,0,0,0,0,0,0,0,0,0,0
2019,VUT,27.5,-137.5,0,0,0,0,0,0,0,0,0,0
2019,CHN,-2.5,-127.5,0,0,0,0,0,0,0,0,0,0
2019,CHN,-2.5,-122.5,0,0,0,0,0,0,0,0,0,0
2019,CHN,-2.5,-117.5,0,0,0,0,0,0,0,0,0,0
2019,CHN,-2.5,-112.5,0,0,0,0,0,0,0,0,0,0
2019,CHN,-2.5,-107.5,0,0,0,0,0,0,0,0,0,0
2019,CHN,-2.5,-102.5,0,0,0,0,0,0,0,0,0,0
2019,CHN,2.5,-137.5,0,0,0,0,0,0,0,0,0,0
2019,CHN,2.5,-132.5,0,0,0,0,0,0,0,0,0,0
2019,CHN,2.5,-127.5,0,0,0,0,0,0,0,0,0,0
2019,CHN,2.5,-122.5,0,0,0,0,0,0,0,0,0,0
2019,CHN,2.5,-117.5,0,0,0,0,0,0,0,0,0,0
2019,CHN,2.5,-112.5,0,0,0,0,0,0,0,0,0,0
2019,CHN,2.5,-107.5,0,0,0,0,0,0,0,0,0,0
2019,CHN,2.5,-102.5,0,0,0,0,0,0,0,0,0,0
2019,CHN,7.5,-137.5,0,0,0,0,0,0,0,0,0,0
2019,CHN,7.5,-132.5,0,0,0,0,0,0,0,0,0,0
2019,CHN,7.5,-127.5,0,0,0,0,0,0,0,0,0,0
2019,CHN,7.5,-122.5,0,0,0,0,0,0,0,0,0,0
2019,CHN,7.5,-117.5,0,0,0,0,0,0,0,0,0,0
2019,CHN,12.5,-137.5,0,0,0,0,0,0,0,0,0,0
2019,CHN,12.5,-132.5,0,0,0,0,0,0,0,0,0,0
2019,CHN,12.5,-127.5,0,0,0,0,0,0,0,0,0,0
2019,CHN,12.5,-122.5,0,0,0,0,0,0,0,0,0,0
2019,CHN,12.5,-117.5,0,0,0,0,0,0,0,0,0,0
2019,JPN,-32.5,-87.5,0,0,0,0,0,0,0,0,0,0
2019,JPN,-27.5,-87.5,0,0,0,0,0,0,0,0,0,0
2019,JPN,-17.5,-92.5,0,0,0,0,0,0,0,0,0,0
2019,JPN,-12.5,-122.5,0,0,0,0,0,0,0,0,0,0
2019,JPN,-12.5,-112.5,0,0,0,0,0,0,0,0,0,0
2019,JPN,-12.5,-107.5,0,0,0,0,0,0,0,0,0,0
2019,JPN,-12.5,-102.5,0,0,0,0,0,0,0,0,0,0
2019,KOR,2.5,-147.5,0,0,2.02,0,0,0,0,0.05,1.05,2.33
2019,PAN,-27.5,-107.5,1.07,0,0,0,0,0,0,0,0,0
2019,PAN,-27.5,-102.5,0.07,0,0,0,0,0,0,0,0,0
2019,PAN,-22.5,-107.5,1.2,0,0,0,0,0,0,0,0,0
2019,PAN,-22.5,-102.5,7.91,0,0,0,0,0,0,0,0,0
2019,PAN,-22.5,-97.5,3.83,0,0,0,0,0,0,0,0,0
2019,PAN,-22.5,-92.5,5.36,0,0,0,0,0,0,0,0,0
2019,PAN,-17.5,-107.5,12.33,0,0,0,0,0,0,0,0,0
2019,PAN,-17.5,-102.5,16.03,0,0,0,0,0,0,0,0,0
2019,PAN,-17.5,-97.5,4.17,0,0,0,0,0,0,0,0,0
2019,PAN,-17.5,-92.5,0.09,0,0,0,0,0,0,0,0,0
2019,PAN,-12.5,-97.5,10.55,0,0,0,0,0,0,0,0,0
2019,PAN,-12.5,-92.5,4.4,0,0,0,0,0,0,0,0,0
2019,PAN,-7.5,-127.5,1.05,0,0,0,0,0,0,0,0,0
2019,PAN,-7.5,-122.5,3.15,0,0,0,0,0,0,0,0,0
2019,PAN,-7.5,-117.5,0.25,0,0,0,0,0,0,0,0,0
2019,PAN,7.5,-97.5,1.59,0,0,0,0,0,0,0,0,0
2019,PAN,7.5,-92.5,1.01,0,0,0,0,0,0,0,0,0
2019,PYF,-27.5,-147.5,0,0,0,0,0,0,0,0,0,0
2019,PYF,-22.5,-147.5,0,0,0,0,0,0,0,0,0,0
2019,PYF,-22.5,-142.5,0,0,0,0,0,0,0,0,0,0
2019,PYF,-17.5,-147.5,0,0,0,0,0,0,0,0,0,0
2019,PYF,-17.5,-142.5,0,0,0,0,0,0,0,0,0,0
2019,PYF,-17.5,-137.5,0,0,0,0,0,0,0,0,0,0
2019,PYF,-12.5,-147.5,0,0,0,0,0,0,0,0,0,0
2019,PYF,-12.5,-142.5,0,0,0,0,0,0,0,0,0,0
2019,PYF,-12.5,-137.5,0,0,0,0,0,0,0,0,0,0
2019,PYF,-7.5,-142.5,0,0,0,0,0,0,0,0,0,0
2019,PYF,-7.5,-137.5,0,0,0,0,0,0,0,0,0,0
2019,TWN,-12.5,-147.5,0.05,0,0,0,0,0,0,0,0,0
2019,TWN,-7.5,-147.5,0.69,0,0,0,0,0,0,0,0,0
2019,TWN,-2.5,-147.5,1.75,0,0,0,0,0,0,0,0,0.14
2019,TWN,-2.5,-142.5,0.53,0,0,0,0,0,0,0.09,0,0
2019,TWN,2.5,-147.5,0.2,0,0,0.06,0,0,0,0,0.1,0.68
2019,TWN,2.5,-142.5,0.94,0,0,0,0,0,0,0.07,0,0
2019,TWN,2.5,-137.5,0,0,0,0,0,0,0,0.06,0,0
2019,USA,17.5,-147.5,0,0,0,0,0,0,0,0,0,0
2019,USA,17.5,-142.5,0,0,0,0,0,0,0,0,0,0
2019,USA,22.5,-147.5,0,0,0,0,0,0,0,0,0,0
2019,USA,22.5,-142.5,0,0,0,0,0,0,0,0,0,0
2019,USA,22.5,-132.5,0,0,0,0,0,0,0,0,0,0
2019,USA,27.5,-147.5,0,0,0,0,0,0,0,0,0,0
2019,USA,32.5,-147.5,0,0,0,0,0,0,0,0,0,0
2019,VUT,-12.5,-122.5,0,0,0,0,0,0,0,0,0,0
2019,VUT,-7.5,-127.5,0,0,0,0,0,0,0,0,0,0
2019,VUT,-7.5,-122.5,0,0,0,0,0,0,0,0,0,0
2019,VUT,7.5,-92.5,0,0,0,0,0,0,0,0,0,0
2019,CHN,-2.5,-147.5,0,0,0,0,0,0,0,0,0,0
2019,CHN,-2.5,-142.5,0,0,0,0,0,0,0,0,0,0
2019,CHN,-2.5,-132.5,0,0,0,0,0,0,0,0,0,0
2019,CHN,-2.5,-127.5,0,0,0,0,0,0,0,0,0,0
2019,CHN,-2.5,-122.5,0,0,0,0,0,0,0,0,0,0
2019,CHN,-2.5,-117.5,0,0,0,0,0,0,0,0,0,0
2019,CHN,-2.5,-112.5,0,0,0,0,0,0,0,0,0,0
2019,CHN,2.5,-147.5,0,0,0,0,0,0,0,0,0,0
2019,CHN,2.5,-142.5,0,0,0,0,0,0,0,0,0,0
2019,CHN,2.5,-137.5,0,0,0,0,0,0,0,0,0,0
2019,CHN,2.5,-132.5,0,0,0,0,0,0,0,0,0,0
2019,CHN,2.5,-127.5,0,0,0,0,0,0,0,0,0,0
2019,CHN,2.5,-122.5,0,0,0,0,0,0,0,0,0,0
2019,CHN,2.5,-117.5,0,0,0,0,0,0,0,0,0,0
2019,CHN,2.5,-112.5,0,0,0,0,0,0,0,0,0,0
2019,CHN,2.5,-107.5,0,0,0,0,0,0,0,0,0,0
2019,CHN,2.5,-102.5,0,0,0,0,0,0,0,0,0,0
2019,CHN,7.5,-142.5,0,0,0,0,0,0,0,0,0,0
2019,CHN,7.5,-137.5,0,0,0,0,0,0,0,0,0,0
2019,CHN,7.5,-132.5,0,0,0,0,0,0,0,0,0,0
2019,CHN,7.5,-127.5,0,0,0,0,0,0,0,0,0,0
2019,CHN,7.5,-122.5,0,0,0,0,0,0,0,0,0,0
2019,CHN,12.5,-147.5,0,0,0,0,0,0,0,0,0,0
2019,CHN,12.5,-142.5,0,0,0,0,0,0,0,0,0,0
2019,CHN,12.5,-132.5,0,0,0,0,0,0,0,0,0,0
2019,CHN,12.5,-127.5,0,0,0,0,0,0,0,0,0,0
2019,CHN,12.5,-122.5,0,0,0,0,0,0,0,0,0,0
2019,JPN,-32.5,-87.5,0,0,0,0,0,0,0,0,0,0
2019,JPN,-32.5,-82.5,0,0,0,0,0,0,0,0,0,0
2019,JPN,-32.5,-77.5,0,0,0,0,0,0,0,0,0,0
2019,JPN,-27.5,-87.5,0,0,0,0,0,0,0,0,0,0
2019,JPN,-27.5,-82.5,0,0,0,0,0,0,0,0,0,0
2019,JPN,-22.5,-77.5,0,0,0,0,0,0,0,0,0,0
2019,JPN,-12.5,-117.5,0,0,0,0,0,0,0,0,0,0
2019,KOR,2.5,-147.5,0,0,0.44,0,0,0,0.94,0,0.18,1.69
2019,KOR,2.5,-142.5,0,0,0.58,0,0,0,0.04,0,0.12,0.26
2019,KOR,2.5,-137.5,0,0,0,0,0,0,0.03,0,0,0
2019,KOR,7.5,-147.5,0,0,0.24,0,0,0,0,0,0.08,0.42
2019,KOR,7.5,-142.5,0,0,0.06,0,0,0,0.03,0,0,0
2019,PAN,-22.5,-102.5,4.21,0,0,0,0,0,0,0,0,0
2019,PAN,-22.5,-97.5,0.99,0,0,0,0,0,0,0,0,0
2019,PAN,-22.5,-92.5,1.59,0,0,0,0,0,0,0,0,0
2019,PAN,-17.5,-102.5,0.9,0,0,0,0,0,0,0,0,0
2019,PAN,-17.5,-97.5,1.65,0,0,0,0,0,0,0,0,0
2019,PAN,-17.5,-92.5,28.08,0,0,0,0,0,0,0,0,0
2019,PAN,-12.5,-122.5,0.42,0,0,0,0,0,0,0,0,0
2019,PAN,-12.5,-117.5,0.9,0,0,0,0,0,0,0,0,0
2019,PAN,-12.5,-97.5,42.09,0,0,0,0,0,0,0,0,0
2019,PAN,-12.5,-92.5,12.05,0,0,0,0,0,0,0,0,0
2019,PAN,-7.5,-127.5,0.14,0,0,0,0,0,0,0,0,0
2019,PAN,-7.5,-122.5,0.29,0,0,0,0,0,0,0,0,0
2019,PAN,-7.5,-117.5,1.48,0,0,0,0,0,0,0,0,0
2019,PAN,2.5,-97.5,0.76,0,0,0,0,0,0,0,0,0
2019,PAN,7.5,-117.5,0.18,0,0,0,0,0,0,0,0,0
2019,PAN,7.5,-97.5,16.59,0,0,0,0,0,0,0,0,0
2019,PAN,7.5,-92.5,0.1,0,0,0,0,0,0,0,0,0
2019,PYF,-22.5,-142.5,0,0,0,0,0,0,0,0,0,0
2019,PYF,-17.5,-147.5,0,0,0,0,0,0,0,0,0,0
2019,PYF,-17.5,-142.5,0,0,0,0,0,0,0,0,0,0
2019,PYF,-17.5,-137.5,0,0,0,0,0,0,0,0,0,0
2019,PYF,-12.5,-147.5,0,0,0,0,0,0,0,0,0,0
2019,PYF,-12.5,-142.5,0,0,0,0,0,0,0,0,0,0
2019,PYF,-12.5,-137.5,0,0,0,0,0,0,0,0,0,0
2019,PYF,-7.5,-142.5,0,0,0,0,0,0,0,0,0,0
2019,PYF,-7.5,-137.5,0,0,0,0,0,0,0,0,0,0
2019,TWN,-7.5,-147.5,1.09,0,0,0,0,0,0.08,0,0,0.13
2019,TWN,-2.5,-147.5,0.4,0,0,0,0,0,0,0,0,0
2019,TWN,2.5,-147.5,1.3,0,0,0.07,0,0,0.19,0.09,0.06,0.67
2019,TWN,2.5,-142.5,0.88,0,0,0.14,0,0,0.1,0.15,0.23,0.66
2019,TWN,7.5,-147.5,2.06,0,0,0.12,0,0,0.22,0,0.37,0.93
2019,USA,17.5,-147.5,0,0,0,0,0,0,0,0,0,0
2019,USA,17.5,-142.5,0,0,0,0,0,0,0,0,0,0
2019,USA,22.5,-147.5,0,0,0,0,0,0,0,0,0,0
2019,USA,22.5,-142.5,0,0,0,0,0,0,0,0,0,0
2019,USA,22.5,-137.5,0,0,0,0,0,0,0,0,0,0
2019,USA,22.5,-132.5,0,0,0,0,0,0,0,0,0,0
2019,USA,27.5,-147.5,0,0,0,0,0,0,0,0,0,0
2019,USA,27.5,-142.5,0,0,0,0,0,0,0,0,0,0
2019,VUT,-42.5,-147.5,0,0,0,0,0,0,0,0,0,0
2019,VUT,-37.5,-142.5,0,0,0,0,0,0,0,0,0,0
2019,VUT,-37.5,-137.5,0,0,0,0,0,0,0,0,0,0
2019,VUT,-32.5,-142.5,0,0,0,0,0,0,0,0,0,0
2019,VUT,-12.5,-122.5,0,0,0,0,0,0,0,0,0,0
2019,VUT,-12.5,-112.5,0,0,0,0,0,0,0,0,0,0
2019,VUT,-12.5,-107.5,0,0,0,0,0,0,0,0,0,0
2019,VUT,-7.5,-132.5,0,0,0,0,0,0,0,0,0,0
2019,VUT,-7.5,-127.5,0,0,0,0,0,0,0,0,0,0
2019,VUT,-7.5,-122.5,0,0,0,0,0,0,0,0,0,0
2019,VUT,2.5,-147.5,0,0,0,0,0,0,0,0,0,0
2019,VUT,2.5,-142.5,0,0,0,0,0,0,0,0,0,0
2019,VUT,2.5,-117.5,0,0,0,0,0,0,0,0,0,0
2019,VUT,7.5,-147.5,0,0,0,0,0,0,0,0,0,0
2019,VUT,7.5,-122.5,0,0,0,0,0,0,0,0,0,0
2019,VUT,7.5,-97.5,0,0,0,0,0,0,0,0,0,0
2019,CHN,-7.5,-147.5,0,0,0,0,0,0,0,0,0,0
2019,CHN,-7.5,-142.5,0,0,0,0,0,0,0,0,0,0
2019,CHN,-7.5,-137.5,0,0,0,0,0,0,0,0,0,0
2019,CHN,-7.5,-107.5,0,0,0,0,0,0,0,0,0,0
2019,CHN,-2.5,-147.5,0,0,0,0,0,0,0,0,0,0
2019,CHN,-2.5,-142.5,0,0,0,0,0,0,0,0,0,0
2019,CHN,-2.5,-137.5,0,0,0,0,0,0,0,0,0,0
2019,CHN,2.5,-142.5,0,0,0,0,0,0,0,0,0,0
2019,CHN,2.5,-137.5,0,0,0,0,0,0,0,0,0,0
2019,CHN,2.5,-117.5,0,0,0,0,0,0,0,0,0,0
2019,CHN,2.5,-112.5,0,0,0,0,0,0,0,0,0,0
2019,CHN,7.5,-142.5,0,0,0,0,0,0,0,0,0,0
2019,CHN,7.5,-137.5,0,0,0,0,0,0,0,0,0,0
2019,CHN,7.5,-132.5,0,0,0,0,0,0,0,0,0,0
2019,CHN,7.5,-127.5,0,0,0,0,0,0,0,0,0,0
2019,CHN,7.5,-122.5,0,0,0,0,0,0,0,0,0,0
2019,CHN,7.5,-117.5,0,0,0,0,0,0,0,0,0,0
2019,CHN,7.5,-112.5,0,0,0,0,0,0,0,0,0,0
2019,CHN,12.5,-137.5,0,0,0,0,0,0,0,0,0,0
2019,CHN,12.5,-132.5,0,0,0,0,0,0,0,0,0,0
2019,CHN,12.5,-127.5,0,0,0,0,0,0,0,0,0,0
2019,JPN,-32.5,-82.5,0,0,0,0,0,0,0,0,0,0
2019,JPN,-27.5,-87.5,0,0,0,0,0,0,0,0,0,0
2019,JPN,-27.5,-82.5,0,0,0,0,0,0,0,0,0,0
2019,JPN,-22.5,-82.5,0,0,0,0,0,0,0,0,0,0
2019,JPN,-22.5,-77.5,0,0,0,0,0,0,0,0,0,0
2019,JPN,-17.5,-112.5,0,0,0,0,0,0,0,0,0,0
2019,JPN,-17.5,-77.5,0,0,0,0,0,0,0,0,0,0
2019,JPN,-7.5,-122.5,0,0,0,0,0,0,0,0,0,0
2019,KOR,2.5,-147.5,0,0,0.05,0,0,0,0,0.03,0.07,0
2019,KOR,2.5,-142.5,0,0,0.05,0,0,0,0,0,0,0.04
2019,KOR,2.5,-137.5,0,0,0.06,0,0,0,0.7,0,0.02,0.08
2019,KOR,2.5,-132.5,0,0,0,0,0,0,0.6,0,0,0
2019,KOR,7.5,-137.5,0,0,0.01,0,0,0,0.41,0,0,0.04
2019,KOR,7.5,-132.5,0,0,0,0,0,0,0.24,0,0,0
2019,PAN,-22.5,-102.5,1.95,0,0,0,0,0,0,0,0,0
2019,PAN,-22.5,-92.5,3.67,0,0,0,0,0,0,0,0,0
2019,PAN,-22.5,-87.5,1.77,0,0,0,0,0,0,0,0,0
2019,PAN,-17.5,-102.5,15.62,0,0,0,0,0,0,0,0,0
2019,PAN,-17.5,-97.5,1.52,0,0,0,0,0,0,0,0,0
2019,PAN,-17.5,-92.5,3.57,0,0,0,0,0,0,0,0,0
2019,PAN,-12.5,-102.5,0.45,0,0,0,0,0,0,0,0,0
2019,PAN,2.5,-122.5,0.56,0,0,0,0,0,0,0,0,0
2019,PAN,2.5,-117.5,1.75,0,0,0,0,0,0,0,0,0
2019,PAN,2.5,-102.5,14.23,0,0,0,0,0,0,0,0,0
2019,PAN,2.5,-97.5,3.95,0,0,0,0,0,0,0,0,0
2019,PAN,2.5,-92.5,0.18,0,0,0,0,0,0,0,0,0
2019,PAN,7.5,-122.5,1.55,0,0,0,0,0,0,0,0,0
2019,PAN,7.5,-117.5,0.73,0,0,0,0,0,0,0,0,0
2019,PAN,7.5,-102.5,0.02,0,0,0,0,0,0,0,0,0
2019,PAN,7.5,-92.5,0.86,0,0,0,0,0,0,0,0,0
2019,PAN,7.5,-87.5,0.02,0,0,0,0,0,0,0,0,0
2019,PYF,-17.5,-147.5,0,0,0,0,0,0,0,0,0,0
2019,PYF,-17.5,-142.5,0,0,0,0,0,0,0,0,0,0
2019,PYF,-12.5,-147.5,0,0,0,0,0,0,0,0,0,0
2019,PYF,-12.5,-142.5,0,0,0,0,0,0,0,0,0,0
2019,PYF,-7.5,-142.5,0,0,0,0,0,0,0,0,0,0
2019,PYF,-7.5,-137.5,0,0,0,0,0,0,0,0,0,0
2019,TWN,-7.5,-147.5,2.08,0,0,0,0,0,0,0,0,0
2019,TWN,-7.5,-142.5,2.39,0,0,0,0,0,0,0,0,0
2019,TWN,-7.5,-137.5,0.07,0,0,0,0,0,0,0,0,0
2019,TWN,-7.5,-132.5,1.79,0,0,0,0,0,0,0.02,0,0
2019,TWN,-2.5,-147.5,2.24,0,0,0.1,0,0,0,0.02,0,0.12
2019,TWN,-2.5,-142.5,0.57,0,0,0,0,0,0,0,0,0
2019,TWN,2.5,-147.5,0.09,0,0,0,0,0,0,0.02,0,0.01
2019,TWN,2.5,-142.5,1.36,0,0,0.01,0,0,0.02,0,0,0.2
2019,TWN,2.5,-137.5,1.88,0,0,0,0,0,0,0,0,0
2019,TWN,7.5,-147.5,0.18,0,0,0.06,0,0,0,0,0.04,0.17
2019,TWN,7.5,-142.5,0.65,0,0,0,0,0,0.02,0,0.04,0.07
2019,TWN,7.5,-137.5,1.04,0,0,0,0,0,0,0,0,0
2019,USA,17.5,-147.5,0,0,0,0,0,0,0,0,0,0
2019,USA,22.5,-137.5,0,0,0,0,0,0,0,0,0,0
2019,USA,22.5,-132.5,0,0,0,0,0,0,0,0,0,0
2019,USA,27.5,-147.5,0,0,0,0,0,0,0,0,0,0
2019,USA,27.5,-142.5,0,0,0,0,0,0,0,0,0,0
2019,USA,27.5,-137.5,0,0,0,0,0,0,0,0,0,0
2019,USA,27.5,-132.5,0,0,0,0,0,0,0,0,0,0
2019,USA,32.5,-147.5,0,0,0,0,0,0,0,0,0,0
2019,VUT,-37.5,-142.5,0,0,0,0,0,0,0,0,0,0
2019,VUT,-37.5,-137.5,0,0,0,0,0,0,0,0,0,0
2019,VUT,-32.5,-147.5,0,0,0,0,0,0,0,0,0,0
2019,VUT,-32.5,-142.5,0,0,0,0,0,0,0,0,0,0
2019,VUT,-12.5,-147.5,0,0,0,0,0,0,0,0,0,0
2019,VUT,-2.5,-147.5,0,0,0,0,0,0,0,0,0,0
2019,VUT,-2.5,-142.5,0,0,0,0,0,0,0,0,0,0
2019,VUT,-2.5,-137.5,0,0,0,0,0,0,0,0,0,0
2019,VUT,2.5,-122.5,0,0,0,0,0,0,0,0,0,0
2019,VUT,2.5,-117.5,0,0,0,0,0,0,0,0,0,0
2019,VUT,7.5,-117.5,0,0,0,0,0,0,0,0,0,0
2019,CHN,-7.5,-147.5,0,0,0,0,0,0,0,0,0,0
2019,CHN,-7.5,-142.5,0,0,0,0,0,0,0,0,0,0
2019,CHN,-7.5,-137.5,0,0,0,0,0,0,0,0,0,0
2019,CHN,-7.5,-132.5,0,0,0,0,0,0,0,0,0,0
2019,CHN,-2.5,-147.5,0,0,0,0,0,0,0,0,0,0
2019,CHN,-2.5,-142.5,0,0,0,0,0,0,0,0,0,0
2019,CHN,-2.5,-137.5,0,0,0,0,0,0,0,0,0,0
2019,CHN,7.5,-137.5,0,0,0,0,0,0,0,0,0,0
2019,CHN,12.5,-147.5,0,0,0,0,0,0,0,0,0,0
2019,CHN,12.5,-137.5,0,0,0,0,0,0,0,0,0,0
2019,CHN,12.5,-132.5,0,0,0,0,0,0,0,0,0,0
2019,JPN,-27.5,-82.5,0,0,0,0,0,0,0,0,0,0
2019,JPN,-22.5,-97.5,0,0,0,0,0,0,0,0,0,0
2019,JPN,-22.5,-82.5,0,0,0,0,0,0,0,0,0,0
2019,JPN,-22.5,-77.5,0,0,0,0,0,0,0,0,0,0
2019,JPN,-17.5,-107.5,0,0,0,0,0,0,0,0,0,0
2019,JPN,-17.5,-92.5,0,0,0,0,0,0,0,0,0,0
2019,JPN,-17.5,-87.5,0,0,0,0,0,0,0,0,0,0
2019,JPN,-12.5,-127.5,0,0,0,0,0,0,0,0,0,0
2019,JPN,-12.5,-122.5,0,0,0,0,0,0,0,0,0,0
2019,JPN,-7.5,-127.5,0,0,0,0,0,0,0,0,0,0
2019,JPN,2.5,-127.5,0,0,0,0,0,0,0,0,0,0
2019,KOR,2.5,-147.5,0.03,0,0.65,0,0,0,0.54,0,0.09,3.07
2019,KOR,2.5,-142.5,0,0,0,0,0,0,0.54,0,0,0
2019,KOR,2.5,-137.5,0,0,0,0,0,0,0.07,0,0,0
2019,KOR,7.5,-147.5,0,0,0.1,0,0,0,0.01,0,0,0.23
2019,PAN,-17.5,-107.5,8.44,0,0,0,0,0,0,0,0,0
2019,PAN,-17.5,-102.5,3.83,0,0,0,0,0,0,0,0,0
2019,PAN,7.5,-92.5,1.15,0,0,0,0,0,0,0,0,0
2019,PAN,7.5,-87.5,0.3,0,0,0,0,0,0,0,0,0
2019,PYF,-22.5,-147.5,0,0,0,0,0,0,0,0,0,0
2019,PYF,-17.5,-147.5,0,0,0,0,0,0,0,0,0,0
2019,PYF,-17.5,-142.5,0,0,0,0,0,0,0,0,0,0
2019,PYF,-12.5,-147.5,0,0,0,0,0,0,0,0,0,0
2019,PYF,-12.5,-142.5,0,0,0,0,0,0,0,0,0,0
2019,PYF,-12.5,-137.5,0,0,0,0,0,0,0,0,0,0
2019,PYF,-7.5,-142.5,0,0,0,0,0,0,0,0,0,0
2019,PYF,-7.5,-137.5,0,0,0,0,0,0,0,0,0,0
2019,TWN,-12.5,-132.5,1.24,0,0,0,0,0,0,0,0,0
2019,TWN,-7.5,-147.5,4.08,0,0,0.01,0,0,0.06,0.24,0.11,0.39
2019,TWN,-7.5,-142.5,0.52,0,0,0,0,0,0,0,0,0
2019,TWN,-7.5,-137.5,19.72,0,0,0,0,0,0,0,0,0
2019,TWN,-7.5,-132.5,10.89,0,0,0,0,0,0,0.07,0,0
2019,TWN,-2.5,-147.5,1.85,0,0,0.02,0,0,0.09,0.42,0.06,0.42
2019,TWN,-2.5,-142.5,1.15,0,0,0,0,0,0,0,0,0
2019,TWN,-2.5,-137.5,0.19,0,2.11,0,0,0,0,0,0,0
2019,TWN,-2.5,-132.5,0,0,0.62,0.05,0,0,0.1,0,0.07,0.06
2019,TWN,2.5,-147.5,1.91,0,0,0,0,0,0,0.03,0,0
2019,TWN,2.5,-137.5,3.38,0,0,0,0,0,0,0,0,0
2019,TWN,2.5,-132.5,0,0,0.39,0,0,0,0,0,0,0
2019,TWN,7.5,-137.5,0.31,0,0,0,0,0,0,0,0,0
2019,USA,17.5,-147.5,0,0,0,0,0,0,0,0,0,0
2019,USA,22.5,-147.5,0,0,0,0,0,0,0,0,0,0
2019,USA,22.5,-137.5,0,0,0,0,0,0,0,0,0,0
2019,USA,27.5,-147.5,0,0,0,0,0,0,0,0,0,0
2019,USA,27.5,-142.5,0,0,0,0,0,0,0,0,0,0
2019,USA,27.5,-137.5,0,0,0,0,0,0,0,0,0,0
2019,USA,27.5,-132.5,0,0,0,0,0,0,0,0,0,0
2019,USA,32.5,-142.5,0,0,0,0,0,0,0,0,0,0
2019,VUT,-7.5,-137.5,0,0,0,0,0,0,0,0,0,0
2019,VUT,-7.5,-132.5,0,0,0,0,0,0,0,0,0,0
2019,VUT,7.5,-92.5,0,0,0,0,0,0,0,0,0,0
2019,CHN,-12.5,-147.5,0,0,0,0,0,0,0,0,0,0
2019,CHN,-12.5,-142.5,0,0,0,0,0,0,0,0,0,0
2019,CHN,-12.5,-137.5,0,0,0,0,0,0,0,0,0,0
2019,CHN,-12.5,-132.5,0,0,0,0,0,0,0,0,0,0
2019,CHN,-7.5,-147.5,0,0,0,0,0,0,0,0,0,0
2019,CHN,-7.5,-142.5,0,0,0,0,0,0,0,0,0,0
2019,CHN,-7.5,-132.5,0,0,0,0,0,0,0,0,0,0
2019,CHN,-7.5,-117.5,0,0,0,0,0,0,0,0,0,0
2019,CHN,-2.5,-132.5,0,0,0,0,0,0,0,0,0,0
2019,CHN,-2.5,-127.5,0,0,0,0,0,0,0,0,0,0
2019,CHN,-2.5,-122.5,0,0,0,0,0,0,0,0,0,0
2019,CHN,-2.5,-117.5,0,0,0,0,0,0,0,0,0,0
2019,CHN,-2.5,-112.5,0,0,0,0,0,0,0,0,0,0
2019,CHN,2.5,-137.5,0,0,0,0,0,0,0,0,0,0
2019,CHN,2.5,-132.5,0,0,0,0,0,0,0,0,0,0
2019,CHN,2.5,-127.5,0,0,0,0,0,0,0,0,0,0
2019,CHN,2.5,-122.5,0,0,0,0,0,0,0,0,0,0
2019,CHN,2.5,-117.5,0,0,0,0,0,0,0,0,0,0
2019,CHN,2.5,-112.5,0,0,0,0,0,0,0,0,0,0
2019,CHN,2.5,-107.5,0,0,0,0,0,0,0,0,0,0
2019,CHN,2.5,-102.5,0,0,0,0,0,0,0,0,0,0
2019,CHN,7.5,-137.5,0,0,0,0,0,0,0,0,0,0
2019,CHN,7.5,-132.5,0,0,0,0,0,0,0,0,0,0
2019,CHN,7.5,-127.5,0,0,0,0,0,0,0,0,0,0
2019,CHN,7.5,-122.5,0,0,0,0,0,0,0,0,0,0
2019,CHN,7.5,-117.5,0,0,0,0,0,0,0,0,0,0
2019,CHN,7.5,-107.5,0,0,0,0,0,0,0,0,0,0
2019,CHN,7.5,-102.5,0,0,0,0,0,0,0,0,0,0
2019,CHN,12.5,-137.5,0,0,0,0,0,0,0,0,0,0
2019,CHN,12.5,-132.5,0,0,0,0,0,0,0,0,0,0
2019,CHN,12.5,-127.5,0,0,0,0,0,0,0,0,0,0
2019,CHN,12.5,-122.5,0,0,0,0,0,0,0,0,0,0
2019,JPN,-32.5,-82.5,0,0,0,0,0,0,0,0,0,0
2019,JPN,-27.5,-87.5,0,0,0,0,0,0,0,0,0,0
2019,JPN,-27.5,-82.5,0,0,0,0,0,0,0,0,0,0
2019,JPN,-22.5,-87.5,0,0,0,0,0,0,0,0,0,0
2019,JPN,-22.5,-82.5,0,0,0,0,0,0,0,0,0,0
2019,JPN,-17.5,-87.5,0,0,0,0,0,0,0,0,0,0
2019,JPN,-17.5,-82.5,0,0,0,0,0,0,0,0,0,0
2019,JPN,-12.5,-122.5,0,0,0,0,0,0,0,0,0,0
2019,JPN,-12.5,-117.5,0,0,0,0,0,0,0,0,0,0
2019,JPN,-7.5,-127.5,0,0,0,0,0,0,0,0,0,0
2019,KOR,-2.5,-147.5,0,0,0.37,0,0,0,0,0,0.07,0.24
2019,KOR,2.5,-147.5,0,0,0.21,0,0,0,0.85,0,0,0.4
2019,KOR,2.5,-142.5,0,0,0.47,0,0,0,0.79,0,0,1.02
2019,PAN,-22.5,-102.5,0.7,0,0,0,0,0,0,0,0,0
2019,PAN,-22.5,-97.5,1.93,0,0,0,0,0,0,0,0,0
2019,PAN,-17.5,-102.5,11.22,0,0,0,0,0,0,0,0,0
2019,PAN,7.5,-92.5,0.6,0,0,0,0,0,0,0,0,0
2019,PAN,7.5,-87.5,0.99,0,0,0,0,0,0,0,0,0
2019,PYF,-22.5,-147.5,0,0,0,0,0,0,0,0,0,0
2019,PYF,-22.5,-142.5,0,0,0,0,0,0,0,0,0,0
2019,PYF,-17.5,-147.5,0,0,0,0,0,0,0,0,0,0
2019,PYF,-17.5,-142.5,0,0,0,0,0,0,0,0,0,0
2019,PYF,-12.5,-147.5,0,0,0,0,0,0,0,0,0,0
2019,PYF,-12.5,-142.5,0,0,0,0,0,0,0,0,0,0
2019,PYF,-12.5,-137.5,0,0,0,0,0,0,0,0,0,0
2019,TWN,-37.5,-147.5,6.95,0,0,0,0,0,0,0.73,0,0
2019,TWN,-37.5,-142.5,2.42,0,0,0,0,0,0,0.57,0,0
2019,TWN,-32.5,-147.5,4.07,0,0,0,0,0,0,0.39,0,0
2019,TWN,-27.5,-147.5,0.17,0,0,0,0,0,0,0.06,0,0
2019,TWN,-12.5,-147.5,0.11,0,0,0,0,0,0,0,0,0
2019,TWN,-12.5,-137.5,1.87,0,0,0,0,0,0,0,0,0
2019,TWN,-12.5,-132.5,29.7,0,0,0,0,0,0,0.14,0,0.05
2019,TWN,-7.5,-147.5,28.01,0,0,0.24,0,0,0.11,0.74,0.13,0.22
2019,TWN,-7.5,-142.5,3.69,0,0,0,0,0,0,0.09,0,0
2019,TWN,-7.5,-137.5,17.58,0,0,0,0,0,0,0.12,0,0
2019,TWN,-7.5,-132.5,23.61,0,0,0.06,0,0,0,0.05,0,0.15
2019,TWN,-2.5,-147.5,2.46,0,0,0,0,0,0.1,0.1,0,0.23
2019,TWN,-2.5,-142.5,0.77,0,0,0,0,0,0,0,0,0
2019,TWN,-2.5,-137.5,0.18,0,0,0,0,0,0,0,0,0
2019,TWN,-2.5,-132.5,0,0,2.72,0,0,0,0,0.13,1.79,0
2019,TWN,2.5,-147.5,0.89,0,0,0,0,0,0,0,0,0
2019,TWN,2.5,-142.5,0,0,0.11,0,0,0,0,0,0,0
2019,TWN,2.5,-137.5,0,0,1.16,0,0,0,0,0.08,0,0
2019,TWN,2.5,-132.5,0,0,0.04,0,0,0,0,0,0.24,0
2019,TWN,7.5,-147.5,0,0,0.06,0,0,0,0,0,0,0
2019,TWN,7.5,-142.5,0,0,0.58,0,0,0,0,0,0,0
2019,USA,17.5,-147.5,0,0,0,0,0,0,0,0,0,0
2019,USA,22.5,-147.5,0,0,0,0,0,0,0,0,0,0
2019,USA,22.5,-142.5,0,0,0,0,0,0,0,0,0,0
2019,USA,22.5,-137.5,0,0,0,0,0,0,0,0,0,0
2019,USA,22.5,-132.5,0,0,0,0,0,0,0,0,0,0
2019,USA,27.5,-147.5,0,0,0,0,0,0,0,0,0,0
2019,USA,27.5,-142.5,0,0,0,0,0,0,0,0,0,0
2019,USA,27.5,-137.5,0,0,0,0,0,0,0,0,0,0
2019,USA,27.5,-132.5,0,0,0,0,0,0,0,0,0,0
2019,USA,32.5,-142.5,0,0,0,0,0,0,0,0,0,0
2019,USA,32.5,-137.5,0,0,0,0,0,0,0,0,0,0
2019,VUT,-37.5,-147.5,0,0,0,0,0,0,0,0,0,0
2019,VUT,-37.5,-142.5,0,0,0,0,0,0,0,0,0,0
2019,VUT,-32.5,-147.5,0,0,0,0,0,0,0,0,0,0
2019,VUT,-32.5,-142.5,0,0,0,0,0,0,0,0,0,0
2019,VUT,-12.5,-147.5,0,0,0,0,0,0,0,0,0,0
2019,VUT,-12.5,-142.5,0,0,0,0,0,0,0,0,0,0
2019,VUT,-12.5,-132.5,0,0,0,0,0,0,0,0,0,0
2019,VUT,-7.5,-147.5,0,0,0,0,0,0,0,0,0,0
2019,VUT,-7.5,-142.5,0,0,0,0,0,0,0,0,0,0
2019,VUT,-7.5,-137.5,0,0,0,0,0,0,0,0,0,0
2019,VUT,-7.5,-132.5,0,0,0,0,0,0,0,0,0,0
2019,VUT,7.5,-87.5,0,0,0,0,0,0,0,0,0,0
2019,CHN,-17.5,-132.5,0,0,0,0,0,0,0,0,0,0
2019,CHN,-12.5,-147.5,0,0,0,0,0,0,0,0,0,0
2019,CHN,-12.5,-142.5,0,0,0,0,0,0,0,0,0,0
2019,CHN,-12.5,-137.5,0,0,0,0,0,0,0,0,0,0
2019,CHN,-12.5,-132.5,0,0,0,0,0,0,0,0,0,0
2019,CHN,-12.5,-127.5,0,0,0,0,0,0,0,0,0,0
2019,CHN,-7.5,-147.5,0,0,0,0,0,0,0,0,0,0
2019,CHN,-7.5,-142.5,0,0,0,0,0,0,0,0,0,0
2019,CHN,-2.5,-147.5,0,0,0,0,0,0,0,0,0,0
2019,CHN,-2.5,-142.5,0,0,0,0,0,0,0,0,0,0
2019,CHN,-2.5,-132.5,0,0,0,0,0,0,0,0,0,0
2019,CHN,-2.5,-127.5,0,0,0,0,0,0,0,0,0,0
2019,CHN,-2.5,-122.5,0,0,0,0,0,0,0,0,0,0
2019,CHN,-2.5,-117.5,0,0,0,0,0,0,0,0,0,0
2019,CHN,-2.5,-112.5,0,0,0,0,0,0,0,0,0,0
2019,CHN,2.5,-142.5,0,0,0,0,0,0,0,0,0,0
2019,CHN,2.5,-137.5,0,0,0,0,0,0,0,0,0,0
2019,CHN,2.5,-132.5,0,0,0,0,0,0,0,0,0,0
2019,CHN,2.5,-127.5,0,0,0,0,0,0,0,0,0,0
2019,CHN,2.5,-122.5,0,0,0,0,0,0,0,0,0,0
2019,CHN,2.5,-117.5,0,0,0,0,0,0,0,0,0,0
2019,CHN,2.5,-112.5,0,0,0,0,0,0,0,0,0,0
2019,CHN,2.5,-107.5,0,0,0,0,0,0,0,0,0,0
2019,CHN,7.5,-137.5,0,0,0,0,0,0,0,0,0,0
2019,CHN,7.5,-132.5,0,0,0,0,0,0,0,0,0,0
2019,CHN,7.5,-127.5,0,0,0,0,0,0,0,0,0,0
2019,CHN,7.5,-122.5,0,0,0,0,0,0,0,0,0,0
2019,CHN,7.5,-117.5,0,0,0,0,0,0,0,0,0,0
2019,CHN,12.5,-137.5,0,0,0,0,0,0,0,0,0,0
2019,CHN,12.5,-132.5,0,0,0,0,0,0,0,0,0,0
2019,CHN,12.5,-127.5,0,0,0,0,0,0,0,0,0,0
2019,CHN,12.5,-122.5,0,0,0,0,0,0,0,0,0,0
2019,CHN,12.5,-117.5,0,0,0,0,0,0,0,0,0,0
2019,JPN,-22.5,-82.5,0,0,0,0,0,0,0,0,0,0
2019,JPN,-17.5,-97.5,0,0,0,0,0,0,0,0,0,0
2019,JPN,-17.5,-92.5,0,0,0,0,0,0,0,0,0,0
2019,JPN,-17.5,-87.5,0,0,0,0,0,0,0,0,0,0
2019,JPN,-12.5,-117.5,0,0,0,0,0,0,0,0,0,0
2019,JPN,-12.5,-112.5,0,0,0,0,0,0,0,0,0,0
2019,JPN,-12.5,-107.5,0,0,0,0,0,0,0,0,0,0
2019,JPN,-12.5,-97.5,0,0,0,0,0,0,0,0,0,0
2019,JPN,-12.5,-92.5,0,0,0,0,0,0,0,0,0,0
2019,KOR,-7.5,-147.5,0,0,0,0,0,0,0.15,0,0,0
2019,KOR,-7.5,-132.5,0,0,0,0,0,0,0,0.05,0,0.06
2019,KOR,-2.5,-147.5,0,0,0,0,0,0,0.09,0,0,0
2019,KOR,-2.5,-142.5,0,0,0.19,0,0,0,0,0,0,0.15
2019,KOR,2.5,-147.5,0,0,0,0,0,0,0.03,0,0,0.04
2019,KOR,2.5,-142.5,0,0,0.08,0,0,0,0,0,0,0.04
2019,KOR,7.5,-142.5,0,0,0.05,0,0,0,0,0,0,0.12
2019,PAN,-22.5,-97.5,7.94,0,0,0,0,0,0,0,0,0
2019,PAN,-22.5,-92.5,15.5,0,0,0,0,0,0,0,0,0
2019,PAN,-22.5,-87.5,0.98,0,0,0,0,0,0,0,0,0
2019,PAN,-17.5,-102.5,0.59,0,0,0,0,0,0,0,0,0
2019,PAN,-17.5,-97.5,0.74,0,0,0,0,0,0,0,0,0
2019,PAN,-17.5,-92.5,19.17,0,0,0,0,0,0,0,0,0
2019,PAN,-17.5,-87.5,0.97,0,0,0,0,0,0,0,0,0
2019,PAN,-12.5,-92.5,0.27,0,0,0,0,0,0,0,0,0
2019,PAN,-12.5,-87.5,0.5,0,0,0,0,0,0,0,0,0
2019,PAN,2.5,-97.5,0.85,0,0,0,0,0,0,0,0,0
2019,PAN,2.5,-92.5,0.04,0,0,0,0,0,0,0,0,0
2019,PAN,7.5,-97.5,0.05,0,0,0,0,0,0,0,0,0
2019,PAN,7.5,-92.5,1.04,0,0,0,0,0,0,0,0,0
2019,PAN,7.5,-87.5,0.02,0,0,0,0,0,0,0,0,0
2019,PYF,-22.5,-147.5,0,0,0,0,0,0,0,0,0,0
2019,PYF,-22.5,-142.5,0,0,0,0,0,0,0,0,0,0
2019,PYF,-17.5,-147.5,0,0,0,0,0,0,0,0,0,0
2019,PYF,-17.5,-142.5,0,0,0,0,0,0,0,0,0,0
2019,PYF,-12.5,-147.5,0,0,0,0,0,0,0,0,0,0
2019,PYF,-12.5,-142.5,0,0,0,0,0,0,0,0,0,0
2019,PYF,-12.5,-137.5,0,0,0,0,0,0,0,0,0,0
2019,PYF,-7.5,-142.5,0,0,0,0,0,0,0,0,0,0
2019,TWN,-37.5,-147.5,0.18,0,0,0,0,0,0,0.24,0,0
2019,TWN,-32.5,-147.5,22.99,0,0,0,0,0,0,2.43,0,0
2019,TWN,-32.5,-142.5,12.93,0,0,0,0,0,0,1.12,0,0
2019,TWN,-32.5,-137.5,4.42,0,0,0,0,0,0,0.88,0,0
2019,TWN,-27.5,-147.5,0.2,0,0,0,0,0,0,0.07,0,0
2019,TWN,-12.5,-147.5,0.53,0,0,0,0,0,0,0,0,0
2019,TWN,-12.5,-142.5,1.03,0,0,0,0,0,0,0,0,0
2019,TWN,-12.5,-137.5,3.23,0,0,0,0,0,0,0,0,0
2019,TWN,-12.5,-132.5,40.56,0,0,0.1,0,0,0,2.03,0.03,0.2
2019,TWN,-12.5,-127.5,13.6,0,0,0,0,0,0,0.84,0,0
2019,TWN,-12.5,-122.5,1.76,0,0,0,0,0,0,0,0,0
2019,TWN,-12.5,-117.5,0.39,0,0,0,0,0,0,0,0,0
2019,TWN,-7.5,-147.5,26.15,0,0,0.04,0,0,0.31,0.38,0.2,1.3
2019,TWN,-7.5,-142.5,0.59,0,0,0,0,0,0,0,0,0.04
2019,TWN,-7.5,-137.5,1.21,0,0,0,0,0,0,0,0,0
2019,TWN,-7.5,-132.5,15.61,0,0,0.05,0,0,0,0,0,0.09
2019,TWN,-7.5,-127.5,0.33,0,0,0,0,0,0,0,0,0
2019,TWN,-7.5,-122.5,0.2,0,0,0,0,0,0,0,0,0
2019,TWN,-7.5,-117.5,0.23,0,0,0,0,0,0,0,0,0
2019,TWN,-2.5,-147.5,6.25,0,0,0.03,0,0,0.13,0.12,0.14,0.51
2019,TWN,-2.5,-142.5,0.04,0,0,0,0,0,0,0,0,0
2019,TWN,-2.5,-132.5,0.19,0,1.92,0,0,0,0,0.21,0,0
2019,TWN,2.5,-147.5,0.12,0,0,0,0,0,0,0,0,0
2019,USA,17.5,-147.5,0,0,0,0,0,0,0,0,0,0
2019,USA,22.5,-147.5,0,0,0,0,0,0,0,0,0,0
2019,USA,22.5,-137.5,0,0,0,0,0,0,0,0,0,0
2019,USA,22.5,-132.5,0,0,0,0,0,0,0,0,0,0
2019,USA,27.5,-147.5,0,0,0,0,0,0,0,0,0,0
2019,USA,27.5,-142.5,0,0,0,0,0,0,0,0,0,0
2019,USA,27.5,-137.5,0,0,0,0,0,0,0,0,0,0
2019,USA,27.5,-132.5,0,0,0,0,0,0,0,0,0,0
2019,VUT,-37.5,-142.5,0,0,0,0,0,0,0,0,0,0
2019,VUT,-37.5,-137.5,0,0,0,0,0,0,0,0,0,0
2019,VUT,-32.5,-147.5,0,0,0,0,0,0,0,0,0,0
2019,VUT,-32.5,-142.5,0,0,0,0,0,0,0,0,0,0
2019,VUT,-32.5,-137.5,0,0,0,0,0,0,0,0,0,0
2019,VUT,-32.5,-132.5,0,0,0,0,0,0,0,0,0,0
2019,VUT,-12.5,-147.5,0,0,0,0,0,0,0,0,0,0
2019,VUT,-12.5,-142.5,0,0,0,0,0,0,0,0,0,0
2019,VUT,-7.5,-147.5,0,0,0,0,0,0,0,0,0,0
2019,VUT,-7.5,-142.5,0,0,0,0,0,0,0,0,0,0
2019,VUT,7.5,-92.5,0,0,0,0,0,0,0,0,0,0
2019,BLZ,-27.5,-87.5,39.57,0,0,0,0,0,0,3.83,0,0
2019,CHN,-12.5,-147.5,0,0,0,0,0,0,0,0,0,0
2019,CHN,-12.5,-142.5,0,0,0,0,0,0,0,0,0,0
2019,CHN,-12.5,-137.5,0,0,0,0,0,0,0,0,0,0
2019,CHN,-12.5,-132.5,0,0,0,0,0,0,0,0,0,0
2019,CHN,-12.5,-127.5,0,0,0,0,0,0,0,0,0,0
2019,CHN,-12.5,-122.5,0,0,0,0,0,0,0,0,0,0
2019,CHN,-7.5,-147.5,0,0,0,0,0,0,0,0,0,0
2019,CHN,-7.5,-142.5,0,0,0,0,0,0,0,0,0,0
2019,CHN,-7.5,-132.5,0,0,0,0,0,0,0,0,0,0
2019,CHN,-2.5,-147.5,0,0,0,0,0,0,0,0,0,0
2019,CHN,-2.5,-127.5,0,0,0,0,0,0,0,0,0,0
2019,CHN,-2.5,-122.5,0,0,0,0,0,0,0,0,0,0
2019,CHN,-2.5,-117.5,0,0,0,0,0,0,0,0,0,0
2019,CHN,-2.5,-112.5,0,0,0,0,0,0,0,0,0,0
2019,CHN,2.5,-137.5,0,0,0,0,0,0,0,0,0,0
2019,CHN,2.5,-132.5,0,0,0,0,0,0,0,0,0,0
2019,CHN,2.5,-127.5,0,0,0,0,0,0,0,0,0,0
2019,CHN,2.5,-122.5,0,0,0,0,0,0,0,0,0,0
2019,CHN,2.5,-117.5,0,0,0,0,0,0,0,0,0,0
2019,CHN,2.5,-112.5,0,0,0,0,0,0,0,0,0,0
2019,CHN,7.5,-147.5,0,0,0,0,0,0,0,0,0,0
2019,CHN,7.5,-137.5,0,0,0,0,0,0,0,0,0,0
2019,CHN,7.5,-132.5,0,0,0,0,0,0,0,0,0,0
2019,CHN,7.5,-127.5,0,0,0,0,0,0,0,0,0,0
2019,CHN,7.5,-122.5,0,0,0,0,0,0,0,0,0,0
2019,CHN,7.5,-117.5,0,0,0,0,0,0,0,0,0,0
2019,CHN,7.5,-112.5,0,0,0,0,0,0,0,0,0,0
2019,CHN,12.5,-137.5,0,0,0,0,0,0,0,0,0,0
2019,CHN,12.5,-132.5,0,0,0,0,0,0,0,0,0,0
2019,CHN,12.5,-127.5,0,0,0,0,0,0,0,0,0,0
2019,CHN,12.5,-122.5,0,0,0,0,0,0,0,0,0,0
2019,JPN,-17.5,-97.5,0,0,0,0,0,0,0,0,0,0
2019,JPN,-17.5,-92.5,0,0,0,0,0,0,0,0,0,0
2019,JPN,-17.5,-87.5,0,0,0,0,0,0,0,0,0,0
2019,JPN,-12.5,-122.5,0,0,0,0,0,0,0,0,0,0
2019,JPN,-12.5,-117.5,0,0,0,0,0,0,0,0,0,0
2019,JPN,-12.5,-97.5,0,0,0,0,0,0,0,0,0,0
2019,JPN,-12.5,-92.5,0,0,0,0,0,0,0,0,0,0
2019,KOR,-12.5,-127.5,0,0,0.19,0,0,0,0.7,0.25,0.16,1.58
2019,KOR,-7.5,-142.5,0,0,0,0,0,0,0.04,0,0.02,0
2019,PAN,-22.5,-97.5,2.87,0,0,0,0,0,0,0,0,0
2019,PAN,-22.5,-92.5,25.12,0,0,0,0,0,0,0,0,0
2019,PAN,-22.5,-87.5,2.44,0,0,0,0,0,0,0,0,0
2019,PAN,-22.5,-82.5,1.34,0,0,0,0,0,0,0,0,0
2019,PAN,-17.5,-97.5,11.01,0,0,0,0,0,0,0,0,0
2019,PAN,-17.5,-92.5,13.37,0,0,0,0,0,0,0,0,0
2019,PAN,-17.5,-87.5,1.4,0,0,0,0,0,0,0,0,0
2019,PAN,-17.5,-82.5,3.15,0,0,0,0,0,0,0,0,0
2019,PAN,-12.5,-92.5,12.09,0,0,0,0,0,0,0,0,0
2019,PAN,-12.5,-87.5,1.62,0,0,0,0,0,0,0,0,0
2019,PAN,7.5,-92.5,0.82,0,0,0,0,0,0,0,0,0
2019,PAN,7.5,-87.5,0.28,0,0,0,0,0,0,0,0,0
2019,PYF,-27.5,-147.5,0,0,0,0,0,0,0,0,0,0
2019,PYF,-27.5,-142.5,0,0,0,0,0,0,0,0,0,0
2019,PYF,-22.5,-147.5,0,0,0,0,0,0,0,0,0,0
2019,PYF,-22.5,-142.5,0,0,0,0,0,0,0,0,0,0
2019,PYF,-17.5,-147.5,0,0,0,0,0,0,0,0,0,0
2019,PYF,-17.5,-142.5,0,0,0,0,0,0,0,0,0,0
2019,PYF,-17.5,-137.5,0,0,0,0,0,0,0,0,0,0
2019,PYF,-12.5,-147.5,0,0,0,0,0,0,0,0,0,0
2019,PYF,-12.5,-142.5,0,0,0,0,0,0,0,0,0,0
2019,PYF,-12.5,-137.5,0,0,0,0,0,0,0,0,0,0
2019,TWN,-32.5,-147.5,4.62,0,0,0,0,0,0,0.52,0,0
2019,TWN,-32.5,-142.5,4.8,0,0,0,0,0,0,0.3,0,0
2019,TWN,-32.5,-137.5,6.39,0,0,0,0,0,0,0.53,0,0
2019,TWN,-32.5,-132.5,20.2,0,0,0,0,0,0,3.16,0,0
2019,TWN,-32.5,-127.5,42.67,0,0,0,0,0,0,6.68,0,0
2019,TWN,-27.5,-147.5,0.15,0,0,0,0,0,0,0.08,0,0
2019,TWN,-17.5,-132.5,1.6,0,0,0,0,0,0,0.78,0,0
2019,TWN,-17.5,-127.5,0.32,0,0,0,0,0,0,0,0,0
2019,TWN,-12.5,-147.5,2.91,0,0,0,0,0,0,0.06,0,0.06
2019,TWN,-12.5,-142.5,0.71,0,0,0,0,0,0,0.08,0,0
2019,TWN,-12.5,-137.5,7.29,0,0,0,0,0,0,1.33,0,0
2019,TWN,-12.5,-132.5,41.22,0,0,0,0,0,0,3.55,0,0.3
2019,TWN,-12.5,-127.5,18.99,0,0,0,0,0,0,2.54,0,0
2019,TWN,-12.5,-117.5,6.92,0,0,0,0,0,0,0,0,0
2019,TWN,-7.5,-147.5,15.54,0,0,0.13,0,0,0.04,0.1,0,0.23
2019,TWN,-7.5,-142.5,1.01,0,0,0,0,0,0,0.22,0,0.12
2019,TWN,-7.5,-137.5,4.47,0,0,0,0,0,0.02,0,0,0.05
2019,TWN,-7.5,-132.5,12.85,0,0,0.17,0,0,0.22,0.3,0.21,1.12
2019,TWN,-2.5,-147.5,1.75,0,0,0,0,0,0,0,0,0
2019,TWN,-2.5,-132.5,0,0,0.86,0,0,0,0,0.26,7.3,0
2019,USA,22.5,-147.5,0,0,0,0,0,0,0,0,0,0
2019,USA,22.5,-142.5,0,0,0,0,0,0,0,0,0,0
2019,USA,22.5,-137.5,0,0,0,0,0,0,0,0,0,0
2019,USA,22.5,-132.5,0,0,0,0,0,0,0,0,0,0
2019,USA,27.5,-147.5,0,0,0,0,0,0,0,0,0,0
2019,USA,27.5,-142.5,0,0,0,0,0,0,0,0,0,0
2019,USA,27.5,-137.5,0,0,0,0,0,0,0,0,0,0
2019,USA,27.5,-132.5,0,0,0,0,0,0,0,0,0,0
2019,USA,32.5,-147.5,0,0,0,0,0,0,0,0,0,0
2019,USA,32.5,-137.5,0,0,0,0,0,0,0,0,0,0
2019,USA,32.5,-132.5,0,0,0,0,0,0,0,0,0,0
2019,VUT,-32.5,-147.5,0,0,0,0,0,0,0,0,0,0
2019,VUT,-32.5,-142.5,0,0,0,0,0,0,0,0,0,0
2019,VUT,-32.5,-137.5,0,0,0,0,0,0,0,0,0,0
2019,VUT,-32.5,-132.5,0,0,0,0,0,0,0,0,0,0
2019,VUT,-32.5,-127.5,0,0,0,0,0,0,0,0,0,0
2019,VUT,-12.5,-147.5,0,0,0,0,0,0,0,0,0,0
2019,VUT,-12.5,-142.5,0,0,0,0,0,0,0,0,0,0
2019,VUT,-12.5,-132.5,0,0,0,0,0,0,0,0,0,0
2019,VUT,-12.5,-127.5,0,0,0,0,0,0,0,0,0,0
2019,VUT,-7.5,-147.5,0,0,0,0,0,0,0,0,0,0
2019,VUT,-7.5,-142.5,0,0,0,0,0,0,0,0,0,0
2019,VUT,-7.5,-132.5,0,0,0,0,0,0,0,0,0,0
2019,VUT,7.5,-92.5,0,0,0,0,0,0,0,0,0,0
2019,BLZ,-22.5,-92.5,32.92,0,0,0,0,0,0,2.31,0,0
2019,CHN,-12.5,-147.5,0,0,0,0,0,0,0,0,0,0
2019,CHN,-12.5,-142.5,0,0,0,0,0,0,0,0,0,0
2019,CHN,-12.5,-132.5,0,0,0,0,0,0,0,0,0,0
2019,CHN,-12.5,-127.5,0,0,0,0,0,0,0,0,0,0
2019,CHN,-12.5,-122.5,0,0,0,0,0,0,0,0,0,0
2019,CHN,-12.5,-117.5,0,0,0,0,0,0,0,0,0,0
2019,CHN,-7.5,-147.5,0,0,0,0,0,0,0,0,0,0
2019,CHN,-7.5,-142.5,0,0,0,0,0,0,0,0,0,0
2019,CHN,-2.5,-127.5,0,0,0,0,0,0,0,0,0,0
2019,CHN,-2.5,-122.5,0,0,0,0,0,0,0,0,0,0
2019,CHN,-2.5,-117.5,0,0,0,0,0,0,0,0,0,0
2019,CHN,-2.5,-112.5,0,0,0,0,0,0,0,0,0,0
2019,CHN,-2.5,-107.5,0,0,0,0,0,0,0,0,0,0
2019,CHN,-2.5,-102.5,0,0,0,0,0,0,0,0,0,0
2019,CHN,2.5,-147.5,0,0,0,0,0,0,0,0,0,0
2019,CHN,2.5,-137.5,0,0,0,0,0,0,0,0,0,0
2019,CHN,2.5,-132.5,0,0,0,0,0,0,0,0,0,0
2019,CHN,2.5,-127.5,0,0,0,0,0,0,0,0,0,0
2019,CHN,2.5,-122.5,0,0,0,0,0,0,0,0,0,0
2019,CHN,2.5,-117.5,0,0,0,0,0,0,0,0,0,0
2019,CHN,2.5,-112.5,0,0,0,0,0,0,0,0,0,0
2019,CHN,2.5,-107.5,0,0,0,0,0,0,0,0,0,0
2019,CHN,2.5,-102.5,0,0,0,0,0,0,0,0,0,0
2019,CHN,7.5,-147.5,0,0,0,0,0,0,0,0,0,0
2019,CHN,7.5,-137.5,0,0,0,0,0,0,0,0,0,0
2019,CHN,7.5,-132.5,0,0,0,0,0,0,0,0,0,0
2019,CHN,7.5,-127.5,0,0,0,0,0,0,0,0,0,0
2019,CHN,7.5,-122.5,0,0,0,0,0,0,0,0,0,0
2019,CHN,7.5,-117.5,0,0,0,0,0,0,0,0,0,0
2019,CHN,7.5,-112.5,0,0,0,0,0,0,0,0,0,0
2019,CHN,7.5,-107.5,0,0,0,0,0,0,0,0,0,0
2019,CHN,7.5,-102.5,0,0,0,0,0,0,0,0,0,0
2019,CHN,12.5,-137.5,0,0,0,0,0,0,0,0,0,0
2019,CHN,12.5,-132.5,0,0,0,0,0,0,0,0,0,0
2019,CHN,12.5,-127.5,0,0,0,0,0,0,0,0,0,0
2019,CHN,12.5,-122.5,0,0,0,0,0,0,0,0,0,0
2019,CHN,12.5,-112.5,0,0,0,0,0,0,0,0,0,0
2019,CHN,12.5,-102.5,0,0,0,0,0,0,0,0,0,0
2019,JPN,-17.5,-97.5,0,0,0,0,0,0,0,0,0,0
2019,JPN,-17.5,-92.5,0,0,0,0,0,0,0,0,0,0
2019,JPN,-12.5,-117.5,0,0,0,0,0,0,0,0,0,0
2019,JPN,-12.5,-107.5,0,0,0,0,0,0,0,0,0,0
2019,JPN,-12.5,-102.5,0,0,0,0,0,0,0,0,0,0
2019,JPN,-12.5,-97.5,0,0,0,0,0,0,0,0,0,0
2019,JPN,-12.5,-92.5,0,0,0,0,0,0,0,0,0,0
2019,JPN,-7.5,-117.5,0,0,0,0,0,0,0,0,0,0
2019,KOR,-12.5,-127.5,0,0,0.02,0,0,0,0.07,0.25,0.05,0.55
2019,KOR,-12.5,-122.5,0,0,0.02,0,0,0,0.03,0.5,0,0.55
2019,KOR,-7.5,-122.5,0,0,0.03,0,0,0,0,0,0,0
2019,PAN,-32.5,-97.5,0.2,0,0,0,0,0,0,0,0,0
2019,PAN,-27.5,-102.5,0.81,0,0,0,0,0,0,0,0,0
2019,PAN,-27.5,-97.5,3.01,0,0,0,0,0,0,0,0,0
2019,PAN,-27.5,-92.5,0.45,0,0,0,0,0,0,0,0,0
2019,PAN,-22.5,-102.5,2.13,0,0,0,0,0,0,0,0,0
2019,PAN,-22.5,-97.5,2.19,0,0,0,0,0,0,0,0,0
2019,PAN,-22.5,-92.5,7.26,0,0,0,0,0,0,0,0,0
2019,PAN,-17.5,-102.5,1.22,0,0,0,0,0,0,0,0,0
2019,PAN,-17.5,-97.5,10.27,0,0,0,0,0,0,0,0,0
2019,PAN,-17.5,-92.5,17.15,0,0,0,0,0,0,0,0,0
2019,PAN,-17.5,-87.5,2.18,0,0,0,0,0,0,0,0,0
2019,PAN,-12.5,-102.5,4.28,0,0,0,0,0,0,0,0,0
2019,PAN,-12.5,-97.5,4.59,0,0,0,0,0,0,0,0,0
2019,PAN,-12.5,-92.5,19.43,0,0,0,0,0,0,0,0,0
2019,PAN,7.5,-92.5,0.41,0,0,0,0,0,0,0,0,0
2019,PYF,-27.5,-147.5,0,0,0,0,0,0,0,0,0,0
2019,PYF,-27.5,-142.5,0,0,0,0,0,0,0,0,0,0
2019,PYF,-22.5,-147.5,0,0,0,0,0,0,0,0,0,0
2019,PYF,-22.5,-142.5,0,0,0,0,0,0,0,0,0,0
2019,PYF,-17.5,-147.5,0,0,0,0,0,0,0,0,0,0
2019,PYF,-17.5,-142.5,0,0,0,0,0,0,0,0,0,0
2019,PYF,-17.5,-137.5,0,0,0,0,0,0,0,0,0,0
2019,PYF,-12.5,-147.5,0,0,0,0,0,0,0,0,0,0
2019,PYF,-12.5,-142.5,0,0,0,0,0,0,0,0,0,0
2019,PYF,-12.5,-137.5,0,0,0,0,0,0,0,0,0,0
2019,TWN,-32.5,-132.5,1.97,0,0,0,0,0,0,0.53,0,0
2019,TWN,-32.5,-127.5,5.55,0,0,0,0,0,0,1.25,0,0
2019,TWN,-27.5,-137.5,2.1,0,0,0,0,0,0,1.84,0,0
2019,TWN,-27.5,-127.5,1.09,0,0,0,0,0,0,0.72,0,0
2019,TWN,-22.5,-127.5,0.06,0,0,0,0,0,0,0.05,0,0
2019,TWN,-17.5,-132.5,0.79,0,0,0,0,0,0,0.42,0,0
2019,TWN,-17.5,-127.5,1.88,0,0,0,0,0,0,1.38,0,0
2019,TWN,-12.5,-147.5,3.8,0,0,0,0,0,0,0,0,0
2019,TWN,-12.5,-142.5,1.54,0,0,0,0,0,0.06,0.41,0,0.08
2019,TWN,-12.5,-137.5,7.92,0,0,0,0,0,0,2.37,0,0
2019,TWN,-12.5,-132.5,39.32,0,0,0.13,0,0,0.07,4.11,0,0.48
2019,TWN,-12.5,-127.5,18.39,0,0,0,0,0,0,4.01,0,0
2019,TWN,-12.5,-122.5,1.04,0,0,0,0,0,0,0.04,0,0
2019,TWN,-12.5,-117.5,5.5,0,0,0,0,0,0,0,0,0
2019,TWN,-7.5,-147.5,2.99,0,0,0,0,0,0,0,0,0
2019,TWN,-7.5,-142.5,1.12,0,0,0.14,0,0,0,0,0,0.19
2019,TWN,-7.5,-137.5,3.79,0,0,0,0,0,0,0,0,0
2019,TWN,-7.5,-132.5,20.16,0,0,0.24,0,0,0.2,0.77,0.18,1.47
2019,TWN,-2.5,-147.5,0.03,0,0,0,0,0,0,0,0,0
2019,TWN,-2.5,-137.5,0,0,0.67,0,0,0,0.11,0.06,1.04,0
2019,TWN,-2.5,-132.5,0,0,1.22,0,0,0,0,0.03,5.14,0
2019,TWN,37.5,-147.5,2.52,0,0,0,0,0,0,1.16,0,0
2019,TWN,42.5,-147.5,3.24,0,0,0,0,0,0,0.79,0,0
2019,TWN,42.5,-142.5,0.61,0,0,0,0,0,0,0,0,0
2019,USA,22.5,-147.5,0,0,0,0,0,0,0,0,0,0
2019,USA,22.5,-142.5,0,0,0,0,0,0,0,0,0,0
2019,USA,27.5,-147.5,0,0,0,0,0,0,0,0,0,0
2019,USA,32.5,-147.5,0,0,0,0,0,0,0,0,0,0
2019,USA,32.5,-142.5,0,0,0,0,0,0,0,0,0,0
2019,USA,32.5,-137.5,0,0,0,0,0,0,0,0,0,0
2019,VUT,-32.5,-127.5,0,0,0,0,0,0,0,0,0,0
2019,VUT,-32.5,-122.5,0,0,0,0,0,0,0,0,0,0
2019,VUT,-27.5,-127.5,0,0,0,0,0,0,0,0,0,0
2019,VUT,-27.5,-122.5,0,0,0,0,0,0,0,0,0,0
2019,VUT,-17.5,-132.5,0,0,0,0,0,0,0,0,0,0
2019,VUT,-17.5,-127.5,0,0,0,0,0,0,0,0,0,0
2019,VUT,-12.5,-147.5,0,0,0,0,0,0,0,0,0,0
2019,VUT,-12.5,-142.5,0,0,0,0,0,0,0,0,0,0
2019,VUT,-12.5,-137.5,0,0,0,0,0,0,0,0,0,0
2019,VUT,-12.5,-132.5,0,0,0,0,0,0,0,0,0,0
2019,VUT,-12.5,-127.5,0,0,0,0,0,0,0,0,0,0
2019,VUT,-7.5,-147.5,0,0,0,0,0,0,0,0,0,0
2019,VUT,-7.5,-142.5,0,0,0,0,0,0,0,0,0,0
2019,VUT,-7.5,-132.5,0,0,0,0,0,0,0,0,0,0
2019,VUT,-2.5,-147.5,0,0,0,0,0,0,0,0,0,0
2019,VUT,7.5,-92.5,0,0,0,0,0,0,0,0,0,0
2019,BLZ,-22.5,-92.5,23.22,0,0,0,0,0,0,0.64,0,0
2019,CHN,-12.5,-147.5,0,0,0,0,0,0,0,0,0,0
2019,CHN,-12.5,-142.5,0,0,0,0,0,0,0,0,0,0
2019,CHN,-12.5,-132.5,0,0,0,0,0,0,0,0,0,0
2019,CHN,-12.5,-127.5,0,0,0,0,0,0,0,0,0,0
2019,CHN,-7.5,-147.5,0,0,0,0,0,0,0,0,0,0
2019,CHN,-7.5,-142.5,0,0,0,0,0,0,0,0,0,0
2019,CHN,-2.5,-147.5,0,0,0,0,0,0,0,0,0,0
2019,CHN,-2.5,-142.5,0,0,0,0,0,0,0,0,0,0
2019,CHN,-2.5,-122.5,0,0,0,0,0,0,0,0,0,0
2019,CHN,-2.5,-117.5,0,0,0,0,0,0,0,0,0,0
2019,CHN,-2.5,-112.5,0,0,0,0,0,0,0,0,0,0
2019,CHN,-2.5,-107.5,0,0,0,0,0,0,0,0,0,0
2019,CHN,-2.5,-102.5,0,0,0,0,0,0,0,0,0,0
2019,CHN,2.5,-147.5,0,0,0,0,0,0,0,0,0,0
2019,CHN,2.5,-142.5,0,0,0,0,0,0,0,0,0,0
2019,CHN,2.5,-137.5,0,0,0,0,0,0,0,0,0,0
2019,CHN,2.5,-132.5,0,0,0,0,0,0,0,0,0,0
2019,CHN,2.5,-127.5,0,0,0,0,0,0,0,0,0,0
2019,CHN,2.5,-122.5,0,0,0,0,0,0,0,0,0,0
2019,CHN,2.5,-117.5,0,0,0,0,0,0,0,0,0,0
2019,CHN,2.5,-112.5,0,0,0,0,0,0,0,0,0,0
2019,CHN,2.5,-107.5,0,0,0,0,0,0,0,0,0,0
2019,CHN,2.5,-102.5,0,0,0,0,0,0,0,0,0,0
2019,CHN,7.5,-147.5,0,0,0,0,0,0,0,0,0,0
2019,CHN,7.5,-142.5,0,0,0,0,0,0,0,0,0,0
2019,CHN,7.5,-137.5,0,0,0,0,0,0,0,0,0,0
2019,CHN,7.5,-132.5,0,0,0,0,0,0,0,0,0,0
2019,CHN,7.5,-127.5,0,0,0,0,0,0,0,0,0,0
2019,CHN,7.5,-122.5,0,0,0,0,0,0,0,0,0,0
2019,CHN,7.5,-117.5,0,0,0,0,0,0,0,0,0,0
2019,CHN,7.5,-112.5,0,0,0,0,0,0,0,0,0,0
2019,CHN,12.5,-142.5,0,0,0,0,0,0,0,0,0,0
2019,CHN,12.5,-137.5,0,0,0,0,0,0,0,0,0,0
2019,CHN,12.5,-132.5,0,0,0,0,0,0,0,0,0,0
2019,CHN,12.5,-127.5,0,0,0,0,0,0,0,0,0,0
2019,CHN,12.5,-122.5,0,0,0,0,0,0,0,0,0,0
2019,CHN,12.5,-117.5,0,0,0,0,0,0,0,0,0,0
2019,JPN,-12.5,-117.5,0,0,0,0,0,0,0,0,0,0
2019,JPN,-12.5,-112.5,0,0,0,0,0,0,0,0,0,0
2019,JPN,-12.5,-107.5,0,0,0,0,0,0,0,0,0,0
2019,JPN,-12.5,-102.5,0,0,0,0,0,0,0,0,0,0
2019,JPN,-7.5,-112.5,0,0,0,0,0,0,0,0,0,0
2019,KOR,-12.5,-122.5,0,0,0,0,0,0,0.08,0.45,0.46,1.52
2019,PAN,-22.5,-97.5,2.04,0,0,0,0,0,0,0,0,0
2019,PAN,-17.5,-102.5,8.27,0,0,0,0,0,0,0,0,0
2019,PAN,-17.5,-97.5,8.18,0,0,0,0,0,0,0,0,0
2019,PAN,-17.5,-92.5,25.99,0,0,0,0,0,0,0,0,0
2019,PAN,-12.5,-102.5,4.81,0,0,0,0,0,0,0,0,0
2019,PAN,-12.5,-97.5,2.8,0,0,0,0,0,0,0,0,0
2019,PAN,-12.5,-92.5,1.49,0,0,0,0,0,0,0,0,0
2019,PAN,7.5,-92.5,0.3,0,0,0,0,0,0,0,0,0
2019,PYF,-27.5,-147.5,0,0,0,0,0,0,0,0,0,0
2019,PYF,-27.5,-142.5,0,0,0,0,0,0,0,0,0,0
2019,PYF,-22.5,-147.5,0,0,0,0,0,0,0,0,0,0
2019,PYF,-22.5,-142.5,0,0,0,0,0,0,0,0,0,0
2019,PYF,-17.5,-147.5,0,0,0,0,0,0,0,0,0,0
2019,PYF,-17.5,-142.5,0,0,0,0,0,0,0,0,0,0
2019,PYF,-17.5,-137.5,0,0,0,0,0,0,0,0,0,0
2019,PYF,-12.5,-147.5,0,0,0,0,0,0,0,0,0,0
2019,PYF,-12.5,-142.5,0,0,0,0,0,0,0,0,0,0
2019,PYF,-12.5,-137.5,0,0,0,0,0,0,0,0,0,0
2019,PYF,-7.5,-137.5,0,0,0,0,0,0,0,0,0,0
2019,TWN,-17.5,-132.5,2.03,0,0,0,0,0,0,0.13,0,0
2019,TWN,-17.5,-127.5,5.48,0,0,0,0,0,0,1.78,0,0
2019,TWN,-17.5,-122.5,0.03,0,0,0,0,0,0,0.11,0,0
2019,TWN,-12.5,-147.5,0.1,0,0,0,0,0,0,0,0,0
2019,TWN,-12.5,-142.5,0.1,0,0,0,0,0,0,0.19,0,0.16
2019,TWN,-12.5,-137.5,8.52,0,0,0,0,0,0,0.79,0,0.05
2019,TWN,-12.5,-132.5,36.91,0,0,0.03,0,0,0.23,1.12,0.05,0.55
2019,TWN,-12.5,-127.5,18.17,0,0,0,0,0,0,0.84,0,0
2019,TWN,-12.5,-122.5,2.04,0,0,0,0,0,0,0,0,0
2019,TWN,-12.5,-117.5,2.48,0,0,0,0,0,0,0,0,0
2019,TWN,-7.5,-147.5,9.31,0,0,0,0,0,0,0,0,0
2019,TWN,-7.5,-142.5,1.28,0,0,0.26,0,0,0.11,0.26,0.08,0
2019,TWN,-7.5,-137.5,0.52,0,0,0,0,0,0,0,0,0.1
2019,TWN,-7.5,-132.5,7.9,0,0,0.02,0,0,0.09,0.05,0.12,0.52
2019,TWN,-7.5,-122.5,0.81,0,0,0,0,0,0,0,0,0
2019,TWN,-2.5,-147.5,0.53,0,0,0,0,0,0,0,0,0
2019,TWN,-2.5,-137.5,0.12,0,1.32,0,0,0,0,0.16,1.95,0
2019,TWN,2.5,-147.5,0.03,0,0,0,0,0,0,0,0,0
2019,TWN,2.5,-142.5,0,0,0.33,0,0,0,0,0,0.14,0
2019,TWN,32.5,-147.5,0.1,0,0,0,0,0,0,0.11,0,0
2019,TWN,37.5,-147.5,0.41,0,0,0,0,0,0,0.47,0,0
2019,TWN,37.5,-142.5,0.87,0,0,0,0,0,0,1.11,0,0
2019,TWN,42.5,-147.5,2.41,0,0,0,0,0,0,0.72,0,0
2019,USA,17.5,-147.5,0,0,0,0,0,0,0,0,0,0
2019,USA,22.5,-147.5,0,0,0,0,0,0,0,0,0,0
2019,USA,22.5,-142.5,0,0,0,0,0,0,0,0,0,0
2019,USA,22.5,-137.5,0,0,0,0,0,0,0,0,0,0
2019,USA,22.5,-132.5,0,0,0,0,0,0,0,0,0,0
2019,USA,27.5,-147.5,0,0,0,0,0,0,0,0,0,0
2019,VUT,-12.5,-142.5,0,0,0,0,0,0,0,0,0,0
2019,VUT,-12.5,-132.5,0,0,0,0,0,0,0,0,0,0
2019,VUT,-7.5,-147.5,0,0,0,0,0,0,0,0,0,0
2019,VUT,-7.5,-142.5,0,0,0,0,0,0,0,0,0,0
2019,VUT,-7.5,-137.5,0,0,0,0,0,0,0,0,0,0
2019,VUT,-7.5,-132.5,0,0,0,0,0,0,0,0,0,0
2019,BLZ,-22.5,-102.5,0.79,0,0,0,0,0,0,0,0,0
2019,CHN,-12.5,-147.5,0,0,0,0,0,0,0,0,0,0
2019,CHN,-12.5,-142.5,0,0,0,0,0,0,0,0,0,0
2019,CHN,-12.5,-132.5,0,0,0,0,0,0,0,0,0,0
2019,CHN,-12.5,-127.5,0,0,0,0,0,0,0,0,0,0
2019,CHN,-12.5,-122.5,0,0,0,0,0,0,0,0,0,0
2019,CHN,-7.5,-147.5,0,0,0,0,0,0,0,0,0,0
2019,CHN,-7.5,-142.5,0,0,0,0,0,0,0,0,0,0
2019,CHN,-7.5,-127.5,0,0,0,0,0,0,0,0,0,0
2019,CHN,-7.5,-112.5,0,0,0,0,0,0,0,0,0,0
2019,CHN,-7.5,-107.5,0,0,0,0,0,0,0,0,0,0
2019,CHN,-7.5,-102.5,0,0,0,0,0,0,0,0,0,0
2019,CHN,-2.5,-147.5,0,0,0,0,0,0,0,0,0,0
2019,CHN,-2.5,-142.5,0,0,0,0,0,0,0,0,0,0
2019,CHN,-2.5,-137.5,0,0,0,0,0,0,0,0,0,0
2019,CHN,-2.5,-127.5,0,0,0,0,0,0,0,0,0,0
2019,CHN,-2.5,-122.5,0,0,0,0,0,0,0,0,0,0
2019,CHN,-2.5,-117.5,0,0,0,0,0,0,0,0,0,0
2019,CHN,-2.5,-112.5,0,0,0,0,0,0,0,0,0,0
2019,CHN,-2.5,-107.5,0,0,0,0,0,0,0,0,0,0
2019,CHN,-2.5,-102.5,0,0,0,0,0,0,0,0,0,0
2019,CHN,2.5,-137.5,0,0,0,0,0,0,0,0,0,0
2019,CHN,2.5,-132.5,0,0,0,0,0,0,0,0,0,0
2019,CHN,2.5,-127.5,0,0,0,0,0,0,0,0,0,0
2019,CHN,2.5,-122.5,0,0,0,0,0,0,0,0,0,0
2019,CHN,2.5,-117.5,0,0,0,0,0,0,0,0,0,0
2019,CHN,2.5,-112.5,0,0,0,0,0,0,0,0,0,0
2019,CHN,2.5,-107.5,0,0,0,0,0,0,0,0,0,0
2019,CHN,2.5,-102.5,0,0,0,0,0,0,0,0,0,0
2019,CHN,2.5,-97.5,0,0,0,0,0,0,0,0,0,0
2019,CHN,7.5,-137.5,0,0,0,0,0,0,0,0,0,0
2019,CHN,7.5,-132.5,0,0,0,0,0,0,0,0,0,0
2019,CHN,7.5,-127.5,0,0,0,0,0,0,0,0,0,0
2019,CHN,7.5,-122.5,0,0,0,0,0,0,0,0,0,0
2019,CHN,7.5,-117.5,0,0,0,0,0,0,0,0,0,0
2019,CHN,7.5,-112.5,0,0,0,0,0,0,0,0,0,0
2019,CHN,7.5,-107.5,0,0,0,0,0,0,0,0,0,0
2019,CHN,7.5,-102.5,0,0,0,0,0,0,0,0,0,0
2019,CHN,12.5,-137.5,0,0,0,0,0,0,0,0,0,0
2019,CHN,12.5,-132.5,0,0,0,0,0,0,0,0,0,0
2019,CHN,12.5,-127.5,0,0,0,0,0,0,0,0,0,0
2019,CHN,12.5,-122.5,0,0,0,0,0,0,0,0,0,0
2019,CHN,12.5,-117.5,0,0,0,0,0,0,0,0,0,0
2019,CHN,12.5,-112.5,0,0,0,0,0,0,0,0,0,0
2019,JPN,-12.5,-112.5,0,0,0,0,0,0,0,0,0,0
2019,JPN,-12.5,-107.5,0,0,0,0,0,0,0,0,0,0
2019,JPN,-7.5,-127.5,0,0,0,0,0,0,0,0,0,0
2019,JPN,-7.5,-112.5,0,0,0,0,0,0,0,0,0,0
2019,KOR,-12.5,-127.5,0,0,0,0,0,0,0.03,0,0,0.01
2019,KOR,-12.5,-122.5,0,0,0,0,0,0,0.02,0.08,0.04,1.39
2019,KOR,-12.5,-117.5,0,0,0,0,0,0,0,0,0.05,0.02
2019,KOR,-7.5,-127.5,0,0,0,0,0,0,0.02,0,0,0
2019,KOR,-2.5,-137.5,0,0,0,0,0,0,0.14,0,0,0
2019,PAN,-22.5,-97.5,1.15,0,0,0,0,0,0,0,0,0
2019,PAN,-22.5,-92.5,1.28,0,0,0,0,0,0,0,0,0
2019,PAN,-17.5,-102.5,23.81,0,0,0,0,0,0,0,0,0
2019,PAN,-17.5,-97.5,10.58,0,0,0,0,0,0,0,0,0
2019,PAN,-17.5,-92.5,8.54,0,0,0,0,0,0,0,0,0
2019,PAN,-12.5,-102.5,0.17,0,0,0,0,0,0,0,0,0
2019,PAN,-12.5,-97.5,1.04,0,0,0,0,0,0,0,0,0
2019,PAN,-12.5,-92.5,2.15,0,0,0,0,0,0,0,0,0
2019,PAN,-7.5,-102.5,0.09,0,0,0,0,0,0,0,0,0
2019,PAN,-2.5,-97.5,0.34,0,0,0,0,0,0,0,0,0
2019,PAN,7.5,-97.5,0.01,0,0,0,0,0,0,0,0,0
2019,PAN,7.5,-92.5,0.13,0,0,0,0,0,0,0,0,0
2019,PYF,-22.5,-147.5,0,0,0,0,0,0,0,0,0,0
2019,PYF,-22.5,-142.5,0,0,0,0,0,0,0,0,0,0
2019,PYF,-17.5,-147.5,0,0,0,0,0,0,0,0,0,0
2019,PYF,-17.5,-142.5,0,0,0,0,0,0,0,0,0,0
2019,PYF,-12.5,-147.5,0,0,0,0,0,0,0,0,0,0
2019,PYF,-12.5,-142.5,0,0,0,0,0,0,0,0,0,0
2019,PYF,-12.5,-137.5,0,0,0,0,0,0,0,0,0,0
2019,PYF,-7.5,-142.5,0,0,0,0,0,0,0,0,0,0
2019,TWN,-17.5,-132.5,4.7,0,0,0,0,0,0,0.23,0,0
2019,TWN,-17.5,-127.5,1.4,0,0,0,0,0,0,0.31,0,0
2019,TWN,-12.5,-147.5,0.02,0,0,0,0,0,0,0,0,0
2019,TWN,-12.5,-142.5,0.06,0,0,0,0,0,0,0,0,0.06
2019,TWN,-12.5,-137.5,3.27,0,0,0,0,0,0,0.11,0,0.18
2019,TWN,-12.5,-132.5,18.35,0,0,0,0,0,0,0.17,0,0
2019,TWN,-12.5,-127.5,23.77,0,0,0,0,0,0,0.33,0,0
2019,TWN,-12.5,-122.5,4.65,0,0,0,0,0,0,0,0,0
2019,TWN,-7.5,-147.5,5.29,0,0,0,0,0,0,0.13,0,0
2019,TWN,-7.5,-142.5,1.15,0,0,0,0,0,0,0.07,0,0.2
2019,TWN,-7.5,-137.5,13.94,0,0,0,0,0,0,0.25,0,0
2019,TWN,-7.5,-132.5,22.8,0,0,0,0,0,0.09,0.74,0,0.05
2019,TWN,-7.5,-127.5,8.68,0,0,0,0,0,0,0.14,0,0
2019,TWN,-7.5,-122.5,1.35,0,0,0,0,0,0,0,0,0
2019,TWN,-2.5,-147.5,1.74,0,0,0,0,0,0,0.08,0,0
2019,TWN,-2.5,-142.5,1.16,0,0,0.19,0,0,0.66,0.46,0.63,2.2
2019,TWN,-2.5,-137.5,1.62,0,0,0.09,0,0,0,0.46,0.2,0.85
2019,TWN,-2.5,-132.5,3.04,0,0,0.06,0,0,0.06,1.36,0,0.44
2019,TWN,2.5,-147.5,0.5,0,0,0,0,0,0,0.15,0,0
2019,TWN,27.5,-147.5,0.22,0,0,0,0,0,0,0.09,0,0
2019,TWN,32.5,-147.5,29.85,0,0,0,0,0,0,16.12,0,0
2019,TWN,32.5,-142.5,4.87,0,0,0,0,0,0,3.57,0,0
2019,TWN,32.5,-137.5,0,0,0,0,0,0,0,0.09,0,0
2019,TWN,37.5,-147.5,0.07,0,0,0,0,0,0,0.61,0,0
2019,TWN,37.5,-142.5,0,0,0,0,0,0,0,0.16,0,0
2019,USA,22.5,-147.5,0,0,0,0,0,0,0,0,0,0
2019,USA,22.5,-142.5,0,0,0,0,0,0,0,0,0,0
2019,USA,22.5,-137.5,0,0,0,0,0,0,0,0,0,0
2019,USA,22.5,-132.5,0,0,0,0,0,0,0,0,0,0
2019,USA,27.5,-147.5,0,0,0,0,0,0,0,0,0,0
2019,USA,27.5,-142.5,0,0,0,0,0,0,0,0,0,0
2019,USA,27.5,-137.5,0,0,0,0,0,0,0,0,0,0
2019,USA,32.5,-132.5,0,0,0,0,0,0,0,0,0,0
2019,VUT,-12.5,-142.5,0,0,0,0,0,0,0,0,0,0
2019,VUT,-12.5,-132.5,0,0,0,0,0,0,0,0,0,0
2019,VUT,-7.5,-147.5,0,0,0,0,0,0,0,0,0,0
2019,VUT,-7.5,-137.5,0,0,0,0,0,0,0,0,0,0
2019,VUT,-7.5,-132.5,0,0,0,0,0,0,0,0,0,0
2019,VUT,-2.5,-147.5,0,0,0,0,0,0,0,0,0,0
2019,VUT,-2.5,-142.5,0,0,0,0,0,0,0,0,0,0
2019,VUT,-2.5,-137.5,0,0,0,0,0,0,0,0,0,0
2019,VUT,2.5,-147.5,0,0,0,0,0,0,0,0,0,0
2019,VUT,32.5,-142.5,0,0,0,0,0,0,0,0,0,0
2020,BLZ,2.5,-107.5,4.75,0,0,0,0,0,0,0,0,0
2020,CHN,-17.5,-132.5,0,0,0,0,0,0,0,0,0,0
2020,CHN,-12.5,-142.5,0,0,0,0,0,0,0,0,0,0
2020,CHN,-12.5,-137.5,0,0,0,0,0,0,0,0,0,0
2020,CHN,-12.5,-132.5,0,0,0,0,0,0,0,0,0,0
2020,CHN,-7.5,-147.5,0,0,0,0,0,0,0,0,0,0
2020,CHN,-7.5,-142.5,0,0,0,0,0,0,0,0,0,0
2020,CHN,-7.5,-122.5,0,0,0,0,0,0,0,0,0,0
2020,CHN,-7.5,-117.5,0,0,0,0,0,0,0,0,0,0
2020,CHN,-2.5,-147.5,0,0,0,0,0,0,0,0,0,0
2020,CHN,-2.5,-142.5,0,0,0,0,0,0,0,0,0,0
2020,CHN,-2.5,-127.5,0,0,0,0,0,0,0,0,0,0
2020,CHN,-2.5,-122.5,0,0,0,0,0,0,0,0,0,0
2020,CHN,-2.5,-117.5,0,0,0,0,0,0,0,0,0,0
2020,CHN,-2.5,-112.5,0,0,0,0,0,0,0,0,0,0
2020,CHN,-2.5,-107.5,0,0,0,0,0,0,0,0,0,0
2020,CHN,-2.5,-102.5,0,0,0,0,0,0,0,0,0,0
2020,CHN,-2.5,-97.5,0,0,0,0,0,0,0,0,0,0
2020,CHN,2.5,-147.5,0,0,0,0,0,0,0,0,0,0
2020,CHN,2.5,-127.5,0,0,0,0,0,0,0,0,0,0
2020,CHN,2.5,-122.5,0,0,0,0,0,0,0,0,0,0
2020,CHN,2.5,-117.5,0,0,0,0,0,0,0,0,0,0
2020,CHN,2.5,-112.5,0,0,0,0,0,0,0,0,0,0
2020,CHN,2.5,-107.5,0,0,0,0,0,0,0,0,0,0
2020,CHN,2.5,-102.5,0,0,0,0,0,0,0,0,0,0
2020,CHN,2.5,-97.5,0,0,0,0,0,0,0,0,0,0
2020,CHN,7.5,-142.5,0,0,0,0,0,0,0,0,0,0
2020,CHN,7.5,-122.5,0,0,0,0,0,0,0,0,0,0
2020,CHN,7.5,-117.5,0,0,0,0,0,0,0,0,0,0
2020,CHN,7.5,-112.5,0,0,0,0,0,0,0,0,0,0
2020,CHN,12.5,-117.5,0,0,0,0,0,0,0,0,0,0
2020,CHN,12.5,-112.5,0,0,0,0,0,0,0,0,0,0
2020,JPN,-17.5,-122.5,0,0,0,0,0,0,0,0,0,0
2020,JPN,-17.5,-117.5,0,0,0,0,0,0,0,0,0,0
2020,JPN,-12.5,-127.5,0,0,0,0,0,0,0,0,0,0
2020,JPN,-12.5,-122.5,0,0,0,0,0,0,0,0,0,0
2020,JPN,-12.5,-117.5,0,0,0,0,0,0,0,0,0,0
2020,JPN,-12.5,-112.5,0,0,0,0,0,0,0,0,0,0
2020,JPN,-12.5,-107.5,0,0,0,0,0,0,0,0,0,0
2020,JPN,-12.5,-102.5,0,0,0,0,0,0,0,0,0,0
2020,JPN,-7.5,-127.5,0,0,0,0,0,0,0,0,0,0
2020,JPN,-7.5,-117.5,0,0,0,0,0,0,0,0,0,0
2020,JPN,-7.5,-112.5,0,0,0,0,0,0,0,0,0,0
2020,JPN,-7.5,-107.5,0,0,0,0,0,0,0,0,0,0
2020,JPN,-7.5,-102.5,0,0,0,0,0,0,0,0,0,0
2020,KOR,-12.5,-122.5,0,0,0,0.02,0,0,0.03,0,0,0.08
2020,KOR,-7.5,-132.5,0,0,0,0,0,0,0.03,0,0,0.05
2020,KOR,-2.5,-147.5,0,0,0,0,0,0,0.15,0,0,0
2020,KOR,-2.5,-137.5,0,0,0,0,0,0,0.04,0,0,0
2020,KOR,2.5,-147.5,0,0,0,0,0,0,0.82,0,0,0
2020,KOR,2.5,-142.5,0,0,0,0,0,0,0.24,0,0,0
2020,KOR,2.5,-137.5,0,0,0,0.04,0,0,0.69,0,0,0.16
2020,KOR,7.5,-147.5,0,0,0,0,0,0,0.43,0,0,0
2020,KOR,7.5,-142.5,0,0,0,0,0,0,0.12,0,0,0
2020,PAN,-22.5,-97.5,1.09,0,0,0,0,0,0,0,0,0
2020,PAN,-22.5,-92.5,0.06,0,0,0,0,0,0,0,0,0
2020,PAN,-17.5,-102.5,6.6,0,0,0,0,0,0,0,0,0
2020,PAN,-17.5,-97.5,25.87,0,0,0,0,0,0,0,0,0
2020,PAN,-17.5,-92.5,1.42,0,0,0,0,0,0,0,0,0
2020,PAN,-12.5,-102.5,1.35,0,0,0,0,0,0,0,0,0
2020,PAN,-12.5,-97.5,17.76,0,0,0,0,0,0,0,0,0
2020,PAN,-7.5,-92.5,0.04,0,0,0,0,0,0,0,0,0
2020,PAN,-2.5,-97.5,0.38,0,0,0,0,0,0,0,0,0
2020,PYF,-22.5,-147.5,0,0,0,0,0,0,0,0,0,0
2020,PYF,-22.5,-142.5,0,0,0,0,0,0,0,0,0,0
2020,PYF,-17.5,-147.5,0,0,0,0,0,0,0,0,0,0
2020,PYF,-17.5,-142.5,0,0,0,0,0,0,0,0,0,0
2020,PYF,-17.5,-137.5,0,0,0,0,0,0,0,0,0,0
2020,PYF,-12.5,-147.5,0,0,0,0,0,0,0,0,0,0
2020,PYF,-12.5,-142.5,0,0,0,0,0,0,0,0,0,0
2020,PYF,-12.5,-137.5,0,0,0,0,0,0,0,0,0,0
2020,PYF,-7.5,-142.5,0,0,0,0,0,0,0,0,0,0
2020,TWN,-17.5,-132.5,4.91,0,0,0,0,0,0,0.3,0,0
2020,TWN,-17.5,-127.5,1.17,0,0,0,0,0,0,0,0,0
2020,TWN,-12.5,-147.5,0.02,0,0,0,0,0,0,0,0,0
2020,TWN,-12.5,-142.5,0.2,0,0,0,0,0,0,0,0,0
2020,TWN,-12.5,-132.5,3.97,0,0,0,0,0,0,0,0,0
2020,TWN,-12.5,-127.5,3.38,0,0,0,0,0,0,0,0,0
2020,TWN,-12.5,-122.5,0.13,0,0.04,0,0,0,0,0,0,0
2020,TWN,-7.5,-147.5,2.65,0,0,0,0,0,0,0.1,0,0
2020,TWN,-7.5,-142.5,1.79,0,0,0,0,0,0.16,0.11,0.18,1.12
2020,TWN,-7.5,-137.5,13.56,0,0,0,0,0,0,0.14,0,0
2020,TWN,-7.5,-132.5,8.7,0,0,0,0,0,0,0.15,0,0
2020,TWN,-7.5,-127.5,12.85,0,0,0,0,0,0,0.16,0,0
2020,TWN,-7.5,-122.5,2.67,0,0,0,0,0,0,0.33,0,0
2020,TWN,-2.5,-147.5,2.57,0,0,0.14,0,0,0.07,0.6,0,0.29
2020,TWN,-2.5,-142.5,1.67,0,0,0.39,0,0,0.23,1.02,0.23,0.71
2020,TWN,-2.5,-137.5,2.43,0,0,0,0,0,0,0.95,0.01,0.02
2020,TWN,-2.5,-132.5,4.53,0,0.11,0,0,0,0,0.58,0,0
2020,TWN,-2.5,-127.5,1.92,0,0,0,0,0,0,0,0,0
2020,TWN,2.5,-147.5,5.66,0,0,0,0,0,0.05,0.09,0.05,0.11
2020,TWN,2.5,-142.5,2.34,0,0,0,0,0,0.1,0.14,0,0
2020,TWN,2.5,-137.5,0.28,0,0,0,0,0,0,0,0,0
2020,TWN,27.5,-147.5,1.17,0,0,0,0,0,0,0.35,0,0
2020,TWN,27.5,-142.5,0.58,0,0,0,0,0,0,0.1,0,0
2020,TWN,32.5,-147.5,25.35,0,0,0,0,0,0,7.65,0,0
2020,TWN,32.5,-142.5,0.3,0,0,0,0,0,0,0.71,0,0
2020,TWN,32.5,-137.5,0,0,0,0,0,0,0,0.24,0,0
2020,USA,22.5,-147.5,0,0,0,0,0,0,0,0,0,0
2020,USA,22.5,-122.5,0,0,0,0,0,0,0,0,0,0
2020,USA,27.5,-147.5,0,0,0,0,0,0,0,0,0,0
2020,USA,32.5,-137.5,0,0,0,0,0,0,0,0,0,0
2020,USA,32.5,-132.5,0,0,0,0,0,0,0,0,0,0
2020,USA,37.5,-132.5,0,0,0,0,0,0,0,0,0,0
2020,VUT,-12.5,-127.5,0.96,0,0,0,0,0,0,0,0,0
2020,VUT,-7.5,-147.5,0.15,0,0,0,0,0,0,0,0,0
2020,VUT,-7.5,-137.5,1.2,0,0,0,0,0,0,0,0,0
2020,VUT,-7.5,-132.5,0.16,0,0,0,0,0,0,0,0,0
2020,VUT,-7.5,-127.5,1.06,0,0,0,0,0,0,0,0,0
2020,VUT,-7.5,-122.5,0.36,0,0,0,0,0,0,0,0,0
2020,VUT,-2.5,-147.5,0.94,0,0,0,0,0,0,0.5,0,0
2020,VUT,-2.5,-142.5,0.02,0,0,0,0,0,0,0,0,0
2020,VUT,-2.5,-137.5,0.06,0,0,0,0,0,0,0,0,0
2020,VUT,2.5,-147.5,0.06,0,0,0,0,0,0,0.17,0,0
2020,VUT,2.5,-142.5,0.04,0,0,0,0,0,0,0,0,0
2020,VUT,7.5,-92.5,0.29,0,0,0,0,0,0,0,0,0
2020,VUT,22.5,-147.5,0,0,0,0.14,0,0,0,0,0,0
2020,VUT,32.5,-142.5,0,0,0,2.51,0,0,0,0,0,0
2020,VUT,32.5,-137.5,0,0,0,0.14,0,0,0,0,0,0
2020,CHN,-17.5,-132.5,0,0,0,0,0,0,0,0,0,0
2020,CHN,-12.5,-147.5,0,0,0,0,0,0,0,0,0,0
2020,CHN,-12.5,-142.5,0,0,0,0,0,0,0,0,0,0
2020,CHN,-12.5,-137.5,0,0,0,0,0,0,0,0,0,0
2020,CHN,-12.5,-132.5,0,0,0,0,0,0,0,0,0,0
2020,CHN,-7.5,-147.5,0,0,0,0,0,0,0,0,0,0
2020,CHN,-7.5,-142.5,0,0,0,0,0,0,0,0,0,0
2020,CHN,-7.5,-132.5,0,0,0,0,0,0,0,0,0,0
2020,CHN,-7.5,-127.5,0,0,0,0,0,0,0,0,0,0
2020,CHN,-7.5,-112.5,0,0,0,0,0,0,0,0,0,0
2020,CHN,-7.5,-107.5,0,0,0,0,0,0,0,0,0,0
2020,CHN,-2.5,-147.5,0,0,0,0,0,0,0,0,0,0
2020,CHN,-2.5,-142.5,0,0,0,0,0,0,0,0,0,0
2020,CHN,-2.5,-137.5,0,0,0,0,0,0,0,0,0,0
2020,CHN,-2.5,-132.5,0,0,0,0,0,0,0,0,0,0
2020,CHN,-2.5,-127.5,0,0,0,0,0,0,0,0,0,0
2020,CHN,-2.5,-122.5,0,0,0,0,0,0,0,0,0,0
2020,CHN,-2.5,-117.5,0,0,0,0,0,0,0,0,0,0
2020,CHN,-2.5,-112.5,0,0,0,0,0,0,0,0,0,0
2020,CHN,-2.5,-107.5,0,0,0,0,0,0,0,0,0,0
2020,CHN,-2.5,-102.5,0,0,0,0,0,0,0,0,0,0
2020,CHN,-2.5,-97.5,0,0,0,0,0,0,0,0,0,0
2020,CHN,2.5,-147.5,0,0,0,0,0,0,0,0,0,0
2020,CHN,2.5,-132.5,0,0,0,0,0,0,0,0,0,0
2020,CHN,2.5,-127.5,0,0,0,0,0,0,0,0,0,0
2020,CHN,2.5,-122.5,0,0,0,0,0,0,0,0,0,0
2020,CHN,2.5,-117.5,0,0,0,0,0,0,0,0,0,0
2020,CHN,2.5,-112.5,0,0,0,0,0,0,0,0,0,0
2020,CHN,2.5,-107.5,0,0,0,0,0,0,0,0,0,0
2020,CHN,2.5,-102.5,0,0,0,0,0,0,0,0,0,0
2020,CHN,2.5,-97.5,0,0,0,0,0,0,0,0,0,0
2020,CHN,7.5,-147.5,0,0,0,0,0,0,0,0,0,0
2020,CHN,7.5,-127.5,0,0,0,0,0,0,0,0,0,0
2020,CHN,7.5,-122.5,0,0,0,0,0,0,0,0,0,0
2020,CHN,7.5,-117.5,0,0,0,0,0,0,0,0,0,0
2020,CHN,12.5,-127.5,0,0,0,0,0,0,0,0,0,0
2020,CHN,12.5,-122.5,0,0,0,0,0,0,0,0,0,0
2020,CHN,12.5,-117.5,0,0,0,0,0,0,0,0,0,0
2020,CHN,12.5,-112.5,0,0,0,0,0,0,0,0,0,0
2020,CHN,12.5,-102.5,0,0,0,0,0,0,0,0,0,0
2020,JPN,-17.5,-112.5,0,0,0,0,0,0,0,0,0,0
2020,JPN,-12.5,-122.5,0,0,0,0,0,0,0,0,0,0
2020,JPN,-12.5,-117.5,0,0,0,0,0,0,0,0,0,0
2020,JPN,-12.5,-112.5,0,0,0,0,0,0,0,0,0,0
2020,JPN,-12.5,-107.5,0,0,0,0,0,0,0,0,0,0
2020,JPN,-12.5,-102.5,0,0,0,0,0,0,0,0,0,0
2020,JPN,-7.5,-122.5,0,0,0,0,0,0,0,0,0,0
2020,JPN,-7.5,-117.5,0,0,0,0,0,0,0,0,0,0
2020,JPN,-7.5,-112.5,0,0,0,0,0,0,0,0,0,0
2020,JPN,-7.5,-107.5,0,0,0,0,0,0,0,0,0,0
2020,KOR,-7.5,-137.5,0,0,0,0,0,0,0.12,0,0.04,0.17
2020,KOR,-7.5,-132.5,0,0,0,0,0,0,0,0,0,0.19
2020,KOR,-7.5,-127.5,0,0,0,0,0,0,0.02,0,0,0.13
2020,KOR,-7.5,-122.5,0,0,0,0.24,0,0,0,0,0,0.07
2020,KOR,-2.5,-142.5,0,0,0,0,0,0,0.02,0,0,0
2020,KOR,-2.5,-137.5,0,0,0,0,0,0,0.02,0,0,0
2020,KOR,-2.5,-127.5,0,0,0,0,0,0,0,0,0,0.03
2020,KOR,2.5,-147.5,0,0,0,0,0,0,0.02,0,0,0.02
2020,KOR,2.5,-142.5,0,0,0,0,0,0,0.59,0,0,0
2020,KOR,2.5,-137.5,0,0,0,0,0,0,0.54,0,0,0
2020,PAN,-22.5,-102.5,1.92,0,0,0,0,0,0,0,0,0
2020,PAN,-22.5,-97.5,0.37,0,0,0,0,0,0,0,0,0
2020,PAN,-17.5,-107.5,1.87,0,0,0,0,0,0,0,0,0
2020,PAN,-17.5,-102.5,9.01,0,0,0,0,0,0,0,0,0
2020,PAN,-17.5,-97.5,3.71,0,0,0,0,0,0,0,0,0
2020,PAN,-12.5,-102.5,13.62,0,0,0,0,0,0,0,0,0
2020,PAN,-12.5,-97.5,3.42,0,0,0,0,0,0,0,0,0
2020,PAN,7.5,-102.5,0.18,0,0,0,0,0,0,0,0,0
2020,PAN,7.5,-92.5,0.06,0,0,0,0,0,0,0,0,0
2020,PYF,-22.5,-147.5,0,0,0,0,0,0,0,0,0,0
2020,PYF,-22.5,-142.5,0,0,0,0,0,0,0,0,0,0
2020,PYF,-17.5,-147.5,0,0,0,0,0,0,0,0,0,0
2020,PYF,-17.5,-142.5,0,0,0,0,0,0,0,0,0,0
2020,PYF,-17.5,-137.5,0,0,0,0,0,0,0,0,0,0
2020,PYF,-12.5,-147.5,0,0,0,0,0,0,0,0,0,0
2020,PYF,-12.5,-142.5,0,0,0,0,0,0,0,0,0,0
2020,PYF,-12.5,-137.5,0,0,0,0,0,0,0,0,0,0
2020,PYF,-7.5,-142.5,0,0,0,0,0,0,0,0,0,0
2020,TWN,-17.5,-132.5,0.75,0,0,0,0,0,0,0,0,0
2020,TWN,-12.5,-147.5,0.22,0,0,0,0,0,0,0,0,0
2020,TWN,-12.5,-142.5,0.37,0,0,0,0,0,0,0.09,0,0
2020,TWN,-12.5,-137.5,0.01,0,0,0,0,0,0,0,0,0
2020,TWN,-12.5,-132.5,1.77,0,0,0,0,0,0,0,0,0
2020,TWN,-7.5,-147.5,8.84,0,0,0,0,0,0.04,0,0.06,0.13
2020,TWN,-7.5,-142.5,3.06,0,0,0,0,0,0,0.01,0,0
2020,TWN,-7.5,-137.5,1.64,0,0,0,0,0,0,0,0,0
2020,TWN,-7.5,-132.5,10.68,0,0,0,0,0,0,0,0,0
2020,TWN,-7.5,-127.5,9.97,0,0,0,0,0,0,0.2,0,0
2020,TWN,-7.5,-122.5,2.35,0,0,0,0,0,0,0.02,0,0
2020,TWN,-7.5,-117.5,0.65,0,0,0,0,0,0,0,0,0
2020,TWN,-2.5,-147.5,1.43,0,0,0.07,0,0,0.06,0.43,0.01,0.22
2020,TWN,-2.5,-142.5,0.98,0,0.31,0,0,0,0,1.75,0,0
2020,TWN,-2.5,-137.5,0.59,0,0,0,0,0,0,0.4,0,0
2020,TWN,-2.5,-132.5,0.61,0,0,0,0,0,0,0.02,0,0
2020,TWN,-2.5,-127.5,0.05,0,0,0,0,0,0,0,0,0
2020,TWN,2.5,-147.5,2.53,0,4.00E-03,0,0,0,0,0.4,0,0
2020,TWN,2.5,-142.5,0.38,0,0.42,0,0,0,0,0.94,0,0
2020,TWN,2.5,-137.5,0.23,0,0,0,0,0,0,0,0,0
2020,TWN,7.5,-147.5,2.46,0,0,0,0,0,0,0,0,0
2020,TWN,27.5,-142.5,0.25,0,0,0,0,0,0,1.99,0,0
2020,TWN,27.5,-137.5,0,0,0,0,0,0,0,0.22,0,0
2020,TWN,32.5,-147.5,0.82,0,0,0,0,0,0,0.11,0,0
2020,USA,17.5,-147.5,0,0,0,0,0,0,0,0,0,0
2020,USA,17.5,-122.5,0,0,0,0,0,0,0,0,0,0
2020,USA,22.5,-147.5,0,0,0,0,0,0,0,0,0,0
2020,USA,22.5,-122.5,0,0,0,0,0,0,0,0,0,0
2020,USA,27.5,-147.5,0,0,0,0,0,0,0,0,0,0
2020,USA,32.5,-137.5,0,0,0,0,0,0,0,0,0,0
2020,VUT,-7.5,-147.5,1.01,0,0,0,0,0,0,0,0,0
2020,VUT,-7.5,-142.5,0.29,0,0,0,0,0,0,0,0,0
2020,VUT,-7.5,-137.5,0.85,0,0,0,0,0,0,0,0,0
2020,VUT,-7.5,-132.5,2.2,0,0,0,0,0,0,0,0,0
2020,VUT,-7.5,-127.5,0.46,0,0,0,0,0,0,0,0,0
2020,VUT,-7.5,-122.5,0.29,0,0,0,0,0,0,0,0,0
2020,VUT,-2.5,-147.5,0.24,0,0,0,0,0,0,0.58,0,0
2020,VUT,-2.5,-142.5,0.13,0,0,0,0,0,0,0,0,0
2020,VUT,2.5,-147.5,0.87,0,0,0,0,0,0,0.2,0,0
2020,VUT,2.5,-107.5,0.15,0,0,0,0,0,0,0,0,0
2020,VUT,7.5,-107.5,0.23,0,0,0,0,0,0,0,0,0
2020,VUT,7.5,-102.5,0.64,0,0,0,0,0,0,0,0,0
2020,VUT,7.5,-97.5,0.1,0,0,0,0,0,0,0,0,0
2020,VUT,7.5,-92.5,0.46,0,0,0,0,0,0,0,0,0
2020,VUT,27.5,-142.5,0,0,0,0.34,0,0,0,0,0,0
2020,VUT,27.5,-137.5,0,0,0,0.37,0,0,0,0,0,0
2020,VUT,32.5,-137.5,0,0,0,0.32,0,0,0,0,0,0
2020,BLZ,-7.5,-97.5,9.67,0,0,0,0,0,0,0,0,0
2020,CHN,-32.5,-132.5,0,0,0,0,0,0,0,0,0,0
2020,CHN,-12.5,-147.5,0,0,0,0,0,0,0,0,0,0
2020,CHN,-12.5,-137.5,0,0,0,0,0,0,0,0,0,0
2020,CHN,-12.5,-132.5,0,0,0,0,0,0,0,0,0,0
2020,CHN,-7.5,-147.5,0,0,0,0,0,0,0,0,0,0
2020,CHN,-7.5,-142.5,0,0,0,0,0,0,0,0,0,0
2020,CHN,-7.5,-132.5,0,0,0,0,0,0,0,0,0,0
2020,CHN,-7.5,-127.5,0,0,0,0,0,0,0,0,0,0
2020,CHN,-7.5,-107.5,0,0,0,0,0,0,0,0,0,0
2020,CHN,-2.5,-147.5,0,0,0,0,0,0,0,0,0,0
2020,CHN,-2.5,-137.5,0,0,0,0,0,0,0,0,0,0
2020,CHN,-2.5,-132.5,0,0,0,0,0,0,0,0,0,0
2020,CHN,-2.5,-122.5,0,0,0,0,0,0,0,0,0,0
2020,CHN,-2.5,-117.5,0,0,0,0,0,0,0,0,0,0
2020,CHN,-2.5,-112.5,0,0,0,0,0,0,0,0,0,0
2020,CHN,-2.5,-107.5,0,0,0,0,0,0,0,0,0,0
2020,CHN,-2.5,-102.5,0,0,0,0,0,0,0,0,0,0
2020,CHN,-2.5,-97.5,0,0,0,0,0,0,0,0,0,0
2020,CHN,2.5,-137.5,0,0,0,0,0,0,0,0,0,0
2020,CHN,2.5,-127.5,0,0,0,0,0,0,0,0,0,0
2020,CHN,2.5,-122.5,0,0,0,0,0,0,0,0,0,0
2020,CHN,2.5,-117.5,0,0,0,0,0,0,0,0,0,0
2020,CHN,2.5,-112.5,0,0,0,0,0,0,0,0,0,0
2020,CHN,2.5,-107.5,0,0,0,0,0,0,0,0,0,0
2020,CHN,2.5,-102.5,0,0,0,0,0,0,0,0,0,0
2020,CHN,2.5,-97.5,0,0,0,0,0,0,0,0,0,0
2020,CHN,7.5,-132.5,0,0,0,0,0,0,0,0,0,0
2020,CHN,7.5,-127.5,0,0,0,0,0,0,0,0,0,0
2020,CHN,7.5,-122.5,0,0,0,0,0,0,0,0,0,0
2020,CHN,7.5,-117.5,0,0,0,0,0,0,0,0,0,0
2020,CHN,7.5,-112.5,0,0,0,0,0,0,0,0,0,0
2020,CHN,12.5,-127.5,0,0,0,0,0,0,0,0,0,0
2020,CHN,12.5,-122.5,0,0,0,0,0,0,0,0,0,0
2020,CHN,12.5,-117.5,0,0,0,0,0,0,0,0,0,0
2020,CHN,12.5,-112.5,0,0,0,0,0,0,0,0,0,0
2020,JPN,-32.5,-82.5,0,0,0,0,0,0,0,0,0,0
2020,JPN,-22.5,-77.5,0,0,0,0,0,0,0,0,0,0
2020,JPN,-17.5,-117.5,0,0,0,0,0,0,0,0,0,0
2020,JPN,-17.5,-112.5,0,0,0,0,0,0,0,0,0,0
2020,JPN,-17.5,-97.5,0,0,0,0,0,0,0,0,0,0
2020,JPN,-12.5,-117.5,0,0,0,0,0,0,0,0,0,0
2020,JPN,-12.5,-112.5,0,0,0,0,0,0,0,0,0,0
2020,JPN,-12.5,-107.5,0,0,0,0,0,0,0,0,0,0
2020,JPN,-12.5,-102.5,0,0,0,0,0,0,0,0,0,0
2020,JPN,-12.5,-97.5,0,0,0,0,0,0,0,0,0,0
2020,JPN,-7.5,-112.5,0,0,0,0,0,0,0,0,0,0
2020,JPN,-7.5,-107.5,0,0,0,0,0,0,0,0,0,0
2020,KOR,-2.5,-142.5,0,0,0,0,0,0,0.19,0,0,0
2020,KOR,-2.5,-137.5,0,0,0,0,0,0,0.01,0,0,0
2020,KOR,2.5,-147.5,0,0,0,0.07,0,0,0.13,0,0,0.3
2020,KOR,2.5,-142.5,0,0,0,0,0,0,0.08,0,0,0
2020,KOR,2.5,-137.5,0,0,0,0,0,0,0.02,0,0,0
2020,PAN,-22.5,-102.5,7.71,0,0,0,0,0,0,0,0,0
2020,PAN,-22.5,-97.5,2.14,0,0,0,0,0,0,0,0,0
2020,PAN,-17.5,-102.5,5.51,0,0,0,0,0,0,0,0,0
2020,PAN,-17.5,-97.5,1.31,0,0,0,0,0,0,0,0,0
2020,PAN,-17.5,-92.5,8.2,0,0,0,0,0,0,0,0,0
2020,PAN,-12.5,-107.5,0.52,0,0,0,0,0,0,0,0,0
2020,PAN,-12.5,-102.5,12.21,0,0,0,0,0,0,0,0,0
2020,PAN,-12.5,-97.5,18.94,0,0,0,0,0,0,0,0,0
2020,PAN,-12.5,-92.5,5.23,0,0,0,0,0,0,0,0,0
2020,PAN,2.5,-97.5,0.02,0,0,0,0,0,0,0,0,0
2020,PAN,7.5,-97.5,0.28,0,0,0,0,0,0,0,0,0
2020,PYF,-22.5,-147.5,0,0,0,0,0,0,0,0,0,0
2020,PYF,-22.5,-142.5,0,0,0,0,0,0,0,0,0,0
2020,PYF,-17.5,-147.5,0,0,0,0,0,0,0,0,0,0
2020,PYF,-17.5,-142.5,0,0,0,0,0,0,0,0,0,0
2020,PYF,-17.5,-137.5,0,0,0,0,0,0,0,0,0,0
2020,PYF,-12.5,-147.5,0,0,0,0,0,0,0,0,0,0
2020,PYF,-12.5,-142.5,0,0,0,0,0,0,0,0,0,0
2020,PYF,-12.5,-137.5,0,0,0,0,0,0,0,0,0,0
2020,PYF,-7.5,-142.5,0,0,0,0,0,0,0,0,0,0
2020,PYF,-7.5,-137.5,0,0,0,0,0,0,0,0,0,0
2020,TWN,-12.5,-147.5,0.18,0,0,0,0,0,0,0,0,0
2020,TWN,-12.5,-142.5,0.02,0,0,0,0,0,0,0.1,0,0
2020,TWN,-12.5,-132.5,4.57,0,0,0,0,0,0,0,0,0
2020,TWN,-7.5,-147.5,3.84,0,0,0,0,0,0,0.26,0,0
2020,TWN,-7.5,-142.5,2.67,0,0,0,0,0,0,0.13,0,0
2020,TWN,-7.5,-137.5,1.85,0,0,0,0,0,0,0,0,0
2020,TWN,-7.5,-132.5,25.68,0,0,0.06,0,0,0,0,0,0.13
2020,TWN,-7.5,-127.5,6.34,0,0,0,0,0,0,0,0,0
2020,TWN,-7.5,-122.5,3.89,0,0,0,0,0,0,0,0,0
2020,TWN,-7.5,-117.5,1.24,0,0,0,0,0,0,0,0,0
2020,TWN,-2.5,-147.5,1.08,0,1.85,0,0,0,0,0.43,0,0
2020,TWN,-2.5,-142.5,0.38,0,0,0,0,0,0,0.39,0,0
2020,TWN,-2.5,-137.5,0.35,0,0,0,0,0,0,0.02,0,0
2020,TWN,-2.5,-132.5,0.13,0,0,0,0,0,0,0,0,0
2020,TWN,-2.5,-127.5,0.44,0,0,0,0,0,0,0,0,0
2020,TWN,-2.5,-122.5,0.85,0,0,0,0,0,0,0,0,0
2020,TWN,2.5,-147.5,2.36,0,0.84,0.15,0,0,0.22,0.29,0.21,0.89
2020,TWN,2.5,-142.5,1.4,0,0,0.14,0,0,0,0.08,0,0.53
2020,TWN,2.5,-137.5,1.33,0,0,0,0,0,0,0,0,0
2020,TWN,7.5,-147.5,0.61,0,0,0,0,0,0,0,0,0
2020,TWN,7.5,-142.5,0.13,0,0,0.03,0,0,0.02,0,0.03,0.1
2020,USA,22.5,-137.5,0,0,0,0,0,0,0,0,0,0
2020,USA,22.5,-127.5,0,0,0,0,0,0,0,0,0,0
2020,USA,32.5,-147.5,0,0,0,0,0,0,0,0,0,0
2020,VUT,-27.5,-122.5,0,0,0,0.12,0,0,0,0,0,0
2020,VUT,-12.5,-122.5,0.4,0,0,0,0,0,0,0,0,0
2020,VUT,-12.5,-97.5,2.31,0,0,0,0,0,0,0,0,0
2020,VUT,-12.5,-92.5,5.78,0,0,0,0,0,0,0,0,0
2020,VUT,-7.5,-137.5,0.31,0,0,0,0,0,0,0,0,0
2020,VUT,-7.5,-132.5,6.83,0,0,0,0,0,0,0,0,0
2020,VUT,-7.5,-127.5,0.7,0,0,0,0,0,0,0,0,0
2020,VUT,-7.5,-122.5,0.82,0,0,0,0,0,0,0,0,0
2020,VUT,-2.5,-147.5,2.96,0,0,0.04,0,0,0,0.14,0,0
2020,VUT,-2.5,-142.5,0.01,0,0,0,0,0,0,0,0,0
2020,VUT,-2.5,-137.5,0.03,0,0,0,0,0,0,0,0,0
2020,VUT,2.5,-147.5,3.28,0,0,0.07,0,0,0,0,0,0
2020,VUT,2.5,-137.5,0.59,0,0,0,0,0,0,0,0,0
2020,VUT,2.5,-102.5,0.35,0,0,0,0,0,0,0,0,0
2020,VUT,2.5,-97.5,0.5,0,0,0,0,0,0,0,0,0
2020,VUT,7.5,-147.5,0.67,0,0,0,0,0,0,0.04,0,0
2020,VUT,7.5,-102.5,0.45,0,0,0,0,0,0,0,0,0
2020,VUT,7.5,-97.5,1.33,0,0,0,0,0,0,0,0,0
2020,CHN,-32.5,-132.5,0,0,0,0,0,0,0,0,0,0
2020,CHN,-17.5,-132.5,0,0,0,0,0,0,0,0,0,0
2020,CHN,-12.5,-147.5,0,0,0,0,0,0,0,0,0,0
2020,CHN,-12.5,-142.5,0,0,0,0,0,0,0,0,0,0
2020,CHN,-12.5,-137.5,0,0,0,0,0,0,0,0,0,0
2020,CHN,-12.5,-132.5,0,0,0,0,0,0,0,0,0,0
2020,CHN,-12.5,-127.5,0,0,0,0,0,0,0,0,0,0
2020,CHN,-7.5,-147.5,0,0,0,0,0,0,0,0,0,0
2020,CHN,-7.5,-142.5,0,0,0,0,0,0,0,0,0,0
2020,CHN,-7.5,-132.5,0,0,0,0,0,0,0,0,0,0
2020,CHN,-2.5,-147.5,0,0,0,0,0,0,0,0,0,0
2020,CHN,-2.5,-142.5,0,0,0,0,0,0,0,0,0,0
2020,CHN,-2.5,-137.5,0,0,0,0,0,0,0,0,0,0
2020,CHN,-2.5,-132.5,0,0,0,0,0,0,0,0,0,0
2020,CHN,-2.5,-127.5,0,0,0,0,0,0,0,0,0,0
2020,CHN,-2.5,-122.5,0,0,0,0,0,0,0,0,0,0
2020,CHN,-2.5,-117.5,0,0,0,0,0,0,0,0,0,0
2020,CHN,-2.5,-112.5,0,0,0,0,0,0,0,0,0,0
2020,CHN,-2.5,-107.5,0,0,0,0,0,0,0,0,0,0
2020,CHN,2.5,-137.5,0,0,0,0,0,0,0,0,0,0
2020,CHN,2.5,-132.5,0,0,0,0,0,0,0,0,0,0
2020,CHN,2.5,-127.5,0,0,0,0,0,0,0,0,0,0
2020,CHN,2.5,-122.5,0,0,0,0,0,0,0,0,0,0
2020,CHN,2.5,-117.5,0,0,0,0,0,0,0,0,0,0
2020,CHN,2.5,-112.5,0,0,0,0,0,0,0,0,0,0
2020,CHN,2.5,-107.5,0,0,0,0,0,0,0,0,0,0
2020,CHN,2.5,-102.5,0,0,0,0,0,0,0,0,0,0
2020,CHN,2.5,-97.5,0,0,0,0,0,0,0,0,0,0
2020,CHN,7.5,-132.5,0,0,0,0,0,0,0,0,0,0
2020,CHN,7.5,-127.5,0,0,0,0,0,0,0,0,0,0
2020,CHN,7.5,-122.5,0,0,0,0,0,0,0,0,0,0
2020,CHN,7.5,-117.5,0,0,0,0,0,0,0,0,0,0
2020,CHN,7.5,-102.5,0,0,0,0,0,0,0,0,0,0
2020,CHN,12.5,-142.5,0,0,0,0,0,0,0,0,0,0
2020,CHN,12.5,-137.5,0,0,0,0,0,0,0,0,0,0
2020,CHN,12.5,-132.5,0,0,0,0,0,0,0,0,0,0
2020,CHN,12.5,-127.5,0,0,0,0,0,0,0,0,0,0
2020,CHN,12.5,-122.5,0,0,0,0,0,0,0,0,0,0
2020,CHN,12.5,-117.5,0,0,0,0,0,0,0,0,0,0
2020,JPN,-37.5,-82.5,0,0,0,0,0,0,0,0,0,0
2020,JPN,-32.5,-87.5,0,0,0,0,0,0,0,0,0,0
2020,JPN,-32.5,-82.5,0,0,0,0,0,0,0,0,0,0
2020,JPN,-32.5,-77.5,0,0,0,0,0,0,0,0,0,0
2020,JPN,-27.5,-82.5,0,0,0,0,0,0,0,0,0,0
2020,JPN,-27.5,-77.5,0,0,0,0,0,0,0,0,0,0
2020,JPN,-22.5,-82.5,0,0,0,0,0,0,0,0,0,0
2020,JPN,-22.5,-77.5,0,0,0,0,0,0,0,0,0,0
2020,JPN,-17.5,-117.5,0,0,0,0,0,0,0,0,0,0
2020,JPN,-17.5,-97.5,0,0,0,0,0,0,0,0,0,0
2020,JPN,-17.5,-92.5,0,0,0,0,0,0,0,0,0,0
2020,JPN,-17.5,-87.5,0,0,0,0,0,0,0,0,0,0
2020,JPN,-12.5,-122.5,0,0,0,0,0,0,0,0,0,0
2020,JPN,-12.5,-117.5,0,0,0,0,0,0,0,0,0,0
2020,JPN,-12.5,-102.5,0,0,0,0,0,0,0,0,0,0
2020,JPN,-12.5,-97.5,0,0,0,0,0,0,0,0,0,0
2020,JPN,-7.5,-122.5,0,0,0,0,0,0,0,0,0,0
2020,KOR,2.5,-147.5,0,0,0,0,0,0,0.05,0,0,0
2020,KOR,2.5,-137.5,0,0,0,0,0,0,0.01,0,0,0
2020,KOR,2.5,-132.5,0,0,0,0,0,0,0.06,0,0,0
2020,KOR,2.5,-127.5,0,0,0,0.06,0,0,0.03,0,0.09,0
2020,KOR,7.5,-142.5,0,0,0,0,0,0,0.27,0,0,0
2020,PAN,-27.5,-92.5,0.12,0,0,0,0,0,0,0,0,0
2020,PAN,-22.5,-107.5,1.84,0,0,0,0,0,0,0,0,0
2020,PAN,-22.5,-102.5,0.48,0,0,0,0,0,0,0,0,0
2020,PAN,-22.5,-97.5,2.49,0,0,0,0,0,0,0,0,0
2020,PAN,-22.5,-92.5,0.55,0,0,0,0,0,0,0,0,0
2020,PAN,-17.5,-107.5,3.22,0,0,0,0,0,0,0,0,0
2020,PAN,-17.5,-102.5,18.89,0,0,0,0,0,0,0,0,0
2020,PAN,-17.5,-97.5,0.97,0,0,0,0,0,0,0,0,0
2020,PAN,-17.5,-92.5,10.72,0,0,0,0,0,0,0,0,0
2020,PAN,-12.5,-97.5,7.59,0,0,0,0,0,0,0,0,0
2020,PAN,-12.5,-92.5,17.05,0,0,0,0,0,0,0,0,0
2020,PAN,7.5,-92.5,1.09,0,0,0,0,0,0,0,0,0
2020,PYF,-22.5,-147.5,0,0,0,0,0,0,0,0,0,0
2020,PYF,-22.5,-142.5,0,0,0,0,0,0,0,0,0,0
2020,PYF,-17.5,-147.5,0,0,0,0,0,0,0,0,0,0
2020,PYF,-17.5,-142.5,0,0,0,0,0,0,0,0,0,0
2020,PYF,-12.5,-147.5,0,0,0,0,0,0,0,0,0,0
2020,PYF,-12.5,-142.5,0,0,0,0,0,0,0,0,0,0
2020,PYF,-12.5,-137.5,0,0,0,0,0,0,0,0,0,0
2020,PYF,-7.5,-142.5,0,0,0,0,0,0,0,0,0,0
2020,PYF,-7.5,-137.5,0,0,0,0,0,0,0,0,0,0
2020,TWN,-32.5,-127.5,0,0,0,0,0,0,0,0.54,0,0
2020,TWN,-27.5,-147.5,0.04,0,0,0,0,0,0,0,0,0
2020,TWN,-12.5,-147.5,0.12,0,0,0,0,0,0,0,0,0
2020,TWN,-12.5,-132.5,22.79,0,0,0,0,0,0,0.21,0,0
2020,TWN,-7.5,-147.5,1.63,0,0,0,0,0,0,0.13,0,0
2020,TWN,-7.5,-142.5,2.81,0,0,0,0,0,0,0.02,0,0
2020,TWN,-7.5,-137.5,0.14,0,0,0,0,0,0,0,0,0
2020,TWN,-7.5,-132.5,9.02,0,0,0,0,0,0,0.14,0,0
2020,TWN,-7.5,-127.5,1.54,0,0,0,0,0,0,0,0,0
2020,TWN,-7.5,-122.5,1.7,0,0,0,0,0,0,0,0,0
2020,TWN,-7.5,-117.5,2.42,0,0,0,0,0,0,0,0,0
2020,TWN,-2.5,-147.5,0.77,0,0,0,0,0,0,0.45,0,0
2020,TWN,-2.5,-142.5,2.34,0,0,0.06,0,0,0.15,1.63,0.09,0.16
2020,TWN,-2.5,-137.5,0.88,0,0.57,0,0,0,0.23,0.16,2.5,0
2020,TWN,-2.5,-132.5,0.44,0,0.19,0,0,0,0,0.08,1.12,0
2020,TWN,-2.5,-127.5,0.53,0,0,0,0,0,0,0,0,0
2020,TWN,2.5,-147.5,0.2,0,0.42,0,0,0,0,0,0,0
2020,TWN,2.5,-142.5,0.6,0,0,0.22,0,0,0.2,0.06,0.33,0.66
2020,TWN,2.5,-137.5,2.8,0,0,0,0,0,0.11,0.07,0.07,0.22
2020,TWN,2.5,-132.5,0.09,0,0,0,0,0,0,0.06,0,0
2020,TWN,7.5,-142.5,0.03,0,0,0,0,0,0,0,0,0
2020,USA,22.5,-137.5,0,0,0,0,0,0,0,0,0,0
2020,USA,22.5,-132.5,0,0,0,0,0,0,0,0,0,0
2020,USA,27.5,-147.5,0,0,0,0,0,0,0,0,0,0
2020,USA,27.5,-137.5,0,0,0,0,0,0,0,0,0,0
2020,USA,27.5,-132.5,0,0,0,0,0,0,0,0,0,0
2020,VUT,-32.5,-127.5,0,0,0,0.34,0,0,0,0,0,0
2020,VUT,-27.5,-122.5,0,0,0,0.15,0,0,0,0,0,0
2020,VUT,-12.5,-107.5,0.36,0,0,0,0,0,0,0,0,0
2020,VUT,-12.5,-97.5,0.21,0,0,0,0,0,0,0,0,0
2020,VUT,-12.5,-92.5,0.87,0,0,0,0,0,0,0,0,0
2020,VUT,-7.5,-137.5,2.89,0,0,0,0,0,0,0,0,0
2020,VUT,-7.5,-132.5,4.32,0,0,0,0,0,0,0,0,0
2020,VUT,-7.5,-107.5,0.19,0,0,0,0,0,0,0,0,0
2020,VUT,-7.5,-97.5,0.26,0,0,0,0,0,0,0,0,0
2020,VUT,-7.5,-92.5,0.07,0,0,0,0,0,0,0,0,0
2020,VUT,-2.5,-142.5,0.02,0,0,0,0,0,0,0,0,0
2020,VUT,-2.5,-97.5,0.33,0,0,0,0,0,0,0,0,0
2020,VUT,2.5,-142.5,0.26,0,0,0,0,0,0,0,0,0
2020,VUT,2.5,-137.5,0.88,0,0,0,0,0,0,0,0,0
2020,VUT,2.5,-102.5,0.45,0,0,0,0,0,0,0,0,0
2020,VUT,7.5,-97.5,0.21,0,0,0,0,0,0,0,0,0
2020,VUT,7.5,-92.5,0.24,0,0,0,0,0,0,0,0,0
2020,BLZ,-17.5,-92.5,11.84,0,0,0,0,0,0,0,0,0
2020,CHN,-12.5,-147.5,0,0,0,0,0,0,0,0,0,0
2020,CHN,-12.5,-142.5,0,0,0,0,0,0,0,0,0,0
2020,CHN,-12.5,-132.5,0,0,0,0,0,0,0,0,0,0
2020,CHN,-12.5,-127.5,0,0,0,0,0,0,0,0,0,0
2020,CHN,-7.5,-147.5,0,0,0,0,0,0,0,0,0,0
2020,CHN,-7.5,-142.5,0,0,0,0,0,0,0,0,0,0
2020,CHN,-7.5,-132.5,0,0,0,0,0,0,0,0,0,0
2020,CHN,-7.5,-127.5,0,0,0,0,0,0,0,0,0,0
2020,CHN,-7.5,-122.5,0,0,0,0,0,0,0,0,0,0
2020,CHN,-2.5,-147.5,0,0,0,0,0,0,0,0,0,0
2020,CHN,-2.5,-142.5,0,0,0,0,0,0,0,0,0,0
2020,CHN,-2.5,-122.5,0,0,0,0,0,0,0,0,0,0
2020,CHN,-2.5,-117.5,0,0,0,0,0,0,0,0,0,0
2020,CHN,-2.5,-112.5,0,0,0,0,0,0,0,0,0,0
2020,CHN,-2.5,-107.5,0,0,0,0,0,0,0,0,0,0
2020,CHN,-2.5,-102.5,0,0,0,0,0,0,0,0,0,0
2020,CHN,2.5,-127.5,0,0,0,0,0,0,0,0,0,0
2020,CHN,2.5,-122.5,0,0,0,0,0,0,0,0,0,0
2020,CHN,2.5,-117.5,0,0,0,0,0,0,0,0,0,0
2020,CHN,2.5,-112.5,0,0,0,0,0,0,0,0,0,0
2020,CHN,2.5,-107.5,0,0,0,0,0,0,0,0,0,0
2020,CHN,7.5,-127.5,0,0,0,0,0,0,0,0,0,0
2020,CHN,7.5,-122.5,0,0,0,0,0,0,0,0,0,0
2020,CHN,7.5,-117.5,0,0,0,0,0,0,0,0,0,0
2020,CHN,7.5,-112.5,0,0,0,0,0,0,0,0,0,0
2020,CHN,7.5,-107.5,0,0,0,0,0,0,0,0,0,0
2020,CHN,12.5,-127.5,0,0,0,0,0,0,0,0,0,0
2020,CHN,12.5,-122.5,0,0,0,0,0,0,0,0,0,0
2020,CHN,12.5,-117.5,0,0,0,0,0,0,0,0,0,0
2020,JPN,-32.5,-77.5,0,0,0,0,0,0,0,0,0,0
2020,JPN,-27.5,-77.5,0,0,0,0,0,0,0,0,0,0
2020,JPN,-22.5,-87.5,0,0,0,0,0,0,0,0,0,0
2020,JPN,-17.5,-117.5,0,0,0,0,0,0,0,0,0,0
2020,JPN,-17.5,-112.5,0,0,0,0,0,0,0,0,0,0
2020,JPN,-17.5,-107.5,0,0,0,0,0,0,0,0,0,0
2020,JPN,-17.5,-102.5,0,0,0,0,0,0,0,0,0,0
2020,JPN,-17.5,-92.5,0,0,0,0,0,0,0,0,0,0
2020,JPN,-17.5,-87.5,0,0,0,0,0,0,0,0,0,0
2020,JPN,-17.5,-82.5,0,0,0,0,0,0,0,0,0,0
2020,JPN,-12.5,-117.5,0,0,0,0,0,0,0,0,0,0
2020,JPN,-12.5,-112.5,0,0,0,0,0,0,0,0,0,0
2020,JPN,-12.5,-102.5,0,0,0,0,0,0,0,0,0,0
2020,JPN,-12.5,-97.5,0,0,0,0,0,0,0,0,0,0
2020,PAN,-22.5,-102.5,1.47,0,0,0,0,0,0,0,0,0
2020,PAN,-22.5,-97.5,0.64,0,0,0,0,0,0,0,0,0
2020,PAN,-22.5,-92.5,2.64,0,0,0,0,0,0,0,0,0
2020,PAN,-17.5,-107.5,7.92,0,0,0,0,0,0,0,0,0
2020,PAN,-17.5,-102.5,22.2,0,0,0,0,0,0,0,0,0
2020,PAN,-17.5,-97.5,15.54,0,0,0,0,0,0,0,0,0
2020,PAN,7.5,-92.5,0.27,0,0,0,0,0,0,0,0,0
2020,PAN,7.5,-87.5,1.81,0,0,0,0,0,0,0,0,0
2020,PYF,-22.5,-147.5,0,0,0,0,0,0,0,0,0,0
2020,PYF,-22.5,-142.5,0,0,0,0,0,0,0,0,0,0
2020,PYF,-17.5,-147.5,0,0,0,0,0,0,0,0,0,0
2020,PYF,-17.5,-142.5,0,0,0,0,0,0,0,0,0,0
2020,PYF,-17.5,-137.5,0,0,0,0,0,0,0,0,0,0
2020,PYF,-12.5,-147.5,0,0,0,0,0,0,0,0,0,0
2020,PYF,-12.5,-142.5,0,0,0,0,0,0,0,0,0,0
2020,PYF,-12.5,-137.5,0,0,0,0,0,0,0,0,0,0
2020,TWN,-37.5,-147.5,0.65,0,0,0,0,0,0,0.13,0,0
2020,TWN,-32.5,-127.5,0,0,0,0,0,0,0,0.14,0,0
2020,TWN,-27.5,-147.5,0.13,0,0,0,0,0,0,0.28,0,0
2020,TWN,-27.5,-132.5,0,0,0,0,0,0,0,0.49,0,0
2020,TWN,-27.5,-127.5,0,0,0,0,0,0,0,0.09,0,0
2020,TWN,-12.5,-142.5,0.11,0,0,0,0,0,0,0,0,0
2020,TWN,-12.5,-137.5,0.04,0,0,0.05,0,0,0,0,0,0.22
2020,TWN,-12.5,-132.5,62.59,0,0,0.18,0,0,0.13,0.21,0,0.49
2020,TWN,-12.5,-127.5,31.17,0,0,0.21,0,0,0.19,0.03,0.09,1.09
2020,TWN,-12.5,-122.5,1.67,0,0,0,0,0,0,0,0,0
2020,TWN,-7.5,-147.5,8.8,0,0,0.01,0,0,0,0,0.02,0.1
2020,TWN,-7.5,-142.5,0.58,0,0,0,0,0,0,0,0,0
2020,TWN,-7.5,-137.5,4.92,0,0,0,0,0,0,0.03,0,0
2020,TWN,-7.5,-132.5,44.25,0,0,0,0,0,0,0.44,0,0
2020,TWN,-7.5,-127.5,11.21,0,0,0,0,0,0,0,0,0
2020,TWN,-7.5,-122.5,2.84,0,0,0,0,0,0,0.11,0,0
2020,TWN,-2.5,-147.5,1.4,0,0,0.11,0,0,0.19,0,0.04,0.78
2020,TWN,-2.5,-142.5,0.06,0,0,0,0,0,0,0,0,0
2020,TWN,-2.5,-137.5,2.31,0,0,0,0,0,0,0,0,0
2020,TWN,-2.5,-132.5,0.03,0,2.12,0.1,0,0,0,0.14,9.49,0
2020,TWN,-2.5,-127.5,3.57,0,0,0,0,0,0,0,0,0
2020,TWN,-2.5,-122.5,0.42,0,0,0,0,0,0,0,0,0
2020,TWN,2.5,-142.5,0.03,0,0,0.15,0,0,0.08,0.2,0.23,0.67
2020,TWN,2.5,-132.5,0,0,0.18,0,0,0,0,0,0.2,0
2020,USA,22.5,-147.5,0,0,0,0,0,0,0,0,0,0
2020,USA,27.5,-147.5,0,0,0,0,0,0,0,0,0,0
2020,USA,27.5,-137.5,0,0,0,0,0,0,0,0,0,0
2020,USA,27.5,-132.5,0,0,0,0,0,0,0,0,0,0
2020,USA,32.5,-137.5,0,0,0,0,0,0,0,0,0,0
2020,USA,32.5,-132.5,0,0,0,0,0,0,0,0,0,0
2020,VUT,-32.5,-147.5,0,0,0,0.14,0,0,0,0,0,0
2020,VUT,-32.5,-142.5,0,0,0,0.27,0,0,0,0,0,0
2020,VUT,-27.5,-132.5,0,0,0,0.17,0,0,0,0,0,0
2020,VUT,-12.5,-132.5,5.48,0,0,0,0,0,0,0,0,0
2020,VUT,-12.5,-122.5,4.41,0,0,0,0,0,0,0,0,0
2020,VUT,-12.5,-117.5,1.39,0,0,0,0,0,0,0,0,0
2020,VUT,-7.5,-137.5,7.43,0,0,0,0,0,0,0,0,0
2020,VUT,-7.5,-132.5,4.08,0,0,0,0,0,0,0,0,0
2020,VUT,-7.5,-127.5,0.34,0,0,0,0,0,0,0,0,0
2020,VUT,-2.5,-137.5,0.53,0,0,0,0,0,0,0,0,0
2020,VUT,2.5,-142.5,0.07,0,0,0,0,0,0,0,0,0
2020,VUT,2.5,-137.5,0.07,0,0,0,0,0,0,0,0,0
2020,VUT,7.5,-92.5,0.1,0,0,0,0,0,0,0,0,0
2020,VUT,7.5,-87.5,0.24,0,0,0,0,0,0,0,0,0
2020,BLZ,-17.5,-92.5,19.62,0,0,0,0,0,0,0,0,0
2020,CHN,-12.5,-147.5,0,0,0,0,0,0,0,0,0,0
2020,CHN,-12.5,-127.5,0,0,0,0,0,0,0,0,0,0
2020,CHN,-7.5,-147.5,0,0,0,0,0,0,0,0,0,0
2020,CHN,-7.5,-142.5,0,0,0,0,0,0,0,0,0,0
2020,CHN,-7.5,-132.5,0,0,0,0,0,0,0,0,0,0
2020,CHN,-7.5,-127.5,0,0,0,0,0,0,0,0,0,0
2020,CHN,-7.5,-122.5,0,0,0,0,0,0,0,0,0,0
2020,CHN,-7.5,-117.5,0,0,0,0,0,0,0,0,0,0
2020,CHN,-2.5,-142.5,0,0,0,0,0,0,0,0,0,0
2020,CHN,-2.5,-122.5,0,0,0,0,0,0,0,0,0,0
2020,CHN,-2.5,-117.5,0,0,0,0,0,0,0,0,0,0
2020,CHN,-2.5,-112.5,0,0,0,0,0,0,0,0,0,0
2020,CHN,-2.5,-107.5,0,0,0,0,0,0,0,0,0,0
2020,CHN,-2.5,-102.5,0,0,0,0,0,0,0,0,0,0
2020,CHN,2.5,-122.5,0,0,0,0,0,0,0,0,0,0
2020,CHN,2.5,-117.5,0,0,0,0,0,0,0,0,0,0
2020,CHN,2.5,-112.5,0,0,0,0,0,0,0,0,0,0
2020,CHN,2.5,-107.5,0,0,0,0,0,0,0,0,0,0
2020,CHN,2.5,-102.5,0,0,0,0,0,0,0,0,0,0
2020,CHN,7.5,-122.5,0,0,0,0,0,0,0,0,0,0
2020,CHN,7.5,-117.5,0,0,0,0,0,0,0,0,0,0
2020,CHN,7.5,-112.5,0,0,0,0,0,0,0,0,0,0
2020,CHN,7.5,-107.5,0,0,0,0,0,0,0,0,0,0
2020,CHN,12.5,-122.5,0,0,0,0,0,0,0,0,0,0
2020,CHN,12.5,-117.5,0,0,0,0,0,0,0,0,0,0
2020,CHN,12.5,-112.5,0,0,0,0,0,0,0,0,0,0
2020,JPN,-32.5,-82.5,0,0,0,0,0,0,0,0,0,0
2020,JPN,-27.5,-82.5,0,0,0,0,0,0,0,0,0,0
2020,JPN,-22.5,-87.5,0,0,0,0,0,0,0,0,0,0
2020,JPN,-22.5,-82.5,0,0,0,0,0,0,0,0,0,0
2020,JPN,-17.5,-112.5,0,0,0,0,0,0,0,0,0,0
2020,JPN,-17.5,-107.5,0,0,0,0,0,0,0,0,0,0
2020,JPN,-17.5,-92.5,0,0,0,0,0,0,0,0,0,0
2020,JPN,-17.5,-87.5,0,0,0,0,0,0,0,0,0,0
2020,JPN,-17.5,-82.5,0,0,0,0,0,0,0,0,0,0
2020,JPN,-12.5,-117.5,0,0,0,0,0,0,0,0,0,0
2020,JPN,-12.5,-112.5,0,0,0,0,0,0,0,0,0,0
2020,JPN,-12.5,-87.5,0,0,0,0,0,0,0,0,0,0
2020,JPN,-7.5,-112.5,0,0,0,0,0,0,0,0,0,0
2020,KOR,2.5,-147.5,0,0,0.08,0,0,0,0,0,0,0.04
2020,PAN,-22.5,-97.5,4.49,0,0,0,0,0,0,0,0,0
2020,PAN,-22.5,-92.5,16.64,0,0,0,0,0,0,0,0,0
2020,PAN,-17.5,-97.5,0.52,0,0,0,0,0,0,0,0,0
2020,PAN,-17.5,-92.5,6.32,0,0,0,0,0,0,0,0,0
2020,PAN,-17.5,-87.5,4.81,0,0,0,0,0,0,0,0,0
2020,PAN,-2.5,-92.5,0.96,0,0,0,0,0,0,0,0,0
2020,PAN,7.5,-92.5,0.06,0,0,0,0,0,0,0,0,0
2020,PAN,7.5,-87.5,0.1,0,0,0,0,0,0,0,0,0
2020,PYF,-22.5,-147.5,0,0,0,0,0,0,0,0,0,0
2020,PYF,-22.5,-142.5,0,0,0,0,0,0,0,0,0,0
2020,PYF,-17.5,-147.5,0,0,0,0,0,0,0,0,0,0
2020,PYF,-17.5,-142.5,0,0,0,0,0,0,0,0,0,0
2020,PYF,-17.5,-137.5,0,0,0,0,0,0,0,0,0,0
2020,PYF,-12.5,-147.5,0,0,0,0,0,0,0,0,0,0
2020,PYF,-12.5,-142.5,0,0,0,0,0,0,0,0,0,0
2020,TWN,-27.5,-132.5,0,0,0,0,0,0,0,0.64,0,0
2020,TWN,-12.5,-147.5,0.35,0,0,0,0,0,0,0,0,0
2020,TWN,-12.5,-137.5,0.82,0,0,0,0,0,0,0,0.16,0.08
2020,TWN,-12.5,-132.5,42.93,0,0,0.57,0,0,0.4,0.47,0.19,2.54
2020,TWN,-12.5,-127.5,11.78,0,0,0.41,0,0,0.2,0.06,0.32,1.65
2020,TWN,-12.5,-122.5,4.51,0,0,0,0,0,0,0,0,0
2020,TWN,-7.5,-147.5,11.71,0,0,0,0,0,0,0.12,0,0
2020,TWN,-7.5,-142.5,4.38,0,0,0,0,0,0,0,0,0
2020,TWN,-7.5,-137.5,3.84,0,0,0,0,0,0,0.02,0,0
2020,TWN,-7.5,-132.5,57.25,0,0,0,0,0,0,0.13,0,0
2020,TWN,-7.5,-127.5,11.68,0,0,0,0,0,0,0,0,0
2020,TWN,-7.5,-122.5,0.06,0,0,0,0,0,0,0,0,0
2020,TWN,-2.5,-147.5,1.47,0,0,0,0,0,0,0.14,0,0
2020,TWN,-2.5,-142.5,0.14,0,0,0,0,0,0,0.06,0,0
2020,TWN,-2.5,-137.5,1.42,0,0.45,0,0,0,0,0,0.94,0
2020,TWN,-2.5,-132.5,0,0,0.62,0.09,0,0,0,0.13,0.81,0
2020,TWN,2.5,-147.5,0.8,0,0,0,0,0,0,0,0,0
2020,TWN,2.5,-137.5,0,0,0.2,0,0,0,0,0,2.44,0
2020,TWN,2.5,-132.5,0,0,0.04,0,0,0,0,0,0.66,0
2020,USA,17.5,-147.5,0,0,0,0,0,0,0,0,0,0
2020,USA,22.5,-147.5,0,0,0,0,0,0,0,0,0,0
2020,USA,22.5,-142.5,0,0,0,0,0,0,0,0,0,0
2020,USA,22.5,-137.5,0,0,0,0,0,0,0,0,0,0
2020,USA,22.5,-132.5,0,0,0,0,0,0,0,0,0,0
2020,USA,27.5,-147.5,0,0,0,0,0,0,0,0,0,0
2020,USA,27.5,-142.5,0,0,0,0,0,0,0,0,0,0
2020,USA,27.5,-137.5,0,0,0,0,0,0,0,0,0,0
2020,USA,27.5,-132.5,0,0,0,0,0,0,0,0,0,0
2020,USA,32.5,-147.5,0,0,0,0,0,0,0,0,0,0
2020,USA,32.5,-132.5,0,0,0,0,0,0,0,0,0,0
2020,USA,32.5,-127.5,0,0,0,0,0,0,0,0,0,0
2020,VUT,-37.5,-147.5,0,0,0,0.13,0,0,0,0,0,0
2020,VUT,-27.5,-137.5,0,0,0,0.15,0,0,0,0,0,0
2020,VUT,-27.5,-132.5,0,0,0,0.24,0,0,0,0,0,0
2020,VUT,-12.5,-132.5,4.8,0,0,0,0,0,0,0,0,0
2020,VUT,-12.5,-127.5,1.96,0,0,0,0,0,0,0,0,0
2020,VUT,-12.5,-117.5,1.52,0,0,0,0,0,0,0,0,0
2020,VUT,-7.5,-137.5,2.86,0,0,0,0,0,0,0,0,0
2020,VUT,-7.5,-132.5,7.95,0,0,0.07,0,0,0,0,0,0
2020,VUT,-7.5,-127.5,2.7,0,0,0,0,0,0,0,0,0
2020,VUT,-7.5,-122.5,0.31,0,0,0,0,0,0,0,0,0
2020,VUT,-7.5,-117.5,4.36,0,0,0,0,0,0,0,0,0
2020,VUT,7.5,-92.5,0.01,0,0,0,0,0,0,0,0,0
2020,BLZ,-17.5,-92.5,17.56,0,0,0,0,0,0,0,0,0
2020,CHN,-32.5,-132.5,0,0,0,0,0,0,0,0,0,0
2020,CHN,-27.5,-137.5,0,0,0,0,0,0,0,0,0,0
2020,CHN,-12.5,-147.5,0,0,0,0,0,0,0,0,0,0
2020,CHN,-12.5,-142.5,0,0,0,0,0,0,0,0,0,0
2020,CHN,-12.5,-132.5,0,0,0,0,0,0,0,0,0,0
2020,CHN,-12.5,-127.5,0,0,0,0,0,0,0,0,0,0
2020,CHN,-7.5,-147.5,0,0,0,0,0,0,0,0,0,0
2020,CHN,-7.5,-132.5,0,0,0,0,0,0,0,0,0,0
2020,CHN,-7.5,-127.5,0,0,0,0,0,0,0,0,0,0
2020,CHN,-7.5,-117.5,0,0,0,0,0,0,0,0,0,0
2020,CHN,-2.5,-122.5,0,0,0,0,0,0,0,0,0,0
2020,CHN,-2.5,-117.5,0,0,0,0,0,0,0,0,0,0
2020,CHN,-2.5,-112.5,0,0,0,0,0,0,0,0,0,0
2020,CHN,-2.5,-107.5,0,0,0,0,0,0,0,0,0,0
2020,CHN,-2.5,-102.5,0,0,0,0,0,0,0,0,0,0
2020,CHN,2.5,-132.5,0,0,0,0,0,0,0,0,0,0
2020,CHN,2.5,-127.5,0,0,0,0,0,0,0,0,0,0
2020,CHN,2.5,-122.5,0,0,0,0,0,0,0,0,0,0
2020,CHN,2.5,-117.5,0,0,0,0,0,0,0,0,0,0
2020,CHN,2.5,-112.5,0,0,0,0,0,0,0,0,0,0
2020,CHN,2.5,-107.5,0,0,0,0,0,0,0,0,0,0
2020,CHN,2.5,-102.5,0,0,0,0,0,0,0,0,0,0
2020,CHN,7.5,-137.5,0,0,0,0,0,0,0,0,0,0
2020,CHN,7.5,-132.5,0,0,0,0,0,0,0,0,0,0
2020,CHN,7.5,-127.5,0,0,0,0,0,0,0,0,0,0
2020,CHN,7.5,-122.5,0,0,0,0,0,0,0,0,0,0
2020,CHN,7.5,-117.5,0,0,0,0,0,0,0,0,0,0
2020,CHN,7.5,-112.5,0,0,0,0,0,0,0,0,0,0
2020,JPN,-27.5,-82.5,0,0,0,0,0,0,0,0,0,0
2020,JPN,-22.5,-77.5,0,0,0,0,0,0,0,0,0,0
2020,JPN,-17.5,-117.5,0,0,0,0,0,0,0,0,0,0
2020,JPN,-17.5,-112.5,0,0,0,0,0,0,0,0,0,0
2020,JPN,-17.5,-107.5,0,0,0,0,0,0,0,0,0,0
2020,JPN,-17.5,-102.5,0,0,0,0,0,0,0,0,0,0
2020,JPN,-17.5,-97.5,0,0,0,0,0,0,0,0,0,0
2020,JPN,-17.5,-92.5,0,0,0,0,0,0,0,0,0,0
2020,JPN,-17.5,-87.5,0,0,0,0,0,0,0,0,0,0
2020,JPN,-17.5,-82.5,0,0,0,0,0,0,0,0,0,0
2020,JPN,-12.5,-117.5,0,0,0,0,0,0,0,0,0,0
2020,JPN,-12.5,-107.5,0,0,0,0,0,0,0,0,0,0
2020,JPN,-12.5,-102.5,0,0,0,0,0,0,0,0,0,0
2020,JPN,-12.5,-82.5,0,0,0,0,0,0,0,0,0,0
2020,KOR,-7.5,-127.5,0,0,0,0,0,0,0,0,0.06,0
2020,KOR,-2.5,-147.5,0,0,0,0,0,0,0.07,0,0,0
2020,KOR,2.5,-147.5,0,0,0,0,0,0,0.11,0,0.01,0.04
2020,PAN,-22.5,-97.5,0.99,0,0,0,0,0,0,0,0,0
2020,PAN,-22.5,-92.5,0.8,0,0,0,0,0,0,0,0,0
2020,PAN,-17.5,-97.5,0.34,0,0,0,0,0,0,0,0,0
2020,PAN,-17.5,-92.5,9.95,0,0,0,0,0,0,0,0,0
2020,PAN,-17.5,-87.5,7.49,0,0,0,0,0,0,0,0,0
2020,PAN,2.5,-97.5,0.11,0,0,0,0,0,0,0,0,0
2020,PAN,7.5,-92.5,0.14,0,0,0,0,0,0,0,0,0
2020,PAN,7.5,-87.5,0.07,0,0,0,0,0,0,0,0,0
2020,PYF,-22.5,-147.5,0,0,0,0,0,0,0,0,0,0
2020,PYF,-22.5,-142.5,0,0,0,0,0,0,0,0,0,0
2020,PYF,-17.5,-147.5,0,0,0,0,0,0,0,0,0,0
2020,PYF,-17.5,-142.5,0,0,0,0,0,0,0,0,0,0
2020,PYF,-12.5,-147.5,0,0,0,0,0,0,0,0,0,0
2020,PYF,-12.5,-142.5,0,0,0,0,0,0,0,0,0,0
2020,TWN,-37.5,-147.5,9.05,0,0,0,0,0,0,2.01,0,0
2020,TWN,-37.5,-142.5,2.41,0,0,0,0,0,0,0.38,0,0
2020,TWN,-37.5,-137.5,1.73,0,0,0,0,0,0,0.05,0,0
2020,TWN,-32.5,-147.5,0,0,0,0,0,0,0,0.18,0,0
2020,TWN,-12.5,-147.5,0.74,0,0,0,0,0,0,0,0,0
2020,TWN,-12.5,-142.5,0.03,0,0,0,0,0,0,0,0,0
2020,TWN,-12.5,-137.5,6.14,0,0,0.05,0,0,0.05,0,0.28,0.21
2020,TWN,-12.5,-132.5,101.11,0,0,0.53,0,0,0.42,2.84,0.55,2.8
2020,TWN,-12.5,-127.5,28.2,0,0,0,0,0,0,0.46,0,0
2020,TWN,-12.5,-122.5,6.48,0,0,0,0,0,0,0,0,0
2020,TWN,-7.5,-147.5,30.77,0,0,0,0,0,0,0,0,0
2020,TWN,-7.5,-142.5,2.47,0,0,0,0,0,0,0,0,0
2020,TWN,-7.5,-137.5,1.06,0,0,0,0,0,0,0,0,0
2020,TWN,-7.5,-132.5,15.84,0,0,0,0,0,0,0,0,0
2020,TWN,-7.5,-127.5,1.28,0,0,0,0,0,0,0,0,0
2020,TWN,-2.5,-147.5,0.86,0,2.13,0,0,0,0,0,0,0.05
2020,TWN,-2.5,-142.5,0.21,0,0,0,0,0,0,0.12,0,0
2020,TWN,-2.5,-137.5,0,0,0.05,0.03,0,0,0,0,0.23,0
2020,TWN,-2.5,-132.5,0,0,1.16,0,0,0,0,0.14,4.91,0
2020,USA,22.5,-147.5,0,0,0,0,0,0,0,0,0,0
2020,USA,22.5,-142.5,0,0,0,0,0,0,0,0,0,0
2020,USA,22.5,-137.5,0,0,0,0,0,0,0,0,0,0
2020,USA,22.5,-132.5,0,0,0,0,0,0,0,0,0,0
2020,USA,27.5,-147.5,0,0,0,0,0,0,0,0,0,0
2020,USA,27.5,-142.5,0,0,0,0,0,0,0,0,0,0
2020,USA,27.5,-137.5,0,0,0,0,0,0,0,0,0,0
2020,USA,27.5,-132.5,0,0,0,0,0,0,0,0,0,0
2020,VUT,-37.5,-147.5,1.39,0,0,0.74,0,0,0,0.09,0,0
2020,VUT,-32.5,-147.5,3.82,0,0,0,0,0,0,0.37,0,0
2020,VUT,-12.5,-132.5,1.52,0,0,0,0,0,0,0,0,0
2020,VUT,-12.5,-127.5,6.68,0,0,0,0,0,0,0.14,0,0
2020,VUT,-12.5,-122.5,0.64,0,0,0,0,0,0,0,0,0
2020,VUT,-12.5,-117.5,1.65,0,0,0,0,0,0,0,0,0
2020,VUT,-7.5,-132.5,0.23,0,0,0,0,0,0,0,0,0
2020,VUT,-7.5,-127.5,7,0,0,0.05,0,0,0,0,0,0
2020,VUT,-2.5,-97.5,0.04,0,0,0,0,0,0,0,0,0
2020,VUT,2.5,-97.5,0.18,0,0,0,0,0,0,0,0,0
2020,VUT,7.5,-92.5,0.08,0,0,0,0,0,0,0,0,0
2020,BLZ,-12.5,-87.5,4.79,0,0,0,0,0,0,0,0,0
2020,CHN,-27.5,-137.5,0,0,0,0,0,0,0,0,0,0
2020,CHN,-17.5,-132.5,0,0,0,0,0,0,0,0,0,0
2020,CHN,-12.5,-147.5,0,0,0,0,0,0,0,0,0,0
2020,CHN,-12.5,-142.5,0,0,0,0,0,0,0,0,0,0
2020,CHN,-12.5,-132.5,0,0,0,0,0,0,0,0,0,0
2020,CHN,-12.5,-127.5,0,0,0,0,0,0,0,0,0,0
2020,CHN,-7.5,-147.5,0,0,0,0,0,0,0,0,0,0
2020,CHN,-7.5,-142.5,0,0,0,0,0,0,0,0,0,0
2020,CHN,-7.5,-132.5,0,0,0,0,0,0,0,0,0,0
2020,CHN,-7.5,-117.5,0,0,0,0,0,0,0,0,0,0
2020,CHN,-7.5,-112.5,0,0,0,0,0,0,0,0,0,0
2020,CHN,-7.5,-107.5,0,0,0,0,0,0,0,0,0,0
2020,CHN,-2.5,-127.5,0,0,0,0,0,0,0,0,0,0
2020,CHN,-2.5,-122.5,0,0,0,0,0,0,0,0,0,0
2020,CHN,-2.5,-117.5,0,0,0,0,0,0,0,0,0,0
2020,CHN,-2.5,-112.5,0,0,0,0,0,0,0,0,0,0
2020,CHN,-2.5,-107.5,0,0,0,0,0,0,0,0,0,0
2020,CHN,-2.5,-102.5,0,0,0,0,0,0,0,0,0,0
2020,CHN,-2.5,-97.5,0,0,0,0,0,0,0,0,0,0
2020,CHN,2.5,-127.5,0,0,0,0,0,0,0,0,0,0
2020,CHN,2.5,-122.5,0,0,0,0,0,0,0,0,0,0
2020,CHN,2.5,-117.5,0,0,0,0,0,0,0,0,0,0
2020,CHN,2.5,-112.5,0,0,0,0,0,0,0,0,0,0
2020,CHN,2.5,-107.5,0,0,0,0,0,0,0,0,0,0
2020,CHN,2.5,-102.5,0,0,0,0,0,0,0,0,0,0
2020,CHN,7.5,-122.5,0,0,0,0,0,0,0,0,0,0
2020,CHN,7.5,-117.5,0,0,0,0,0,0,0,0,0,0
2020,CHN,7.5,-112.5,0,0,0,0,0,0,0,0,0,0
2020,JPN,-22.5,-77.5,0,0,0,0,0,0,0,0,0,0
2020,JPN,-17.5,-107.5,0,0,0,0,0,0,0,0,0,0
2020,JPN,-17.5,-102.5,0,0,0,0,0,0,0,0,0,0
2020,JPN,-17.5,-97.5,0,0,0,0,0,0,0,0,0,0
2020,JPN,-17.5,-92.5,0,0,0,0,0,0,0,0,0,0
2020,JPN,-17.5,-87.5,0,0,0,0,0,0,0,0,0,0
2020,JPN,-12.5,-122.5,0,0,0,0,0,0,0,0,0,0
2020,JPN,-12.5,-117.5,0,0,0,0,0,0,0,0,0,0
2020,JPN,-12.5,-92.5,0,0,0,0,0,0,0,0,0,0
2020,KOR,-12.5,-127.5,0,0,0,0,0,0,0,0,0,0.6
2020,KOR,-12.5,-122.5,0,0,0,0.04,0,0,0,0,0,0.12
2020,PAN,-22.5,-97.5,0.3,0,0,0,0,0,0,0,0,0
2020,PAN,-22.5,-92.5,8.46,0,0,0,0,0,0,0,0,0
2020,PAN,-17.5,-92.5,6.13,0,0,0,0,0,0,0,0,0
2020,PYF,-27.5,-147.5,0,0,0,0,0,0,0,0,0,0
2020,PYF,-22.5,-147.5,0,0,0,0,0,0,0,0,0,0
2020,PYF,-22.5,-142.5,0,0,0,0,0,0,0,0,0,0
2020,PYF,-17.5,-147.5,0,0,0,0,0,0,0,0,0,0
2020,PYF,-17.5,-142.5,0,0,0,0,0,0,0,0,0,0
2020,PYF,-12.5,-147.5,0,0,0,0,0,0,0,0,0,0
2020,PYF,-12.5,-142.5,0,0,0,0,0,0,0,0,0,0
2020,TWN,-37.5,-142.5,0,0,0,0,0,0,0,0.06,0,0
2020,TWN,-37.5,-137.5,6.98,0,0,0,0,0,0,2.72,0,0
2020,TWN,-32.5,-147.5,5.03,0,0,0,0,0,0,0.63,0,0
2020,TWN,-32.5,-142.5,1,0,0,0,0,0,0,0.19,0,0
2020,TWN,-32.5,-137.5,10.33,0,0,0,0,0,0,1.83,0,0
2020,TWN,-27.5,-147.5,0.62,0,0,0,0,0,0,0.47,0,0
2020,TWN,-27.5,-137.5,0.07,0,0,0,0,0,0,0.04,0,0
2020,TWN,-17.5,-132.5,0.84,0,0,0,0,0,0,0.51,0,0
2020,TWN,-17.5,-122.5,0.22,0,0,0,0,0,0,0.07,0,0
2020,TWN,-12.5,-147.5,1.47,0,0,0,0,0,0,0,0,0
2020,TWN,-12.5,-142.5,1.07,0,0,0,0,0,0,0,0,0
2020,TWN,-12.5,-137.5,2,0,0,0,0,0,0,0.07,0,0
2020,TWN,-12.5,-132.5,57.25,0,0,0,0,0,0,1.65,0,0.05
2020,TWN,-12.5,-127.5,10.65,0,5.12,0,0,0,0,0.29,0,0
2020,TWN,-12.5,-122.5,1.71,0,0,0,0,0,0,0,0,0
2020,TWN,-7.5,-147.5,10.55,0,0,0,0,0,0,0.04,0,0
2020,TWN,-7.5,-142.5,1.05,0,0,0,0,0,0,0.05,0,0
2020,TWN,-7.5,-132.5,31.44,0,0,0,0,0,0,0.28,0,0
2020,TWN,-7.5,-127.5,3.41,0,0,0,0,0,0,0,0,0
2020,TWN,-2.5,-147.5,0.11,0,0,0,0,0,0,0,0,0
2020,TWN,-2.5,-142.5,0.31,0,0,0,0,0,0,0,0,0
2020,TWN,-2.5,-137.5,0.52,0,0.11,0,0,0,0,0.18,0.39,0
2020,TWN,-2.5,-132.5,0,0,1.23,0.03,0,0,0,0.37,2.57,0
2020,TWN,2.5,-132.5,0,0,0.1,0,0,0,0,0,0.24,0
2020,USA,17.5,-137.5,0,0,0,0,0,0,0,0,0,0
2020,USA,22.5,-147.5,0,0,0,0,0,0,0,0,0,0
2020,USA,22.5,-142.5,0,0,0,0,0,0,0,0,0,0
2020,USA,22.5,-137.5,0,0,0,0,0,0,0,0,0,0
2020,USA,22.5,-132.5,0,0,0,0,0,0,0,0,0,0
2020,USA,27.5,-147.5,0,0,0,0,0,0,0,0,0,0
2020,USA,27.5,-142.5,0,0,0,0,0,0,0,0,0,0
2020,USA,27.5,-137.5,0,0,0,0,0,0,0,0,0,0
2020,VUT,-32.5,-147.5,0,0,0,0.07,0,0,0,0,0,0
2020,VUT,-12.5,-142.5,1.41,0,0,0,0,0,0,0,0,0
2020,VUT,-12.5,-132.5,1.9,0,0,0,0,0,0,0.18,0,0
2020,VUT,-12.5,-127.5,3.54,0,0,0,0,0,0,0.12,0,0
2020,VUT,-12.5,-122.5,2.18,0,0,0,0,0,0,0,0,0
2020,VUT,-7.5,-147.5,0.46,0,0,0,0,0,0,0,0,0
2020,VUT,-7.5,-142.5,1.51,0,0,0,0,0,0,0,0,0
2020,VUT,-7.5,-127.5,0.41,0,0,0,0,0,0,0,0,0
2020,VUT,7.5,-92.5,0.25,0,0,0,0,0,0,0,0,0
2020,CHN,-32.5,-102.5,0,0,0,0,0,0,0,0,0,0
2020,CHN,-22.5,-102.5,0,0,0,0,0,0,0,0,0,0
2020,CHN,-12.5,-147.5,0,0,0,0,0,0,0,0,0,0
2020,CHN,-12.5,-142.5,0,0,0,0,0,0,0,0,0,0
2020,CHN,-12.5,-132.5,0,0,0,0,0,0,0,0,0,0
2020,CHN,-12.5,-127.5,0,0,0,0,0,0,0,0,0,0
2020,CHN,-7.5,-147.5,0,0,0,0,0,0,0,0,0,0
2020,CHN,-2.5,-127.5,0,0,0,0,0,0,0,0,0,0
2020,CHN,-2.5,-122.5,0,0,0,0,0,0,0,0,0,0
2020,CHN,-2.5,-117.5,0,0,0,0,0,0,0,0,0,0
2020,CHN,-2.5,-112.5,0,0,0,0,0,0,0,0,0,0
2020,CHN,2.5,-127.5,0,0,0,0,0,0,0,0,0,0
2020,CHN,2.5,-122.5,0,0,0,0,0,0,0,0,0,0
2020,CHN,2.5,-117.5,0,0,0,0,0,0,0,0,0,0
2020,CHN,7.5,-132.5,0,0,0,0,0,0,0,0,0,0
2020,CHN,7.5,-127.5,0,0,0,0,0,0,0,0,0,0
2020,CHN,7.5,-122.5,0,0,0,0,0,0,0,0,0,0
2020,CHN,7.5,-117.5,0,0,0,0,0,0,0,0,0,0
2020,JPN,-22.5,-82.5,0,0,0,0,0,0,0,0,0,0
2020,JPN,-17.5,-107.5,0,0,0,0,0,0,0,0,0,0
2020,JPN,-17.5,-102.5,0,0,0,0,0,0,0,0,0,0
2020,JPN,-17.5,-97.5,0,0,0,0,0,0,0,0,0,0
2020,JPN,-17.5,-92.5,0,0,0,0,0,0,0,0,0,0
2020,JPN,-12.5,-117.5,0,0,0,0,0,0,0,0,0,0
2020,JPN,-12.5,-112.5,0,0,0,0,0,0,0,0,0,0
2020,JPN,-12.5,-102.5,0,0,0,0,0,0,0,0,0,0
2020,JPN,-12.5,-97.5,0,0,0,0,0,0,0,0,0,0
2020,JPN,-12.5,-92.5,0,0,0,0,0,0,0,0,0,0
2020,JPN,-7.5,-127.5,0,0,0,0,0,0,0,0,0,0
2020,JPN,-7.5,-122.5,0,0,0,0,0,0,0,0,0,0
2020,KOR,-12.5,-122.5,0,0,0,0.21,0,0,0.28,0,0.42,0.21
2020,KOR,-7.5,-127.5,0,0,0,0,0,0,0.27,0,0.07,0
2020,KOR,-7.5,-122.5,0,0,0,0,0,0,0.14,0,0,0
2020,PAN,-22.5,-97.5,2.15,0,0,0,0,0,0,0,0,0
2020,PAN,-22.5,-92.5,5.63,0,0,0,0,0,0,0,0,0
2020,PAN,-17.5,-92.5,0.45,0,0,0,0,0,0,0,0,0
2020,PYF,-22.5,-147.5,0,0,0,0,0,0,0,0,0,0
2020,PYF,-22.5,-142.5,0,0,0,0,0,0,0,0,0,0
2020,PYF,-22.5,-137.5,0,0,0,0,0,0,0,0,0,0
2020,PYF,-17.5,-147.5,0,0,0,0,0,0,0,0,0,0
2020,PYF,-17.5,-142.5,0,0,0,0,0,0,0,0,0,0
2020,PYF,-12.5,-147.5,0,0,0,0,0,0,0,0,0,0
2020,PYF,-12.5,-142.5,0,0,0,0,0,0,0,0,0,0
2020,PYF,-7.5,-142.5,0,0,0,0,0,0,0,0,0,0
2020,TWN,-32.5,-147.5,0,0,0,0,0,0,0,0.05,0,0
2020,TWN,-32.5,-142.5,2.7,0,0,0,0,0,0,0.29,0,0
2020,TWN,-32.5,-137.5,1.16,0,0,0,0,0,0,0.3,0,0
2020,TWN,-32.5,-132.5,5.33,0,0,0,0,0,0,0.63,0,0
2020,TWN,-32.5,-127.5,30.79,0,0,0,0,0,0,4.25,0,0
2020,TWN,-32.5,-122.5,6.32,0,0,0,0,0,0,0.76,0,0
2020,TWN,-32.5,-117.5,0,0,0,0,0,0,0,0.05,0,0
2020,TWN,-32.5,-112.5,0,0,0,0,0,0,0,0.11,0,0
2020,TWN,-27.5,-147.5,0,0,0,0,0,0,0,0.05,0,0
2020,TWN,-27.5,-137.5,2.17,0,0,0,0,0,0,1.27,0,0
2020,TWN,-27.5,-132.5,0.03,0,0,0,0,0,0,0.08,0,0
2020,TWN,-27.5,-127.5,0.37,0,0,0,0,0,0,0.82,0,0
2020,TWN,-17.5,-132.5,3.52,0,0,0,0,0,0.09,1.79,0.05,0.16
2020,TWN,-17.5,-127.5,1.36,0,0,0,0,0,0,0.22,0,0
2020,TWN,-12.5,-147.5,1.23,0,0,0,0,0,0,0,0,0
2020,TWN,-12.5,-142.5,0.17,0,0,0,0,0,0,0,0,0
2020,TWN,-12.5,-137.5,0.64,0,0,0,0,0,0,0,0,0.05
2020,TWN,-12.5,-132.5,38.43,0,0,0,0,0,0,3.02,0,0
2020,TWN,-12.5,-127.5,9.58,0,0.05,0,0,0,0,0.6,0,0
2020,TWN,-12.5,-122.5,10.19,0,0.11,0,0,0,0,0.65,0,0
2020,TWN,-7.5,-147.5,2.61,0,0,0,0,0,0,0,0,0
2020,TWN,-7.5,-137.5,1.58,0,0,0,0,0,0,0,0,0
2020,TWN,-7.5,-132.5,17.65,0,0,0,0,0,0,0.95,0,0
2020,TWN,-2.5,-137.5,0.08,0,0,0,0,0,0,0,0,0
2020,TWN,-2.5,-132.5,5.96,0,1.15,0.17,0,0,0,0.21,3.48,0.24
2020,TWN,2.5,-137.5,0,0,0,0,0,0,0,0,0.14,0
2020,USA,17.5,-147.5,0,0,0,0,0,0,0,0,0,0
2020,USA,17.5,-142.5,0,0,0,0,0,0,0,0,0,0
2020,USA,17.5,-137.5,0,0,0,0,0,0,0,0,0,0
2020,USA,22.5,-147.5,0,0,0,0,0,0,0,0,0,0
2020,USA,22.5,-142.5,0,0,0,0,0,0,0,0,0,0
2020,USA,22.5,-137.5,0,0,0,0,0,0,0,0,0,0
2020,USA,22.5,-132.5,0,0,0,0,0,0,0,0,0,0
2020,USA,27.5,-147.5,0,0,0,0,0,0,0,0,0,0
2020,USA,27.5,-142.5,0,0,0,0,0,0,0,0,0,0
2020,USA,27.5,-137.5,0,0,0,0,0,0,0,0,0,0
2020,USA,27.5,-132.5,0,0,0,0,0,0,0,0,0,0
2020,USA,32.5,-147.5,0,0,0,0,0,0,0,0,0,0
2020,VUT,-32.5,-147.5,1.25,0,0,0,0,0,0,0.04,0,0
2020,VUT,-32.5,-137.5,5.42,0,0,0.13,0,0,0,0.64,0,0
2020,VUT,-32.5,-132.5,0.87,0,0,0,0,0,0,0,0,0
2020,VUT,-32.5,-127.5,7.24,0,0,0.42,0,0,0,0,0,0
2020,VUT,-27.5,-137.5,0.48,0,0,0.37,0,0,0,0,0,0
2020,VUT,-27.5,-132.5,0.96,0,0,0.41,0,0,0,2,0,0
2020,VUT,-12.5,-132.5,0.11,0,0,0,0,0,0,0,0,0
2020,VUT,-12.5,-127.5,3.59,0,0,0,0,0,0,0.41,0,0
2020,VUT,-12.5,-122.5,0.85,0,0,0,0,0,0,0,0,0
2020,BLZ,-17.5,-92.5,6.95,0,0,0,0,0,0,0,0,0
2020,CHN,-12.5,-147.5,0,0,0,0,0,0,0,0,0,0
2020,CHN,-12.5,-142.5,0,0,0,0,0,0,0,0,0,0
2020,CHN,-12.5,-137.5,0,0,0,0,0,0,0,0,0,0
2020,CHN,-12.5,-132.5,0,0,0,0,0,0,0,0,0,0
2020,CHN,-12.5,-127.5,0,0,0,0,0,0,0,0,0,0
2020,CHN,-12.5,-117.5,0,0,0,0,0,0,0,0,0,0
2020,CHN,-7.5,-147.5,0,0,0,0,0,0,0,0,0,0
2020,CHN,-2.5,-132.5,0,0,0,0,0,0,0,0,0,0
2020,CHN,-2.5,-127.5,0,0,0,0,0,0,0,0,0,0
2020,CHN,-2.5,-122.5,0,0,0,0,0,0,0,0,0,0
2020,CHN,-2.5,-117.5,0,0,0,0,0,0,0,0,0,0
2020,CHN,-2.5,-112.5,0,0,0,0,0,0,0,0,0,0
2020,CHN,-2.5,-107.5,0,0,0,0,0,0,0,0,0,0
2020,CHN,-2.5,-102.5,0,0,0,0,0,0,0,0,0,0
2020,CHN,2.5,-132.5,0,0,0,0,0,0,0,0,0,0
2020,CHN,2.5,-127.5,0,0,0,0,0,0,0,0,0,0
2020,CHN,2.5,-122.5,0,0,0,0,0,0,0,0,0,0
2020,CHN,2.5,-117.5,0,0,0,0,0,0,0,0,0,0
2020,CHN,2.5,-112.5,0,0,0,0,0,0,0,0,0,0
2020,CHN,2.5,-107.5,0,0,0,0,0,0,0,0,0,0
2020,CHN,2.5,-102.5,0,0,0,0,0,0,0,0,0,0
2020,CHN,7.5,-132.5,0,0,0,0,0,0,0,0,0,0
2020,CHN,7.5,-127.5,0,0,0,0,0,0,0,0,0,0
2020,CHN,7.5,-122.5,0,0,0,0,0,0,0,0,0,0
2020,CHN,7.5,-117.5,0,0,0,0,0,0,0,0,0,0
2020,JPN,-17.5,-97.5,0,0,0,0,0,0,0,0,0,0
2020,JPN,-17.5,-92.5,0,0,0,0,0,0,0,0,0,0
2020,JPN,-12.5,-117.5,0,0,0,0,0,0,0,0,0,0
2020,JPN,-12.5,-112.5,0,0,0,0,0,0,0,0,0,0
2020,JPN,-12.5,-107.5,0,0,0,0,0,0,0,0,0,0
2020,JPN,-12.5,-102.5,0,0,0,0,0,0,0,0,0,0
2020,JPN,-12.5,-97.5,0,0,0,0,0,0,0,0,0,0
2020,JPN,-12.5,-92.5,0,0,0,0,0,0,0,0,0,0
2020,JPN,-7.5,-122.5,0,0,0,0,0,0,0,0,0,0
2020,JPN,-7.5,-117.5,0,0,0,0,0,0,0,0,0,0
2020,JPN,-7.5,-112.5,0,0,0,0,0,0,0,0,0,0
2020,KOR,-12.5,-122.5,0,0,0,0.03,0,0,0,0,0,0
2020,KOR,-12.5,-117.5,0,0,0,0.04,0,0,0,0,0,0
2020,KOR,-7.5,-127.5,0,0,0,0.16,0,0,0.05,0,0.07,0
2020,PAN,-22.5,-97.5,2.44,0,0,0,0,0,0,0,0,0
2020,PAN,-22.5,-92.5,2.27,0,0,0,0,0,0,0,0,0
2020,PAN,-17.5,-97.5,0.05,0,0,0,0,0,0,0,0,0
2020,PAN,-17.5,-92.5,3.67,0,0,0,0,0,0,0,0,0
2020,PAN,-12.5,-92.5,1.49,0,0,0,0,0,0,0,0,0
2020,PYF,-27.5,-147.5,0,0,0,0,0,0,0,0,0,0
2020,PYF,-27.5,-142.5,0,0,0,0,0,0,0,0,0,0
2020,PYF,-22.5,-147.5,0,0,0,0,0,0,0,0,0,0
2020,PYF,-22.5,-142.5,0,0,0,0,0,0,0,0,0,0
2020,PYF,-17.5,-147.5,0,0,0,0,0,0,0,0,0,0
2020,PYF,-17.5,-142.5,0,0,0,0,0,0,0,0,0,0
2020,PYF,-17.5,-137.5,0,0,0,0,0,0,0,0,0,0
2020,PYF,-12.5,-147.5,0,0,0,0,0,0,0,0,0,0
2020,PYF,-12.5,-142.5,0,0,0,0,0,0,0,0,0,0
2020,PYF,-12.5,-137.5,0,0,0,0,0,0,0,0,0,0
2020,TWN,-37.5,-112.5,0,0,0,0,0,0,0,0.17,0,0
2020,TWN,-32.5,-137.5,0,0,0,0,0,0,0,1.71,0,0
2020,TWN,-32.5,-132.5,0,0,0,0,0,0,0,0.12,0,0
2020,TWN,-32.5,-127.5,14.51,0,0,0,0,0,0,2.27,0,0
2020,TWN,-32.5,-122.5,16.17,0,0,0,0,0,0,4.56,0,0
2020,TWN,-32.5,-107.5,0,0,0,0,0,0,0,0.21,0,0
2020,TWN,-32.5,-102.5,0,0,0,0,0,0,0,0.33,0,0
2020,TWN,-27.5,-147.5,0.11,0,0,0,0,0,0,0.49,0,0
2020,TWN,-27.5,-137.5,0.02,0,0,0,0,0,0,1.86,0,0
2020,TWN,-27.5,-132.5,0.06,0,0,0,0,0,0,0.05,0,0
2020,TWN,-27.5,-122.5,0.08,0,0,0,0,0,0,0.26,0,0
2020,TWN,-22.5,-122.5,0.02,0,0,0,0,0,0,0.03,0,0
2020,TWN,-17.5,-132.5,1.26,0,0,0,0,0,0.08,0.9,0,0
2020,TWN,-17.5,-127.5,1.82,0,0,0,0,0,0,1.17,0,0
2020,TWN,-17.5,-122.5,1.99,0,0,0,0,0,0,1.06,0,0
2020,TWN,-12.5,-147.5,0.71,0,0,0,0,0,0,0,0,0
2020,TWN,-12.5,-142.5,1.57,0,0,0,0,0,0,0,0,0
2020,TWN,-12.5,-137.5,0.59,0,0,0,0,0,0,0.07,0,0
2020,TWN,-12.5,-132.5,33.5,0,0,0,0,0,0,2.83,0,0
2020,TWN,-12.5,-127.5,9.2,0,0,0,0,0,0,2.69,0,0
2020,TWN,-12.5,-122.5,8.09,0,0.06,0,0,0,0,1.41,0,0
2020,TWN,-12.5,-112.5,1.71,0,0,0,0,0,0,0,0,0
2020,TWN,-12.5,-107.5,0.17,0,0,0,0,0,0,0,0,0
2020,TWN,-7.5,-147.5,1.14,0,0,0,0,0,0,0,0,0
2020,TWN,-7.5,-137.5,5.99,0,0,0,0,0,0,0.05,0,0
2020,TWN,-7.5,-132.5,4.81,0,0,0,0,0,0,0,0,0
2020,TWN,-7.5,-122.5,0.29,0,0,0,0,0,0,0,0,0
2020,TWN,-7.5,-112.5,0.53,0,0,0,0,0,0,0,0,0
2020,TWN,-2.5,-137.5,0.89,0,0.05,0,0,0,0,0.05,0,0
2020,TWN,-2.5,-132.5,1.82,0,0.77,0,0,0,0,0.46,1.51,0
2020,TWN,7.5,-142.5,0.28,0,0.12,0,0,0,0,0,0,0
2020,USA,22.5,-147.5,0,0,0,0,0,0,0,0,0,0
2020,USA,22.5,-142.5,0,0,0,0,0,0,0,0,0,0
2020,USA,22.5,-137.5,0,0,0,0,0,0,0,0,0,0
2020,USA,27.5,-147.5,0,0,0,0,0,0,0,0,0,0
2020,USA,32.5,-137.5,0,0,0,0,0,0,0,0,0,0
2020,USA,37.5,-137.5,0,0,0,0,0,0,0,0,0,0
2020,USA,37.5,-127.5,0,0,0,0,0,0,0,0,0,0
2020,VUT,-32.5,-137.5,1.09,0,0,0,0,0,0,0,0,0
2020,VUT,-32.5,-132.5,1.87,0,0,0.59,0,0,0,0,0,0
2020,VUT,-32.5,-127.5,6.6,0,0,1.2,0,0,0,0,0,0
2020,VUT,-32.5,-122.5,1.69,0,0,0,0,0,0,0,0,0
2020,VUT,-22.5,-97.5,0.64,0,0,0,0,0,0,0,0,0
2020,VUT,-22.5,-92.5,0.16,0,0,0,0,0,0,0,0,0
2020,VUT,-17.5,-102.5,0.08,0,0,0,0,0,0,0,0,0
2020,VUT,-17.5,-97.5,0.91,0,0,0,0,0,0,0,0,0
2020,VUT,-17.5,-92.5,0.12,0,0,0,0,0,0,0,0,0
2020,VUT,-12.5,-127.5,1.08,0,0,0,0,0,0,0,0,0
2020,BLZ,-22.5,-92.5,9.49,0,0,0,0,0,0,0,0,0
2020,CHN,-17.5,-132.5,0,0,0,0,0,0,0,0,0,0
2020,CHN,-12.5,-147.5,0,0,0,0,0,0,0,0,0,0
2020,CHN,-12.5,-142.5,0,0,0,0,0,0,0,0,0,0
2020,CHN,-12.5,-132.5,0,0,0,0,0,0,0,0,0,0
2020,CHN,-12.5,-127.5,0,0,0,0,0,0,0,0,0,0
2020,CHN,-7.5,-147.5,0,0,0,0,0,0,0,0,0,0
2020,CHN,-7.5,-142.5,0,0,0,0,0,0,0,0,0,0
2020,CHN,-7.5,-132.5,0,0,0,0,0,0,0,0,0,0
2020,CHN,-2.5,-117.5,0,0,0,0,0,0,0,0,0,0
2020,CHN,-2.5,-112.5,0,0,0,0,0,0,0,0,0,0
2020,CHN,-2.5,-107.5,0,0,0,0,0,0,0,0,0,0
2020,CHN,2.5,-117.5,0,0,0,0,0,0,0,0,0,0
2020,CHN,2.5,-112.5,0,0,0,0,0,0,0,0,0,0
2020,CHN,2.5,-107.5,0,0,0,0,0,0,0,0,0,0
2020,CHN,2.5,-102.5,0,0,0,0,0,0,0,0,0,0
2020,CHN,7.5,-117.5,0,0,0,0,0,0,0,0,0,0
2020,JPN,-17.5,-92.5,0,0,0,0,0,0,0,0,0,0
2020,JPN,-12.5,-117.5,0,0,0,0,0,0,0,0,0,0
2020,JPN,-12.5,-112.5,0,0,0,0,0,0,0,0,0,0
2020,JPN,-12.5,-107.5,0,0,0,0,0,0,0,0,0,0
2020,JPN,-12.5,-97.5,0,0,0,0,0,0,0,0,0,0
2020,JPN,-7.5,-117.5,0,0,0,0,0,0,0,0,0,0
2020,JPN,-7.5,-112.5,0,0,0,0,0,0,0,0,0,0
2020,KOR,-12.5,-127.5,0,0,0,0.12,0,0,0,0,0,0
2020,KOR,-12.5,-122.5,0.01,0,0,0,0,0,0,0,0.16,0
2020,KOR,-7.5,-122.5,0,0,0,0,0,0,0,0,0.03,0
2020,PAN,-12.5,-92.5,0.87,0,0,0,0,0,0,0,0,0
2020,PYF,-27.5,-147.5,0,0,0,0,0,0,0,0,0,0
2020,PYF,-27.5,-142.5,0,0,0,0,0,0,0,0,0,0
2020,PYF,-22.5,-147.5,0,0,0,0,0,0,0,0,0,0
2020,PYF,-22.5,-142.5,0,0,0,0,0,0,0,0,0,0
2020,PYF,-22.5,-137.5,0,0,0,0,0,0,0,0,0,0
2020,PYF,-17.5,-147.5,0,0,0,0,0,0,0,0,0,0
2020,PYF,-17.5,-142.5,0,0,0,0,0,0,0,0,0,0
2020,PYF,-12.5,-147.5,0,0,0,0,0,0,0,0,0,0
2020,PYF,-12.5,-142.5,0,0,0,0,0,0,0,0,0,0
2020,TWN,-22.5,-127.5,0,0,0,0,0,0,0,0.13,0,0
2020,TWN,-22.5,-117.5,0,0,0,0,0,0,0,0.18,0,0
2020,TWN,-17.5,-132.5,2.75,0,0,0,0,0,0,1.31,0,0.36
2020,TWN,-17.5,-127.5,1.85,0,0,0,0,0,0,1.7,0,0
2020,TWN,-17.5,-122.5,0.2,0,0,0,0,0,0,0.15,0,0
2020,TWN,-17.5,-117.5,0,0,0,0,0,0,0,0.49,0,0
2020,TWN,-17.5,-112.5,0.07,0,0,0,0,0,0,0.25,0,0
2020,TWN,-17.5,-107.5,0.4,0,0,0,0,0,0,0.19,0,0
2020,TWN,-12.5,-147.5,0.03,0,0,0,0,0,0,0,0,0
2020,TWN,-12.5,-137.5,0.85,0,0,0,0,0,0,0.13,0,0
2020,TWN,-12.5,-132.5,23.32,0,0,0,0,0,0,1.41,0,0
2020,TWN,-12.5,-127.5,13.68,0,0,0,0,0,0,1.65,0,0
2020,TWN,-12.5,-122.5,3.6,0,0,0,0,0,0,0.05,0,0
2020,TWN,-12.5,-117.5,0.03,0,0,0,0,0,0,0,0,0
2020,TWN,-12.5,-112.5,0.15,0,0,0,0,0,0,0,0,0
2020,TWN,-7.5,-147.5,1.67,0,0,0,0,0,0,0,0,0
2020,TWN,-7.5,-142.5,1.47,0,0,0,0,0,0,0,0,0
2020,TWN,-7.5,-137.5,8.12,0,0,0,0,0,0,0.32,0,0.15
2020,TWN,-7.5,-132.5,5.02,0,0,0,0,0,0,0.22,0,0.16
2020,TWN,-7.5,-127.5,0.88,0,0,0,0,0,0,0,0,0
2020,TWN,-7.5,-112.5,0.1,0,0,0,0,0,0,0,0,0
2020,TWN,-2.5,-137.5,0.26,0,0,0,0,0,0,0,0,0
2020,TWN,7.5,-147.5,1.09,0,1.48,0,0,0,0,0,0.15,0
2020,TWN,7.5,-142.5,0.67,0,1.56,0,0,0,0,0.22,0.5,0
2020,TWN,12.5,-147.5,2.23,0,0.94,0,0,0,0,0,0,0
2020,TWN,37.5,-147.5,9.84,0,0,0,0,0,0,3.77,0,0
2020,USA,17.5,-147.5,0,0,0,0,0,0,0,0,0,0
2020,USA,22.5,-147.5,0,0,0,0,0,0,0,0,0,0
2020,USA,22.5,-142.5,0,0,0,0,0,0,0,0,0,0
2020,USA,27.5,-147.5,0,0,0,0,0,0,0,0,0,0
2020,USA,32.5,-137.5,0,0,0,0,0,0,0,0,0,0
2020,USA,32.5,-127.5,0,0,0,0,0,0,0,0,0,0
2020,USA,37.5,-132.5,0,0,0,0,0,0,0,0,0,0
2020,USA,37.5,-127.5,0,0,0,0,0,0,0,0,0,0
2020,VUT,-32.5,-137.5,0.43,0,0,0,0,0,0,0,0,0
2020,VUT,-17.5,-102.5,0.54,0,0,0,0,0,0,0,0,0
2020,VUT,-17.5,-97.5,0.38,0,0,0,0,0,0,0,0,0
2020,VUT,-12.5,-137.5,0.14,0,0,0,0,0,0,0,0,0
2020,VUT,-12.5,-132.5,1.49,0,0,0,0,0,0,0,0,0
2020,VUT,-12.5,-127.5,0.03,0,0,0,0,0,0,0,0,0
2020,VUT,-12.5,-102.5,0.21,0,0,0,0,0,0,0,0,0
2020,VUT,-12.5,-97.5,1.22,0,0,0,0,0,0,0,0,0
2020,VUT,-12.5,-92.5,3.44,0,0,0,0,0,0,0,0,0
2020,VUT,-12.5,-87.5,0.27,0,0,0,0,0,0,0,0,0
2020,VUT,-7.5,-137.5,0.18,0,0,0,0,0,0,0,0,0
2020,VUT,-7.5,-132.5,0.08,0,0,0,0,0,0,0,0,0
2020,VUT,37.5,-147.5,1.95,0,0,0.43,0,0,0,0.89,0,0
2020,BLZ,-17.5,-102.5,0.79,0,0,0,0,0,0,0,0,0
2020,CHN,-12.5,-142.5,0,0,0,0,0,0,0,0,0,0
2020,CHN,-12.5,-137.5,0,0,0,0,0,0,0,0,0,0
2020,CHN,-12.5,-132.5,0,0,0,0,0,0,0,0,0,0
2020,CHN,-7.5,-147.5,0,0,0,0,0,0,0,0,0,0
2020,CHN,-7.5,-142.5,0,0,0,0,0,0,0,0,0,0
2020,CHN,-7.5,-137.5,0,0,0,0,0,0,0,0,0,0
2020,CHN,-7.5,-132.5,0,0,0,0,0,0,0,0,0,0
2020,CHN,-7.5,-117.5,0,0,0,0,0,0,0,0,0,0
2020,CHN,-2.5,-147.5,0,0,0,0,0,0,0,0,0,0
2020,CHN,-2.5,-122.5,0,0,0,0,0,0,0,0,0,0
2020,CHN,-2.5,-117.5,0,0,0,0,0,0,0,0,0,0
2020,CHN,-2.5,-112.5,0,0,0,0,0,0,0,0,0,0
2020,CHN,2.5,-127.5,0,0,0,0,0,0,0,0,0,0
2020,CHN,2.5,-122.5,0,0,0,0,0,0,0,0,0,0
2020,CHN,2.5,-117.5,0,0,0,0,0,0,0,0,0,0
2020,CHN,2.5,-112.5,0,0,0,0,0,0,0,0,0,0
2020,CHN,2.5,-107.5,0,0,0,0,0,0,0,0,0,0
2020,CHN,2.5,-102.5,0,0,0,0,0,0,0,0,0,0
2020,CHN,7.5,-127.5,0,0,0,0,0,0,0,0,0,0
2020,CHN,7.5,-122.5,0,0,0,0,0,0,0,0,0,0
2020,CHN,7.5,-117.5,0,0,0,0,0,0,0,0,0,0
2020,CHN,12.5,-122.5,0,0,0,0,0,0,0,0,0,0
2020,CHN,12.5,-117.5,0,0,0,0,0,0,0,0,0,0
2020,JPN,-12.5,-117.5,0,0,0,0,0,0,0,0,0,0
2020,JPN,-12.5,-112.5,0,0,0,0,0,0,0,0,0,0
2020,JPN,-12.5,-107.5,0,0,0,0,0,0,0,0,0,0
2020,JPN,-12.5,-102.5,0,0,0,0,0,0,0,0,0,0
2020,JPN,-12.5,-97.5,0,0,0,0,0,0,0,0,0,0
2020,JPN,-7.5,-117.5,0,0,0,0,0,0,0,0,0,0
2020,JPN,-7.5,-112.5,0,0,0,0,0,0,0,0,0,0
2020,KOR,-12.5,-127.5,0.4,0,0,0,0,0,0,0,0,0
2020,KOR,-12.5,-122.5,0.19,0,0,0.03,0,0,0.03,0,0.05,0
2020,KOR,-7.5,-127.5,0.62,0,0,0,0,0,0,0,0,0
2020,KOR,-7.5,-122.5,0.41,0,0,0,0,0,0,0,0,0
2020,PYF,-27.5,-142.5,0,0,0,0,0,0,0,0,0,0
2020,PYF,-22.5,-147.5,0,0,0,0,0,0,0,0,0,0
2020,PYF,-22.5,-142.5,0,0,0,0,0,0,0,0,0,0
2020,PYF,-22.5,-137.5,0,0,0,0,0,0,0,0,0,0
2020,PYF,-17.5,-147.5,0,0,0,0,0,0,0,0,0,0
2020,PYF,-17.5,-142.5,0,0,0,0,0,0,0,0,0,0
2020,PYF,-12.5,-147.5,0,0,0,0,0,0,0,0,0,0
2020,PYF,-12.5,-142.5,0,0,0,0,0,0,0,0,0,0
2020,PYF,-7.5,-142.5,0,0,0,0,0,0,0,0,0,0
2020,TWN,-22.5,-127.5,0,0,0,0,0,0,0,0.06,0,0
2020,TWN,-17.5,-132.5,4.37,0,0,0,0,0,0,0.58,0,0
2020,TWN,-17.5,-127.5,1.65,0,0,0,0,0,0,0.12,0,0
2020,TWN,-17.5,-117.5,0.04,0,0,0,0,0,0,0,0,0
2020,TWN,-17.5,-112.5,0.02,0,0,0,0,0,0,0,0,0
2020,TWN,-12.5,-137.5,1.28,0,0,0,0,0,0,0,0,0
2020,TWN,-12.5,-132.5,18.2,0,0,0,0,0,0,0.56,0,0
2020,TWN,-12.5,-127.5,7.72,0,0,0,0,0,0,0.27,0,0
2020,TWN,-12.5,-122.5,3.65,0,0,0,0,0,0,0,0,0
2020,TWN,-12.5,-117.5,0.85,0,0,0,0,0,0,0,0,0
2020,TWN,-7.5,-147.5,3.21,0,0,0,0,0,0,0,0,0
2020,TWN,-7.5,-142.5,1.47,0,0,0,0,0,0,0,0,0
2020,TWN,-7.5,-137.5,1.91,0,0,0,0,0,0,0.31,0,0
2020,TWN,-7.5,-132.5,4.65,0,0,0,0,0,0,0.36,0,0
2020,TWN,-7.5,-117.5,0.56,0,0,0,0,0,0,0,0,0
2020,TWN,-7.5,-112.5,0.19,0,0,0,0,0,0,0,0,0
2020,TWN,-2.5,-147.5,0.39,0,0,0,0,0,0,0.06,0.01,0.02
2020,TWN,-2.5,-137.5,0.52,0,0,0,0,0,0,0,0,0
2020,TWN,-2.5,-132.5,1.4,0,0.98,0,0,0,0,0,0,0
2020,TWN,32.5,-147.5,13.64,0,0,0,0,0,0,5.68,0,0
2020,TWN,32.5,-142.5,2.28,0,0,0,0,0,0,1.49,0,0
2020,TWN,37.5,-147.5,12.24,0,0,0,0,0,0,5.39,0,0
2020,TWN,37.5,-142.5,7.1,0,0,0,0,0,0,3.27,0,0
2020,USA,17.5,-147.5,0,0,0,0,0,0,0,0,0,0
2020,USA,22.5,-147.5,0,0,0,0,0,0,0,0,0,0
2020,USA,27.5,-147.5,0,0,0,0,0,0,0,0,0,0
2020,USA,32.5,-132.5,0,0,0,0,0,0,0,0,0,0
2020,USA,32.5,-127.5,0,0,0,0,0,0,0,0,0,0
2020,USA,37.5,-132.5,0,0,0,0,0,0,0,0,0,0
2020,USA,37.5,-127.5,0,0,0,0,0,0,0,0,0,0
2020,VUT,-12.5,-132.5,0.31,0,0,0,0,0,0,0,0,0
2020,VUT,-7.5,-137.5,0.3,0,0,0,0,0,0,0,0,0
2020,VUT,-7.5,-132.5,0.17,0,0,0,0,0,0,0,0,0
2020,VUT,32.5,-147.5,1.61,0,0,0.21,0,0,0,0.4,0,0
2020,VUT,32.5,-142.5,1.45,0,0,0.34,0,0,0,1.1,0,0
2020,VUT,37.5,-147.5,1.91,0,0,0.79,0,0,0,0.06,0,0
2020,VUT,37.5,-142.5,0.49,0,0,0.07,0,0,0,0,0,0
2021,BLZ,-7.5,-82.5,1.61,0,0,0,0,0,0,0,0,0
2021,CHN,-22.5,-102.5,0,0,0,0,0,0,0,0,0,0
2021,CHN,-17.5,-132.5,0,0,0,0,0,0,0,0,0,0
2021,CHN,-17.5,-127.5,0,0,0,0,0,0,0,0,0,0
2021,CHN,-12.5,-142.5,0,0,0,0,0,0,0,0,0,0
2021,CHN,-12.5,-137.5,0,0,0,0,0,0,0,0,0,0
2021,CHN,-12.5,-132.5,0,0,0,0,0,0,0,0,0,0
2021,CHN,-12.5,-127.5,0.04,0,0,0,0,0,0,0.83,0,0
2021,CHN,-12.5,-122.5,0,0,0,0,0,0,0,0,0,0
2021,CHN,-7.5,-147.5,0,0,0,0,0,0,0,0,0,0
2021,CHN,-7.5,-137.5,0,0,0,0,0,0,0,0,0,0
2021,CHN,-2.5,-147.5,2.24,0,0,0,0,0,0,0,0,0
2021,CHN,-2.5,-142.5,0.37,0,0,0,0,0,0,0,0,0
2021,CHN,-2.5,-122.5,1.36,0,0,0,0,0,0,0.61,0,0
2021,CHN,-2.5,-117.5,15.57,0,0,0,0,0,0,8.03,0,0
2021,CHN,-2.5,-112.5,0.36,0,0,0,0,0,0,0.17,0,0
2021,CHN,-2.5,-107.5,4.86,0,0,0,0,0,0,2.26,0,0
2021,CHN,-2.5,-102.5,2.36,0,0,0,0,0,0,1.19,0,0
2021,CHN,2.5,-142.5,0.21,0,0,0,0,0,0,0,0,0
2021,CHN,2.5,-127.5,0.42,0,0,0,0,0,0,0.23,0,0
2021,CHN,2.5,-122.5,8.65,0,0,0,0,0,0,4.26,0,0
2021,CHN,2.5,-117.5,2.1,0,0,0,0,0,0,1.13,0,0
2021,CHN,2.5,-112.5,9.93,0,0,0,0,0,0,4.98,0,0
2021,CHN,2.5,-107.5,19,0,0,0,0,0,0,9.64,0,0
2021,CHN,2.5,-102.5,13.42,0,0,0,0,0,0,7.03,0,0
2021,CHN,7.5,-142.5,0.61,0,0,0,0,0,0,0,0,0
2021,CHN,7.5,-132.5,1.21,0,0,0,0,0,0,0,0,0
2021,CHN,7.5,-127.5,1.74,0,0,0,0,0,0,0.12,0,0
2021,CHN,7.5,-122.5,5.86,0,0,0,0,0,0,2.27,0,0
2021,CHN,7.5,-117.5,7,0,0,0,0,0,0,2.06,0,0
2021,CHN,7.5,-112.5,4.56,0,0,0,0,0,0,2.44,0,0
2021,CHN,7.5,-107.5,3.19,0,0,0,0,0,0,1.67,0,0
2021,CHN,7.5,-102.5,0.94,0,0,0,0,0,0,0.51,0,0
2021,CHN,12.5,-127.5,0.55,0,0,0,0,0,0,0,0,0
2021,CHN,12.5,-122.5,7.36,0,0,0,0,0,0,2.54,0,0
2021,CHN,12.5,-117.5,26.83,0,0,0,0,0,0,13.37,0,0
2021,CHN,12.5,-112.5,8.85,0,0,0,0,0,0,4.2,0,0
2021,JPN,-12.5,-117.5,0,0,0,0,0,0,0,0,0,0
2021,JPN,-12.5,-112.5,0,0,0,0,0,0,0,0,0,0
2021,JPN,-12.5,-107.5,0,0,0,0,0,0,0,0,0,0
2021,JPN,-7.5,-112.5,0,0,0,0,0,0,0,0,0,0
2021,KOR,-12.5,-127.5,0.29,0,0,0,0,0,0.03,0,0,0
2021,KOR,-12.5,-122.5,0,0,0,0.04,0,0,0,0,0,0
2021,KOR,-12.5,-117.5,0,0,0,0.03,0,0,0,0,0.05,0
2021,KOR,-7.5,-137.5,1.25,0,0,0,0,0,0.08,0,0,0
2021,KOR,-7.5,-132.5,0.28,0,0,0,0,0,0,0,0,0
2021,KOR,-2.5,-147.5,0,0,0,0,0,0,0.01,0,0,0
2021,PYF,-22.5,-147.5,0,0,0,0,0,0,0,0,0,0
2021,PYF,-22.5,-142.5,0,0,0,0,0,0,0,0,0,0
2021,PYF,-22.5,-137.5,0,0,0,0,0,0,0,0,0,0
2021,PYF,-17.5,-147.5,0,0,0,0,0,0,0,0,0,0
2021,PYF,-17.5,-142.5,0,0,0,0,0,0,0,0,0,0
2021,PYF,-17.5,-137.5,0,0,0,0,0,0,0,0,0,0
2021,PYF,-12.5,-147.5,0,0,0,0,0,0,0,0,0,0
2021,PYF,-12.5,-142.5,0,0,0,0,0,0,0,0,0,0
2021,PYF,-12.5,-137.5,0,0,0,0,0,0,0,0,0,0
2021,TWN,-17.5,-132.5,6.7,0,0,0,0,0,0,0.25,0,0
2021,TWN,-17.5,-127.5,0.1,0,0,0,0,0,0,0,0,0
2021,TWN,-12.5,-137.5,0.27,0,0,0,0,0,0,0,0,0
2021,TWN,-12.5,-132.5,24.33,0,0.04,0,0,0,0,0.2,0,0
2021,TWN,-12.5,-127.5,12.2,0,0.86,0,0,0,0,0.41,0,0.09
2021,TWN,-12.5,-122.5,4.82,0,0,0,0,0,0,0,0,0
2021,TWN,-12.5,-117.5,0.29,0,0,0,0,0,0,0,0,0
2021,TWN,-7.5,-147.5,6.81,0,0,0,0,0,0,0,0,0
2021,TWN,-7.5,-142.5,0.11,0,0,0,0,0,0,0,0,0
2021,TWN,-7.5,-137.5,3.27,0,0,0,0,0,0,0.03,0,0
2021,TWN,-7.5,-132.5,3.06,0,0,0,0,0,0,0.07,0,0
2021,TWN,-7.5,-127.5,4.48,0,0.08,0,0,0,0,0.29,0,0.17
2021,TWN,-2.5,-147.5,0.12,0,0,0,0,0,0,0,0,0
2021,TWN,-2.5,-137.5,0.13,0,0,0,0,0,0,0,0,0
2021,TWN,-2.5,-132.5,1.77,0,0,0,0,0,0,0,0,0
2021,TWN,2.5,-147.5,0.65,0,0,0,0,0,0,0,0,0
2021,TWN,32.5,-147.5,2.43,0,0,0,0,0,0,2.28,0,0
2021,TWN,32.5,-142.5,0,0,0,0,0,0,0,2.78,0,0
2021,TWN,32.5,-137.5,0,0,0,0,0,0,0,0.76,0,0
2021,TWN,37.5,-142.5,0,0,0,0,0,0,0,0.13,0,0
2021,TWN,37.5,-137.5,0,0,0,0,0,0,0,0.05,0,0
2021,USA,22.5,-147.5,0,0,0,0,0,0,0,0,0,0
2021,USA,27.5,-132.5,0,0,0,0,0,0,0,0,0,0
2021,USA,32.5,-137.5,0,0,0,0,0,0,0,0,0,0
2021,USA,32.5,-132.5,0,0,0,0,0,0,0,0,0,0
2021,VUT,-22.5,-107.5,0,0,0,0,0,0,0,0,0,0
2021,VUT,-22.5,-102.5,0,0,0,0,0,0,0,0,0,0
2021,VUT,-17.5,-132.5,0,0,0,0,0,0,0,0,0,0
2021,VUT,-17.5,-127.5,0,0,0,0,0,0,0,0,0,0
2021,VUT,-17.5,-117.5,0,0,0,0,0,0,0,0,0,0
2021,VUT,-17.5,-112.5,0,0,0,0,0,0,0,0,0,0
2021,VUT,-17.5,-107.5,0,0,0,0,0,0,0,0,0,0
2021,VUT,-17.5,-102.5,0,0,0,0,0,0,0,0,0,0
2021,VUT,-12.5,-132.5,0,0,0,0,0,0,0,0,0,0
2021,VUT,-12.5,-127.5,0,0,0,0,0,0,0,0,0,0
2021,VUT,-12.5,-102.5,0,0,0,0,0,0,0,0,0,0
2021,VUT,-12.5,-97.5,0,0,0,0,0,0,0,0,0,0
2021,VUT,-7.5,-127.5,0,0,0,0,0,0,0,0,0,0
2021,VUT,-2.5,-132.5,0,0,0,0,0,0,0,0,0,0
2021,VUT,32.5,-147.5,0,0,0,0,0,0,0,0,0,0
2021,CHN,-17.5,-107.5,0,0,0,0,0,0,0,0,0,0
2021,CHN,-12.5,-147.5,0,0,0,0,0,0,0,0,0,0
2021,CHN,-12.5,-137.5,0,0,0,0,0,0,0,0,0,0
2021,CHN,-12.5,-132.5,0,0,0,0,0,0,0,0,0,0
2021,CHN,-7.5,-147.5,0,0,0,0,0,0,0,0,0,0
2021,CHN,-7.5,-142.5,0,0,0,0,0,0,0,0,0,0
2021,CHN,-2.5,-112.5,0.81,0,0,0,0,0,0,0.35,0,0
2021,CHN,-2.5,-107.5,5.25,0,0,0,0,0,0,2.73,0,0
2021,CHN,2.5,-117.5,0.26,0,0,0,0,0,0,0.14,0,0
2021,CHN,2.5,-112.5,1.6,0,0,0,0,0,0,0.78,0,0
2021,CHN,2.5,-107.5,8.35,0,0,0,0,0,0,4.08,0,0
2021,CHN,2.5,-102.5,6.89,0,0,0,0,0,0,3.71,0,0
2021,CHN,7.5,-117.5,3.7,0,0,0,0,0,0,1.3,0,0
2021,CHN,7.5,-112.5,8.63,0,0,0,0,0,0,3.6,0,0
2021,CHN,7.5,-107.5,1.32,0,0,0,0,0,0,0.68,0,0
2021,CHN,7.5,-102.5,0.55,0,0,0,0,0,0,0.3,0,0
2021,CHN,12.5,-122.5,5.96,0,0,0,0,0,0,0,0,0
2021,CHN,12.5,-117.5,29.15,0,0,0,0,0,0,0,0,0
2021,CHN,12.5,-112.5,3.42,0,0,0,0,0,0,0.73,0,0
2021,JPN,-12.5,-122.5,0,0,0,0,0,0,0,0,0,0
2021,JPN,-12.5,-117.5,0,0,0,0,0,0,0,0,0,0
2021,JPN,-12.5,-112.5,0,0,0,0,0,0,0,0,0,0
2021,JPN,-7.5,-112.5,0,0,0,0,0,0,0,0,0,0
2021,JPN,-7.5,-107.5,0,0,0,0,0,0,0,0,0,0
2021,KOR,-12.5,-127.5,0,0,0,0,0,0,0.05,0,0.04,0
2021,KOR,-7.5,-137.5,0.87,0,0,0,0,0,0,0,0,0
2021,KOR,-7.5,-127.5,0,0,0,0.12,0,0,0.02,0,0,0
2021,KOR,-2.5,-137.5,0.15,0,0,0,0,0,0,0,0,0
2021,PYF,-22.5,-147.5,0,0,0,0,0,0,0,0,0,0
2021,PYF,-22.5,-142.5,0,0,0,0,0,0,0,0,0,0
2021,PYF,-17.5,-147.5,0,0,0,0,0,0,0,0,0,0
2021,PYF,-17.5,-142.5,0,0,0,0,0,0,0,0,0,0
2021,PYF,-17.5,-137.5,0,0,0,0,0,0,0,0,0,0
2021,PYF,-12.5,-147.5,0,0,0,0,0,0,0,0,0,0
2021,PYF,-12.5,-142.5,0,0,0,0,0,0,0,0,0,0
2021,PYF,-12.5,-137.5,0,0,0,0,0,0,0,0,0,0
2021,PYF,-7.5,-142.5,0,0,0,0,0,0,0,0,0,0
2021,PYF,-7.5,-137.5,0,0,0,0,0,0,0,0,0,0
2021,TWN,-17.5,-132.5,3.39,0,0,0,0,0,0,0.2,0,0
2021,TWN,-17.5,-127.5,0.45,0,0,0,0,0,0,0,0,0
2021,TWN,-12.5,-147.5,0.15,0,0,0,0,0,0,0,0,0
2021,TWN,-12.5,-142.5,0.3,0,0,0,0,0,0,0,0,0
2021,TWN,-12.5,-132.5,28.51,0,0,0,0,0,0,0.16,0,0
2021,TWN,-12.5,-127.5,12.41,0,0.13,0,0,0,0,1.54,0,0
2021,TWN,-12.5,-122.5,0.73,0,0,0,0,0,0,0,0,0
2021,TWN,-7.5,-147.5,4.23,0,0,0,0,0,0,0,0,0
2021,TWN,-7.5,-142.5,1.69,0,0,0,0,0,0,0,0,0
2021,TWN,-7.5,-137.5,0.35,0,0,0,0,0,0,0,0,0
2021,TWN,-7.5,-132.5,1.8,0,0,0,0,0,0,0.1,0,0
2021,TWN,-7.5,-127.5,7.04,0,0.11,0,0,0,0,0,0.06,0.04
2021,TWN,-2.5,-147.5,0.1,0,0,0,0,0,0,0,0,0
2021,TWN,-2.5,-142.5,0.72,0,0.07,0,0,0,0,0.13,0,0.18
2021,TWN,-2.5,-137.5,1,0,0,0,0,0,0,0,0,0
2021,TWN,-2.5,-132.5,0.79,0,0,0,0,0,0,0,0,0
2021,TWN,-2.5,-127.5,0.15,0,0,0,0,0,0,0,0,0
2021,TWN,2.5,-147.5,0.29,0,0.27,0,0,0,0,0,0,0
2021,TWN,2.5,-142.5,1.67,0,0.24,0,0,0,0,0.16,0,0
2021,TWN,2.5,-137.5,1.84,0,0,0,0,0,0,0.22,0,0
2021,TWN,7.5,-147.5,0,0,0.18,0,0,0,0,0,0,0
2021,TWN,32.5,-147.5,0,0,0,0,0,0,0,1.76,0,0
2021,TWN,32.5,-142.5,0,0,0,0,0,0,0,1.98,0,0
2021,TWN,32.5,-137.5,0,0,0,0,0,0,0,0.04,0,0
2021,USA,17.5,-147.5,0,0,0,0,0,0,0,0,0,0
2021,USA,22.5,-147.5,0,0,0,0,0,0,0,0,0,0
2021,USA,27.5,-127.5,0,0,0,0,0,0,0,0,0,0
2021,USA,32.5,-137.5,0,0,0,0,0,0,0,0,0,0
2021,USA,32.5,-132.5,0,0,0,0,0,0,0,0,0,0
2021,VUT,-17.5,-127.5,0,0,0,0,0,0,0,0,0,0
2021,VUT,-12.5,-132.5,0,0,0,0,0,0,0,0,0,0
2021,VUT,-12.5,-102.5,0,0,0,0,0,0,0,0,0,0
2021,VUT,-12.5,-97.5,0,0,0,0,0,0,0,0,0,0
2021,VUT,-12.5,-92.5,0,0,0,0,0,0,0,0,0,0
2021,VUT,-2.5,-142.5,0,0,0,0,0,0,0,0,0,0
2021,VUT,-2.5,-137.5,0,0,0,0,0,0,0,0,0,0
2021,VUT,-2.5,-132.5,0,0,0,0,0,0,0,0,0,0
2021,CHN,-22.5,-112.5,0,0,0,0,0,0,0,0,0,0
2021,CHN,-12.5,-142.5,0,0,0,0,0,0,0,0,0,0
2021,CHN,-12.5,-132.5,0,0,0,0,0,0,0,0,0,0
2021,CHN,-12.5,-127.5,4.14,0,0,0,0,0,0,0.58,0,0
2021,CHN,-7.5,-147.5,0,0,0,0,0,0,0,0,0,0
2021,CHN,-7.5,-132.5,0,0,0,0,0,0,0,0,0,0
2021,CHN,-7.5,-127.5,0.73,0,0,0,0,0,0,0.78,0,0
2021,CHN,-2.5,-142.5,0,0,0,0,0,0,0,0.19,0,0
2021,CHN,-2.5,-117.5,10.08,0,0,0,0,0,0,0,0,0
2021,CHN,-2.5,-112.5,6.23,0,0,0,0,0,0,0,0,0
2021,CHN,-2.5,-107.5,12.1,0,0,0,0,0,0,0,0,0
2021,CHN,-2.5,-102.5,1.12,0,0,0,0,0,0,0,0,0
2021,CHN,2.5,-132.5,0,0,0,0,0,0,0,0,0,0
2021,CHN,2.5,-117.5,14.84,0,0,0,0,0,0,0,0,0
2021,CHN,2.5,-112.5,18.46,0,0,0,0,0,0,0,0,0
2021,CHN,2.5,-107.5,5.39,0,0,0,0,0,0,0,0,0
2021,CHN,7.5,-117.5,14.32,0,0,0,0,0,0,0,0,0
2021,CHN,7.5,-112.5,23.29,0,0,0,0,0,0,0,0,0
2021,CHN,7.5,-107.5,2.47,0,0,0,0,0,0,0,0,0
2021,CHN,12.5,-122.5,5.42,0,0,0,0,0,0,0,0,0
2021,CHN,12.5,-117.5,9.23,0,0,0,0,0,0,0,0,0
2021,CHN,12.5,-112.5,10.17,0,0,0,0,0,0,0,0,0
2021,JPN,-12.5,-127.5,0,0,0,0,0,0,0,0,0,0
2021,JPN,-12.5,-112.5,0,0,0,0,0,0,0,0,0,0
2021,JPN,-12.5,-107.5,0,0,0,0,0,0,0,0,0,0
2021,JPN,-12.5,-102.5,0,0,0,0,0,0,0,0,0,0
2021,PYF,-27.5,-147.5,0,0,0,0,0,0,0,0,0,0
2021,PYF,-22.5,-147.5,0,0,0,0,0,0,0,0,0,0
2021,PYF,-22.5,-142.5,0,0,0,0,0,0,0,0,0,0
2021,PYF,-17.5,-147.5,0,0,0,0,0,0,0,0,0,0
2021,PYF,-17.5,-142.5,0,0,0,0,0,0,0,0,0,0
2021,PYF,-12.5,-147.5,0,0,0,0,0,0,0,0,0,0
2021,PYF,-12.5,-142.5,0,0,0,0,0,0,0,0,0,0
2021,PYF,-12.5,-137.5,0,0,0,0,0,0,0,0,0,0
2021,PYF,-7.5,-142.5,0,0,0,0,0,0,0,0,0,0
2021,PYF,-7.5,-137.5,0,0,0,0,0,0,0,0,0,0
2021,TWN,-17.5,-132.5,0.2,0,0,0,0,0,0,0,0,0
2021,TWN,-12.5,-132.5,4.99,0,0,0,0,0,0,0.1,0,0
2021,TWN,-12.5,-127.5,10.22,0,0,0.05,0,0,0.13,0,0.09,0.82
2021,TWN,-7.5,-147.5,2.34,0,0,0,0,0,0,0,0,0
2021,TWN,-7.5,-142.5,0.4,0,0,0,0,0,0,0,0,0
2021,TWN,-7.5,-137.5,0.97,0,0,0,0,0,0,0,0,0
2021,TWN,-7.5,-132.5,1.35,0,0,0,0,0,0,0,0,0
2021,TWN,-7.5,-127.5,0.44,0,0,0,0,0,0,0,0,0
2021,TWN,-2.5,-147.5,2.61,0,0.59,0,0,0,0,0,0,0.03
2021,TWN,-2.5,-142.5,0.93,0,0,0,0,0,0,0.17,0,0
2021,TWN,-2.5,-137.5,0.32,0,0,0,0,0,0,0,0,0
2021,TWN,-2.5,-132.5,0.14,0,0,0,0,0,0,0,0.07,0
2021,TWN,2.5,-147.5,6.32,0,0,0.09,0,0,0.42,0.09,0.22,0.3
2021,TWN,2.5,-142.5,2.99,0,0,0,0,0,0,0.23,0,0
2021,TWN,2.5,-137.5,4.02,0,0,0,0,0,0,0.67,0,0
2021,TWN,2.5,-132.5,0.44,0,0,0,0,0,0,0,0,0
2021,TWN,7.5,-147.5,0.65,0,0,0,0,0,0,0,0,0
2021,TWN,7.5,-142.5,2.12,0,0,0,0,0,0,0,0,0
2021,TWN,7.5,-137.5,0.37,0,0,0,0,0,0,0,0,0
2021,USA,17.5,-147.5,0,0,0,0,0,0,0,0,0,0
2021,USA,22.5,-137.5,0,0,0,0,0,0,0,0,0,0
2021,USA,27.5,-132.5,0,0,0,0,0,0,0,0,0,0
2021,USA,27.5,-127.5,0,0,0,0,0,0,0,0,0,0
2021,USA,32.5,-147.5,0,0,0,0,0,0,0,0,0,0
2021,USA,32.5,-142.5,0,0,0,0,0,0,0,0,0,0
2021,USA,32.5,-132.5,0,0,0,0,0,0,0,0,0,0
2021,VUT,-37.5,-137.5,0,0,0,0,0,0,0,0,0,0
2021,VUT,-32.5,-137.5,0,0,0,0,0,0,0,0,0,0
2021,VUT,-32.5,-132.5,0,0,0,0,0,0,0,0,0,0
2021,VUT,-32.5,-122.5,0,0,0,0,0,0,0,0,0,0
2021,VUT,-32.5,-112.5,0,0,0,0,0,0,0,0,0,0
2021,VUT,-12.5,-97.5,0,0,0,0,0,0,0,0,0,0
2021,VUT,-12.5,-92.5,0,0,0,0,0,0,0,0,0,0
2021,BLZ,-7.5,-82.5,3.2,0,0,0,0,0,0,0,0,0
2021,CHN,-12.5,-147.5,0,0,0,0,0,0,0,0,0,0
2021,CHN,-12.5,-142.5,0,0,0,0,0,0,0,0,0,0
2021,CHN,-12.5,-137.5,0,0,0,0,0,0,0,0,0,0
2021,CHN,-12.5,-132.5,0,0,0,0,0,0,0,0,0,0
2021,CHN,-2.5,-117.5,6.79,0,0,0,0,0,0,0,0,0
2021,CHN,-2.5,-112.5,0.34,0,0,0,0,0,0,0,0,0
2021,CHN,-2.5,-107.5,2.1,0,0,0,0,0,0,0,0,0
2021,CHN,-2.5,-102.5,4.47,0,0,0,0,0,0,0,0,0
2021,CHN,2.5,-127.5,0.83,0,0,0,0,0,0,0,0,0
2021,CHN,2.5,-122.5,6.01,0,0,0,0,0,0,0,0,0
2021,CHN,2.5,-117.5,21.97,0,0,0,0,0,0,0,0,0
2021,CHN,2.5,-112.5,9.68,0,0,0,0,0,0,0,0,0
2021,CHN,2.5,-107.5,6.47,0,0,0,0,0,0,0,0,0
2021,CHN,2.5,-102.5,7.7,0,0,0,0,0,0,0,0,0
2021,CHN,2.5,-97.5,0.71,0,0,0,0,0,0,0,0,0
2021,CHN,7.5,-117.5,6.67,0,0,0,0,0,0,0,0,0
2021,CHN,7.5,-112.5,5.85,0,0,0,0,0,0,0,0,0
2021,CHN,7.5,-107.5,4.29,0,0,0,0,0,0,0,0,0
2021,CHN,7.5,-102.5,0.64,0,0,0,0,0,0,0,0,0
2021,JPN,-12.5,-127.5,0,0,0,0,0,0,0,0,0,0
2021,JPN,-12.5,-122.5,0,0,0,0,0,0,0,0,0,0
2021,JPN,-12.5,-117.5,0,0,0,0,0,0,0,0,0,0
2021,JPN,-12.5,-107.5,0,0,0,0,0,0,0,0,0,0
2021,JPN,-7.5,-122.5,0,0,0,0,0,0,0,0,0,0
2021,KOR,2.5,-137.5,0,0,0,0.02,0,0,0,0,0,0
2021,PYF,-22.5,-147.5,0,0,0,0,0,0,0,0,0,0
2021,PYF,-22.5,-142.5,0,0,0,0,0,0,0,0,0,0
2021,PYF,-22.5,-137.5,0,0,0,0,0,0,0,0,0,0
2021,PYF,-17.5,-147.5,0,0,0,0,0,0,0,0,0,0
2021,PYF,-17.5,-142.5,0,0,0,0,0,0,0,0,0,0
2021,PYF,-12.5,-147.5,0,0,0,0,0,0,0,0,0,0
2021,PYF,-12.5,-142.5,0,0,0,0,0,0,0,0,0,0
2021,PYF,-12.5,-137.5,0,0,0,0,0,0,0,0,0,0
2021,PYF,-7.5,-142.5,0,0,0,0,0,0,0,0,0,0
2021,PYF,-7.5,-137.5,0,0,0,0,0,0,0,0,0,0
2021,TWN,-32.5,-147.5,0.46,0,0,0,0,0,0,0,0,0
2021,TWN,-32.5,-142.5,1.3,0,0,0,0,0,0,0,0,0
2021,TWN,-12.5,-127.5,11.52,0,0,0.09,0,0,0.16,0,0,0.1
2021,TWN,-7.5,-147.5,0.64,0,0,0,0,0,0,0.07,0,0
2021,TWN,-2.5,-147.5,2.49,0,0.12,0,0,0,0,0,0,0
2021,TWN,-2.5,-142.5,0.26,0,0,0,0,0,0,0,0,0
2021,TWN,-2.5,-137.5,0.07,0,0,0,0,0,0,0,0,0
2021,USA,22.5,-147.5,0,0,0,0,0,0,0,0,0,0
2021,USA,22.5,-137.5,0,0,0,0,0,0,0,0,0,0
2021,USA,27.5,-132.5,0,0,0,0,0,0,0,0,0,0
2021,USA,27.5,-127.5,0,0,0,0,0,0,0,0,0,0
2021,VUT,-37.5,-137.5,0,0,0,0,0,0,0,0,0,0
2021,VUT,-32.5,-137.5,0,0,0,0,0,0,0,0,0,0
2021,VUT,-32.5,-132.5,0,0,0,0,0,0,0,0,0,0
2021,VUT,-32.5,-127.5,0,0,0,0,0,0,0,0,0,0
2021,VUT,-32.5,-122.5,0,0,0,0,0,0,0,0,0,0
2021,VUT,-32.5,-117.5,0,0,0,0,0,0,0,0,0,0
2021,VUT,-12.5,-97.5,0,0,0,0,0,0,0,0,0,0
2021,VUT,-12.5,-92.5,0,0,0,0,0,0,0,0,0,0
2021,VUT,7.5,-92.5,0,0,0,0,0,0,0,0,0,0
2021,BLZ,-17.5,-82.5,19.18,0,0,0,0,0,0,0,0,0
2021,CHN,-32.5,-137.5,0,0,0,0,0,0,0,0,0,0
2021,CHN,-32.5,-132.5,0,0,0,0,0,0,0,0,0,0
2021,CHN,-27.5,-137.5,0,0,0,0,0,0,0,0,0,0
2021,CHN,-27.5,-132.5,0,0,0,0,0,0,0,0,0,0
2021,CHN,-22.5,-132.5,0,0,0,0,0,0,0,0,0,0
2021,CHN,-12.5,-147.5,0,0,0,0,0,0,0,0,0,0
2021,CHN,-12.5,-132.5,0,0,0,0,0,0,0,0,0,0
2021,CHN,-7.5,-147.5,0,0,0,0,0,0,0,0,0,0
2021,CHN,-2.5,-117.5,2.65,0,0,0,0,0,0,0,0,0
2021,CHN,2.5,-127.5,2.65,0,0,0,0,0,0,0,0,0
2021,CHN,2.5,-122.5,10.31,0,0,0,0,0,0,0,0,0
2021,CHN,2.5,-117.5,8.29,0,0,0,0,0,0,0,0,0
2021,CHN,7.5,-147.5,0.67,0,0,0,0,0,0,0,0,0
2021,CHN,7.5,-142.5,2.39,0,0,0,0,0,0,0,0,0
2021,CHN,7.5,-137.5,1.3,0,0,0,0,0,0,0,0,0
2021,CHN,7.5,-132.5,1.98,0,0,0,0,0,0,0,0,0
2021,CHN,7.5,-127.5,5.63,0,0,0,0,0,0,0,0,0
2021,CHN,7.5,-122.5,8.11,0,0,0,0,0,0,0,0,0
2021,CHN,12.5,-147.5,1.77,0,0,0,0,0,0,0,0,0
2021,CHN,12.5,-132.5,3.98,0,0,0,0,0,0,0,0,0
2021,JPN,-22.5,-82.5,0,0,0,0,0,0,0,0,0,0
2021,JPN,-17.5,-117.5,0,0,0,0,0,0,0,0,0,0
2021,JPN,-17.5,-112.5,0,0,0,0,0,0,0,0,0,0
2021,JPN,-17.5,-92.5,0,0,0,0,0,0,0,0,0,0
2021,JPN,-17.5,-87.5,0,0,0,0,0,0,0,0,0,0
2021,JPN,-17.5,-82.5,0,0,0,0,0,0,0,0,0,0
2021,JPN,-17.5,-77.5,0,0,0,0,0,0,0,0,0,0
2021,JPN,-12.5,-127.5,0,0,0,0,0,0,0,0,0,0
2021,JPN,-12.5,-122.5,0,0,0,0,0,0,0,0,0,0
2021,JPN,-12.5,-117.5,0,0,0,0,0,0,0,0,0,0
2021,JPN,-12.5,-112.5,0,0,0,0,0,0,0,0,0,0
2021,JPN,-7.5,-122.5,0,0,0,0,0,0,0,0,0,0
2021,JPN,-7.5,-102.5,0,0,0,0,0,0,0,0,0,0
2021,JPN,-7.5,-97.5,0,0,0,0,0,0,0,0,0,0
2021,PYF,-22.5,-147.5,0,0,0,0,0,0,0,0,0,0
2021,PYF,-22.5,-142.5,0,0,0,0,0,0,0,0,0,0
2021,PYF,-17.5,-147.5,0,0,0,0,0,0,0,0,0,0
2021,PYF,-17.5,-142.5,0,0,0,0,0,0,0,0,0,0
2021,PYF,-12.5,-147.5,0,0,0,0,0,0,0,0,0,0
2021,PYF,-12.5,-142.5,0,0,0,0,0,0,0,0,0,0
2021,PYF,-12.5,-137.5,0,0,0,0,0,0,0,0,0,0
2021,PYF,-7.5,-142.5,0,0,0,0,0,0,0,0,0,0
2021,PYF,-7.5,-137.5,0,0,0,0,0,0,0,0,0,0
2021,TWN,-12.5,-147.5,0,0,0,0,0,0,0,0.16,0,0
2021,TWN,-12.5,-132.5,3.4,0,0,0,0,0,0,0,0,0
2021,TWN,-12.5,-127.5,9.44,0,0,0,0,0,0,0.16,0.08,0.12
2021,TWN,-7.5,-147.5,0.98,0,0,0,0,0,0,0,0,0
2021,TWN,-2.5,-147.5,0.28,0,0,0,0,0,0,0,0,0
2021,USA,22.5,-147.5,0,0,0,0,0,0,0,0,0,0
2021,USA,22.5,-142.5,0,0,0,0,0,0,0,0,0,0
2021,USA,22.5,-137.5,0,0,0,0,0,0,0,0,0,0
2021,USA,22.5,-132.5,0,0,0,0,0,0,0,0,0,0
2021,USA,27.5,-147.5,0,0,0,0,0,0,0,0,0,0
2021,VUT,-37.5,-132.5,0,0,0,0,0,0,0,0,0,0
2021,VUT,-32.5,-137.5,0,0,0,0,0,0,0,0,0,0
2021,VUT,-32.5,-132.5,0,0,0,0,0,0,0,0,0,0
2021,VUT,-32.5,-127.5,0,0,0,0,0,0,0,0,0,0
2021,VUT,-7.5,-147.5,0,0,0,0,0,0,0,0,0,0
2021,VUT,-2.5,-147.5,0,0,0,0,0,0,0,0,0,0
2021,VUT,7.5,-92.5,0,0,0,0,0,0,0,0,0,0
2021,BLZ,-17.5,-82.5,12.42,0,0,0,0,0,0,0,0,0
2021,CHN,-32.5,-147.5,0,0,0,0,0,0,0,0,0,0
2021,CHN,-32.5,-137.5,0,0,0,0,0,0,0,0,0,0
2021,CHN,-32.5,-132.5,0,0,0,0,0,0,0,0,0,0
2021,CHN,-27.5,-147.5,0,0,0,0,0,0,0,0,0,0
2021,CHN,-27.5,-137.5,0,0,0,0,0,0,0,0,0,0
2021,CHN,-27.5,-132.5,0,0,0,0,0,0,0,0,0,0
2021,CHN,-12.5,-147.5,0,0,0,0,0,0,0,0,0,0
2021,CHN,-12.5,-142.5,0,0,0,0,0,0,0,0,0,0
2021,CHN,-12.5,-132.5,0,0,0,0,0,0,0,0,0,0
2021,CHN,-7.5,-147.5,0,0,0,0,0,0,0,0,0,0
2021,CHN,-7.5,-142.5,0,0,0,0,0,0,0,0,0,0
2021,JPN,-22.5,-112.5,0,0,0,0,0,0,0,0,0,0
2021,JPN,-17.5,-112.5,0,0,0,0,0,0,0,0,0,0
2021,JPN,-17.5,-107.5,0,0,0,0,0,0,0,0,0,0
2021,JPN,-17.5,-92.5,0,0,0,0,0,0,0,0,0,0
2021,JPN,-17.5,-87.5,0,0,0,0,0,0,0,0,0,0
2021,JPN,-17.5,-82.5,0,0,0,0,0,0,0,0,0,0
2021,JPN,-12.5,-117.5,0,0,0,0,0,0,0,0,0,0
2021,JPN,-12.5,-102.5,0,0,0,0,0,0,0,0,0,0
2021,JPN,-12.5,-97.5,0,0,0,0,0,0,0,0,0,0
2021,JPN,-12.5,-92.5,0,0,0,0,0,0,0,0,0,0
2021,JPN,-7.5,-127.5,0,0,0,0,0,0,0,0,0,0
2021,PYF,-22.5,-147.5,0,0,0,0,0,0,0,0,0,0
2021,PYF,-22.5,-142.5,0,0,0,0,0,0,0,0,0,0
2021,PYF,-22.5,-137.5,0,0,0,0,0,0,0,0,0,0
2021,PYF,-17.5,-147.5,0,0,0,0,0,0,0,0,0,0
2021,PYF,-17.5,-142.5,0,0,0,0,0,0,0,0,0,0
2021,PYF,-12.5,-147.5,0,0,0,0,0,0,0,0,0,0
2021,PYF,-12.5,-142.5,0,0,0,0,0,0,0,0,0,0
2021,PYF,-12.5,-137.5,0,0,0,0,0,0,0,0,0,0
2021,PYF,-7.5,-142.5,0,0,0,0,0,0,0,0,0,0
2021,PYF,-7.5,-137.5,0,0,0,0,0,0,0,0,0,0
2021,TWN,-12.5,-132.5,4.93,0,0,0.05,0,0,0.22,0.15,0,0.62
2021,TWN,-12.5,-127.5,0.47,0,0,0,0,0,0,0,0,0
2021,TWN,-7.5,-147.5,3.3,0,0,0,0,0,0,0,0,0
2021,TWN,-2.5,-147.5,0.53,0,0,0,0,0,0,0,0,0
2021,TWN,-2.5,-142.5,0.12,0,0,0,0,0,0,0.14,0,0
2021,TWN,-2.5,-132.5,0,0,1.66,0,0,0,0,0.24,5.93,0
2021,TWN,2.5,-147.5,0,0,0,0,0,0,0,0.1,0,0
2021,USA,17.5,-147.5,0,0,0,0,0,0,0,0,0,0
2021,USA,22.5,-142.5,0,0,0,0,0,0,0,0,0,0
2021,USA,22.5,-137.5,0,0,0,0,0,0,0,0,0,0
2021,USA,27.5,-147.5,0,0,0,0,0,0,0,0,0,0
2021,USA,27.5,-142.5,0,0,0,0,0,0,0,0,0,0
2021,USA,27.5,-137.5,0,0,0,0,0,0,0,0,0,0
2021,USA,32.5,-147.5,0,0,0,0,0,0,0,0,0,0
2021,VUT,-37.5,-147.5,0,0,0,0,0,0,0,0,0,0
2021,VUT,-37.5,-142.5,0,0,0,0,0,0,0,0,0,0
2021,VUT,-32.5,-137.5,0,0,0,0,0,0,0,0,0,0
2021,VUT,-27.5,-137.5,0,0,0,0,0,0,0,0,0,0
2021,VUT,-27.5,-132.5,0,0,0,0,0,0,0,0,0,0
2021,VUT,7.5,-92.5,0,0,0,0,0,0,0,0,0,0
2021,VUT,7.5,-87.5,0,0,0,0,0,0,0,0,0,0
2021,BLZ,-17.5,-82.5,11.21,0,0,0,0,0,0,0,0,0
2021,CHN,-32.5,-147.5,0,0,0,0,0,0,0,0,0,0
2021,CHN,-32.5,-142.5,0,0,0,0,0,0,0,0,0,0
2021,CHN,-32.5,-137.5,0,0,0,0,0,0,0,0,0,0
2021,CHN,-32.5,-132.5,0,0,0,0,0,0,0,0,0,0
2021,CHN,-27.5,-132.5,0,0,0,0,0,0,0,0,0,0
2021,CHN,-7.5,-137.5,0,0,0,0,0,0,0,0,0,0
2021,CHN,-7.5,-132.5,0,0,0,0,0,0,0,0,0,0
2021,JPN,-22.5,-87.5,0,0,0,0,0,0,0,0,0,0
2021,JPN,-17.5,-117.5,0,0,0,0,0,0,0,0,0,0
2021,JPN,-17.5,-112.5,0,0,0,0,0,0,0,0,0,0
2021,JPN,-17.5,-97.5,0,0,0,0,0,0,0,0,0,0
2021,JPN,-17.5,-92.5,0,0,0,0,0,0,0,0,0,0
2021,JPN,-17.5,-87.5,0,0,0,0,0,0,0,0,0,0
2021,JPN,-17.5,-82.5,0,0,0,0,0,0,0,0,0,0
2021,JPN,-12.5,-117.5,0,0,0,0,0,0,0,0,0,0
2021,JPN,-12.5,-97.5,0,0,0,0,0,0,0,0,0,0
2021,PYF,-22.5,-147.5,0,0,0,0,0,0,0,0,0,0
2021,PYF,-22.5,-142.5,0,0,0,0,0,0,0,0,0,0
2021,PYF,-17.5,-147.5,0,0,0,0,0,0,0,0,0,0
2021,PYF,-17.5,-142.5,0,0,0,0,0,0,0,0,0,0
2021,PYF,-12.5,-147.5,0,0,0,0,0,0,0,0,0,0
2021,PYF,-12.5,-142.5,0,0,0,0,0,0,0,0,0,0
2021,PYF,-12.5,-137.5,0,0,0,0,0,0,0,0,0,0
2021,PYF,-7.5,-142.5,0,0,0,0,0,0,0,0,0,0
2021,PYF,-7.5,-137.5,0,0,0,0,0,0,0,0,0,0
2021,TWN,-37.5,-147.5,5.49,0,0,0,0,0,0,1.16,0,0
2021,TWN,-37.5,-142.5,5.74,0,0,0,0,0,0,1.07,0,0
2021,TWN,-32.5,-147.5,1.99,0,0,0,0,0,0,0.22,0,0
2021,TWN,-27.5,-147.5,0.89,0,0,0,0,0,0,1.52,0,0
2021,TWN,-12.5,-142.5,0.32,0,0,0,0,0,0,0,0,0
2021,TWN,-12.5,-137.5,0.73,0,0,0,0,0,0,0.07,0,0
2021,TWN,-12.5,-132.5,4.24,0,0,0,0,0,0,0.06,0,0
2021,TWN,-7.5,-147.5,10.98,0,0,0,0,0,0,0,0,0
2021,TWN,-7.5,-142.5,5.02,0,0,0,0,0,0,0,0,0
2021,TWN,-7.5,-132.5,2.71,0,0,0,0,0,0,0.14,0,0
2021,TWN,-2.5,-147.5,0.43,0,0,0,0,0,0,0,0,0
2021,TWN,-2.5,-132.5,0,0,2.53,0,0,0,0,0.35,9.21,0
2021,TWN,2.5,-132.5,0,0,0.13,0,0,0,0,0.11,1.2,0
2021,USA,22.5,-147.5,0,0,0,0,0,0,0,0,0,0
2021,USA,22.5,-142.5,0,0,0,0,0,0,0,0,0,0
2021,USA,22.5,-137.5,0,0,0,0,0,0,0,0,0,0
2021,USA,27.5,-147.5,0,0,0,0,0,0,0,0,0,0
2021,USA,27.5,-142.5,0,0,0,0,0,0,0,0,0,0
2021,USA,27.5,-137.5,0,0,0,0,0,0,0,0,0,0
2021,USA,32.5,-147.5,0,0,0,0,0,0,0,0,0,0
2021,VUT,-37.5,-147.5,0,0,0,0,0,0,0,0,0,0
2021,VUT,-37.5,-142.5,0,0,0,0,0,0,0,0,0,0
2021,VUT,-37.5,-137.5,0,0,0,0,0,0,0,0,0,0
2021,VUT,-32.5,-147.5,0,0,0,0,0,0,0,0,0,0
2021,VUT,-12.5,-147.5,0,0,0,0,0,0,0,0,0,0
2021,VUT,-12.5,-137.5,0,0,0,0,0,0,0,0,0,0
2021,VUT,-12.5,-132.5,0,0,0,0,0,0,0,0,0,0
2021,VUT,-12.5,-127.5,0,0,0,0,0,0,0,0,0,0
2021,VUT,-7.5,-147.5,0,0,0,0,0,0,0,0,0,0
2021,VUT,-7.5,-142.5,0,0,0,0,0,0,0,0,0,0
2021,VUT,-7.5,-132.5,0,0,0,0,0,0,0,0,0,0
2021,VUT,-7.5,-127.5,0,0,0,0,0,0,0,0,0,0
2021,VUT,-2.5,-147.5,0,0,0,0,0,0,0,0,0,0
2021,VUT,-2.5,-142.5,0,0,0,0,0,0,0,0,0,0
2021,VUT,7.5,-92.5,0,0,0,0,0,0,0,0,0,0
2021,VUT,7.5,-87.5,0,0,0,0,0,0,0,0,0,0
2021,CHN,-32.5,-112.5,0,0,0,0,0,0,0,0,0,0
2021,CHN,-12.5,-147.5,0,0,0,0,0,0,0,0,0,0
2021,CHN,-12.5,-132.5,0,0,0,0,0,0,0,0,0,0
2021,CHN,-7.5,-137.5,0,0,0,0,0,0,0,0,0,0
2021,CHN,-7.5,-132.5,0,0,0,0,0,0,0,0,0,0
2021,JPN,-27.5,-87.5,0,0,0,0,0,0,0,0,0,0
2021,JPN,-27.5,-82.5,0,0,0,0,0,0,0,0,0,0
2021,JPN,-17.5,-117.5,0,0,0,0,0,0,0,0,0,0
2021,JPN,-17.5,-92.5,0,0,0,0,0,0,0,0,0,0
2021,JPN,-17.5,-87.5,0,0,0,0,0,0,0,0,0,0
2021,JPN,-12.5,-107.5,0,0,0,0,0,0,0,0,0,0
2021,JPN,-12.5,-92.5,0,0,0,0,0,0,0,0,0,0
2021,JPN,-12.5,-87.5,0,0,0,0,0,0,0,0,0,0
2021,PYF,-22.5,-147.5,0,0,0,0,0,0,0,0,0,0
2021,PYF,-22.5,-142.5,0,0,0,0,0,0,0,0,0,0
2021,PYF,-17.5,-147.5,0,0,0,0,0,0,0,0,0,0
2021,PYF,-17.5,-142.5,0,0,0,0,0,0,0,0,0,0
2021,PYF,-12.5,-147.5,0,0,0,0,0,0,0,0,0,0
2021,PYF,-12.5,-142.5,0,0,0,0,0,0,0,0,0,0
2021,PYF,-12.5,-137.5,0,0,0,0,0,0,0,0,0,0
2021,PYF,-7.5,-142.5,0,0,0,0,0,0,0,0,0,0
2021,TWN,-37.5,-147.5,0.27,0,0,0,0,0,0,0.07,0,0
2021,TWN,-37.5,-142.5,1.32,0,0,0,0,0,0,0.47,0,0
2021,TWN,-37.5,-137.5,1.75,0,0,0,0,0,0,0.32,0,0
2021,TWN,-37.5,-132.5,5.14,0,0,0,0,0,0,1.45,0,0
2021,TWN,-37.5,-127.5,0.37,0,0,0,0,0,0,0,0,0
2021,TWN,-32.5,-142.5,2.79,0,0,0,0,0,0,0.5,0,0
2021,TWN,-32.5,-137.5,6.78,0,0,0,0,0,0,1.51,0,0
2021,TWN,-32.5,-132.5,7.89,0,0,0,0,0,0,1.82,0,0
2021,TWN,-32.5,-127.5,3.53,0,0,0,0,0,0,0.54,0,0
2021,TWN,-32.5,-122.5,1.26,0,0,0,0,0,0,0.43,0,0
2021,TWN,-27.5,-147.5,0.13,0,0,0,0,0,0,0.1,0,0
2021,TWN,-27.5,-137.5,1.21,0,0,0,0,0,0,0.82,0,0
2021,TWN,-27.5,-127.5,0.25,0,0,0,0,0,0,0.06,0,0
2021,TWN,-27.5,-122.5,0.05,0,0,0,0,0,0,0,0,0
2021,TWN,-22.5,-122.5,0.17,0,0,0,0,0,0,0.1,0,0
2021,TWN,-17.5,-127.5,0.29,0,0,0,0,0,0,0,0,0
2021,TWN,-17.5,-122.5,0.11,0,0,0,0,0,0,0,0,0
2021,TWN,-7.5,-147.5,10.3,0,0,0,0,0,0,0,0,0
2021,TWN,-7.5,-142.5,1,0,0,0,0,0,0,0,0,0
2021,TWN,-7.5,-137.5,3.19,0,0,0,0,0,0,0,0,0
2021,TWN,-7.5,-132.5,7.38,0,0,0,0,0,0,0.32,0,0
2021,TWN,-7.5,-127.5,3.7,0,0,0,0,0,0,0,0,0
2021,TWN,-2.5,-132.5,0,0,1.53,0,0,0,0,0.74,8.7,0
2021,TWN,7.5,-137.5,1.01,0,0,0,0,0,0,0,0,0
2021,TWN,12.5,-142.5,0.59,0,0,0,0,0,0,0,0,0
2021,USA,17.5,-147.5,0,0,0,0,0,0,0,0,0,0
2021,USA,22.5,-147.5,0,0,0,0,0,0,0,0,0,0
2021,USA,22.5,-142.5,0,0,0,0,0,0,0,0,0,0
2021,USA,27.5,-147.5,0,0,0,0,0,0,0,0,0,0
2021,USA,27.5,-142.5,0,0,0,0,0,0,0,0,0,0
2021,USA,27.5,-137.5,0,0,0,0,0,0,0,0,0,0
2021,USA,32.5,-147.5,0,0,0,0,0,0,0,0,0,0
2021,VUT,-37.5,-147.5,0,0,0,0,0,0,0,0,0,0
2021,VUT,-37.5,-142.5,0,0,0,0,0,0,0,0,0,0
2021,VUT,-37.5,-137.5,0,0,0,0,0,0,0,0,0,0
2021,VUT,-37.5,-132.5,0,0,0,0,0,0,0,0,0,0
2021,VUT,-37.5,-127.5,0,0,0,0,0,0,0,0,0,0
2021,VUT,-32.5,-147.5,0,0,0,0,0,0,0,0,0,0
2021,VUT,-32.5,-142.5,0,0,0,0,0,0,0,0,0,0
2021,VUT,-32.5,-137.5,0,0,0,0,0,0,0,0,0,0
2021,VUT,-32.5,-132.5,0,0,0,0,0,0,0,0,0,0
2021,VUT,-32.5,-127.5,0,0,0,0,0,0,0,0,0,0
2021,VUT,-32.5,-122.5,0,0,0,0,0,0,0,0,0,0
2021,VUT,-27.5,-147.5,0,0,0,0,0,0,0,0,0,0
2021,VUT,-27.5,-137.5,0,0,0,0,0,0,0,0,0,0
2021,VUT,-12.5,-147.5,0,0,0,0,0,0,0,0,0,0
2021,VUT,-12.5,-142.5,0,0,0,0,0,0,0,0,0,0
2021,VUT,-12.5,-127.5,0,0,0,0,0,0,0,0,0,0
2021,VUT,-7.5,-147.5,0,0,0,0,0,0,0,0,0,0
2021,VUT,-7.5,-142.5,0,0,0,0,0,0,0,0,0,0
2021,VUT,-7.5,-137.5,0,0,0,0,0,0,0,0,0,0
2021,VUT,-7.5,-127.5,0,0,0,0,0,0,0,0,0,0
2021,VUT,-2.5,-142.5,0,0,0,0,0,0,0,0,0,0
2021,VUT,7.5,-87.5,0,0,0,0,0,0,0,0,0,0
2021,CHN,-12.5,-132.5,0,0,0,0,0,0,0,0,0,0
2021,CHN,-7.5,-147.5,0,0,0,0,0,0,0,0,0,0
2021,CHN,-7.5,-132.5,0,0,0,0,0,0,0,0,0,0
2021,JPN,-27.5,-82.5,0,0,0,0,0,0,0,0,0,0
2021,JPN,-22.5,-82.5,0,0,0,0,0,0,0,0,0,0
2021,JPN,-17.5,-92.5,0,0,0,0,0,0,0,0,0,0
2021,JPN,-12.5,-107.5,0,0,0,0,0,0,0,0,0,0
2021,JPN,-12.5,-92.5,0,0,0,0,0,0,0,0,0,0
2021,PYF,-27.5,-147.5,0,0,0,0,0,0,0,0,0,0
2021,PYF,-22.5,-147.5,0,0,0,0,0,0,0,0,0,0
2021,PYF,-22.5,-142.5,0,0,0,0,0,0,0,0,0,0
2021,PYF,-22.5,-137.5,0,0,0,0,0,0,0,0,0,0
2021,PYF,-17.5,-147.5,0,0,0,0,0,0,0,0,0,0
2021,PYF,-17.5,-142.5,0,0,0,0,0,0,0,0,0,0
2021,PYF,-17.5,-137.5,0,0,0,0,0,0,0,0,0,0
2021,PYF,-12.5,-147.5,0,0,0,0,0,0,0,0,0,0
2021,PYF,-12.5,-142.5,0,0,0,0,0,0,0,0,0,0
2021,PYF,-12.5,-137.5,0,0,0,0,0,0,0,0,0,0
2021,PYF,-7.5,-142.5,0,0,0,0,0,0,0,0,0,0
2021,PYF,-7.5,-137.5,0,0,0,0,0,0,0,0,0,0
2021,TWN,-32.5,-147.5,0.63,0,0,0,0,0,0,0,0,0
2021,TWN,-32.5,-142.5,0.27,0,0,0,0,0,0,0.22,0,0
2021,TWN,-32.5,-137.5,0.5,0,0,0,0,0,0,0.12,0,0
2021,TWN,-32.5,-132.5,0.25,0,0,0,0,0,0,0.59,0,0
2021,TWN,-32.5,-127.5,4.37,0,0,0,0,0,0,1.33,0,0
2021,TWN,-32.5,-122.5,4.19,0,0,0,0,0,0,0.76,0,0
2021,TWN,-32.5,-117.5,0.89,0,0,0,0,0,0,0.45,0,0
2021,TWN,-27.5,-147.5,0.22,0,0,0,0,0,0,0.46,0,0
2021,TWN,-27.5,-122.5,0.1,0,0,0,0,0,0,0.24,0,0
2021,TWN,-27.5,-117.5,0.39,0,0,0,0,0,0,0.23,0,0
2021,TWN,-17.5,-132.5,0.49,0,0,0,0,0,0,0.23,0,0
2021,TWN,-12.5,-147.5,0.39,0,0,0,0,0,0,0,0,0
2021,TWN,-12.5,-142.5,0.54,0,0,0,0,0,0,0,0,0
2021,TWN,-12.5,-137.5,0.44,0,0,0,0,0,0,0,0,0
2021,TWN,-12.5,-132.5,5.35,0,0,0,0,0,0,0,0,0
2021,TWN,-12.5,-127.5,3.44,0,0,0,0,0,0,0.06,0,0
2021,TWN,-7.5,-147.5,22.8,0,0,0,0,0,0,0,0,0
2021,TWN,-7.5,-142.5,1.39,0,0,0,0,0,0,0,0,0
2021,TWN,-7.5,-137.5,4.88,0,0,0,0,0,0,0.4,0,0
2021,TWN,-7.5,-132.5,9.42,0,0,0,0,0,0,0.14,0,0
2021,TWN,-7.5,-127.5,1.89,0,0,0,0,0,0,0,0,0
2021,TWN,-2.5,-147.5,0.46,0,0,0,0,0,0,0,0,0
2021,TWN,-2.5,-142.5,3.93,0,0,0,0,0,0,0,0,0
2021,TWN,-2.5,-132.5,0.13,0,0.78,0,0,0,0,0,7.38,0
2021,TWN,2.5,-142.5,0,0,0.04,0,0,0,0,0.06,0.97,0
2021,TWN,2.5,-137.5,0,0,0.3,0,0,0,0,0,1.21,0
2021,TWN,2.5,-132.5,0,0,1.87,0,0,0,0,0.11,2.61,0
2021,TWN,37.5,-147.5,3.04,0,0,0,0,0,0,0.11,0,0
2021,USA,17.5,-147.5,0,0,0,0,0,0,0,0,0,0
2021,USA,22.5,-147.5,0,0,0,0,0,0,0,0,0,0
2021,USA,22.5,-142.5,0,0,0,0,0,0,0,0,0,0
2021,USA,22.5,-137.5,0,0,0,0,0,0,0,0,0,0
2021,USA,22.5,-132.5,0,0,0,0,0,0,0,0,0,0
2021,USA,27.5,-147.5,0,0,0,0,0,0,0,0,0,0
2021,USA,27.5,-142.5,0,0,0,0,0,0,0,0,0,0
2021,VUT,-37.5,-132.5,0,0,0,0,0,0,0,0,0,0
2021,VUT,-32.5,-147.5,0,0,0,0,0,0,0,0,0,0
2021,VUT,-32.5,-142.5,0,0,0,0,0,0,0,0,0,0
2021,VUT,-32.5,-137.5,0,0,0,0,0,0,0,0,0,0
2021,VUT,-32.5,-132.5,0,0,0,0,0,0,0,0,0,0
2021,VUT,-32.5,-127.5,0,0,0,0,0,0,0,0,0,0
2021,VUT,-32.5,-122.5,0,0,0,0,0,0,0,0,0,0
2021,VUT,-27.5,-147.5,0,0,0,0,0,0,0,0,0,0
2021,VUT,-27.5,-137.5,0,0,0,0,0,0,0,0,0,0
2021,VUT,-27.5,-127.5,0,0,0,0,0,0,0,0,0,0
2021,VUT,-27.5,-122.5,0,0,0,0,0,0,0,0,0,0
2021,VUT,-12.5,-147.5,0,0,0,0,0,0,0,0,0,0
2021,VUT,-12.5,-142.5,0,0,0,0,0,0,0,0,0,0
2021,VUT,-12.5,-137.5,0,0,0,0,0,0,0,0,0,0
2021,VUT,-12.5,-132.5,0,0,0,0,0,0,0,0,0,0
2021,VUT,-12.5,-127.5,0,0,0,0,0,0,0,0,0,0
2021,VUT,-7.5,-147.5,0,0,0,0,0,0,0,0,0,0
2021,VUT,-7.5,-142.5,0,0,0,0,0,0,0,0,0,0
2021,VUT,-7.5,-132.5,0,0,0,0,0,0,0,0,0,0
2021,VUT,-7.5,-127.5,0,0,0,0,0,0,0,0,0,0
2021,VUT,-2.5,-147.5,0,0,0,0,0,0,0,0,0,0
2021,VUT,7.5,-92.5,0,0,0,0,0,0,0,0,0,0
2021,VUT,7.5,-87.5,0,0,0,0,0,0,0,0,0,0
2021,VUT,27.5,-147.5,0,0,0,0,0,0,0,0,0,0
2021,VUT,37.5,-147.5,0,0,0,0,0,0,0,0,0,0
2021,CHN,-12.5,-147.5,0,0,0,0,0,0,0,0,0,0
2021,CHN,-12.5,-142.5,0,0,0,0,0,0,0,0,0,0
2021,CHN,-12.5,-132.5,0,0,0,0,0,0,0,0,0,0
2021,CHN,-7.5,-147.5,0,0,0,0,0,0,0,0,0,0
2021,CHN,-7.5,-142.5,0,0,0,0,0,0,0,0,0,0
2021,CHN,-7.5,-132.5,0,0,0,0,0,0,0,0,0,0
2021,CHN,-2.5,-147.5,1.25,0,0,0,0,0,0,0,0,0
2021,JPN,-17.5,-92.5,0,0,0,0,0,0,0,0,0,0
2021,JPN,-17.5,-87.5,0,0,0,0,0,0,0,0,0,0
2021,JPN,-12.5,-107.5,0,0,0,0,0,0,0,0,0,0
2021,JPN,-12.5,-102.5,0,0,0,0,0,0,0,0,0,0
2021,JPN,-12.5,-97.5,0,0,0,0,0,0,0,0,0,0
2021,JPN,-12.5,-92.5,0,0,0,0,0,0,0,0,0,0
2021,PYF,-27.5,-147.5,0,0,0,0,0,0,0,0,0,0
2021,PYF,-22.5,-147.5,0,0,0,0,0,0,0,0,0,0
2021,PYF,-22.5,-142.5,0,0,0,0,0,0,0,0,0,0
2021,PYF,-22.5,-137.5,0,0,0,0,0,0,0,0,0,0
2021,PYF,-17.5,-147.5,0,0,0,0,0,0,0,0,0,0
2021,PYF,-17.5,-142.5,0,0,0,0,0,0,0,0,0,0
2021,PYF,-17.5,-137.5,0,0,0,0,0,0,0,0,0,0
2021,PYF,-12.5,-147.5,0,0,0,0,0,0,0,0,0,0
2021,PYF,-12.5,-142.5,0,0,0,0,0,0,0,0,0,0
2021,PYF,-12.5,-137.5,0,0,0,0,0,0,0,0,0,0
2021,PYF,-7.5,-142.5,0,0,0,0,0,0,0,0,0,0
2021,PYF,-7.5,-137.5,0,0,0,0,0,0,0,0,0,0
2021,TWN,-12.5,-147.5,0.61,0,0,0,0,0,0,0,0,0
2021,TWN,-12.5,-142.5,2.08,0,0,0,0,0,0,0,0,0
2021,TWN,-12.5,-137.5,0.49,0,0,0,0,0,0,0.09,0,0
2021,TWN,-12.5,-132.5,15.76,0,0,0,0,0,0,1.23,0,0
2021,TWN,-12.5,-127.5,4.43,0,0,0,0,0,0,0.17,0,0
2021,TWN,-12.5,-122.5,5.9,0,0,0,0,0,0,0.41,0,0
2021,TWN,-12.5,-117.5,3.11,0,0,0,0,0,0,0.12,0,0
2021,TWN,-7.5,-147.5,6.16,0,0,0,0,0,0,0,0,0
2021,TWN,-7.5,-142.5,2.75,0,0,0,0,0,0,0,0,0
2021,TWN,-7.5,-137.5,10.58,0,0,0,0,0,0,0.36,0,0
2021,TWN,-7.5,-132.5,5.89,0,0,0,0,0,0,0.19,0,0
2021,TWN,-7.5,-127.5,0.22,0,0,0,0,0,0,0.07,0,0
2021,TWN,-7.5,-122.5,0.49,0,0,0,0,0,0,0.06,0,0
2021,TWN,-7.5,-117.5,0.88,0,0,0,0,0,0,0,0,0
2021,TWN,-2.5,-147.5,0.58,0,0,0,0,0,0,0,0,0
2021,TWN,12.5,-147.5,8.84,0,0,0,0,0,0,0,0,0
2021,TWN,27.5,-122.5,0.04,0,0,0,0,0,0,0,0,0
2021,TWN,32.5,-147.5,2.03,0,0,0,0,0,0,0.76,0,0
2021,TWN,32.5,-127.5,0.26,0,0,0,0,0,0,0.53,0,0
2021,TWN,37.5,-147.5,5.54,0,0,0,0,0,0,1.47,0,0
2021,TWN,37.5,-127.5,0.27,0,0,0,0,0,0,0.34,0,0
2021,TWN,42.5,-147.5,1.16,0,0,0,0,0,0,0.29,0,0
2021,TWN,42.5,-142.5,0.69,0,0,0,0,0,0,0.12,0,0
2021,USA,17.5,-147.5,0,0,0,0,0,0,0,0,0,0
2021,USA,22.5,-147.5,0,0,0,0,0,0,0,0,0,0
2021,USA,22.5,-142.5,0,0,0,0,0,0,0,0,0,0
2021,USA,22.5,-137.5,0,0,0,0,0,0,0,0,0,0
2021,USA,22.5,-132.5,0,0,0,0,0,0,0,0,0,0
2021,VUT,-32.5,-117.5,0,0,0,0,0,0,0,0,0,0
2021,VUT,-32.5,-112.5,0,0,0,0,0,0,0,0,0,0
2021,VUT,-32.5,-107.5,0,0,0,0,0,0,0,0,0,0
2021,VUT,-32.5,-102.5,0,0,0,0,0,0,0,0,0,0
2021,VUT,-27.5,-117.5,0,0,0,0,0,0,0,0,0,0
2021,VUT,-27.5,-112.5,0,0,0,0,0,0,0,0,0,0
2021,VUT,-17.5,-122.5,0,0,0,0,0,0,0,0,0,0
2021,VUT,-12.5,-147.5,0,0,0,0,0,0,0,0,0,0
2021,VUT,-12.5,-137.5,0,0,0,0,0,0,0,0,0,0
2021,VUT,-12.5,-132.5,0,0,0,0,0,0,0,0,0,0
2021,VUT,-12.5,-127.5,0,0,0,0,0,0,0,0,0,0
2021,VUT,-12.5,-122.5,0,0,0,0,0,0,0,0,0,0
2021,VUT,-7.5,-147.5,0,0,0,0,0,0,0,0,0,0
2021,VUT,-7.5,-142.5,0,0,0,0,0,0,0,0,0,0
2021,VUT,-7.5,-127.5,0,0,0,0,0,0,0,0,0,0
2021,VUT,-2.5,-147.5,0,0,0,0,0,0,0,0,0,0
2021,VUT,2.5,-97.5,0,0,0,0,0,0,0,0,0,0
2021,VUT,7.5,-107.5,0,0,0,0,0,0,0,0,0,0
2021,VUT,7.5,-97.5,0,0,0,0,0,0,0,0,0,0
2021,VUT,7.5,-92.5,0,0,0,0,0,0,0,0,0,0
2021,VUT,7.5,-87.5,0,0,0,0,0,0,0,0,0,0
2021,VUT,32.5,-147.5,0,0,0,0,0,0,0,0,0,0
2021,VUT,37.5,-147.5,0,0,0,0,0,0,0,0,0,0
2021,VUT,42.5,-147.5,0,0,0,0,0,0,0,0,0,0
2021,CHN,-12.5,-147.5,0,0,0,0,0,0,0,0,0,0
2021,CHN,-12.5,-137.5,0,0,0,0,0,0,0,0,0,0
2021,CHN,-12.5,-132.5,0,0,0,0,0,0,0,0,0,0
2021,CHN,-7.5,-147.5,0,0,0,0,0,0,0,0,0,0
2021,CHN,-7.5,-142.5,0,0,0,0,0,0,0,0,0,0
2021,CHN,-7.5,-137.5,0,0,0,0,0,0,0,0,0,0
2021,CHN,-7.5,-132.5,0,0,0,0,0,0,0,0,0,0
2021,CHN,-2.5,-147.5,1.56,0,0,0,0,0,0,0,0,0
2021,JPN,-12.5,-112.5,0,0,0,0,0,0,0,0,0,0
2021,JPN,-12.5,-107.5,0,0,0,0,0,0,0,0,0,0
2021,JPN,-12.5,-102.5,0,0,0,0,0,0,0,0,0,0
2021,PYF,-27.5,-147.5,0,0,0,0,0,0,0,0,0,0
2021,PYF,-22.5,-147.5,0,0,0,0,0,0,0,0,0,0
2021,PYF,-22.5,-142.5,0,0,0,0,0,0,0,0,0,0
2021,PYF,-17.5,-147.5,0,0,0,0,0,0,0,0,0,0
2021,PYF,-17.5,-142.5,0,0,0,0,0,0,0,0,0,0
2021,PYF,-12.5,-147.5,0,0,0,0,0,0,0,0,0,0
2021,PYF,-12.5,-142.5,0,0,0,0,0,0,0,0,0,0
2021,PYF,-12.5,-137.5,0,0,0,0,0,0,0,0,0,0
2021,PYF,-7.5,-142.5,0,0,0,0,0,0,0,0,0,0
2021,PYF,-7.5,-137.5,0,0,0,0,0,0,0,0,0,0
2021,TWN,-17.5,-127.5,0,0,0,0,0,0,0,0.34,0,0
2021,TWN,-12.5,-147.5,1.31,0,0,0,0,0,0,0.03,0,0
2021,TWN,-12.5,-137.5,0.69,0,0,0,0,0,0,0.14,0,0
2021,TWN,-12.5,-132.5,16.56,0,0,0,0,0,0,0.37,0,0
2021,TWN,-12.5,-127.5,4.95,0,0,0,0,0,0,0.11,0,0
2021,TWN,-12.5,-122.5,0.88,0,0,0,0,0,0,0,0,0
2021,TWN,-12.5,-117.5,0.2,0,0,0,0,0,0,0,0,0
2021,TWN,-7.5,-147.5,3.3,0,0,0,0,0,0,0.17,0,0
2021,TWN,-7.5,-142.5,4.05,0,0,0,0,0,0,0,0,0
2021,TWN,-7.5,-137.5,1.88,0,0,0,0,0,0,0.2,0,0
2021,TWN,-7.5,-132.5,10.26,0,0,0,0,0,0,1.44,0,0
2021,TWN,-7.5,-127.5,0.91,0,0,0,0,0,0,0.06,0,0
2021,TWN,-7.5,-122.5,0.75,0,0,0,0,0,0,0.06,0,0
2021,TWN,-7.5,-117.5,1.3,0,0,0,0,0,0,0.15,0,0
2021,TWN,-2.5,-147.5,0.31,0,0,0,0,0,0,0,0,0
2021,TWN,-2.5,-137.5,0.16,0,0,0,0,0,0,0,0,0
2021,TWN,-2.5,-132.5,0.19,0,0,0,0,0,0,0,0,0
2021,TWN,12.5,-147.5,3.96,0,0,0,0,0,0,0,0,0
2021,TWN,32.5,-147.5,0.62,0,0,0,0,0,0,0.61,0,0
2021,TWN,37.5,-147.5,7.94,0,0,0,0,0,0,5.19,0,0
2021,TWN,37.5,-142.5,0.94,0,0,0,0,0,0,0.5,0,0
2021,USA,17.5,-147.5,0,0,0,0,0,0,0,0,0,0
2021,USA,17.5,-142.5,0,0,0,0,0,0,0,0,0,0
2021,USA,22.5,-147.5,0,0,0,0,0,0,0,0,0,0
2021,USA,22.5,-142.5,0,0,0,0,0,0,0,0,0,0
2021,USA,22.5,-132.5,0,0,0,0,0,0,0,0,0,0
2021,USA,32.5,-137.5,0,0,0,0,0,0,0,0,0,0
2021,USA,32.5,-132.5,0,0,0,0,0,0,0,0,0,0
2021,USA,37.5,-137.5,0,0,0,0,0,0,0,0,0,0
2021,VUT,-32.5,-102.5,0,0,0,0,0,0,0,0,0,0
2021,VUT,-32.5,-97.5,0,0,0,0,0,0,0,0,0,0
2021,VUT,-32.5,-92.5,0,0,0,0,0,0,0,0,0,0
2021,VUT,-27.5,-102.5,0,0,0,0,0,0,0,0,0,0
2021,VUT,-22.5,-117.5,0,0,0,0,0,0,0,0,0,0
2021,VUT,-22.5,-102.5,0,0,0,0,0,0,0,0,0,0
2021,VUT,-17.5,-117.5,0,0,0,0,0,0,0,0,0,0
2021,VUT,-17.5,-102.5,0,0,0,0,0,0,0,0,0,0
2021,VUT,-12.5,-147.5,0,0,0,0,0,0,0,0,0,0
2021,VUT,-12.5,-142.5,0,0,0,0,0,0,0,0,0,0
2021,VUT,-12.5,-132.5,0,0,0,0,0,0,0,0,0,0
2021,VUT,-12.5,-127.5,0,0,0,0,0,0,0,0,0,0
2021,VUT,-7.5,-147.5,0,0,0,0,0,0,0,0,0,0
2021,VUT,-7.5,-142.5,0,0,0,0,0,0,0,0,0,0
2021,VUT,-7.5,-117.5,0,0,0,0,0,0,0,0,0,0
2021,VUT,-2.5,-147.5,0,0,0,0,0,0,0,0,0,0
2021,VUT,7.5,-92.5,0,0,0,0,0,0,0,0,0,0
2021,VUT,7.5,-87.5,0,0,0,0,0,0,0,0,0,0
2021,VUT,32.5,-147.5,0,0,0,0,0,0,0,0,0,0
2021,VUT,37.5,-147.5,0,0,0,0,0,0,0,0,0,0
2021,VUT,37.5,-142.5,0,0,0,0,0,0,0,0,0,0
2021,CHN,-22.5,-122.5,0,0,0,0,0,0,0,0,0,0
2021,CHN,-12.5,-132.5,0,0,0,0,0,0,0,0,0,0
2021,CHN,-7.5,-147.5,0,0,0,0,0,0,0,0,0,0
2021,CHN,-7.5,-142.5,0,0,0,0,0,0,0,0,0,0
2021,CHN,-7.5,-137.5,0,0,0,0,0,0,0,0,0,0
2021,CHN,-7.5,-132.5,0,0,0,0,0,0,0,0,0,0
2021,CHN,-2.5,-147.5,2.09,0,0,0,0,0,0,0,0,0
2021,JPN,-12.5,-117.5,0,0,0,0,0,0,0,0,0,0
2021,JPN,-12.5,-112.5,0,0,0,0,0,0,0,0,0,0
2021,JPN,-12.5,-107.5,0,0,0,0,0,0,0,0,0,0
2021,PYF,-22.5,-147.5,0,0,0,0,0,0,0,0,0,0
2021,PYF,-22.5,-142.5,0,0,0,0,0,0,0,0,0,0
2021,PYF,-17.5,-147.5,0,0,0,0,0,0,0,0,0,0
2021,PYF,-17.5,-142.5,0,0,0,0,0,0,0,0,0,0
2021,PYF,-12.5,-147.5,0,0,0,0,0,0,0,0,0,0
2021,PYF,-12.5,-142.5,0,0,0,0,0,0,0,0,0,0
2021,PYF,-12.5,-137.5,0,0,0,0,0,0,0,0,0,0
2021,PYF,-7.5,-142.5,0,0,0,0,0,0,0,0,0,0
2021,PYF,-7.5,-137.5,0,0,0,0,0,0,0,0,0,0
2021,TWN,-17.5,-132.5,0.88,0,0,0,0,0,0,0.22,0,0
2021,TWN,-17.5,-127.5,2.22,0,0,0,0,0,0,0.25,0,0
2021,TWN,-12.5,-147.5,1.73,0,0,0,0,0,0,0.24,0,0
2021,TWN,-12.5,-142.5,0.04,0,0,0,0,0,0,0,0,0
2021,TWN,-12.5,-137.5,0.16,0,0,0,0,0,0,0,0,0
2021,TWN,-12.5,-132.5,13.99,0,0,0,0,0,0,0.21,0,0
2021,TWN,-12.5,-127.5,5.88,0,0.24,0,0,0,0,0,0,0
2021,TWN,-7.5,-147.5,2.88,0,0,0,0,0,0,0,0,0
2021,TWN,-7.5,-142.5,2.18,0,0,0,0,0,0,0,0,0
2021,TWN,-7.5,-137.5,5.48,0,0,0,0,0,0,0.23,0,0
2021,TWN,-7.5,-132.5,9.4,0,0,0,0,0,0,0.11,0,0
2021,TWN,-7.5,-127.5,0.59,0,0.17,0,0,0,0,0.05,0,0
2021,TWN,-7.5,-122.5,1.45,0,0,0,0,0,0,0.08,0,0
2021,TWN,-2.5,-147.5,0.27,0,0,0,0,0,0,0,0,0
2021,TWN,-2.5,-137.5,0.17,0,0,0,0,0,0,0,0,0
2021,TWN,-2.5,-132.5,0.59,0,0,0,0,0,0,0,0,0
2021,TWN,32.5,-147.5,3.92,0,0,0,0,0,0,3.55,0,0
2021,TWN,37.5,-147.5,6.59,0,0,0,0,0,0,11.55,0,0
2021,USA,17.5,-147.5,0,0,0,0,0,0,0,0,0,0
2021,USA,22.5,-147.5,0,0,0,0,0,0,0,0,0,0
2021,USA,32.5,-137.5,0,0,0,0,0,0,0,0,0,0
2021,USA,32.5,-132.5,0,0,0,0,0,0,0,0,0,0
2021,VUT,-22.5,-117.5,0,0,0,0,0,0,0,0,0,0
2021,VUT,-22.5,-112.5,0,0,0,0,0,0,0,0,0,0
2021,VUT,-22.5,-107.5,0,0,0,0,0,0,0,0,0,0
2021,VUT,-22.5,-97.5,0,0,0,0,0,0,0,0,0,0
2021,VUT,-17.5,-127.5,0,0,0,0,0,0,0,0,0,0
2021,VUT,-17.5,-117.5,0,0,0,0,0,0,0,0,0,0
2021,VUT,-17.5,-112.5,0,0,0,0,0,0,0,0,0,0
2021,VUT,-17.5,-107.5,0,0,0,0,0,0,0,0,0,0
2021,VUT,-17.5,-102.5,0,0,0,0,0,0,0,0,0,0
2021,VUT,-17.5,-97.5,0,0,0,0,0,0,0,0,0,0
2021,VUT,-12.5,-147.5,0,0,0,0,0,0,0,0,0,0
2021,VUT,-12.5,-142.5,0,0,0,0,0,0,0,0,0,0
2021,VUT,-12.5,-132.5,0,0,0,0,0,0,0,0,0,0
2021,VUT,-12.5,-127.5,0,0,0,0,0,0,0,0,0,0
2021,VUT,-7.5,-147.5,0,0,0,0,0,0,0,0,0,0
2021,VUT,-7.5,-142.5,0,0,0,0,0,0,0,0,0,0
2021,VUT,-7.5,-137.5,0,0,0,0,0,0,0,0,0,0
2021,VUT,-7.5,-132.5,0,0,0,0,0,0,0,0,0,0
2021,VUT,-7.5,-117.5,0,0,0,0,0,0,0,0,0,0
2021,VUT,-2.5,-147.5,0,0,0,0,0,0,0,0,0,0
2021,VUT,-2.5,-137.5,0,0,0,0,0,0,0,0,0,0
2021,VUT,7.5,-87.5,0,0,0,0,0,0,0,0,0,0
2021,VUT,32.5,-147.5,0,0,0,0,0,0,0,0,0,0
2021,VUT,37.5,-147.5,0,0,0,0,0,0,0,0,0,0
2022,CHN,-17.5,-132.5,0,0,0,0,0,0,0,0,0,0
2022,CHN,-12.5,-142.5,0,0,0,0,0,0,0,0,0,0
2022,CHN,-12.5,-132.5,0,0,0,0,0,0,0,0,0,0
2022,CHN,-12.5,-127.5,0,0,0,0,0,0,0,0,0,0
2022,CHN,-12.5,-122.5,0,0,0,0,0,0,0,0,0,0
2022,CHN,-12.5,-87.5,0,0,0,0,0,0,0,0,0,0
2022,CHN,-12.5,-77.5,0,0,0,0,0,0,0,0,0,0
2022,CHN,-7.5,-147.5,0,0,0,0,0,0,0,0,0,0
2022,CHN,-7.5,-142.5,0,0,0,0,0,0,0,0,0,0
2022,CHN,-7.5,-137.5,0,0,0,0,0,0,0,0,0,0
2022,CHN,-2.5,-147.5,0,0,0,0,0,0,0,0,0,0
2022,CHN,-2.5,-142.5,0,0,0,0,0,0,0,0,0,0
2022,CHN,-2.5,-137.5,0,0,0,0,0,0,0,0,0,0
2022,JPN,-12.5,-117.5,0,0,0,0,0,0,0,0,0,0
2022,JPN,-12.5,-112.5,0,0,0,0,0,0,0,0,0,0
2022,JPN,-12.5,-107.5,0,0,0,0,0,0,0,0,0,0
2022,KOR,-12.5,-127.5,0,0,0,0.05,0,0,0,0,0.1,0.92
2022,KOR,-7.5,-127.5,0,0,0,0.05,0,0,0,0,0.04,0
2022,PAN,-17.5,-112.5,1.87,0,0,0,0,0,0,0,0,0
2022,PAN,-17.5,-107.5,0.11,0,0,0,0,0,0,0,0,0
2022,PAN,-17.5,-102.5,0.3,0,0,0,0,0,0,0,0,0
2022,PAN,-12.5,-122.5,0.17,0,0,0,0,0,0,0,0,0
2022,PAN,-12.5,-117.5,0.32,0,0,0,0,0,0,0,0,0
2022,PAN,-12.5,-112.5,0.73,0,0,0,0,0,0,0,0,0
2022,PAN,-12.5,-107.5,0.32,0,0,0,0,0,0,0,0,0
2022,PAN,-12.5,-97.5,0.48,0,0,0,0,0,0,0,0,0
2022,PAN,-12.5,-92.5,0.79,0,0,0,0,0,0,0,0,0
2022,PAN,-7.5,-117.5,4.32,0,0,0,0,0,0,0,0,0
2022,PAN,-7.5,-112.5,1.66,0,0,0,0,0,0,0,0,0
2022,PAN,-7.5,-87.5,0.53,0,0,0,0,0,0,0,0,0
2022,PAN,2.5,-102.5,0.17,0,0,0,0,0,0,0,0,0
2022,PAN,2.5,-97.5,0.44,0,0,0,0,0,0,0,0,0
2022,PAN,7.5,-92.5,0.18,0,0,0,0,0,0,0,0,0
2022,PAN,7.5,-87.5,0.26,0,0,0,0,0,0,0,0,0
2022,PAN,12.5,-102.5,0.22,0,0,0,0,0,0,0,0,0
2022,PYF,-22.5,-147.5,0,0,0,0,0,0,0,0,0,0
2022,PYF,-22.5,-142.5,0,0,0,0,0,0,0,0,0,0
2022,PYF,-17.5,-147.5,0,0,0,0,0,0,0,0,0,0
2022,PYF,-17.5,-142.5,0,0,0,0,0,0,0,0,0,0
2022,PYF,-17.5,-137.5,0,0,0,0,0,0,0,0,0,0
2022,PYF,-12.5,-147.5,0,0,0,0,0,0,0,0,0,0
2022,PYF,-12.5,-142.5,0,0,0,0,0,0,0,0,0,0
2022,PYF,-12.5,-137.5,0,0,0,0,0,0,0,0,0,0
2022,PYF,-7.5,-142.5,0,0,0,0,0,0,0,0,0,0
2022,PYF,-7.5,-137.5,0,0,0,0,0,0,0,0,0,0
2022,TWN,-17.5,-132.5,0.29,0,0,0,0,0,0,0,0,0
2022,TWN,-17.5,-127.5,1.74,0,0,0,0,0,0,0,0,0
2022,TWN,-12.5,-147.5,0.01,0,0,0,0,0,0,0,0,0
2022,TWN,-12.5,-132.5,4,0,0,0,0,0,0.05,0.04,0,0
2022,TWN,-12.5,-127.5,1.12,0,0,0,0,0,0,0,0,0
2022,TWN,-7.5,-147.5,5.66,0,0,0,0,0,0.04,0,0,0
2022,TWN,-7.5,-137.5,1.44,0,0,0,0,0,0,0,0,0
2022,TWN,-7.5,-132.5,2.16,0,0,0,0,0,0,0.19,0,0
2022,TWN,-7.5,-127.5,0.19,0,0,0,0,0,0,0,0,0
2022,TWN,-2.5,-147.5,0.18,0,3.12,0,0,0,0,0,0.07,0
2022,TWN,-2.5,-142.5,1.46,0,0,0,0,0,0.25,0,0,0
2022,TWN,-2.5,-137.5,6.7,0,0,0,0,0,0.14,0,0,0
2022,TWN,-2.5,-132.5,7.95,0,0.19,0,0,0,0,0.37,0,0
2022,TWN,27.5,-147.5,0.08,0,0,0,0,0,0,0.07,0,0
2022,TWN,27.5,-142.5,0.06,0,0,0,0,0,0,0,0,0
2022,TWN,32.5,-147.5,4.29,0,0,0,0,0,0,2.58,0,0
2022,TWN,32.5,-142.5,3.52,0,0,0,0,0,0,2.83,0,0
2022,TWN,37.5,-147.5,0,0,0,0,0,0,0,0.63,0,0
2022,USA,17.5,-147.5,0,0,0,0,0,0,0,0,0,0
2022,USA,22.5,-147.5,0,0,0,0,0,0,0,0,0,0
2022,USA,27.5,-147.5,0,0,0,0,0,0,0,0,0,0
2022,USA,27.5,-132.5,0,0,0,0,0,0,0,0,0,0
2022,USA,32.5,-147.5,0,0,0,0,0,0,0,0,0,0
2022,USA,32.5,-142.5,0,0,0,0,0,0,0,0,0,0
2022,USA,32.5,-137.5,0,0,0,0,0,0,0,0,0,0
2022,USA,32.5,-132.5,0,0,0,0,0,0,0,0,0,0
2022,VUT,-22.5,-112.5,0,0,0,0,0,0,0,0,0,0
2022,VUT,-22.5,-107.5,0,0,0,0,0,0,0,0,0,0
2022,VUT,-22.5,-102.5,0,0,0,0,0,0,0,0,0,0
2022,VUT,-22.5,-97.5,0,0,0,0,0,0,0,0,0,0
2022,VUT,-17.5,-132.5,0,0,0,0,0,0,0,0,0,0
2022,VUT,-17.5,-127.5,0,0,0,0,0,0,0,0,0,0
2022,VUT,-17.5,-122.5,0,0,0,0,0,0,0,0,0,0
2022,VUT,-17.5,-117.5,0,0,0,0,0,0,0,0,0,0
2022,VUT,-17.5,-112.5,0,0,0,0,0,0,0,0,0,0
2022,VUT,-17.5,-107.5,0,0,0,0,0,0,0,0,0,0
2022,VUT,-17.5,-102.5,0,0,0,0,0,0,0,0,0,0
2022,VUT,-12.5,-147.5,0,0,0,0,0,0,0,0,0,0
2022,VUT,-12.5,-142.5,0,0,0,0,0,0,0,0,0,0
2022,VUT,-12.5,-132.5,0,0,0,0,0,0,0,0,0,0
2022,VUT,-12.5,-127.5,0,0,0,0,0,0,0,0,0,0
2022,VUT,-7.5,-147.5,0,0,0,0,0,0,0,0,0,0
2022,VUT,-7.5,-142.5,0,0,0,0,0,0,0,0,0,0
2022,VUT,-7.5,-137.5,0,0,0,0,0,0,0,0,0,0
2022,VUT,-7.5,-132.5,0,0,0,0,0,0,0,0,0,0
2022,VUT,-7.5,-122.5,0,0,0,0,0,0,0,0,0,0
2022,VUT,-7.5,-117.5,0,0,0,0,0,0,0,0,0,0
2022,VUT,-7.5,-112.5,0,0,0,0,0,0,0,0,0,0
2022,VUT,-2.5,-147.5,0,0,0,0,0,0,0,0,0,0
2022,VUT,-2.5,-142.5,0,0,0,0,0,0,0,0,0,0
2022,VUT,-2.5,-137.5,0,0,0,0,0,0,0,0,0,0
2022,VUT,-2.5,-132.5,0,0,0,0,0,0,0,0,0,0
2022,VUT,7.5,-92.5,0,0,0,0,0,0,0,0,0,0
2022,VUT,7.5,-87.5,0,0,0,0,0,0,0,0,0,0
2022,VUT,27.5,-147.5,0,0,0,0,0,0,0,0,0,0
2022,VUT,32.5,-147.5,0,0,0,0,0,0,0,0,0,0
2022,CHN,-17.5,-132.5,0,0,0,0,0,0,0,0,0,0
2022,CHN,-12.5,-132.5,0,0,0,0,0,0,0,0,0,0
2022,CHN,-12.5,-127.5,0,0,0,0,0,0,0,0,0,0
2022,CHN,-12.5,-122.5,0,0,0,0,0,0,0,0,0,0
2022,CHN,-7.5,-147.5,0,0,0,0,0,0,0,0,0,0
2022,CHN,-2.5,-147.5,0,0,0,0,0,0,0,0,0,0
2022,CHN,-2.5,-142.5,0,0,0,0,0,0,0,0,0,0
2022,CHN,-2.5,-137.5,0,0,0,0,0,0,0,0,0,0
2022,CHN,-2.5,-127.5,0,0,0,0,0,0,0,0,0,0
2022,CHN,2.5,-147.5,0,0,0,0,0,0,0,0,0,0
2022,CHN,7.5,-122.5,0,0,0,0,0,0,0,0,0,0
2022,CHN,7.5,-117.5,0,0,0,0,0,0,0,0,0,0
2022,CHN,7.5,-112.5,0,0,0,0,0,0,0,0,0,0
2022,CHN,12.5,-122.5,0,0,0,0,0,0,0,0,0,0
2022,CHN,12.5,-117.5,0,0,0,0,0,0,0,0,0,0
2022,CHN,12.5,-112.5,0,0,0,0,0,0,0,0,0,0
2022,JPN,-12.5,-112.5,0,0,0,0,0,0,0,0,0,0
2022,JPN,-12.5,-107.5,0,0,0,0,0,0,0,0,0,0
2022,KOR,-2.5,-142.5,0,0,0,0.03,0,0,0.02,0,0.02,0.14
2022,KOR,-2.5,-137.5,0,0,0,0,0,0,0.02,0,0.02,0
2022,KOR,2.5,-147.5,0,0,0,0,0,0,0.04,0,0,0.18
2022,KOR,2.5,-142.5,0,0,0,0.06,0,0,0,0,0,0
2022,KOR,7.5,-147.5,0,0,0,0,0,0,0.03,0,0,0.22
2022,PAN,-17.5,-107.5,0.57,0,0,0,0,0,0,0,0,0
2022,PAN,-17.5,-102.5,2.39,0,0,0,0,0,0,0,0,0
2022,PAN,-12.5,-107.5,0.77,0,0,0,0,0,0,0,0,0
2022,PAN,-12.5,-102.5,6.23,0,0,0,0,0,0,0,0,0
2022,PAN,-12.5,-97.5,0.55,0,0,0,0,0,0,0,0,0
2022,PAN,-7.5,-112.5,0.63,0,0,0,0,0,0,0,0,0
2022,PAN,7.5,-92.5,1.73,0,0,0,0,0,0,0,0,0
2022,PAN,7.5,-87.5,0.85,0,0,0,0,0,0,0,0,0
2022,PAN,12.5,-102.5,3.5,0,0,0,0,0,0,0,0,0
2022,PYF,-22.5,-147.5,0,0,0,0,0,0,0,0,0,0
2022,PYF,-22.5,-142.5,0,0,0,0,0,0,0,0,0,0
2022,PYF,-17.5,-147.5,0,0,0,0,0,0,0,0,0,0
2022,PYF,-17.5,-142.5,0,0,0,0,0,0,0,0,0,0
2022,PYF,-17.5,-137.5,0,0,0,0,0,0,0,0,0,0
2022,PYF,-12.5,-147.5,0,0,0,0,0,0,0,0,0,0
2022,PYF,-12.5,-142.5,0,0,0,0,0,0,0,0,0,0
2022,PYF,-12.5,-137.5,0,0,0,0,0,0,0,0,0,0
2022,PYF,-7.5,-142.5,0,0,0,0,0,0,0,0,0,0
2022,PYF,-7.5,-137.5,0,0,0,0,0,0,0,0,0,0
2022,TWN,-17.5,-132.5,0.26,0,0,0,0,0,0,0,0,0
2022,TWN,-12.5,-147.5,0.27,0,0,0,0,0,0,0.05,0,0
2022,TWN,-12.5,-132.5,1.41,0,0,0,0,0,0,0,0,0
2022,TWN,-7.5,-147.5,3.11,0,0,0,0,0,0,0.01,0,0
2022,TWN,-7.5,-142.5,0.16,0,0,0,0,0,0,0,0,0
2022,TWN,-7.5,-132.5,1.46,0,0,0,0,0,0,0.15,0,0
2022,TWN,-2.5,-147.5,0.35,0,0.1,0,0,0,0.21,0.14,0,0
2022,TWN,-2.5,-142.5,2.8,0,1.56,0,0,0,0.32,0.38,0.31,0
2022,TWN,-2.5,-137.5,4.04,0,4.53,0,0,0,0,0.06,1.17,0
2022,TWN,-2.5,-132.5,2.64,0,1.09,0,0,0,0,0.65,0,0
2022,TWN,2.5,-147.5,3.7,0,0,0,0,0,0.15,0.21,0,0
2022,TWN,2.5,-142.5,0.96,0,0,0,0,0,0,0.36,0,0
2022,TWN,2.5,-137.5,0.65,0,0,0,0,0,0,0.23,0.07,0
2022,TWN,7.5,-147.5,7.4,0,0,0,0,0,0.78,0,0,0
2022,TWN,7.5,-142.5,0.22,0,0,0,0,0,0,0,0,0
2022,TWN,32.5,-142.5,4.22,0,0,0,0,0,0,3.91,0,0
2022,USA,17.5,-147.5,0,0,0,0,0,0,0,0,0,0
2022,USA,22.5,-147.5,0,0,0,0,0,0,0,0,0,0
2022,USA,22.5,-142.5,0,0,0,0,0,0,0,0,0,0
2022,USA,22.5,-132.5,0,0,0,0,0,0,0,0,0,0
2022,USA,27.5,-147.5,0,0,0,0,0,0,0,0,0,0
2022,VUT,-22.5,-117.5,0,0,0,0,0,0,0,0,0,0
2022,VUT,-22.5,-112.5,0,0,0,0,0,0,0,0,0,0
2022,VUT,-22.5,-107.5,0,0,0,0,0,0,0,0,0,0
2022,VUT,-17.5,-127.5,0,0,0,0,0,0,0,0,0,0
2022,VUT,-17.5,-122.5,0,0,0,0,0,0,0,0,0,0
2022,VUT,-17.5,-112.5,0,0,0,0,0,0,0,0,0,0
2022,VUT,-12.5,-132.5,0,0,0,0,0,0,0,0,0,0
2022,VUT,-12.5,-127.5,0,0,0,0,0,0,0,0,0,0
2022,VUT,-12.5,-107.5,0,0,0,0,0,0,0,0,0,0
2022,VUT,-12.5,-102.5,0,0,0,0,0,0,0,0,0,0
2022,VUT,-7.5,-137.5,0,0,0,0,0,0,0,0,0,0
2022,VUT,-7.5,-132.5,0,0,0,0,0,0,0,0,0,0
2022,VUT,-2.5,-147.5,0,0,0,0,0,0,0,0,0,0
2022,VUT,-2.5,-142.5,0,0,0,0,0,0,0,0,0,0
2022,VUT,-2.5,-137.5,0,0,0,0,0,0,0,0,0,0
2022,VUT,-2.5,-132.5,0,0,0,0,0,0,0,0,0,0
2022,VUT,2.5,-147.5,0,0,0,0,0,0,0,0,0,0
2022,VUT,2.5,-142.5,0,0,0,0,0,0,0,0,0,0
2022,VUT,7.5,-147.5,0,0,0,0,0,0,0,0,0,0
2022,VUT,7.5,-142.5,0,0,0,0,0,0,0,0,0,0
2022,VUT,7.5,-92.5,0,0,0,0,0,0,0,0,0,0
2022,VUT,7.5,-87.5,0,0,0,0,0,0,0,0,0,0
2022,VUT,27.5,-147.5,0,0,0,0,0,0,0,0,0,0
2022,VUT,32.5,-147.5,0,0,0,0,0,0,0,0,0,0
2022,VUT,32.5,-142.5,0,0,0,0,0,0,0,0,0,0
2022,CHN,-17.5,-132.5,0,0,0,0,0,0,0,0,0,0
2022,CHN,-17.5,-112.5,0,0,0,0,0,0,0,0,0,0
2022,CHN,-17.5,-107.5,0,0,0,0,0,0,0,0,0,0
2022,CHN,-17.5,-102.5,0,0,0,0,0,0,0,0,0,0
2022,CHN,-12.5,-142.5,0,0,0,0,0,0,0,0,0,0
2022,CHN,-12.5,-132.5,0,0,0,0,0,0,0,0,0,0
2022,CHN,-12.5,-127.5,0,0,0,0,0,0,0,0,0,0
2022,CHN,-12.5,-122.5,0,0,0,0,0,0,0,0,0,0
2022,CHN,-12.5,-117.5,0,0,0,0,0,0,0,0,0,0
2022,CHN,-7.5,-147.5,0,0,0,0,0,0,0,0,0,0
2022,CHN,-2.5,-137.5,0,0,0,0,0,0,0,0,0,0
2022,CHN,7.5,-117.5,0,0,0,0,0,0,0,0,0,0
2022,CHN,7.5,-112.5,0,0,0,0,0,0,0,0,0,0
2022,CHN,12.5,-117.5,0,0,0,0,0,0,0,0,0,0
2022,CHN,12.5,-112.5,0,0,0,0,0,0,0,0,0,0
2022,JPN,-12.5,-107.5,0,0,0,0,0,0,0,0,0,0
2022,JPN,-12.5,-102.5,0,0,0,0,0,0,0,0,0,0
2022,JPN,-12.5,-97.5,0,0,0,0,0,0,0,0,0,0
2022,KOR,7.5,-147.5,0,0,0,0,0,0,0,0,0,0.03
2022,PAN,-17.5,-102.5,0.07,0,0,0,0,0,0,0,0,0
2022,PAN,-17.5,-97.5,0.44,0,0,0,0,0,0,0,0,0
2022,PAN,-12.5,-102.5,13.83,0,0,0,0,0,0,0,0,0
2022,PAN,-12.5,-97.5,12.62,0,0,0,0,0,0,0,0,0
2022,PAN,7.5,-92.5,1.58,0,0,0,0,0,0,0,0,0
2022,PAN,7.5,-87.5,0.25,0,0,0,0,0,0,0,0,0
2022,PAN,12.5,-102.5,4.93,0,0,0,0,0,0,0,0,0
2022,PYF,-22.5,-147.5,0,0,0,0,0,0,0,0,0,0
2022,PYF,-22.5,-142.5,0,0,0,0,0,0,0,0,0,0
2022,PYF,-22.5,-137.5,0,0,0,0,0,0,0,0,0,0
2022,PYF,-17.5,-147.5,0,0,0,0,0,0,0,0,0,0
2022,PYF,-17.5,-142.5,0,0,0,0,0,0,0,0,0,0
2022,PYF,-17.5,-137.5,0,0,0,0,0,0,0,0,0,0
2022,PYF,-12.5,-147.5,0,0,0,0,0,0,0,0,0,0
2022,PYF,-12.5,-142.5,0,0,0,0,0,0,0,0,0,0
2022,PYF,-12.5,-137.5,0,0,0,0,0,0,0,0,0,0
2022,PYF,-7.5,-142.5,0,0,0,0,0,0,0,0,0,0
2022,PYF,-7.5,-137.5,0,0,0,0,0,0,0,0,0,0
2022,TWN,-32.5,-147.5,0,0,0,0,0,0,0,0.06,0,0
2022,TWN,-12.5,-132.5,1.28,0,0,0,0,0,0,0,0,0
2022,TWN,-7.5,-147.5,4.69,0,0,0,0,0,0,0.36,0,0
2022,TWN,-7.5,-142.5,2.63,0,0,0,0,0,0,0,0,0
2022,TWN,-7.5,-132.5,3.64,0,0,0,0,0,0,0.19,0,0
2022,TWN,-2.5,-147.5,0.64,0,1.16,0,0,0,0,0.01,0,0
2022,TWN,-2.5,-142.5,1.37,0,1.39,0,0,0,0.32,0.22,0.05,0
2022,TWN,2.5,-147.5,0.2,0,0.13,0,0,0,0,0,0,0
2022,TWN,2.5,-142.5,0.42,0,0,0,0,0,0,0,0,0
2022,TWN,7.5,-147.5,1.89,0,0,0,0,0,0.08,0.01,0,0
2022,TWN,7.5,-142.5,4.65,0,0,0,0,0,0,0,0,0
2022,USA,22.5,-147.5,0,0,0,0,0,0,0,0,0,0
2022,USA,22.5,-137.5,0,0,0,0,0,0,0,0,0,0
2022,USA,22.5,-132.5,0,0,0,0,0,0,0,0,0,0
2022,USA,27.5,-147.5,0,0,0,0,0,0,0,0,0,0
2022,VUT,-2.5,-147.5,0,0,0,0,0,0,0,0,0,0
2022,VUT,-2.5,-142.5,0,0,0,0,0,0,0,0,0,0
2022,VUT,2.5,-147.5,0,0,0,0,0,0,0,0,0,0
2022,VUT,7.5,-147.5,0,0,0,0,0,0,0,0,0,0
2022,CHN,-17.5,-132.5,0,0,0,0,0,0,0,0,0,0
2022,CHN,-12.5,-147.5,0,0,0,0,0,0,0,0,0,0
2022,CHN,-12.5,-132.5,0,0,0,0,0,0,0,0,0,0
2022,CHN,-12.5,-127.5,0,0,0,0,0,0,0,0,0,0
2022,CHN,-12.5,-122.5,0,0,0,0,0,0,0,0,0,0
2022,CHN,-12.5,-112.5,0,0,0,0,0,0,0,0,0,0
2022,CHN,-12.5,-77.5,0,0,0,0,0,0,0,0,0,0
2022,CHN,-7.5,-147.5,0,0,0,0,0,0,0,0,0,0
2022,CHN,-7.5,-142.5,0,0,0,0,0,0,0,0,0,0
2022,CHN,-7.5,-137.5,0,0,0,0,0,0,0,0,0,0
2022,CHN,-7.5,-127.5,0,0,0,0,0,0,0,0,0,0
2022,CHN,7.5,-112.5,0,0,0,0,0,0,0,0,0,0
2022,CHN,12.5,-117.5,0,0,0,0,0,0,0,0,0,0
2022,CHN,12.5,-112.5,0,0,0,0,0,0,0,0,0,0
2022,JPN,-17.5,-112.5,0,0,0,0,0,0,0,0,0,0
2022,JPN,-12.5,-107.5,0,0,0,0,0,0,0,0,0,0
2022,JPN,-12.5,-102.5,0,0,0,0,0,0,0,0,0,0
2022,JPN,-12.5,-97.5,0,0,0,0,0,0,0,0,0,0
2022,PAN,-12.5,-102.5,0.98,0,0,0,0,0,0,0,0,0
2022,PAN,-12.5,-97.5,0.62,0,0,0,0,0,0,0,0,0
2022,PAN,-2.5,-97.5,0.03,0,0,0,0,0,0,0,0,0
2022,PAN,2.5,-97.5,0.31,0,0,0,0,0,0,0,0,0
2022,PAN,7.5,-92.5,2.06,0,0,0,0,0,0,0,0,0
2022,PAN,7.5,-87.5,1.35,0,0,0,0,0,0,0,0,0
2022,PAN,12.5,-102.5,0.15,0,0,0,0,0,0,0,0,0
2022,PAN,12.5,-92.5,0.36,0,0,0,0,0,0,0,0,0
2022,PYF,-22.5,-147.5,0,0,0,0,0,0,0,0,0,0
2022,PYF,-22.5,-142.5,0,0,0,0,0,0,0,0,0,0
2022,PYF,-22.5,-137.5,0,0,0,0,0,0,0,0,0,0
2022,PYF,-17.5,-147.5,0,0,0,0,0,0,0,0,0,0
2022,PYF,-17.5,-142.5,0,0,0,0,0,0,0,0,0,0
2022,PYF,-17.5,-137.5,0,0,0,0,0,0,0,0,0,0
2022,PYF,-12.5,-147.5,0,0,0,0,0,0,0,0,0,0
2022,PYF,-12.5,-142.5,0,0,0,0,0,0,0,0,0,0
2022,PYF,-12.5,-137.5,0,0,0,0,0,0,0,0,0,0
2022,PYF,-7.5,-142.5,0,0,0,0,0,0,0,0,0,0
2022,PYF,-7.5,-137.5,0,0,0,0,0,0,0,0,0,0
2022,TWN,-37.5,-147.5,0,0,0,0,0,0,0,0.6,0,0
2022,TWN,-32.5,-147.5,0,0,0,0,0,0,0,1.5,0,0
2022,TWN,-12.5,-142.5,0.06,0,0,0,0,0,0,0.21,0,0
2022,TWN,-7.5,-147.5,3.08,0,0,0,0,0,0,0,0,0
2022,TWN,-7.5,-142.5,2.73,0,0,0,0,0,0,0.28,0,0
2022,TWN,-7.5,-132.5,0.32,0,0,0,0,0,0,0,0,0
2022,TWN,-7.5,-127.5,0.23,0,0.58,0,0,0,0,0,0,0
2022,TWN,-2.5,-147.5,0.74,0,0.45,0.01,0,0,0,0.14,0,0
2022,TWN,-2.5,-142.5,0.07,0,0.42,0,0,0,0,0,0,0
2022,TWN,-2.5,-137.5,0.94,0,0.33,0,0,0,0,0.06,0.04,0
2022,TWN,-2.5,-132.5,0.35,0,0.11,0,0,0,0,0.03,0.09,0
2022,TWN,-2.5,-127.5,0.58,0,1.52,0,0,0,0,0.03,0.12,0
2022,TWN,2.5,-147.5,0.71,0,0,0,0,0,0.04,0,0,0
2022,TWN,2.5,-142.5,0.03,0,0,0,0,0,0,0,0.19,0
2022,TWN,7.5,-147.5,0.71,0,0,0,0,0,0,0,0,0
2022,USA,17.5,-147.5,0,0,0,0,0,0,0,0,0,0
2022,USA,22.5,-147.5,0,0,0,0,0,0,0,0,0,0
2022,USA,22.5,-142.5,0,0,0,0,0,0,0,0,0,0
2022,VUT,-32.5,-142.5,0,0,0,0,0,0,0,0,0,0
2022,VUT,-32.5,-137.5,0,0,0,0,0,0,0,0,0,0
2022,VUT,-2.5,-142.5,0,0,0,0,0,0,0,0,0,0
2022,VUT,-2.5,-137.5,0,0,0,0,0,0,0,0,0,0
2022,VUT,2.5,-147.5,0,0,0,0,0,0,0,0,0,0
2022,VUT,2.5,-142.5,0,0,0,0,0,0,0,0,0,0
2022,VUT,7.5,-147.5,0,0,0,0,0,0,0,0,0,0
2022,VUT,7.5,-87.5,0,0,0,0,0,0,0,0,0,0
2022,CHN,-12.5,-147.5,0,0,0,0,0,0,0,0,0,0
2022,CHN,-12.5,-127.5,0,0,0,0,0,0,0,0,0,0
2022,CHN,-7.5,-147.5,0,0,0,0,0,0,0,0,0,0
2022,CHN,-2.5,-147.5,0,0,0,0,0,0,0,0,0,0
2022,CHN,-2.5,-142.5,0,0,0,0,0,0,0,0,0,0
2022,CHN,-2.5,-132.5,0,0,0,0,0,0,0,0,0,0
2022,CHN,-2.5,-127.5,0,0,0,0,0,0,0,0,0,0
2022,CHN,-2.5,-117.5,0,0,0,0,0,0,0,0,0,0
2022,CHN,7.5,-117.5,0,0,0,0,0,0,0,0,0,0
2022,CHN,7.5,-112.5,0,0,0,0,0,0,0,0,0,0
2022,CHN,12.5,-117.5,0,0,0,0,0,0,0,0,0,0
2022,CHN,12.5,-112.5,0,0,0,0,0,0,0,0,0,0
2022,JPN,-32.5,-87.5,0,0,0,0,0,0,0,0,0,0
2022,JPN,-32.5,-82.5,0,0,0,0,0,0,0,0,0,0
2022,JPN,-27.5,-87.5,0,0,0,0,0,0,0,0,0,0
2022,JPN,-27.5,-82.5,0,0,0,0,0,0,0,0,0,0
2022,JPN,-22.5,-82.5,0,0,0,0,0,0,0,0,0,0
2022,JPN,-17.5,-102.5,0,0,0,0,0,0,0,0,0,0
2022,PAN,7.5,-92.5,1.34,0,0,0,0,0,0,0,0,0
2022,PAN,7.5,-87.5,2.63,0,0,0,0,0,0,0,0,0
2022,PYF,-22.5,-147.5,0,0,0,0,0,0,0,0,0,0
2022,PYF,-22.5,-142.5,0,0,0,0,0,0,0,0,0,0
2022,PYF,-17.5,-147.5,0,0,0,0,0,0,0,0,0,0
2022,PYF,-17.5,-142.5,0,0,0,0,0,0,0,0,0,0
2022,PYF,-17.5,-137.5,0,0,0,0,0,0,0,0,0,0
2022,PYF,-12.5,-147.5,0,0,0,0,0,0,0,0,0,0
2022,PYF,-12.5,-142.5,0,0,0,0,0,0,0,0,0,0
2022,PYF,-12.5,-137.5,0,0,0,0,0,0,0,0,0,0
2022,PYF,-7.5,-142.5,0,0,0,0,0,0,0,0,0,0
2022,PYF,-7.5,-137.5,0,0,0,0,0,0,0,0,0,0
2022,TWN,-32.5,-147.5,0,0,0,0,0,0,0,0.77,0,0
2022,TWN,-7.5,-147.5,0.61,0,0,0,0,0,0,0,0,0
2022,TWN,-7.5,-132.5,0.4,0,0,0,0,0,0,0.05,0,0
2022,TWN,-7.5,-127.5,2.01,0,7.88,0,0,0,0,0.1,0.66,0
2022,TWN,-2.5,-147.5,2.61,0,1.35,0,0,0,0,0.36,0.07,0
2022,TWN,-2.5,-142.5,0.75,0,4.2,0,0,0,0.07,0.1,0.14,0
2022,TWN,-2.5,-137.5,0.42,0,0.03,0,0,0,0,0.1,0,0
2022,TWN,2.5,-147.5,2.15,0,0,0,0,0,0.06,0,0,0
2022,TWN,7.5,-147.5,0.66,0,0,0,0,0,0.12,0,0,0
2022,USA,22.5,-147.5,0,0,0,0,0,0,0,0,0,0
2022,USA,22.5,-137.5,0,0,0,0,0,0,0,0,0,0
2022,USA,27.5,-147.5,0,0,0,0,0,0,0,0,0,0
2022,VUT,-37.5,-137.5,0,0,0,0,0,0,0,0,0,0
2022,VUT,-32.5,-137.5,0,0,0,0,0,0,0,0,0,0
2022,VUT,-7.5,-142.5,0,0,0,0,0,0,0,0,0,0
2022,VUT,-7.5,-137.5,0,0,0,0,0,0,0,0,0,0
2022,VUT,-2.5,-147.5,0,0,0,0,0,0,0,0,0,0
2022,VUT,-2.5,-142.5,0,0,0,0,0,0,0,0,0,0
2022,VUT,-2.5,-137.5,0,0,0,0,0,0,0,0,0,0
2022,VUT,2.5,-147.5,0,0,0,0,0,0,0,0,0,0
2022,VUT,2.5,-102.5,0,0,0,0,0,0,0,0,0,0
2022,VUT,2.5,-97.5,0,0,0,0,0,0,0,0,0,0
2022,VUT,7.5,-147.5,0,0,0,0,0,0,0,0,0,0
2022,VUT,7.5,-102.5,0,0,0,0,0,0,0,0,0,0
2022,VUT,7.5,-97.5,0,0,0,0,0,0,0,0,0,0
2022,VUT,7.5,-92.5,0,0,0,0,0,0,0,0,0,0
2022,VUT,7.5,-87.5,0,0,0,0,0,0,0,0,0,0
2022,CHN,-17.5,-132.5,0,0,0,0,0,0,0,0,0,0
2022,CHN,-12.5,-132.5,0,0,0,0,0,0,0,0,0,0
2022,CHN,-12.5,-127.5,0,0,0,0,0,0,0,0,0,0
2022,CHN,-12.5,-122.5,0,0,0,0,0,0,0,0,0,0
2022,CHN,-7.5,-137.5,0,0,0,0,0,0,0,0,0,0
2022,CHN,-7.5,-132.5,0,0,0,0,0,0,0,0,0,0
2022,CHN,-7.5,-127.5,0,0,0,0,0,0,0,0,0,0
2022,CHN,-2.5,-137.5,0,0,0,0,0,0,0,0,0,0
2022,CHN,7.5,-142.5,0,0,0,0,0,0,0,0,0,0
2022,CHN,7.5,-137.5,0,0,0,0,0,0,0,0,0,0
2022,CHN,7.5,-132.5,0,0,0,0,0,0,0,0,0,0
2022,CHN,7.5,-122.5,0,0,0,0,0,0,0,0,0,0
2022,CHN,7.5,-117.5,0,0,0,0,0,0,0,0,0,0
2022,CHN,7.5,-112.5,0,0,0,0,0,0,0,0,0,0
2022,CHN,12.5,-122.5,0,0,0,0,0,0,0,0,0,0
2022,CHN,12.5,-117.5,0,0,0,0,0,0,0,0,0,0
2022,CHN,12.5,-112.5,0,0,0,0,0,0,0,0,0,0
2022,JPN,-32.5,-82.5,0,0,0,0,0,0,0,0,0,0
2022,JPN,-32.5,-77.5,0,0,0,0,0,0,0,0,0,0
2022,JPN,-27.5,-87.5,0,0,0,0,0,0,0,0,0,0
2022,JPN,-27.5,-82.5,0,0,0,0,0,0,0,0,0,0
2022,JPN,-27.5,-77.5,0,0,0,0,0,0,0,0,0,0
2022,JPN,-22.5,-82.5,0,0,0,0,0,0,0,0,0,0
2022,JPN,-22.5,-77.5,0,0,0,0,0,0,0,0,0,0
2022,PAN,-2.5,-102.5,2.38,0,0,0,0,0,0,0,0,0
2022,PAN,2.5,-102.5,6.29,0,0,0,0,0,0,0,0,0
2022,PAN,2.5,-97.5,0.61,0,0,0,0,0,0,0,0,0
2022,PAN,7.5,-97.5,0.22,0,0,0,0,0,0,0,0,0
2022,PAN,7.5,-92.5,0.29,0,0,0,0,0,0,0,0,0
2022,PAN,7.5,-87.5,0.39,0,0,0,0,0,0,0,0,0
2022,PYF,-22.5,-147.5,0,0,0,0,0,0,0,0,0,0
2022,PYF,-17.5,-147.5,0,0,0,0,0,0,0,0,0,0
2022,PYF,-17.5,-142.5,0,0,0,0,0,0,0,0,0,0
2022,PYF,-12.5,-147.5,0,0,0,0,0,0,0,0,0,0
2022,PYF,-12.5,-142.5,0,0,0,0,0,0,0,0,0,0
2022,PYF,-12.5,-137.5,0,0,0,0,0,0,0,0,0,0
2022,PYF,-7.5,-142.5,0,0,0,0,0,0,0,0,0,0
2022,PYF,-7.5,-137.5,0,0,0,0,0,0,0,0,0,0
2022,TWN,-12.5,-137.5,0.42,0,0,0,0,0,0,0,0,0
2022,TWN,-12.5,-132.5,0.19,0,0,0,0,0,0,0,0,0
2022,TWN,-7.5,-147.5,14.62,0,0,0,0,0,0,0,0,0
2022,TWN,-7.5,-142.5,0.68,0,0,0,0,0,0,0.03,0,0
2022,TWN,-7.5,-137.5,2.31,0,0,0,0,0,0,0,0,0
2022,TWN,-7.5,-132.5,14.22,0,0,0,0,0,0,0.24,0,0
2022,TWN,-2.5,-147.5,1.07,0,3.21,0,0,0,0,0.48,0.1,0
2022,TWN,-2.5,-142.5,0.85,0,0,0,0,0,0,0.2,0,0
2022,TWN,-2.5,-137.5,0.32,0,0,0,0,0,0,0,0,0
2022,TWN,2.5,-142.5,1.15,0,0,0,0,0,0,0,0,0
2022,TWN,2.5,-137.5,0.11,0,0,0,0,0,0,0,0,0
2022,USA,22.5,-147.5,0,0,0,0,0,0,0,0,0,0
2022,USA,27.5,-147.5,0,0,0,0,0,0,0,0,0,0
2022,USA,27.5,-142.5,0,0,0,0,0,0,0,0,0,0
2022,VUT,-32.5,-147.5,0,0,0,0,0,0,0,0,0,0
2022,VUT,-32.5,-142.5,0,0,0,0,0,0,0,0,0,0
2022,VUT,-7.5,-147.5,0,0,0,0,0,0,0,0,0,0
2022,VUT,-7.5,-132.5,0,0,0,0,0,0,0,0,0,0
2022,VUT,-2.5,-147.5,0,0,0,0,0,0,0,0,0,0
2022,VUT,-2.5,-137.5,0,0,0,0,0,0,0,0,0,0
2022,VUT,-2.5,-132.5,0,0,0,0,0,0,0,0,0,0
2022,VUT,-2.5,-102.5,0,0,0,0,0,0,0,0,0,0
2022,VUT,2.5,-107.5,0,0,0,0,0,0,0,0,0,0
2022,VUT,2.5,-102.5,0,0,0,0,0,0,0,0,0,0
2022,VUT,7.5,-102.5,0,0,0,0,0,0,0,0,0,0
2022,VUT,7.5,-92.5,0,0,0,0,0,0,0,0,0,0
2022,VUT,7.5,-87.5,0,0,0,0,0,0,0,0,0,0
2022,CHN,-27.5,-137.5,0,0,0,0,0,0,0,0,0,0
2022,CHN,-22.5,-132.5,0,0,0,0,0,0,0,0,0,0
2022,CHN,-17.5,-132.5,0,0,0,0,0,0,0,0,0,0
2022,CHN,-12.5,-147.5,0,0,0,0,0,0,0,0,0,0
2022,CHN,-12.5,-142.5,0,0,0,0,0,0,0,0,0,0
2022,CHN,-12.5,-132.5,0,0,0,0,0,0,0,0,0,0
2022,CHN,-12.5,-127.5,0,0,0,0,0,0,0,0,0,0
2022,CHN,-12.5,-117.5,0,0,0,0,0,0,0,0,0,0
2022,CHN,-7.5,-147.5,0,0,0,0,0,0,0,0,0,0
2022,CHN,-7.5,-127.5,0,0,0,0,0,0,0,0,0,0
2022,CHN,-2.5,-147.5,0,0,0,0,0,0,0,0,0,0
2022,CHN,7.5,-122.5,0,0,0,0,0,0,0,0,0,0
2022,CHN,7.5,-117.5,0,0,0,0,0,0,0,0,0,0
2022,CHN,7.5,-112.5,0,0,0,0,0,0,0,0,0,0
2022,CHN,7.5,-107.5,0,0,0,0,0,0,0,0,0,0
2022,CHN,12.5,-122.5,0,0,0,0,0,0,0,0,0,0
2022,CHN,12.5,-117.5,0,0,0,0,0,0,0,0,0,0
2022,CHN,12.5,-112.5,0,0,0,0,0,0,0,0,0,0
2022,JPN,-32.5,-82.5,0,0,0,0,0,0,0,0,0,0
2022,JPN,-27.5,-87.5,0,0,0,0,0,0,0,0,0,0
2022,JPN,-27.5,-82.5,0,0,0,0,0,0,0,0,0,0
2022,JPN,-22.5,-87.5,0,0,0,0,0,0,0,0,0,0
2022,JPN,-22.5,-82.5,0,0,0,0,0,0,0,0,0,0
2022,JPN,-17.5,-92.5,0,0,0,0,0,0,0,0,0,0
2022,JPN,-17.5,-87.5,0,0,0,0,0,0,0,0,0,0
2022,JPN,-12.5,-127.5,0,0,0,0,0,0,0,0,0,0
2022,JPN,-12.5,-117.5,0,0,0,0,0,0,0,0,0,0
2022,PAN,2.5,-107.5,0.04,0,0,0,0,0,0,0,0,0
2022,PAN,2.5,-102.5,0.7,0,0,0,0,0,0,0,0,0
2022,PAN,2.5,-97.5,1.01,0,0,0,0,0,0,0,0,0
2022,PAN,7.5,-97.5,0.09,0,0,0,0,0,0,0,0,0
2022,PAN,7.5,-92.5,0.48,0,0,0,0,0,0,0,0,0
2022,PAN,7.5,-87.5,0.07,0,0,0,0,0,0,0,0,0
2022,PYF,-22.5,-147.5,0,0,0,0,0,0,0,0,0,0
2022,PYF,-22.5,-142.5,0,0,0,0,0,0,0,0,0,0
2022,PYF,-17.5,-147.5,0,0,0,0,0,0,0,0,0,0
2022,PYF,-17.5,-142.5,0,0,0,0,0,0,0,0,0,0
2022,PYF,-12.5,-147.5,0,0,0,0,0,0,0,0,0,0
2022,PYF,-12.5,-142.5,0,0,0,0,0,0,0,0,0,0
2022,PYF,-12.5,-137.5,0,0,0,0,0,0,0,0,0,0
2022,PYF,-7.5,-142.5,0,0,0,0,0,0,0,0,0,0
2022,PYF,-7.5,-137.5,0,0,0,0,0,0,0,0,0,0
2022,TWN,-32.5,-147.5,0,0,0,0,0,0,0,0.1,0,0
2022,TWN,-27.5,-147.5,0,0,0,0,0,0,0,0.14,0,0
2022,TWN,-17.5,-132.5,0.6,0,0,0,0,0,0,0.09,0,0
2022,TWN,-12.5,-147.5,1.84,0,0,0,0,0,0,0.05,0,0
2022,TWN,-12.5,-142.5,9.73,0,0,0,0,0,0.21,0.08,0,0
2022,TWN,-12.5,-137.5,8.71,0,0,0,0,0,0,0.14,0,0
2022,TWN,-12.5,-132.5,35.4,0,0,0,0,0,0,1.05,0,0
2022,TWN,-12.5,-127.5,2.3,0,0.04,0,0,0,0,0,0,0
2022,TWN,-7.5,-147.5,10.98,0,0,0,0,0,0,0,0,0
2022,TWN,-7.5,-142.5,0.95,0,0,0,0,0,0,0.04,0,0
2022,TWN,-7.5,-137.5,2.47,0,0,0,0,0,0,0.1,0.05,0
2022,TWN,-7.5,-132.5,16.74,0,0,0,0,0,0,0.83,0,0
2022,TWN,-2.5,-147.5,0.64,0,0,0,0,0,0,0,0,0
2022,TWN,-2.5,-137.5,0.05,0,0,0,0,0,0,0,0,0
2022,TWN,2.5,-142.5,0.03,0,0,0,0,0,0,0,0,0
2022,USA,17.5,-147.5,0,0,0,0,0,0,0,0,0,0
2022,USA,17.5,-142.5,0,0,0,0,0,0,0,0,0,0
2022,USA,22.5,-147.5,0,0,0,0,0,0,0,0,0,0
2022,USA,22.5,-142.5,0,0,0,0,0,0,0,0,0,0
2022,USA,22.5,-137.5,0,0,0,0,0,0,0,0,0,0
2022,USA,27.5,-147.5,0,0,0,0,0,0,0,0,0,0
2022,USA,27.5,-142.5,0,0,0,0,0,0,0,0,0,0
2022,USA,27.5,-137.5,0,0,0,0,0,0,0,0,0,0
2022,VUT,-17.5,-132.5,0,0,0,0,0,0,0,0,0,0
2022,VUT,-12.5,-147.5,0,0,0,0,0,0,0,0,0,0
2022,VUT,-12.5,-142.5,0,0,0,0,0,0,0,0,0,0
2022,VUT,-12.5,-137.5,0,0,0,0,0,0,0,0,0,0
2022,VUT,-12.5,-132.5,0,0,0,0,0,0,0,0,0,0
2022,VUT,-7.5,-147.5,0,0,0,0,0,0,0,0,0,0
2022,VUT,-7.5,-142.5,0,0,0,0,0,0,0,0,0,0
2022,VUT,-7.5,-132.5,0,0,0,0,0,0,0,0,0,0
2022,VUT,-7.5,-127.5,0,0,0,0,0,0,0,0,0,0
2022,VUT,2.5,-107.5,0,0,0,0,0,0,0,0,0,0
2022,VUT,2.5,-102.5,0,0,0,0,0,0,0,0,0,0
2022,CHN,-37.5,-132.5,0,0,0,0,0,0,0,0,0,0
2022,CHN,-32.5,-142.5,0,0,0,0,0,0,0,0,0,0
2022,CHN,-27.5,-147.5,0,0,0,0,0,0,0,0,0,0
2022,CHN,-12.5,-132.5,0,0,0,0,0,0,0,0,0,0
2022,CHN,-7.5,-132.5,0,0,0,0,0,0,0,0,0,0
2022,CHN,-2.5,-147.5,0,0,0,0,0,0,0,0,0,0
2022,CHN,2.5,-117.5,0,0,0,0,0,0,0,0,0,0
2022,CHN,7.5,-122.5,0,0,0,0,0,0,0,0,0,0
2022,CHN,7.5,-117.5,0,0,0,0,0,0,0,0,0,0
2022,CHN,7.5,-112.5,0,0,0,0,0,0,0,0,0,0
2022,CHN,12.5,-132.5,0,0,0,0,0,0,0,0,0,0
2022,CHN,12.5,-127.5,0,0,0,0,0,0,0,0,0,0
2022,CHN,12.5,-122.5,0,0,0,0,0,0,0,0,0,0
2022,CHN,12.5,-117.5,0,0,0,0,0,0,0,0,0,0
2022,CHN,12.5,-112.5,0,0,0,0,0,0,0,0,0,0
2022,JPN,-27.5,-87.5,0,0,0,0,0,0,0,0,0,0
2022,JPN,-27.5,-82.5,0,0,0,0,0,0,0,0,0,0
2022,JPN,-22.5,-87.5,0,0,0,0,0,0,0,0,0,0
2022,JPN,-17.5,-92.5,0,0,0,0,0,0,0,0,0,0
2022,JPN,-12.5,-117.5,0,0,0,0,0,0,0,0,0,0
2022,JPN,-7.5,-117.5,0,0,0,0,0,0,0,0,0,0
2022,JPN,-7.5,-112.5,0,0,0,0,0,0,0,0,0,0
2022,PAN,-17.5,-92.5,4.36,0,0,0,0,0,0,0,0,0
2022,PAN,-12.5,-92.5,8.48,0,0,0,0,0,0,0,0,0
2022,PAN,-12.5,-87.5,1.67,0,0,0,0,0,0,0,0,0
2022,PAN,-7.5,-87.5,0.9,0,0,0,0,0,0,0,0,0
2022,PAN,-2.5,-107.5,0.57,0,0,0,0,0,0,0,0,0
2022,PAN,-2.5,-102.5,0.93,0,0,0,0,0,0,0,0,0
2022,PAN,2.5,-107.5,0.04,0,0,0,0,0,0,0,0,0
2022,PAN,2.5,-102.5,0.58,0,0,0,0,0,0,0,0,0
2022,PAN,2.5,-97.5,0.3,0,0,0,0,0,0,0,0,0
2022,PAN,7.5,-87.5,0.54,0,0,0,0,0,0,0,0,0
2022,PYF,-22.5,-147.5,0,0,0,0,0,0,0,0,0,0
2022,PYF,-22.5,-142.5,0,0,0,0,0,0,0,0,0,0
2022,PYF,-17.5,-147.5,0,0,0,0,0,0,0,0,0,0
2022,PYF,-12.5,-147.5,0,0,0,0,0,0,0,0,0,0
2022,PYF,-12.5,-142.5,0,0,0,0,0,0,0,0,0,0
2022,PYF,-12.5,-137.5,0,0,0,0,0,0,0,0,0,0
2022,PYF,-7.5,-142.5,0,0,0,0,0,0,0,0,0,0
2022,PYF,-7.5,-137.5,0,0,0,0,0,0,0,0,0,0
2022,TWN,-27.5,-147.5,0,0,0,0,0,0,0,0.1,0,0
2022,TWN,-17.5,-132.5,0.34,0,0,0,0,0,0,0,0,0
2022,TWN,-12.5,-147.5,7.78,0,0,0,0,0,0,1.02,0,0.15
2022,TWN,-12.5,-142.5,7.37,0,0,0,0,0,0.26,0.28,0,0
2022,TWN,-12.5,-137.5,6.84,0,0,0,0,0,0,0.39,0,0
2022,TWN,-12.5,-132.5,37.76,0,0,0,0,0,0,0.44,0,0
2022,TWN,-12.5,-127.5,5.15,0,0,0,0,0,0.24,0,0,0
2022,TWN,-7.5,-147.5,24.52,0,0,0,0,0,0.25,0.49,0,0.04
2022,TWN,-7.5,-142.5,5.31,0,0,0,0,0,0,0.1,0,0
2022,TWN,-7.5,-137.5,4.91,0,0,0,0,0,0,0.22,0,0
2022,TWN,-7.5,-132.5,19,0,0,0,0,0,0,0.63,0,0
2022,TWN,-7.5,-127.5,3.74,0,0,0,0,0,0,0.08,0,0
2022,TWN,-2.5,-147.5,0.27,0,0,0,0,0,0,0,0.06,0
2022,TWN,-2.5,-142.5,0.71,0,0,0,0,0,0,0.05,0,0
2022,TWN,-2.5,-137.5,0.19,0,0,0,0,0,0,0,0,0
2022,USA,17.5,-147.5,0,0,0,0,0,0,0,0,0,0
2022,USA,22.5,-147.5,0,0,0,0,0,0,0,0,0,0
2022,USA,22.5,-142.5,0,0,0,0,0,0,0,0,0,0
2022,USA,22.5,-137.5,0,0,0,0,0,0,0,0,0,0
2022,USA,27.5,-147.5,0,0,0,0,0,0,0,0,0,0
2022,USA,27.5,-142.5,0,0,0,0,0,0,0,0,0,0
2022,USA,27.5,-137.5,0,0,0,0,0,0,0,0,0,0
2022,USA,32.5,-147.5,0,0,0,0,0,0,0,0,0,0
2022,VUT,-37.5,-147.5,0,0,0,0,0,0,0,0,0,0
2022,VUT,-37.5,-142.5,0,0,0,0,0,0,0,0,0,0
2022,VUT,-12.5,-147.5,0,0,0,0,0,0,0,0,0,0
2022,VUT,-12.5,-142.5,0,0,0,0,0,0,0,0,0,0
2022,VUT,-12.5,-137.5,0,0,0,0,0,0,0,0,0,0
2022,VUT,-12.5,-132.5,0,0,0,0,0,0,0,0,0,0
2022,VUT,-12.5,-122.5,0,0,0,0,0,0,0,0,0,0
2022,VUT,-7.5,-147.5,0,0,0,0,0,0,0,0,0,0
2022,VUT,-7.5,-142.5,0,0,0,0,0,0,0,0,0,0
2022,VUT,-7.5,-137.5,0,0,0,0,0,0,0,0,0,0
2022,VUT,-7.5,-132.5,0,0,0,0,0,0,0,0,0,0
2022,VUT,-7.5,-127.5,0,0,0,0,0,0,0,0,0,0
2022,VUT,-7.5,-122.5,0,0,0,0,0,0,0,0,0,0
2022,VUT,-7.5,-117.5,0,0,0,0,0,0,0,0,0,0
2022,VUT,-2.5,-142.5,0,0,0,0,0,0,0,0,0,0
2022,VUT,-2.5,-137.5,0,0,0,0,0,0,0,0,0,0
2022,VUT,-2.5,-122.5,0,0,0,0,0,0,0,0,0,0
2022,VUT,2.5,-122.5,0,0,0,0,0,0,0,0,0,0
2022,VUT,2.5,-117.5,0,0,0,0,0,0,0,0,0,0
2022,VUT,2.5,-112.5,0,0,0,0,0,0,0,0,0,0
2022,CHN,-17.5,-132.5,0,0,0,0,0,0,0,0,0,0
2022,CHN,-12.5,-132.5,0,0,0,0,0,0,0,0,0,0
2022,CHN,-12.5,-127.5,0,0,0,0,0,0,0,0,0,0
2022,CHN,-12.5,-117.5,0,0,0,0,0,0,0,0,0,0
2022,CHN,-7.5,-132.5,0,0,0,0,0,0,0,0,0,0
2022,CHN,-7.5,-127.5,0,0,0,0,0,0,0,0,0,0
2022,CHN,2.5,-117.5,0,0,0,0,0,0,0,0,0,0
2022,CHN,2.5,-112.5,0,0,0,0,0,0,0,0,0,0
2022,CHN,7.5,-127.5,0,0,0,0,0,0,0,0,0,0
2022,CHN,7.5,-122.5,0,0,0,0,0,0,0,0,0,0
2022,CHN,7.5,-117.5,0,0,0,0,0,0,0,0,0,0
2022,CHN,7.5,-112.5,0,0,0,0,0,0,0,0,0,0
2022,CHN,12.5,-127.5,0,0,0,0,0,0,0,0,0,0
2022,CHN,12.5,-122.5,0,0,0,0,0,0,0,0,0,0
2022,CHN,12.5,-117.5,0,0,0,0,0,0,0,0,0,0
2022,CHN,12.5,-112.5,0,0,0,0,0,0,0,0,0,0
2022,JPN,-17.5,-92.5,0,0,0,0,0,0,0,0,0,0
2022,JPN,-12.5,-92.5,0,0,0,0,0,0,0,0,0,0
2022,JPN,-7.5,-112.5,0,0,0,0,0,0,0,0,0,0
2022,JPN,-7.5,-107.5,0,0,0,0,0,0,0,0,0,0
2022,PAN,-22.5,-92.5,4.54,0,0,0,0,0,0,0,0,0
2022,PAN,-17.5,-92.5,25.33,0,0,0,0,0,0,0,0,0
2022,PAN,-12.5,-92.5,1.67,0,0,0,0,0,0,0,0,0
2022,PAN,7.5,-92.5,2.59,0,0,0,0,0,0,0,0,0
2022,PAN,7.5,-87.5,2.32,0,0,0,0,0,0,0,0,0
2022,PYF,-22.5,-147.5,0,0,0,0,0,0,0,0,0,0
2022,PYF,-22.5,-142.5,0,0,0,0,0,0,0,0,0,0
2022,PYF,-17.5,-147.5,0,0,0,0,0,0,0,0,0,0
2022,PYF,-17.5,-142.5,0,0,0,0,0,0,0,0,0,0
2022,PYF,-12.5,-147.5,0,0,0,0,0,0,0,0,0,0
2022,PYF,-12.5,-142.5,0,0,0,0,0,0,0,0,0,0
2022,PYF,-12.5,-137.5,0,0,0,0,0,0,0,0,0,0
2022,PYF,-7.5,-142.5,0,0,0,0,0,0,0,0,0,0
2022,TWN,-17.5,-132.5,4.33,0,0,0,0,0,0,1.24,0,0
2022,TWN,-12.5,-147.5,3.51,0,0,0,0,0,0,0.7,0,0.35
2022,TWN,-12.5,-142.5,6.04,0,0,0,0,0,0.29,0.78,0,0.32
2022,TWN,-12.5,-137.5,4.97,0,0,0,0,0,0.08,0.09,0,0
2022,TWN,-12.5,-132.5,20.32,0,0,0,0,0,0.25,0.67,0,2.6
2022,TWN,-7.5,-147.5,13.8,0,0,0,0,0,0,0.32,0,0
2022,TWN,-7.5,-142.5,2.63,0,0,0,0,0,0,0,0,0
2022,TWN,-7.5,-137.5,4.87,0,0,0,0,0,0.55,0.2,0,0
2022,TWN,-7.5,-132.5,13.82,0,0,0,0,0,7.38,1.09,0,0.16
2022,TWN,-7.5,-127.5,2.96,0,0,0,0,0,0,0.15,0,2.14
2022,TWN,-7.5,-122.5,2.24,0,0,0,0,0,0,0.2,0,2.87
2022,TWN,-7.5,-117.5,0.42,0,0,0,0,0,0,0,0,0.63
2022,TWN,2.5,-147.5,0.32,0,0,0,0,0,0,0,0,0
2022,TWN,7.5,-147.5,0.47,0,0,0,0,0,0,0,0,0
2022,USA,17.5,-147.5,0,0,0,0,0,0,0,0,0,0
2022,USA,22.5,-147.5,0,0,0,0,0,0,0,0,0,0
2022,USA,22.5,-142.5,0,0,0,0,0,0,0,0,0,0
2022,USA,27.5,-147.5,0,0,0,0,0,0,0,0,0,0
2022,USA,27.5,-142.5,0,0,0,0,0,0,0,0,0,0
2022,USA,27.5,-137.5,0,0,0,0,0,0,0,0,0,0
2022,VUT,-27.5,-137.5,0,0,0,0,0,0,0,0,0,0
2022,VUT,-12.5,-147.5,0,0,0,0,0,0,0,0,0,0
2022,VUT,-12.5,-142.5,0,0,0,0,0,0,0,0,0,0
2022,VUT,-12.5,-122.5,0,0,0,0,0,0,0,0,0,0
2022,VUT,-12.5,-117.5,0,0,0,0,0,0,0,0,0,0
2022,VUT,-7.5,-147.5,0,0,0,0,0,0,0,0,0,0
2022,VUT,-7.5,-142.5,0,0,0,0,0,0,0,0,0,0
2022,VUT,-7.5,-137.5,0,0,0,0,0,0,0,0,0,0
2022,VUT,-7.5,-132.5,0,0,0,0,0,0,0,0,0,0
2022,VUT,-7.5,-127.5,0,0,0,0,0,0,0,0,0,0
2022,VUT,-7.5,-122.5,0,0,0,0,0,0,0,0,0,0
2022,VUT,-7.5,-117.5,0,0,0,0,0,0,0,0,0,0
2022,VUT,2.5,-122.5,0,0,0,0,0,0,0,0,0,0
2022,VUT,2.5,-117.5,0,0,0,0,0,0,0,0,0,0
2022,CHN,-12.5,-147.5,0,0,0,0,0,0,0,0,0,0
2022,CHN,-12.5,-127.5,0,0,0,0,0,0,0,0,0,0
2022,CHN,-12.5,-122.5,0,0,0,0,0,0,0,0,0,0
2022,CHN,-12.5,-117.5,0,0,0,0,0,0,0,0,0,0
2022,CHN,-12.5,-112.5,0,0,0,0,0,0,0,0,0,0
2022,CHN,-12.5,-107.5,0,0,0,0,0,0,0,0,0,0
2022,CHN,-12.5,-102.5,0,0,0,0,0,0,0,0,0,0
2022,CHN,-7.5,-127.5,0,0,0,0,0,0,0,0,0,0
2022,CHN,-2.5,-142.5,0,0,0,0,0,0,0,0,0,0
2022,CHN,7.5,-127.5,0,0,0,0,0,0,0,0,0,0
2022,CHN,7.5,-122.5,0,0,0,0,0,0,0,0,0,0
2022,CHN,7.5,-117.5,0,0,0,0,0,0,0,0,0,0
2022,CHN,7.5,-112.5,0,0,0,0,0,0,0,0,0,0
2022,CHN,12.5,-127.5,0,0,0,0,0,0,0,0,0,0
2022,CHN,12.5,-122.5,0,0,0,0,0,0,0,0,0,0
2022,CHN,12.5,-117.5,0,0,0,0,0,0,0,0,0,0
2022,CHN,12.5,-112.5,0,0,0,0,0,0,0,0,0,0
2022,JPN,-17.5,-92.5,0,0,0,0,0,0,0,0,0,0
2022,PAN,-17.5,-102.5,4.63,0,0,0,0,0,0,0,0,0
2022,PAN,-17.5,-97.5,1.11,0,0,0,0,0,0,0,0,0
2022,PAN,-17.5,-92.5,19.52,0,0,0,0,0,0,0,0,0
2022,PAN,7.5,-92.5,1.59,0,0,0,0,0,0,0,0,0
2022,PAN,7.5,-87.5,0.73,0,0,0,0,0,0,0,0,0
2022,PYF,-22.5,-147.5,0,0,0,0,0,0,0,0,0,0
2022,PYF,-22.5,-142.5,0,0,0,0,0,0,0,0,0,0
2022,PYF,-17.5,-147.5,0,0,0,0,0,0,0,0,0,0
2022,PYF,-17.5,-142.5,0,0,0,0,0,0,0,0,0,0
2022,PYF,-12.5,-147.5,0,0,0,0,0,0,0,0,0,0
2022,PYF,-12.5,-142.5,0,0,0,0,0,0,0,0,0,0
2022,PYF,-7.5,-142.5,0,0,0,0,0,0,0,0,0,0
2022,PYF,-7.5,-137.5,0,0,0,0,0,0,0,0,0,0
2022,TWN,-17.5,-132.5,0.46,0,0,0,0,0,0,0.21,0,0
2022,TWN,-17.5,-127.5,1.55,0,0,0,0,0,0,0.38,0,0
2022,TWN,-17.5,-122.5,0.38,0,0,0,0,0,0,0.16,0,0
2022,TWN,-12.5,-147.5,1.74,0,0,0,0,0,0.69,0.45,0,0
2022,TWN,-12.5,-142.5,3.6,0,0,0,0,0,0.49,0.55,0,0
2022,TWN,-12.5,-137.5,0.48,0,0,0,0,0,0,0.09,0,0.37
2022,TWN,-12.5,-132.5,19.14,0,0,0,0,0,0,2.08,0,1.97
2022,TWN,-12.5,-127.5,3.18,0,0,0,0,0,0,1.41,0,0.55
2022,TWN,-7.5,-147.5,17.2,0,0,0,0,0,0.04,0.38,0,0
2022,TWN,-7.5,-142.5,5.47,0,0,0,0,0,0,0.46,0,0
2022,TWN,-7.5,-137.5,2.93,0,0,0,0,0,0.66,0.16,0,1.22
2022,TWN,-7.5,-132.5,18.84,0,0,0.05,0,0,3.9,1.72,0,8.5
2022,TWN,-7.5,-127.5,1.97,0,0,0,0,0,0,0.4,0,1.03
2022,TWN,-7.5,-122.5,2.26,0,0,0,0,0,0,0.15,0,5.19
2022,TWN,-2.5,-147.5,0.03,0,0,0,0,0,0,0,0,0
2022,TWN,-2.5,-142.5,0.08,0,0,0,0,0,0,0,0,0
2022,TWN,-2.5,-137.5,6.89,0,0,0,0,0,6.56,0.27,0,3.76
2022,TWN,-2.5,-132.5,5.33,0,0,0,0,0,0.08,0,0,0.09
2022,TWN,2.5,-147.5,0.3,0,0,0,0,0,0,0,0,0
2022,TWN,7.5,-142.5,0.08,0,0,0,0,0,0,0,0,0
2022,TWN,42.5,-147.5,1.56,0,0,0,0,0,0,0.25,0,0
2022,USA,22.5,-147.5,0,0,0,0,0,0,0,0,0,0
2022,USA,22.5,-137.5,0,0,0,0,0,0,0,0,0,0
2022,USA,27.5,-147.5,0,0,0,0,0,0,0,0,0,0
2022,USA,27.5,-137.5,0,0,0,0,0,0,0,0,0,0
2022,VUT,-12.5,-142.5,0,0,0,0,0,0,0,0,0,0
2022,VUT,-12.5,-127.5,0,0,0,0,0,0,0,0,0,0
2022,VUT,-7.5,-147.5,0,0,0,0,0,0,0,0,0,0
2022,VUT,-7.5,-142.5,0,0,0,0,0,0,0,0,0,0
2022,VUT,-7.5,-137.5,0,0,0,0,0,0,0,0,0,0
2022,VUT,-7.5,-132.5,0,0,0,0,0,0,0,0,0,0
2022,VUT,-7.5,-127.5,0,0,0,0,0,0,0,0,0,0
2022,VUT,-2.5,-147.5,0,0,0,0,0,0,0,0,0,0
2022,VUT,-2.5,-132.5,0,0,0,0,0,0,0,0,0,0
2022,CHN,-12.5,-147.5,0,0,0,0,0,0,0,0,0,0
2022,CHN,-12.5,-122.5,0,0,0,0,0,0,0,0,0,0
2022,CHN,-12.5,-117.5,0,0,0,0,0,0,0,0,0,0
2022,CHN,-12.5,-112.5,0,0,0,0,0,0,0,0,0,0
2022,CHN,-12.5,-102.5,0,0,0,0,0,0,0,0,0,0
2022,CHN,-12.5,-97.5,0,0,0,0,0,0,0,0,0,0
2022,CHN,-7.5,-132.5,0,0,0,0,0,0,0,0,0,0
2022,CHN,-7.5,-127.5,0,0,0,0,0,0,0,0,0,0
2022,CHN,7.5,-142.5,0,0,0,0,0,0,0,0,0,0
2022,CHN,7.5,-132.5,0,0,0,0,0,0,0,0,0,0
2022,CHN,7.5,-122.5,0,0,0,0,0,0,0,0,0,0
2022,CHN,7.5,-117.5,0,0,0,0,0,0,0,0,0,0
2022,CHN,7.5,-112.5,0,0,0,0,0,0,0,0,0,0
2022,CHN,12.5,-127.5,0,0,0,0,0,0,0,0,0,0
2022,CHN,12.5,-122.5,0,0,0,0,0,0,0,0,0,0
2022,CHN,12.5,-117.5,0,0,0,0,0,0,0,0,0,0
2022,CHN,12.5,-112.5,0,0,0,0,0,0,0,0,0,0
2022,CHN,17.5,-117.5,0,0,0,0,0,0,0,0,0,0
2022,PAN,-17.5,-92.5,4.52,0,0,0,0,0,0,0,0,0
2022,PAN,-12.5,-92.5,5.61,0,0,0,0,0,0,0,0,0
2022,PAN,7.5,-92.5,0.2,0,0,0,0,0,0,0,0,0
2022,PAN,7.5,-87.5,0.12,0,0,0,0,0,0,0,0,0
2022,PAN,12.5,-92.5,0.02,0,0,0,0,0,0,0,0,0
2022,PYF,-22.5,-147.5,0,0,0,0,0,0,0,0,0,0
2022,PYF,-17.5,-147.5,0,0,0,0,0,0,0,0,0,0
2022,PYF,-17.5,-142.5,0,0,0,0,0,0,0,0,0,0
2022,PYF,-12.5,-147.5,0,0,0,0,0,0,0,0,0,0
2022,PYF,-12.5,-142.5,0,0,0,0,0,0,0,0,0,0
2022,PYF,-12.5,-137.5,0,0,0,0,0,0,0,0,0,0
2022,PYF,-7.5,-142.5,0,0,0,0,0,0,0,0,0,0
2022,PYF,-7.5,-137.5,0,0,0,0,0,0,0,0,0,0
2022,TWN,-17.5,-132.5,0.29,0,0,0,0,0,0,0,0,0
2022,TWN,-17.5,-127.5,5.88,0,0,0,0,0,0,1.33,0,0
2022,TWN,-17.5,-122.5,1.63,0,0,0,0,0,0,0.35,0,0
2022,TWN,-12.5,-147.5,1.34,0,0,0,0,0,0,0.14,0,0
2022,TWN,-12.5,-142.5,0.53,0,0,0,0,0,0.04,0.17,0,0
2022,TWN,-12.5,-137.5,0.5,0,0,0,0,0,0,0,0,0
2022,TWN,-12.5,-132.5,5.61,0,0,0,0,0,0,0,0,0
2022,TWN,-12.5,-127.5,3.73,0,0,0,0,0,0,0.77,0,2.39
2022,TWN,-7.5,-147.5,5.49,0,0,0,0,0,0,0.16,0,0
2022,TWN,-7.5,-142.5,2.26,0,0,0,0,0,0,0.05,0,0
2022,TWN,-7.5,-137.5,8.47,0,0,0,0,0,0,0.25,0,1.73
2022,TWN,-7.5,-132.5,13.49,0,0,0,0,0,1.85,1.04,0,4.14
2022,TWN,-7.5,-127.5,1.3,0,0,0,0,0,0.1,0.23,0,0.06
2022,TWN,-2.5,-147.5,1.14,0,0,0,0,0,0.2,0,0,0
2022,TWN,-2.5,-142.5,0.12,0,0,0,0,0,0.07,0.06,0,0
2022,TWN,-2.5,-137.5,3.82,0,0,0,0,0,0,0.08,0,0.3
2022,TWN,-2.5,-132.5,8.73,0,0,0,0,0,4.88,1.05,0,3.14
2022,TWN,32.5,-142.5,0,0,0,0,0,0,0,0.04,0,0
2022,TWN,37.5,-147.5,6.42,0,0,0,0,0,0,5.4,0,0
2022,TWN,37.5,-142.5,2.17,0,0,0,0,0,0,1.08,0,0
2022,TWN,37.5,-137.5,0.88,0,0,0,0,0,0,0.45,0,0
2022,TWN,42.5,-147.5,0.46,0,0,0,0,0,0,0.15,0,0
2022,USA,17.5,-147.5,0,0,0,0,0,0,0,0,0,0
2022,USA,22.5,-147.5,0,0,0,0,0,0,0,0,0,0
2022,USA,27.5,-147.5,0,0,0,0,0,0,0,0,0,0
2022,USA,27.5,-137.5,0,0,0,0,0,0,0,0,0,0
2022,USA,37.5,-132.5,0,0,0,0,0,0,0,0,0,0
2022,USA,37.5,-127.5,0,0,0,0,0,0,0,0,0,0
2022,VUT,-12.5,-142.5,0,0,0,0,0,0,0,0,0,0
2022,VUT,-12.5,-132.5,0,0,0,0,0,0,0,0,0,0
2022,VUT,-12.5,-127.5,0,0,0,0,0,0,0,0,0,0
2022,VUT,-7.5,-147.5,0,0,0,0,0,0,0,0,0,0
2022,VUT,-7.5,-142.5,0,0,0,0,0,0,0,0,0,0
2022,VUT,-7.5,-137.5,0,0,0,0,0,0,0,0,0,0
2022,VUT,-7.5,-132.5,0,0,0,0,0,0,0,0,0,0
2022,VUT,-7.5,-127.5,0,0,0,0,0,0,0,0,0,0
2022,VUT,-2.5,-147.5,0,0,0,0,0,0,0,0,0,0
2022,VUT,-2.5,-142.5,0,0,0,0,0,0,0,0,0,0
2022,VUT,-2.5,-137.5,0,0,0,0,0,0,0,0,0,0
2022,VUT,-2.5,-132.5,0,0,0,0,0,0,0,0,0,0
2022,VUT,-2.5,-127.5,0,0,0,0,0,0,0,0,0,0
2022,VUT,2.5,-142.5,0,0,0,0,0,0,0,0,0,0
2022,VUT,2.5,-117.5,0,0,0,0,0,0,0,0,0,0
2022,VUT,2.5,-112.5,0,0,0,0,0,0,0,0,0,0
2022,VUT,2.5,-102.5,0,0,0,0,0,0,0,0,0,0
2022,VUT,2.5,-97.5,0,0,0,0,0,0,0,0,0,0
2022,VUT,37.5,-147.5,0,0,0,0,0,0,0,0,0,0
2022,VUT,37.5,-142.5,0,0,0,0,0,0,0,0,0,0
2022,VUT,37.5,-137.5,0,0,0,0,0,0,0,0,0,0
2022,CHN,-12.5,-142.5,0,0,0,0,0,0,0,0,0,0
2022,CHN,-12.5,-127.5,0,0,0,0,0,0,0,0,0,0
2022,CHN,-12.5,-97.5,0,0,0,0,0,0,0,0,0,0
2022,CHN,-7.5,-132.5,0,0,0,0,0,0,0,0,0,0
2022,CHN,-7.5,-127.5,0,0,0,0,0,0,0,0,0,0
2022,CHN,-2.5,-132.5,0,0,0,0,0,0,0,0,0,0
2022,JPN,-12.5,-112.5,0,0,0,0,0,0,0,0,0,0
2022,PAN,7.5,-92.5,2.8,0,0,0,0,0,0,0,0,0
2022,PAN,7.5,-87.5,0.06,0,0,0,0,0,0,0,0,0
2022,PAN,12.5,-92.5,0.03,0,0,0,0,0,0,0,0,0
2022,PYF,-22.5,-147.5,0,0,0,0,0,0,0,0,0,0
2022,PYF,-22.5,-137.5,0,0,0,0,0,0,0,0,0,0
2022,PYF,-17.5,-147.5,0,0,0,0,0,0,0,0,0,0
2022,PYF,-17.5,-142.5,0,0,0,0,0,0,0,0,0,0
2022,PYF,-12.5,-147.5,0,0,0,0,0,0,0,0,0,0
2022,PYF,-12.5,-142.5,0,0,0,0,0,0,0,0,0,0
2022,PYF,-12.5,-137.5,0,0,0,0,0,0,0,0,0,0
2022,PYF,-7.5,-142.5,0,0,0,0,0,0,0,0,0,0
2022,PYF,-7.5,-137.5,0,0,0,0,0,0,0,0,0,0
2022,TWN,-22.5,-132.5,0.11,0,0,0,0,0,0,0.05,0,0
2022,TWN,-22.5,-127.5,1.29,0,0,0,0,0,0,0.57,0,0
2022,TWN,-22.5,-122.5,0.39,0,0,0,0,0,0,0,0,0
2022,TWN,-17.5,-132.5,2.72,0,0,0,0,0,0,0.07,0,0
2022,TWN,-17.5,-127.5,8.29,0,0,0,0,0,0,1.16,0,0
2022,TWN,-17.5,-122.5,2.01,0,0,0,0,0,0,0.33,0,0
2022,TWN,-12.5,-137.5,1.62,0,0,0,0,0,0,0,0,0
2022,TWN,-12.5,-132.5,3,0,0,0,0,0,0,0,0,0
2022,TWN,-7.5,-147.5,0,0,0,0,0,0,0.02,0,0,0
2022,TWN,-7.5,-142.5,1.27,0,0,0,0,0,0,0,0,0
2022,TWN,-7.5,-137.5,2.07,0,0,0,0,0,0.41,0.09,0,0.98
2022,TWN,-7.5,-132.5,10.36,0,0,0,0,0,0.52,0.75,0,1.5
2022,TWN,-7.5,-127.5,0.95,0,0,0,0,0,0.09,0,0,0.1
2022,TWN,-2.5,-147.5,0.29,0,0.22,0,0,0,0.51,0,0,0
2022,TWN,-2.5,-142.5,2.09,0,2.23,0,0,0,1.36,0.29,0,0
2022,TWN,-2.5,-137.5,10.05,0,0.2,0.16,0,0,4.91,1.32,0,5.4
2022,TWN,-2.5,-132.5,3.07,0,0.11,0,0,0,6.82,0.38,0,2.2
2022,TWN,-2.5,-127.5,1.83,0,0,0,0,0,0,0.06,0,9.52
2022,TWN,2.5,-127.5,0.29,0,0,0,0,0,0,0,0,1.39
2022,TWN,27.5,-137.5,0.16,0,0,0,0,0,0,0.03,0,0
2022,TWN,32.5,-147.5,4.54,0,0,0,0,0,0,5.9,0,0
2022,TWN,32.5,-142.5,5.17,0,0,0,0,0,0,1.73,0,0
2022,TWN,32.5,-137.5,3.77,0,0,0,0,0,0,2.38,0,0
2022,TWN,32.5,-132.5,0.92,0,0,0,0,0,0,0.83,0,0
2022,TWN,37.5,-147.5,8.13,0,0,0,0,0,0,14.91,0,0
2022,TWN,37.5,-142.5,3.51,0,0,0,0,0,0,4.87,0,0
2022,TWN,37.5,-137.5,0.13,0,0,0,0,0,0,0.2,0,0
2022,USA,22.5,-147.5,0,0,0,0,0,0,0,0,0,0
2022,USA,22.5,-142.5,0,0,0,0,0,0,0,0,0,0
2022,USA,27.5,-147.5,0,0,0,0,0,0,0,0,0,0
2022,USA,27.5,-132.5,0,0,0,0,0,0,0,0,0,0
2022,USA,32.5,-147.5,0,0,0,0,0,0,0,0,0,0
2022,USA,37.5,-147.5,0,0,0,0,0,0,0,0,0,0
2022,USA,37.5,-137.5,0,0,0,0,0,0,0,0,0,0
2022,USA,37.5,-127.5,0,0,0,0,0,0,0,0,0,0
2022,VUT,-12.5,-127.5,0,0,0,0,0,0,0,0,0,0
2022,VUT,-7.5,-137.5,0,0,0,0,0,0,0,0,0,0
2022,VUT,-7.5,-132.5,0,0,0,0,0,0,0,0,0,0
2022,VUT,-7.5,-127.5,0,0,0,0,0,0,0,0,0,0
2022,VUT,-2.5,-147.5,0,0,0,0,0,0,0,0,0,0
2022,VUT,-2.5,-142.5,0,0,0,0,0,0,0,0,0,0
2022,VUT,-2.5,-137.5,0,0,0,0,0,0,0,0,0,0
2022,VUT,-2.5,-132.5,0,0,0,0,0,0,0,0,0,0
2022,VUT,-2.5,-127.5,0,0,0,0,0,0,0,0,0,0
2022,VUT,2.5,-117.5,0,0,0,0,0,0,0,0,0,0
2022,VUT,27.5,-147.5,0,0,0,0,0,0,0,0,0,0
2022,VUT,27.5,-137.5,0,0,0,0,0,0,0,0,0,0
2022,VUT,27.5,-132.5,0,0,0,0,0,0,0,0,0,0
2022,VUT,32.5,-147.5,0,0,0,0,0,0,0,0,0,0
2022,VUT,32.5,-142.5,0,0,0,0,0,0,0,0,0,0
2022,VUT,32.5,-137.5,0,0,0,0,0,0,0,0,0,0
2022,VUT,32.5,-132.5,0,0,0,0,0,0,0,0,0,0
2022,VUT,37.5,-147.5,0,0,0,0,0,0,0,0,0,0
2022,VUT,37.5,-142.5,0,0,0,0,0,0,0,0,0,0
2022,VUT,37.5,-137.5,0,0,0,0,0,0,0,0,0,0
2023,CHN,-27.5,-137.5,0,0,0,0,0,0,0,0,0,0
2023,CHN,-27.5,-132.5,0,0,0,0,0,0,0,0,0,0
2023,CHN,-17.5,-132.5,0,0,0,0,0,0,0,0,0,0
2023,CHN,-17.5,-107.5,0,0,0,0,0,0,0,0,0,0
2023,CHN,-17.5,-97.5,0,0,0,0,0,0,0,0,0,0
2023,CHN,-12.5,-147.5,0,0,0,0,0,0,0,0,0,0
2023,CHN,-12.5,-142.5,0,0,0,0,0,0,0,0,0,0
2023,CHN,-12.5,-132.5,0,0,0,0,0,0,0,0,0,0
2023,CHN,-12.5,-127.5,0,0,0,0,0,0,0,0,0,0
2023,CHN,-12.5,-122.5,0,0,0,0,0,0,0,0,0,0
2023,CHN,-12.5,-117.5,0,0,0,0,0,0,0,0,0,0
2023,CHN,-12.5,-112.5,0,0,0,0,0,0,0,0,0,0
2023,CHN,-12.5,-107.5,0,0,0,0,0,0,0,0,0,0
2023,CHN,-12.5,-102.5,0,0,0,0,0,0,0,0,0,0
2023,CHN,-7.5,-147.5,0,0,0,0,0,0,0,0,0,0
2023,CHN,-7.5,-127.5,0,0,0,0,0,0,0,0,0,0
2023,CHN,-2.5,-147.5,0,0,0,0,0,0,0,0,0,0
2023,CHN,-2.5,-142.5,0,0,0,0,0,0,0,0,0,0
2023,CHN,-2.5,-137.5,0,0,0,0,0,0,0,0,0,0
2023,CHN,-2.5,-132.5,0,0,0,0,0,0,0,0,0,0
2023,CHN,-2.5,-127.5,0,0,0,0,0,0,0,0,0,0
2023,CHN,2.5,-147.5,0,0,0,0,0,0,0,0,0,0
2023,CHN,2.5,-142.5,0,0,0,0,0,0,0,0,0,0
2023,JPN,-12.5,-112.5,0,0,0,0,0,0,0,0,0,0
2023,PAN,-22.5,-92.5,11.28,0,0,0,0,0,0,0,0,0
2023,PAN,7.5,-92.5,4.26,0,0,0,0,0,0,0,0,0
2023,PAN,7.5,-87.5,0.41,0,0,0,0,0,0,0,0,0
2023,PYF,-22.5,-147.5,0,0,0,0,0,0,0,0,0,0
2023,PYF,-22.5,-142.5,0,0,0,0,0,0,0,0,0,0
2023,PYF,-22.5,-137.5,0,0,0,0,0,0,0,0,0,0
2023,PYF,-17.5,-147.5,0,0,0,0,0,0,0,0,0,0
2023,PYF,-17.5,-142.5,0,0,0,0,0,0,0,0,0,0
2023,PYF,-17.5,-137.5,0,0,0,0,0,0,0,0,0,0
2023,PYF,-12.5,-147.5,0,0,0,0,0,0,0,0,0,0
2023,PYF,-12.5,-142.5,0,0,0,0,0,0,0,0,0,0
2023,PYF,-12.5,-137.5,0,0,0,0,0,0,0,0,0,0
2023,PYF,-7.5,-142.5,0,0,0,0,0,0,0,0,0,0
2023,TWN,-22.5,-132.5,0.34,0,0,0,0,0,0,0,0,0
2023,TWN,-22.5,-127.5,0.94,0,0,0,0,0,0,0.18,0,0
2023,TWN,-17.5,-132.5,8.18,0,0,0,0,0,0,0.44,0,0
2023,TWN,-17.5,-127.5,2.33,0,0,0,0,0,0,0.51,0,0
2023,TWN,-17.5,-122.5,0.12,0,0,0,0,0,0,0.05,0,0
2023,TWN,-12.5,-147.5,0.13,0,0,0,0,0,0,0,0,0
2023,TWN,-12.5,-142.5,0.37,0,0,0,0,0,0,0,0,0
2023,TWN,-12.5,-132.5,1.23,0,0,0,0,0,0,0,0,0
2023,TWN,-7.5,-147.5,6.99,0,0,0,0,0,0.01,0,0,0.02
2023,TWN,-7.5,-142.5,0.68,0,0,0,0,0,0,0,0,0
2023,TWN,-7.5,-137.5,0.46,0,0,0,0,0,0,0.18,0,0
2023,TWN,-7.5,-132.5,0.79,0,0,0,0,0,0,0.06,0,0
2023,TWN,-2.5,-147.5,3.63,0,0.24,0,0,0,2.61,0.68,0,1.78
2023,TWN,-2.5,-142.5,1.77,0,1.22,0,0,0,2.07,0.78,0,1.26
2023,TWN,-2.5,-137.5,1.11,0,0.16,0,0,0,3.33,0.23,0,3.4
2023,TWN,-2.5,-132.5,2.14,0,0.44,0,0,0,14.56,1.21,0,1.18
2023,TWN,-2.5,-127.5,0.04,0,0,0,0,0,0.9,0,0,0
2023,TWN,2.5,-142.5,1.05,0,0,0,0,0,0,0,0,0
2023,TWN,22.5,-147.5,0.31,0,0,0,0,0,0,0.09,0,0
2023,TWN,27.5,-147.5,0.22,0,0,0,0,0,0,0.28,0,0
2023,TWN,27.5,-142.5,1.83,0,0,0,0,0,0,0.36,0,0
2023,TWN,27.5,-137.5,0.41,0,0,0,0,0,0,0.12,0,0
2023,TWN,32.5,-147.5,3.77,0,0,0,0,0,0,5.93,0,0
2023,TWN,32.5,-142.5,2.02,0,0,0,0,0,0,2.21,0,0
2023,TWN,32.5,-137.5,0.27,0,0,0,0,0,0,0.06,0,0
2023,USA,17.5,-147.5,0,0,0,0,0,0,0,0,0,0
2023,USA,22.5,-147.5,0,0,0,0,0,0,0,0,0,0
2023,USA,27.5,-147.5,0,0,0,0,0,0,0,0,0,0
2023,USA,27.5,-132.5,0,0,0,0,0,0,0,0,0,0
2023,USA,32.5,-137.5,0,0,0,0,0,0,0,0,0,0
2023,USA,37.5,-137.5,0,0,0,0,0,0,0,0,0,0
2023,VUT,-7.5,-132.5,0,0,0,0,0,0,0,0,0,0
2023,VUT,-7.5,-127.5,0,0,0,0,0,0,0,0,0,0
2023,VUT,-7.5,-122.5,0,0,0,0,0,0,0,0,0,0
2023,VUT,-2.5,-147.5,0,0,0,0,0,0,0,0,0,0
2023,VUT,-2.5,-137.5,0,0,0,0,0,0,0,0,0,0
2023,VUT,-2.5,-132.5,0,0,0,0,0,0,0,0,0,0
2023,VUT,-2.5,-127.5,0,0,0,0,0,0,0,0,0,0
2023,VUT,17.5,-142.5,0,0,0,0,0,0,0,0,0,0
2023,VUT,22.5,-137.5,0,0,0,0,0,0,0,0,0,0
2023,VUT,22.5,-132.5,0,0,0,0,0,0,0,0,0,0
2023,VUT,27.5,-142.5,0,0,0,0,0,0,0,0,0,0
2023,VUT,27.5,-137.5,0,0,0,0,0,0,0,0,0,0
2023,VUT,27.5,-132.5,0,0,0,0,0,0,0,0,0,0
2023,VUT,32.5,-147.5,0,0,0,0,0,0,0,0,0,0
2023,VUT,32.5,-142.5,0,0,0,0,0,0,0,0,0,0
2023,VUT,32.5,-137.5,0,0,0,0,0,0,0,0,0,0
2023,CHN,-37.5,-127.5,0,0,0,0,0,0,0,0,0,0
2023,CHN,-27.5,-137.5,0,0,0,0,0,0,0,0,0,0
2023,CHN,-17.5,-132.5,0,0,0,0,0,0,0,0,0,0
2023,CHN,-17.5,-122.5,0,0,0,0,0,0,0,0,0,0
2023,CHN,-17.5,-107.5,0,0,0,0,0,0,0,0,0,0
2023,CHN,-17.5,-97.5,0,0,0,0,0,0,0,0,0,0
2023,CHN,-12.5,-147.5,0,0,0,0,0,0,0,0,0,0
2023,CHN,-12.5,-142.5,0,0,0,0,0,0,0,0,0,0
2023,CHN,-12.5,-137.5,0,0,0,0,0,0,0,0,0,0
2023,CHN,-12.5,-132.5,0,0,0,0,0,0,0,0,0,0
2023,CHN,-12.5,-127.5,0,0,0,0,0,0,0,0,0,0
2023,CHN,-12.5,-122.5,0,0,0,0,0,0,0,0,0,0
2023,CHN,-12.5,-117.5,0,0,0,0,0,0,0,0,0,0
2023,CHN,-12.5,-112.5,0,0,0,0,0,0,0,0,0,0
2023,CHN,-12.5,-107.5,0,0,0,0,0,0,0,0,0,0
2023,CHN,-7.5,-147.5,0,0,0,0,0,0,0,0,0,0
2023,CHN,-7.5,-127.5,0,0,0,0,0,0,0,0,0,0
2023,CHN,-2.5,-147.5,0,0,0,0,0,0,0,0,0,0
2023,CHN,-2.5,-142.5,0,0,0,0,0,0,0,0,0,0
2023,CHN,-2.5,-137.5,0,0,0,0,0,0,0,0,0,0
2023,CHN,-2.5,-132.5,0,0,0,0,0,0,0,0,0,0
2023,CHN,-2.5,-127.5,0,0,0,0,0,0,0,0,0,0
2023,CHN,2.5,-147.5,0,0,0,0,0,0,0,0,0,0
2023,CHN,2.5,-142.5,0,0,0,0,0,0,0,0,0,0
2023,JPN,-12.5,-112.5,0,0,0,0,0,0,0,0,0,0
2023,JPN,-12.5,-107.5,0,0,0,0,0,0,0,0,0,0
2023,PAN,7.5,-92.5,1.16,0,0,0,0,0,0,0,0,0
2023,PYF,-27.5,-147.5,0,0,0,0,0,0,0,0,0,0
2023,PYF,-22.5,-147.5,0,0,0,0,0,0,0,0,0,0
2023,PYF,-17.5,-147.5,0,0,0,0,0,0,0,0,0,0
2023,PYF,-17.5,-142.5,0,0,0,0,0,0,0,0,0,0
2023,PYF,-17.5,-137.5,0,0,0,0,0,0,0,0,0,0
2023,PYF,-12.5,-147.5,0,0,0,0,0,0,0,0,0,0
2023,PYF,-12.5,-142.5,0,0,0,0,0,0,0,0,0,0
2023,PYF,-12.5,-137.5,0,0,0,0,0,0,0,0,0,0
2023,TWN,-17.5,-132.5,0.05,0,0,0,0,0,0,0,0,0
2023,TWN,-12.5,-142.5,0.12,0,0,0,0,0,0,0,0,0
2023,TWN,-12.5,-132.5,8.46,0,0,0,0,0,0,0.3,0,0
2023,TWN,-7.5,-147.5,1.08,0,0,0,0,0,0,0,0,0
2023,TWN,-7.5,-142.5,1.9,0,0,0,0,0,0,0.03,0,0
2023,TWN,-7.5,-137.5,1.15,0,0,0,0,0,0,0,0,0
2023,TWN,-7.5,-132.5,4.06,0,0,0,0,0,0,0.04,0,0
2023,TWN,-2.5,-147.5,1.16,0,0.16,0,0,0,0.25,0.59,0,0.46
2023,TWN,-2.5,-142.5,0.32,0,0.12,0,0,0,1.67,0.38,0,0.56
2023,TWN,-2.5,-137.5,0.4,0,0.04,0,0,0,8.24,0.22,0,0
2023,TWN,2.5,-147.5,0.37,0,0.03,0,0,0,0.35,0.18,0,0
2023,TWN,2.5,-142.5,0.05,0,0,0,0,0,0,0,0,0
2023,TWN,32.5,-147.5,2.68,0,0,0,0,0,0,3.77,0,0
2023,TWN,32.5,-142.5,12.04,0,0,0,0,0,0,7.53,0,0
2023,TWN,32.5,-137.5,1.5,0,0,0,0,0,0,0.84,0,0
2023,USA,27.5,-132.5,0,0,0,0,0,0,0,0,0,0
2023,VUT,-7.5,-127.5,0,0,0,0,0,0,0,0,0,0
2023,VUT,-7.5,-122.5,0,0,0,0,0,0,0,0,0,0
2023,VUT,-2.5,-147.5,0,0,0,0,0,0,0,0,0,0
2023,VUT,-2.5,-137.5,0,0,0,0,0,0,0,0,0,0
2023,VUT,-2.5,-122.5,0,0,0,0,0,0,0,0,0,0
2023,VUT,2.5,-147.5,0,0,0,0,0,0,0,0,0,0
2023,VUT,2.5,-142.5,0,0,0,0,0,0,0,0,0,0
2023,VUT,2.5,-137.5,0,0,0,0,0,0,0,0,0,0
2023,VUT,32.5,-147.5,0,0,0,0,0,0,0,0,0,0
2023,VUT,32.5,-142.5,0,0,0,0,0,0,0,0,0,0
2023,VUT,32.5,-137.5,0,0,0,0,0,0,0,0,0,0
2023,CHN,-27.5,-137.5,0,0,0,0,0,0,0,0,0,0
2023,CHN,-27.5,-132.5,0,0,0,0,0,0,0,0,0,0
2023,CHN,-17.5,-132.5,0,0,0,0,0,0,0,0,0,0
2023,CHN,-17.5,-127.5,0,0,0,0,0,0,0,0,0,0
2023,CHN,-17.5,-122.5,0,0,0,0,0,0,0,0,0,0
2023,CHN,-12.5,-142.5,0,0,0,0,0,0,0,0,0,0
2023,CHN,-12.5,-132.5,0,0,0,0,0,0,0,0,0,0
2023,CHN,-12.5,-127.5,0,0,0,0,0,0,0,0,0,0
2023,CHN,-12.5,-122.5,0,0,0,0,0,0,0,0,0,0
2023,CHN,-12.5,-117.5,0,0,0,0,0,0,0,0,0,0
2023,CHN,-12.5,-112.5,0,0,0,0,0,0,0,0,0,0
2023,CHN,-12.5,-107.5,0,0,0,0,0,0,0,0,0,0
2023,CHN,-12.5,-102.5,0,0,0,0,0,0,0,0,0,0
2023,CHN,-7.5,-147.5,0,0,0,0,0,0,0,0,0,0
2023,CHN,-7.5,-127.5,0,0,0,0,0,0,0,0,0,0
2023,CHN,-2.5,-147.5,0,0,0,0,0,0,0,0,0,0
2023,CHN,-2.5,-142.5,0,0,0,0,0,0,0,0,0,0
2023,CHN,-2.5,-137.5,0,0,0,0,0,0,0,0,0,0
2023,CHN,-2.5,-132.5,0,0,0,0,0,0,0,0,0,0
2023,CHN,-2.5,-127.5,0,0,0,0,0,0,0,0,0,0
2023,CHN,2.5,-147.5,0,0,0,0,0,0,0,0,0,0
2023,JPN,-12.5,-112.5,0,0,0,0,0,0,0,0,0,0
2023,JPN,-12.5,-107.5,0,0,0,0,0,0,0,0,0,0
2023,PYF,-27.5,-142.5,0,0,0,0,0,0,0,0,0,0
2023,PYF,-22.5,-147.5,0,0,0,0,0,0,0,0,0,0
2023,PYF,-17.5,-147.5,0,0,0,0,0,0,0,0,0,0
2023,PYF,-17.5,-142.5,0,0,0,0,0,0,0,0,0,0
2023,PYF,-17.5,-137.5,0,0,0,0,0,0,0,0,0,0
2023,PYF,-12.5,-147.5,0,0,0,0,0,0,0,0,0,0
2023,PYF,-12.5,-142.5,0,0,0,0,0,0,0,0,0,0
2023,PYF,-12.5,-137.5,0,0,0,0,0,0,0,0,0,0
2023,PYF,-7.5,-142.5,0,0,0,0,0,0,0,0,0,0
2023,PYF,-7.5,-137.5,0,0,0,0,0,0,0,0,0,0
2023,TWN,-12.5,-147.5,0.1,0,0,0,0,0,0,0.08,0,0
2023,TWN,-7.5,-147.5,13.02,0,0,0,0,0,0.02,0.43,0,0
2023,TWN,-7.5,-142.5,0.34,0,0,0,0,0,0,0,0,0
2023,TWN,-2.5,-147.5,3.36,0,1.01,0,0,0,0.69,0.3,0,1.06
2023,TWN,2.5,-147.5,1.15,0,0.07,0,0,0,0.09,0,0,0
2023,TWN,27.5,-142.5,0.29,0,0,0,0,0,0,0.14,0,0
2023,TWN,27.5,-137.5,0.52,0,0,0,0,0,0,0.05,0,0
2023,TWN,32.5,-142.5,5.56,0,0,0,0,0,0,2.64,0,0
2023,USA,22.5,-147.5,0,0,0,0,0,0,0,0,0,0
2023,USA,22.5,-137.5,0,0,0,0,0,0,0,0,0,0
2023,USA,27.5,-142.5,0,0,0,0,0,0,0,0,0,0
2023,USA,27.5,-137.5,0,0,0,0,0,0,0,0,0,0
2023,USA,27.5,-132.5,0,0,0,0,0,0,0,0,0,0
2023,VUT,-2.5,-147.5,0,0,0,0,0,0,0,0,0,0
2023,VUT,-2.5,-122.5,0,0,0,0,0,0,0,0,0,0
2023,VUT,2.5,-142.5,0,0,0,0,0,0,0,0,0,0
2023,VUT,2.5,-122.5,0,0,0,0,0,0,0,0,0,0
2023,VUT,2.5,-117.5,0,0,0,0,0,0,0,0,0,0
2023,VUT,2.5,-112.5,0,0,0,0,0,0,0,0,0,0
2023,VUT,2.5,-107.5,0,0,0,0,0,0,0,0,0,0
2023,VUT,7.5,-112.5,0,0,0,0,0,0,0,0,0,0
2023,VUT,7.5,-107.5,0,0,0,0,0,0,0,0,0,0
2023,VUT,27.5,-142.5,0,0,0,0,0,0,0,0,0,0
2023,VUT,32.5,-142.5,0,0,0,0,0,0,0,0,0,0
2023,CHN,-27.5,-137.5,0,0,0,0,0,0,0,0,0,0
2023,CHN,-27.5,-132.5,0,0,0,0,0,0,0,0,0,0
2023,CHN,-17.5,-132.5,0,0,0,0,0,0,0,0,0,0
2023,CHN,-17.5,-127.5,0,0,0,0,0,0,0,0,0,0
2023,CHN,-17.5,-107.5,0,0,0,0,0,0,0,0,0,0
2023,CHN,-12.5,-132.5,0,0,0,0,0,0,0,0,0,0
2023,CHN,-12.5,-127.5,0,0,0,0,0,0,0,0,0,0
2023,CHN,-12.5,-122.5,0,0,0,0,0,0,0,0,0,0
2023,CHN,-12.5,-117.5,0,0,0,0,0,0,0,0,0,0
2023,CHN,-12.5,-112.5,0,0,0,0,0,0,0,0,0,0
2023,CHN,-7.5,-147.5,0,0,0,0,0,0,0,0,0,0
2023,CHN,-7.5,-127.5,0,0,0,0,0,0,0,0,0,0
2023,CHN,-2.5,-147.5,0,0,0,0,0,0,0,0,0,0
2023,CHN,-2.5,-137.5,0,0,0,0,0,0,0,0,0,0
2023,CHN,-2.5,-132.5,0,0,0,0,0,0,0,0,0,0
2023,CHN,2.5,-147.5,0,0,0,0,0,0,0,0,0,0
2023,CHN,2.5,-142.5,0,0,0,0,0,0,0,0,0,0
2023,JPN,-12.5,-112.5,0,0,0,0,0,0,0,0,0,0
2023,PAN,7.5,-97.5,0.19,0,0,0,0,0,0,0,0,0
2023,PYF,-22.5,-147.5,0,0,0,0,0,0,0,0,0,0
2023,PYF,-17.5,-147.5,0,0,0,0,0,0,0,0,0,0
2023,PYF,-17.5,-142.5,0,0,0,0,0,0,0,0,0,0
2023,PYF,-17.5,-137.5,0,0,0,0,0,0,0,0,0,0
2023,PYF,-12.5,-147.5,0,0,0,0,0,0,0,0,0,0
2023,PYF,-12.5,-142.5,0,0,0,0,0,0,0,0,0,0
2023,PYF,-12.5,-137.5,0,0,0,0,0,0,0,0,0,0
2023,PYF,-7.5,-142.5,0,0,0,0,0,0,0,0,0,0
2023,TWN,-7.5,-147.5,0.66,0,0,0,0,0,0,0,0,0
2023,TWN,-2.5,-147.5,0.02,0,0.14,0,0,0,0,0,0,0
2023,TWN,2.5,-147.5,2.17,0,0,0,0,0,0,0.31,0,0
2023,USA,17.5,-147.5,0,0,0,0,0,0,0,0,0,0
2023,USA,22.5,-147.5,0,0,0,0,0,0,0,0,0,0
2023,USA,22.5,-142.5,0,0,0,0,0,0,0,0,0,0
2023,USA,22.5,-137.5,0,0,0,0,0,0,0,0,0,0
2023,USA,27.5,-147.5,0,0,0,0,0,0,0,0,0,0
2023,USA,27.5,-142.5,0,0,0,0,0,0,0,0,0,0
2023,USA,27.5,-137.5,0,0,0,0,0,0,0,0,0,0
2023,VUT,-7.5,-147.5,0,0,0,0,0,0,0,0,0,0
2023,VUT,-2.5,-147.5,0,0,0,0,0,0,0,0,0,0
2023,VUT,2.5,-147.5,0,0,0,0,0,0,0,0,0,0
2023,VUT,2.5,-112.5,0,0,0,0,0,0,0,0,0,0
2023,CHN,-32.5,-137.5,0,0,0,0,0,0,0,0,0,0
2023,CHN,-32.5,-117.5,0,0,0,0,0,0,0,0,0,0
2023,CHN,-32.5,-107.5,0,0,0,0,0,0,0,0,0,0
2023,CHN,-27.5,-137.5,0,0,0,0,0,0,0,0,0,0
2023,CHN,-17.5,-132.5,0,0,0,0,0,0,0,0,0,0
2023,CHN,-17.5,-127.5,0,0,0,0,0,0,0,0,0,0
2023,CHN,-17.5,-122.5,0,0,0,0,0,0,0,0,0,0
2023,CHN,-12.5,-142.5,0,0,0,0,0,0,0,0,0,0
2023,CHN,-12.5,-132.5,0,0,0,0,0,0,0,0,0,0
2023,CHN,-12.5,-127.5,0,0,0,0,0,0,0,0,0,0
2023,CHN,-12.5,-122.5,0,0,0,0,0,0,0,0,0,0
2023,CHN,-12.5,-117.5,0,0,0,0,0,0,0,0,0,0
2023,CHN,-12.5,-112.5,0,0,0,0,0,0,0,0,0,0
2023,CHN,-12.5,-107.5,0,0,0,0,0,0,0,0,0,0
2023,CHN,-7.5,-127.5,0,0,0,0,0,0,0,0,0,0
2023,CHN,-2.5,-147.5,0,0,0,0,0,0,0,0,0,0
2023,CHN,-2.5,-137.5,0,0,0,0,0,0,0,0,0,0
2023,CHN,-2.5,-132.5,0,0,0,0,0,0,0,0,0,0
2023,CHN,2.5,-147.5,0,0,0,0,0,0,0,0,0,0
2023,CHN,2.5,-142.5,0,0,0,0,0,0,0,0,0,0
2023,JPN,-32.5,-82.5,0,0,0,0,0,0,0,0,0,0
2023,JPN,-32.5,-77.5,0,0,0,0,0,0,0,0,0,0
2023,JPN,-27.5,-77.5,0,0,0,0,0,0,0,0,0,0
2023,PAN,2.5,-117.5,0.17,0,0,0,0,0,0,0,0,0
2023,PAN,2.5,-112.5,0.18,0,0,0,0,0,0,0,0,0
2023,PAN,2.5,-107.5,0.84,0,0,0,0,0,0,0,0,0
2023,PAN,2.5,-102.5,2.25,0,0,0,0,0,0,0,0,0
2023,PAN,7.5,-107.5,0.78,0,0,0,0,0,0,0,0,0
2023,PAN,7.5,-97.5,0.67,0,0,0,0,0,0,0,0,0
2023,PAN,7.5,-92.5,0.25,0,0,0,0,0,0,0,0,0
2023,PYF,-17.5,-147.5,0,0,0,0,0,0,0,0,0,0
2023,PYF,-12.5,-147.5,0,0,0,0,0,0,0,0,0,0
2023,PYF,-12.5,-142.5,0,0,0,0,0,0,0,0,0,0
2023,TWN,-2.5,-147.5,0.08,0,0,0,0,0,0,0,0,0
2023,TWN,-2.5,-132.5,0.11,0,0.46,0,0,0,0,0,0.55,0
2023,TWN,2.5,-147.5,0.9,0,0,0,0,0,0.18,0.46,0,0
2023,USA,17.5,-147.5,0,0,0,0,0,0,0,0,0,0
2023,USA,22.5,-147.5,0,0,0,0,0,0,0,0,0,0
2023,USA,22.5,-137.5,0,0,0,0,0,0,0,0,0,0
2023,USA,27.5,-147.5,0,0,0,0,0,0,0,0,0,0
2023,USA,27.5,-142.5,0,0,0,0,0,0,0,0,0,0
2023,USA,27.5,-137.5,0,0,0,0,0,0,0,0,0,0
2023,VUT,-2.5,-147.5,0,0,0,0,0,0,0,0,0,0
2023,VUT,2.5,-147.5,0,0,0,0,0,0,0,0,0,0
2023,VUT,2.5,-102.5,0,0,0,0,0,0,0,0,0,0
2023,CHN,-37.5,-122.5,0,0,0,0,0,0,0,0,0,0
2023,CHN,-37.5,-117.5,0,0,0,0,0,0,0,0,0,0
2023,CHN,-32.5,-122.5,0,0,0,0,0,0,0,0,0,0
2023,CHN,-32.5,-107.5,0,0,0,0,0,0,0,0,0,0
2023,CHN,-27.5,-137.5,0,0,0,0,0,0,0,0,0,0
2023,CHN,-22.5,-122.5,0,0,0,0,0,0,0,0,0,0
2023,CHN,-22.5,-112.5,0,0,0,0,0,0,0,0,0,0
2023,CHN,-22.5,-107.5,0,0,0,0,0,0,0,0,0,0
2023,CHN,-17.5,-132.5,0,0,0,0,0,0,0,0,0,0
2023,CHN,-17.5,-117.5,0,0,0,0,0,0,0,0,0,0
2023,CHN,-17.5,-112.5,0,0,0,0,0,0,0,0,0,0
2023,CHN,-17.5,-107.5,0,0,0,0,0,0,0,0,0,0
2023,CHN,-17.5,-102.5,0,0,0,0,0,0,0,0,0,0
2023,CHN,-12.5,-132.5,0,0,0,0,0,0,0,0,0,0
2023,CHN,-12.5,-127.5,0,0,0,0,0,0,0,0,0,0
2023,CHN,-12.5,-122.5,0,0,0,0,0,0,0,0,0,0
2023,CHN,-12.5,-117.5,0,0,0,0,0,0,0,0,0,0
2023,CHN,-12.5,-112.5,0,0,0,0,0,0,0,0,0,0
2023,CHN,-12.5,-107.5,0,0,0,0,0,0,0,0,0,0
2023,CHN,-7.5,-147.5,0,0,0,0,0,0,0,0,0,0
2023,CHN,-7.5,-127.5,0,0,0,0,0,0,0,0,0,0
2023,CHN,-2.5,-147.5,0,0,0,0,0,0,0,0,0,0
2023,CHN,-2.5,-142.5,0,0,0,0,0,0,0,0,0,0
2023,CHN,-2.5,-137.5,0,0,0,0,0,0,0,0,0,0
2023,CHN,-2.5,-132.5,0,0,0,0,0,0,0,0,0,0
2023,CHN,-2.5,-127.5,0,0,0,0,0,0,0,0,0,0
2023,CHN,2.5,-147.5,0,0,0,0,0,0,0,0,0,0
2023,CHN,2.5,-142.5,0,0,0,0,0,0,0,0,0,0
2023,JPN,-32.5,-82.5,0,0,0,0,0,0,0,0,0,0
2023,JPN,-32.5,-77.5,0,0,0,0,0,0,0,0,0,0
2023,JPN,-27.5,-87.5,0,0,0,0,0,0,0,0,0,0
2023,JPN,-27.5,-82.5,0,0,0,0,0,0,0,0,0,0
2023,JPN,-27.5,-77.5,0,0,0,0,0,0,0,0,0,0
2023,JPN,-22.5,-77.5,0,0,0,0,0,0,0,0,0,0
2023,JPN,-22.5,-72.5,0,0,0,0,0,0,0,0,0,0
2023,PAN,-2.5,-122.5,0.03,0,0,0,0,0,0,0,0,0
2023,PAN,-2.5,-117.5,0.63,0,0,0,0,0,0,0,0,0
2023,PAN,-2.5,-112.5,1.12,0,0,0,0,0,0,0,0,0
2023,PAN,-2.5,-102.5,1.11,0,0,0,0,0,0,0,0,0
2023,PAN,2.5,-122.5,0.21,0,0,0,0,0,0,0,0,0
2023,PAN,2.5,-117.5,0.06,0,0,0,0,0,0,0,0,0
2023,PAN,2.5,-112.5,0.75,0,0,0,0,0,0,0,0,0
2023,PAN,2.5,-107.5,0.92,0,0,0,0,0,0,0,0,0
2023,PAN,2.5,-102.5,0.47,0,0,0,0,0,0,0,0,0
2023,PAN,7.5,-87.5,0.34,0,0,0,0,0,0,0,0,0
2023,PYF,-17.5,-147.5,0,0,0,0,0,0,0,0,0,0
2023,PYF,-17.5,-142.5,0,0,0,0,0,0,0,0,0,0
2023,PYF,-12.5,-147.5,0,0,0,0,0,0,0,0,0,0
2023,PYF,-12.5,-142.5,0,0,0,0,0,0,0,0,0,0
2023,PYF,-12.5,-137.5,0,0,0,0,0,0,0,0,0,0
2023,PYF,-7.5,-142.5,0,0,0,0,0,0,0,0,0,0
2023,PYF,-7.5,-137.5,0,0,0,0,0,0,0,0,0,0
2023,TWN,-32.5,-147.5,0.47,0,0,0,0,0,0,0.16,0,0
2023,TWN,-27.5,-147.5,0.46,0,0,0,0,0,0,0.77,0,0
2023,TWN,-12.5,-147.5,0.33,0,0,0,0,0,0,0,0,0
2023,TWN,-12.5,-132.5,0.3,0,0,0,0,0,0,0,0,0
2023,TWN,-7.5,-147.5,16.23,0,0,0,0,0,0.16,0,0,0
2023,TWN,-7.5,-142.5,5,0,0,0,0,0,0,0,0,0
2023,TWN,-7.5,-137.5,3.93,0,0,0,0,0,0,0,0,0
2023,TWN,-7.5,-132.5,1.33,0,0,0,0,0,0,0,0,0
2023,TWN,-2.5,-147.5,0.28,0,0,0,0,0,0,0,0,0
2023,TWN,-2.5,-137.5,0.08,0,0,0,0,0,0,0,0,0
2023,TWN,-2.5,-132.5,0.26,0,1.84,0,0,0,0,0.05,6.24,0
2023,TWN,2.5,-132.5,0.08,0,0.75,0,0,0,0,0,0.33,0
2023,USA,17.5,-147.5,0,0,0,0,0,0,0,0,0,0
2023,USA,22.5,-147.5,0,0,0,0,0,0,0,0,0,0
2023,USA,22.5,-142.5,0,0,0,0,0,0,0,0,0,0
2023,USA,22.5,-137.5,0,0,0,0,0,0,0,0,0,0
2023,USA,27.5,-147.5,0,0,0,0,0,0,0,0,0,0
2023,USA,27.5,-142.5,0,0,0,0,0,0,0,0,0,0
2023,VUT,-27.5,-147.5,0,0,0,0,0,0,0,0,0,0
2023,VUT,-12.5,-132.5,0,0,0,0,0,0,0,0,0,0
2023,VUT,-7.5,-137.5,0,0,0,0,0,0,0,0,0,0
2023,VUT,-7.5,-132.5,0,0,0,0,0,0,0,0,0,0
2023,VUT,-2.5,-147.5,0,0,0,0,0,0,0,0,0,0
2023,VUT,-2.5,-137.5,0,0,0,0,0,0,0,0,0,0
2023,VUT,2.5,-102.5,0,0,0,0,0,0,0,0,0,0
2023,CHN,-32.5,-127.5,0,0,0,0,0,0,0,0,0,0
2023,CHN,-27.5,-137.5,0,0,0,0,0,0,0,0,0,0
2023,CHN,-27.5,-132.5,0,0,0,0,0,0,0,0,0,0
2023,CHN,-17.5,-132.5,0,0,0,0,0,0,0,0,0,0
2023,CHN,-12.5,-137.5,0,0,0,0,0,0,0,0,0,0
2023,CHN,-12.5,-132.5,0,0,0,0,0,0,0,0,0,0
2023,CHN,-12.5,-127.5,0,0,0,0,0,0,0,0,0,0
2023,CHN,-12.5,-122.5,0,0,0,0,0,0,0,0,0,0
2023,CHN,-12.5,-117.5,0,0,0,0,0,0,0,0,0,0
2023,CHN,-12.5,-112.5,0,0,0,0,0,0,0,0,0,0
2023,CHN,-12.5,-107.5,0,0,0,0,0,0,0,0,0,0
2023,CHN,-7.5,-147.5,0,0,0,0,0,0,0,0,0,0
2023,CHN,-2.5,-137.5,0,0,0,0,0,0,0,0,0,0
2023,CHN,-2.5,-132.5,0,0,0,0,0,0,0,0,0,0
2023,CHN,-2.5,-127.5,0,0,0,0,0,0,0,0,0,0
2023,CHN,2.5,-147.5,0,0,0,0,0,0,0,0,0,0
2023,JPN,-32.5,-82.5,0,0,0,0,0,0,0,0,0,0
2023,JPN,-32.5,-77.5,0,0,0,0,0,0,0,0,0,0
2023,JPN,-27.5,-82.5,0,0,0,0,0,0,0,0,0,0
2023,JPN,-27.5,-77.5,0,0,0,0,0,0,0,0,0,0
2023,JPN,-22.5,-82.5,0,0,0,0,0,0,0,0,0,0
2023,JPN,-22.5,-77.5,0,0,0,0,0,0,0,0,0,0
2023,PAN,-17.5,-92.5,5.29,0,0,0,0,0,0,0,0,0
2023,PAN,-12.5,-92.5,6.33,0,0,0,0,0,0,0,0,0
2023,PAN,-7.5,-97.5,0.61,0,0,0,0,0,0,0,0,0
2023,PAN,-2.5,-112.5,0.46,0,0,0,0,0,0,0,0,0
2023,PAN,-2.5,-102.5,1.61,0,0,0,0,0,0,0,0,0
2023,PAN,2.5,-122.5,0.03,0,0,0,0,0,0,0,0,0
2023,PAN,2.5,-112.5,0.15,0,0,0,0,0,0,0,0,0
2023,PAN,2.5,-107.5,0.8,0,0,0,0,0,0,0,0,0
2023,PAN,2.5,-102.5,2.32,0,0,0,0,0,0,0,0,0
2023,PAN,7.5,-102.5,0.92,0,0,0,0,0,0,0,0,0
2023,PAN,7.5,-92.5,0.2,0,0,0,0,0,0,0,0,0
2023,PAN,7.5,-87.5,0.24,0,0,0,0,0,0,0,0,0
2023,PAN,12.5,-92.5,0.22,0,0,0,0,0,0,0,0,0
2023,PYF,-22.5,-147.5,0,0,0,0,0,0,0,0,0,0
2023,PYF,-17.5,-147.5,0,0,0,0,0,0,0,0,0,0
2023,PYF,-12.5,-147.5,0,0,0,0,0,0,0,0,0,0
2023,PYF,-12.5,-142.5,0,0,0,0,0,0,0,0,0,0
2023,PYF,-12.5,-137.5,0,0,0,0,0,0,0,0,0,0
2023,PYF,-7.5,-142.5,0,0,0,0,0,0,0,0,0,0
2023,PYF,-7.5,-137.5,0,0,0,0,0,0,0,0,0,0
2023,TWN,-27.5,-147.5,0.47,0,0,0,0,0,0,0.38,0,0
2023,TWN,-12.5,-147.5,0.6,0,0,0,0,0,0,0,0,0
2023,TWN,-12.5,-142.5,2.02,0,0,0,0,0,0,0.23,0,0
2023,TWN,-12.5,-132.5,9.19,0,0,0,0,0,0,0.07,0,0
2023,TWN,-7.5,-147.5,54.42,0,0,0,0,0,0,0.12,0,0
2023,TWN,-7.5,-142.5,17.25,0,0,0,0,0,0.13,0.19,0,0
2023,TWN,-7.5,-137.5,2.88,0,0,0,0,0,0,0.15,0,0
2023,TWN,-7.5,-132.5,5.58,0,0,0,0,0,0,0,0,0
2023,TWN,-2.5,-147.5,2.24,0,0,0,0,0,0,0,0,0
2023,TWN,-2.5,-132.5,1.49,0,4.4,0,0,0,0,0.19,15.27,0
2023,TWN,2.5,-147.5,0.33,0,0,0,0,0,0,0,0,0
2023,TWN,2.5,-132.5,0,0,0.02,0,0,0,0,0,0.24,0
2023,USA,22.5,-147.5,0,0,0,0,0,0,0,0,0,0
2023,USA,22.5,-142.5,0,0,0,0,0,0,0,0,0,0
2023,USA,22.5,-137.5,0,0,0,0,0,0,0,0,0,0
2023,USA,27.5,-147.5,0,0,0,0,0,0,0,0,0,0
2023,USA,27.5,-142.5,0,0,0,0,0,0,0,0,0,0
2023,USA,27.5,-137.5,0,0,0,0,0,0,0,0,0,0
2023,USA,32.5,-147.5,0,0,0,0,0,0,0,0,0,0
2023,VUT,-37.5,-147.5,0,0,0,0,0,0,0,0,0,0
2023,VUT,-27.5,-147.5,0,0,0,0,0,0,0,0,0,0
2023,VUT,-12.5,-132.5,0,0,0,0,0,0,0,0,0,0
2023,VUT,-12.5,-122.5,0,0,0,0,0,0,0,0,0,0
2023,VUT,-12.5,-117.5,0,0,0,0,0,0,0,0,0,0
2023,VUT,-7.5,-147.5,0,0,0,0,0,0,0,0,0,0
2023,VUT,-7.5,-142.5,0,0,0,0,0,0,0,0,0,0
2023,VUT,-7.5,-132.5,0,0,0,0,0,0,0,0,0,0
2023,VUT,-7.5,-127.5,0,0,0,0,0,0,0,0,0,0
2023,VUT,-7.5,-122.5,0,0,0,0,0,0,0,0,0,0
2023,VUT,-7.5,-117.5,0,0,0,0,0,0,0,0,0,0
2023,VUT,-2.5,-147.5,0,0,0,0,0,0,0,0,0,0
2023,CHN,-27.5,-137.5,0,0,0,0,0,0,0,0,0,0
2023,CHN,-27.5,-132.5,0,0,0,0,0,0,0,0,0,0
2023,CHN,-17.5,-132.5,0,0,0,0,0,0,0,0,0,0
2023,CHN,-17.5,-127.5,0,0,0,0,0,0,0,0,0,0
2023,CHN,-17.5,-122.5,0,0,0,0,0,0,0,0,0,0
2023,CHN,-17.5,-102.5,0,0,0,0,0,0,0,0,0,0
2023,CHN,-12.5,-137.5,0,0,0,0,0,0,0,0,0,0
2023,CHN,-12.5,-132.5,0,0,0,0,0,0,0,0,0,0
2023,CHN,-12.5,-127.5,0,0,0,0,0,0,0,0,0,0
2023,CHN,-12.5,-122.5,0,0,0,0,0,0,0,0,0,0
2023,CHN,-12.5,-117.5,0,0,0,0,0,0,0,0,0,0
2023,CHN,-12.5,-112.5,0,0,0,0,0,0,0,0,0,0
2023,CHN,-12.5,-107.5,0,0,0,0,0,0,0,0,0,0
2023,CHN,-7.5,-147.5,0,0,0,0,0,0,0,0,0,0
2023,CHN,-2.5,-147.5,0,0,0,0,0,0,0,0,0,0
2023,CHN,-2.5,-142.5,0,0,0,0,0,0,0,0,0,0
2023,CHN,-2.5,-137.5,0,0,0,0,0,0,0,0,0,0
2023,CHN,-2.5,-132.5,0,0,0,0,0,0,0,0,0,0
2023,CHN,-2.5,-127.5,0,0,0,0,0,0,0,0,0,0
2023,CHN,2.5,-147.5,0,0,0,0,0,0,0,0,0,0
2023,JPN,-32.5,-82.5,0,0,0,0,0,0,0,0,0,0
2023,JPN,-27.5,-82.5,0,0,0,0,0,0,0,0,0,0
2023,JPN,-27.5,-77.5,0,0,0,0,0,0,0,0,0,0
2023,PAN,-17.5,-92.5,43.97,0,0,0,0,0,0,0,0,0
2023,PAN,-17.5,-87.5,2.42,0,0,0,0,0,0,0,0,0
2023,PAN,2.5,-112.5,2.91,0,0,0,0,0,0,0,0,0
2023,PAN,2.5,-107.5,0.78,0,0,0,0,0,0,0,0,0
2023,PAN,7.5,-112.5,1.94,0,0,0,0,0,0,0,0,0
2023,PAN,7.5,-97.5,0.06,0,0,0,0,0,0,0,0,0
2023,PAN,7.5,-92.5,4.78,0,0,0,0,0,0,0,0,0
2023,PAN,7.5,-87.5,3.1,0,0,0,0,0,0,0,0,0
2023,PAN,12.5,-92.5,0.03,0,0,0,0,0,0,0,0,0
2023,PYF,-22.5,-147.5,0,0,0,0,0,0,0,0,0,0
2023,PYF,-17.5,-147.5,0,0,0,0,0,0,0,0,0,0
2023,PYF,-17.5,-142.5,0,0,0,0,0,0,0,0,0,0
2023,PYF,-12.5,-147.5,0,0,0,0,0,0,0,0,0,0
2023,PYF,-12.5,-142.5,0,0,0,0,0,0,0,0,0,0
2023,PYF,-12.5,-137.5,0,0,0,0,0,0,0,0,0,0
2023,PYF,-7.5,-142.5,0,0,0,0,0,0,0,0,0,0
2023,PYF,-7.5,-137.5,0,0,0,0,0,0,0,0,0,0
2023,TWN,-27.5,-147.5,0.09,0,0,0,0,0,0,0,0,0
2023,TWN,-17.5,-127.5,0.07,0,0,0,0,0,0,0,0,0
2023,TWN,-12.5,-147.5,0.26,0,0,0,0,0,0,0.09,0,0
2023,TWN,-12.5,-142.5,2.19,0,0,0,0,0,0.02,0.09,0,0
2023,TWN,-12.5,-137.5,2.88,0,0,0,0,0,0,0,0,0
2023,TWN,-12.5,-132.5,20.05,0,0,0,0,0,0,0.24,0,0
2023,TWN,-7.5,-147.5,50.12,0,0,0,0,0,0.06,0.99,0,0
2023,TWN,-7.5,-142.5,10.98,0,0,0,0,0,0,0.53,0,0
2023,TWN,-7.5,-137.5,7.38,0,0,0,0,0,0,0.04,0,1.72
2023,TWN,-7.5,-132.5,24,0,0,0,0,0,0.95,0.23,0,0.25
2023,TWN,-7.5,-127.5,2.51,0,0,0,0,0,0,0.14,0,0
2023,TWN,-2.5,-147.5,5.35,0,1.86,0,0,0,2.6,0.44,0,0
2023,TWN,-2.5,-142.5,5.79,0,3.2,0,0,0,0,0.46,0,0.25
2023,TWN,-2.5,-137.5,1.32,0,0.45,0,0,0,0,0,0.13,0.27
2023,TWN,-2.5,-132.5,5.1,0,6.98,0.15,0,0,0.01,0.33,31.11,0.04
2023,USA,22.5,-147.5,0,0,0,0,0,0,0,0,0,0
2023,USA,22.5,-142.5,0,0,0,0,0,0,0,0,0,0
2023,USA,22.5,-137.5,0,0,0,0,0,0,0,0,0,0
2023,USA,27.5,-147.5,0,0,0,0,0,0,0,0,0,0
2023,USA,27.5,-142.5,0,0,0,0,0,0,0,0,0,0
2023,USA,27.5,-137.5,0,0,0,0,0,0,0,0,0,0
2023,USA,32.5,-147.5,0,0,0,0,0,0,0,0,0,0
2023,USA,32.5,-142.5,0,0,0,0,0,0,0,0,0,0
2023,VUT,-37.5,-147.5,0,0,0,0,0,0,0,0,0,0
2023,VUT,-37.5,-142.5,0,0,0,0,0,0,0,0,0,0
2023,VUT,-32.5,-142.5,0,0,0,0,0,0,0,0,0,0
2023,VUT,-27.5,-147.5,0,0,0,0,0,0,0,0,0,0
2023,VUT,-12.5,-147.5,0,0,0,0,0,0,0,0,0,0
2023,VUT,-12.5,-132.5,0,0,0,0,0,0,0,0,0,0
2023,VUT,-12.5,-127.5,0,0,0,0,0,0,0,0,0,0
2023,VUT,-12.5,-122.5,0,0,0,0,0,0,0,0,0,0
2023,VUT,-12.5,-117.5,0,0,0,0,0,0,0,0,0,0
2023,VUT,-7.5,-147.5,0,0,0,0,0,0,0,0,0,0
2023,VUT,-7.5,-142.5,0,0,0,0,0,0,0,0,0,0
2023,VUT,-7.5,-132.5,0,0,0,0,0,0,0,0,0,0
2023,VUT,-7.5,-127.5,0,0,0,0,0,0,0,0,0,0
2023,VUT,-7.5,-117.5,0,0,0,0,0,0,0,0,0,0
2023,VUT,-2.5,-147.5,0,0,0,0,0,0,0,0,0,0
2023,VUT,-2.5,-142.5,0,0,0,0,0,0,0,0,0,0
2023,VUT,-2.5,-132.5,0,0,0,0,0,0,0,0,0,0
2023,CHN,-37.5,-122.5,0,0,0,0,0,0,0,0,0,0
2023,CHN,-32.5,-122.5,0,0,0,0,0,0,0,0,0,0
2023,CHN,-27.5,-137.5,0,0,0,0,0,0,0,0,0,0
2023,CHN,-27.5,-132.5,0,0,0,0,0,0,0,0,0,0
2023,CHN,-17.5,-132.5,0,0,0,0,0,0,0,0,0,0
2023,CHN,-17.5,-117.5,0,0,0,0,0,0,0,0,0,0
2023,CHN,-17.5,-107.5,0,0,0,0,0,0,0,0,0,0
2023,CHN,-12.5,-132.5,0,0,0,0,0,0,0,0,0,0
2023,CHN,-12.5,-127.5,0,0,0,0,0,0,0,0,0,0
2023,CHN,-12.5,-122.5,0,0,0,0,0,0,0,0,0,0
2023,CHN,-12.5,-117.5,0,0,0,0,0,0,0,0,0,0
2023,CHN,-12.5,-112.5,0,0,0,0,0,0,0,0,0,0
2023,CHN,-12.5,-107.5,0,0,0,0,0,0,0,0,0,0
2023,CHN,-7.5,-147.5,0,0,0,0,0,0,0,0,0,0
2023,CHN,-7.5,-127.5,0,0,0,0,0,0,0,0,0,0
2023,CHN,-2.5,-147.5,0,0,0,0,0,0,0,0,0,0
2023,CHN,-2.5,-142.5,0,0,0,0,0,0,0,0,0,0
2023,CHN,-2.5,-137.5,0,0,0,0,0,0,0,0,0,0
2023,CHN,-2.5,-132.5,0,0,0,0,0,0,0,0,0,0
2023,CHN,2.5,-147.5,0,0,0,0,0,0,0,0,0,0
2023,CHN,7.5,-147.5,0,0,0,0,0,0,0,0,0,0
2023,JPN,-27.5,-82.5,0,0,0,0,0,0,0,0,0,0
2023,PAN,-17.5,-97.5,20.66,0,0,0,0,0,0,0,0,0
2023,PAN,-17.5,-92.5,24.22,0,0,0,0,0,0,0,0,0
2023,PAN,7.5,-92.5,0.96,0,0,0,0,0,0,0,0,0
2023,PAN,7.5,-87.5,1.45,0,0,0,0,0,0,0,0,0
2023,PYF,-22.5,-147.5,0,0,0,0,0,0,0,0,0,0
2023,PYF,-17.5,-147.5,0,0,0,0,0,0,0,0,0,0
2023,PYF,-17.5,-142.5,0,0,0,0,0,0,0,0,0,0
2023,PYF,-12.5,-147.5,0,0,0,0,0,0,0,0,0,0
2023,PYF,-12.5,-142.5,0,0,0,0,0,0,0,0,0,0
2023,PYF,-12.5,-137.5,0,0,0,0,0,0,0,0,0,0
2023,PYF,-7.5,-142.5,0,0,0,0,0,0,0,0,0,0
2023,PYF,-7.5,-137.5,0,0,0,0,0,0,0,0,0,0
2023,TWN,-17.5,-132.5,0,0,0,0,0,0,0,0.1,0,0
2023,TWN,-12.5,-147.5,2.68,0,0,0,0,0,0.06,0.35,0,0
2023,TWN,-12.5,-142.5,6.55,0,0,0,0,0,0,0.07,0,0
2023,TWN,-12.5,-137.5,8.23,0,0,0,0,0,0,0,0,2.47
2023,TWN,-12.5,-132.5,30.89,0,0,0,0,0,2.86,1.28,0,3.12
2023,TWN,-12.5,-127.5,5.45,0,0,0,0,0,0,0.32,0,0.33
2023,TWN,-7.5,-147.5,48.1,0,0,0.07,0,0,0.33,1.13,0.05,0
2023,TWN,-7.5,-142.5,11.34,0,0,0,0,0,0,0.07,0,0
2023,TWN,-7.5,-137.5,1.7,0,0,0,0,0,0,0,0,0.55
2023,TWN,-7.5,-132.5,6.66,0,0,0,0,0,0.91,0.17,0,0.3
2023,TWN,-7.5,-127.5,0.32,0,0,0,0,0,0,0.09,0,0
2023,TWN,-2.5,-147.5,1.59,0,0,0,0,0,0,0.35,0,0
2023,TWN,-2.5,-142.5,1.34,0,0.23,0,0,0,0,0.26,0.03,0
2023,TWN,-2.5,-137.5,0.34,0,0.26,0,0,0,0,0,0.15,0.23
2023,TWN,-2.5,-132.5,0.83,0,1.52,0,0,0,0,0,2.43,0.14
2023,TWN,7.5,-147.5,2.11,0,5.14,0,0,0,0,0,0.44,0
2023,TWN,7.5,-142.5,2.33,0,9.29,0.06,0,0,0,0.03,1.81,0
2023,TWN,37.5,-147.5,0.41,0,0,0,0,0,0,0.08,0,0
2023,USA,22.5,-147.5,0,0,0,0,0,0,0,0,0,0
2023,USA,22.5,-142.5,0,0,0,0,0,0,0,0,0,0
2023,USA,27.5,-147.5,0,0,0,0,0,0,0,0,0,0
2023,VUT,-27.5,-147.5,0,0,0,0,0,0,0,0,0,0
2023,VUT,-12.5,-147.5,0,0,0,0,0,0,0,0,0,0
2023,VUT,-12.5,-132.5,0,0,0,0,0,0,0,0,0,0
2023,VUT,-7.5,-147.5,0,0,0,0,0,0,0,0,0,0
2023,VUT,-7.5,-142.5,0,0,0,0,0,0,0,0,0,0
2023,VUT,-7.5,-137.5,0,0,0,0,0,0,0,0,0,0
2023,VUT,-7.5,-132.5,0,0,0,0,0,0,0,0,0,0
2023,VUT,-7.5,-122.5,0,0,0,0,0,0,0,0,0,0
2023,VUT,-2.5,-147.5,0,0,0,0,0,0,0,0,0,0
2023,VUT,-2.5,-142.5,0,0,0,0,0,0,0,0,0,0
2023,VUT,-2.5,-132.5,0,0,0,0,0,0,0,0,0,0
2023,CHN,-27.5,-137.5,0,0,0,0,0,0,0,0,0,0
2023,CHN,-27.5,-132.5,0,0,0,0,0,0,0,0,0,0
2023,CHN,-17.5,-132.5,0,0,0,0,0,0,0,0,0,0
2023,CHN,-12.5,-132.5,0,0,0,0,0,0,0,0,0,0
2023,CHN,-12.5,-127.5,0,0,0,0,0,0,0,0,0,0
2023,CHN,-12.5,-122.5,0,0,0,0,0,0,0,0,0,0
2023,CHN,-12.5,-117.5,0,0,0,0,0,0,0,0,0,0
2023,CHN,-12.5,-112.5,0,0,0,0,0,0,0,0,0,0
2023,CHN,-12.5,-107.5,0,0,0,0,0,0,0,0,0,0
2023,CHN,-7.5,-147.5,0,0,0,0,0,0,0,0,0,0
2023,CHN,-7.5,-127.5,0,0,0,0,0,0,0,0,0,0
2023,CHN,-2.5,-147.5,0,0,0,0,0,0,0,0,0,0
2023,CHN,-2.5,-142.5,0,0,0,0,0,0,0,0,0,0
2023,CHN,-2.5,-137.5,0,0,0,0,0,0,0,0,0,0
2023,CHN,-2.5,-132.5,0,0,0,0,0,0,0,0,0,0
2023,CHN,2.5,-147.5,0,0,0,0,0,0,0,0,0,0
2023,CHN,2.5,-142.5,0,0,0,0,0,0,0,0,0,0
2023,PAN,-17.5,-97.5,35.42,0,0,0,0,0,0,0,0,0
2023,PAN,-17.5,-92.5,0.61,0,0,0,0,0,0,0,0,0
2023,PAN,-7.5,-112.5,0.59,0,0,0,0,0,0,0,0,0
2023,PAN,-7.5,-107.5,1.04,0,0,0,0,0,0,0,0,0
2023,PAN,-7.5,-102.5,0.23,0,0,0,0,0,0,0,0,0
2023,PAN,7.5,-92.5,0.81,0,0,0,0,0,0,0,0,0
2023,PAN,7.5,-87.5,0.64,0,0,0,0,0,0,0,0,0
2023,PYF,-22.5,-147.5,0,0,0,0,0,0,0,0,0,0
2023,PYF,-22.5,-142.5,0,0,0,0,0,0,0,0,0,0
2023,PYF,-17.5,-147.5,0,0,0,0,0,0,0,0,0,0
2023,PYF,-17.5,-142.5,0,0,0,0,0,0,0,0,0,0
2023,PYF,-12.5,-147.5,0,0,0,0,0,0,0,0,0,0
2023,PYF,-12.5,-142.5,0,0,0,0,0,0,0,0,0,0
2023,PYF,-12.5,-137.5,0,0,0,0,0,0,0,0,0,0
2023,PYF,-7.5,-142.5,0,0,0,0,0,0,0,0,0,0
2023,PYF,-7.5,-137.5,0,0,0,0,0,0,0,0,0,0
2023,TWN,-17.5,-132.5,2.33,0,0,0,0,0,0,0.58,0,0
2023,TWN,-17.5,-127.5,0.18,0,0.06,0,0,0,0,0,0,0
2023,TWN,-12.5,-147.5,0.79,0,0,0,0,0,0.05,0.2,0,0
2023,TWN,-12.5,-142.5,4.59,0,0,0,0,0,0,0.35,0,0
2023,TWN,-12.5,-137.5,0.23,0,0,0,0,0,0,0.07,0,0.14
2023,TWN,-12.5,-132.5,24.68,0,0,0,0,0,0.37,1.55,0,2.59
2023,TWN,-12.5,-127.5,2.25,0,2.41,0,0,0,0,0.32,0.13,0
2023,TWN,-7.5,-147.5,28.91,0,0,0,0,0,1.17,1.51,0.02,0
2023,TWN,-7.5,-142.5,2.77,0,0,0,0,0,0,0.1,0,0
2023,TWN,-7.5,-137.5,1.48,0,0,0,0,0,0,0.07,0,0
2023,TWN,-7.5,-132.5,7.56,0,0,0,0,0,0.15,0.23,0,3.95
2023,TWN,-2.5,-147.5,2.47,0,0.81,0,0,0,0,0.71,0,0
2023,TWN,2.5,-147.5,1.42,0,2.21,0,0,0,0,0,0,0
2023,TWN,7.5,-147.5,5.37,0,6.62,0,0,0,0,0,0.56,0
2023,TWN,7.5,-142.5,0.49,0,0.66,0,0,0,0,0,0,0
2023,TWN,32.5,-147.5,0.39,0,0,0,0,0,0,0.06,0,0
2023,TWN,37.5,-147.5,1.18,0,0,0,0,0,0,0.25,0,0
2023,TWN,37.5,-142.5,14.72,0,0,0,0,0,0,1.43,0,0
2023,TWN,42.5,-147.5,4.66,0,0,0,0,0,0,0.12,0,0
2023,USA,22.5,-147.5,0,0,0,0,0,0,0,0,0,0
2023,USA,22.5,-142.5,0,0,0,0,0,0,0,0,0,0
2023,USA,27.5,-147.5,0,0,0,0,0,0,0,0,0,0
2023,VUT,-12.5,-147.5,0,0,0,0,0,0,0,0,0,0
2023,VUT,-12.5,-142.5,0,0,0,0,0,0,0,0,0,0
2023,VUT,-12.5,-112.5,0,0,0,0,0,0,0,0,0,0
2023,VUT,-7.5,-147.5,0,0,0,0,0,0,0,0,0,0
2023,VUT,-7.5,-127.5,0,0,0,0,0,0,0,0,0,0
2023,VUT,-7.5,-122.5,0,0,0,0,0,0,0,0,0,0
2023,VUT,-7.5,-117.5,0,0,0,0,0,0,0,0,0,0
2023,VUT,-7.5,-112.5,0,0,0,0,0,0,0,0,0,0
2023,VUT,-2.5,-147.5,0,0,0,0,0,0,0,0,0,0
2023,VUT,37.5,-147.5,0,0,0,0,0,0,0,0,0,0
2023,VUT,42.5,-147.5,0,0,0,0,0,0,0,0,0,0
2023,CHN,-27.5,-137.5,0,0,0,0,0,0,0,0,0,0
2023,CHN,-27.5,-132.5,0,0,0,0,0,0,0,0,0,0
2023,CHN,-17.5,-132.5,0,0,0,0,0,0,0,0,0,0
2023,CHN,-12.5,-132.5,0,0,0,0,0,0,0,0,0,0
2023,CHN,-12.5,-127.5,0,0,0,0,0,0,0,0,0,0
2023,CHN,-12.5,-122.5,0,0,0,0,0,0,0,0,0,0
2023,CHN,-12.5,-117.5,0,0,0,0,0,0,0,0,0,0
2023,CHN,-12.5,-112.5,0,0,0,0,0,0,0,0,0,0
2023,CHN,-12.5,-107.5,0,0,0,0,0,0,0,0,0,0
2023,CHN,-7.5,-147.5,0,0,0,0,0,0,0,0,0,0
2023,CHN,-7.5,-127.5,0,0,0,0,0,0,0,0,0,0
2023,CHN,-2.5,-147.5,0,0,0,0,0,0,0,0,0,0
2023,CHN,-2.5,-142.5,0,0,0,0,0,0,0,0,0,0
2023,CHN,-2.5,-137.5,0,0,0,0,0,0,0,0,0,0
2023,CHN,-2.5,-132.5,0,0,0,0,0,0,0,0,0,0
2023,CHN,2.5,-147.5,0,0,0,0,0,0,0,0,0,0
2023,CHN,2.5,-142.5,0,0,0,0,0,0,0,0,0,0
2023,PAN,-17.5,-97.5,15.81,0,0,0,0,0,0,0,0,0
2023,PAN,-7.5,-112.5,1.86,0,0,0,0,0,0,0,0,0
2023,PAN,7.5,-92.5,0.07,0,0,0,0,0,0,0,0,0
2023,PAN,7.5,-87.5,2.96,0,0,0,0,0,0,0,0,0
2023,PYF,-22.5,-147.5,0,0,0,0,0,0,0,0,0,0
2023,PYF,-17.5,-147.5,0,0,0,0,0,0,0,0,0,0
2023,PYF,-17.5,-142.5,0,0,0,0,0,0,0,0,0,0
2023,PYF,-12.5,-147.5,0,0,0,0,0,0,0,0,0,0
2023,PYF,-12.5,-142.5,0,0,0,0,0,0,0,0,0,0
2023,PYF,-7.5,-142.5,0,0,0,0,0,0,0,0,0,0
2023,PYF,-7.5,-137.5,0,0,0,0,0,0,0,0,0,0
2023,TWN,-17.5,-132.5,3.25,0,0,0,0,0,0,1.81,0.07,0
2023,TWN,-17.5,-127.5,4.86,0,0,0,0,0,0,1.02,0,0
2023,TWN,-12.5,-147.5,1.97,0,0,0,0,0,0.28,0.05,0,0
2023,TWN,-12.5,-142.5,6.15,0,0,0,0,0,0,0.63,0,0
2023,TWN,-12.5,-137.5,8.75,0,0,0,0,0,0,0.52,0,0.25
2023,TWN,-12.5,-132.5,16.3,0,0,0,0,0,0,0.98,0,1.35
2023,TWN,-12.5,-127.5,0.29,0,0,0,0,0,0,0.04,0,0
2023,TWN,-7.5,-147.5,15.49,0,0,0,0,0,6.46,0.86,0.05,0
2023,TWN,-7.5,-142.5,4.52,0,0,0,0,0,2.38,0.67,0,0
2023,TWN,-7.5,-137.5,0.59,0,0,0,0,0,0,0,0,0.26
2023,TWN,-7.5,-132.5,0.82,0,0,0,0,0,0,0,0,0.77
2023,TWN,-7.5,-127.5,0.2,0,0,0,0,0,0,0,0,0
2023,TWN,-2.5,-147.5,1.29,0,0,0,0,0,0.78,0.33,0,0
2023,TWN,-2.5,-142.5,1.09,0,0,0,0,0,0.61,0.12,0,0
2023,TWN,2.5,-147.5,0.37,0,2.36,0,0,0,0,0.12,0,0
2023,TWN,32.5,-147.5,2.63,0,0,0,0,0,0,0.27,0,0
2023,TWN,37.5,-147.5,1.32,0,0,0,0,0,0,1.1,0,0
2023,TWN,37.5,-142.5,0.57,0,0,0,0,0,0,0.34,0,0
2023,USA,37.5,-147.5,0,0,0,0,0,0,0,0,0,0
2023,VUT,-12.5,-147.5,0,0,0,0,0,0,0,0,0,0
2023,VUT,-12.5,-142.5,0,0,0,0,0,0,0,0,0,0
2023,VUT,-12.5,-137.5,0,0,0,0,0,0,0,0,0,0
2023,VUT,-7.5,-147.5,0,0,0,0,0,0,0,0,0,0
2023,VUT,-2.5,-147.5,0,0,0,0,0,0,0,0,0,0
2023,VUT,37.5,-147.5,0,0,0,0,0,0,0,0,0,0
2023,CHN,-27.5,-137.5,0,0,0,0,0,0,0,0,0,0
2023,CHN,-27.5,-132.5,0,0,0,0,0,0,0,0,0,0
2023,CHN,-17.5,-132.5,0,0,0,0,0,0,0,0,0,0
2023,CHN,-12.5,-132.5,0,0,0,0,0,0,0,0,0,0
2023,CHN,-12.5,-127.5,0,0,0,0,0,0,0,0,0,0
2023,CHN,-12.5,-122.5,0,0,0,0,0,0,0,0,0,0
2023,CHN,-12.5,-117.5,0,0,0,0,0,0,0,0,0,0
2023,CHN,-12.5,-112.5,0,0,0,0,0,0,0,0,0,0
2023,CHN,-12.5,-107.5,0,0,0,0,0,0,0,0,0,0
2023,CHN,-12.5,-102.5,0,0,0,0,0,0,0,0,0,0
2023,CHN,-7.5,-147.5,0,0,0,0,0,0,0,0,0,0
2023,CHN,-7.5,-127.5,0,0,0,0,0,0,0,0,0,0
2023,CHN,-2.5,-147.5,0,0,0,0,0,0,0,0,0,0
2023,CHN,-2.5,-142.5,0,0,0,0,0,0,0,0,0,0
2023,CHN,-2.5,-137.5,0,0,0,0,0,0,0,0,0,0
2023,CHN,-2.5,-132.5,0,0,0,0,0,0,0,0,0,0
2023,CHN,2.5,-147.5,0,0,0,0,0,0,0,0,0,0
2023,JPN,-27.5,-82.5,0,0,0,0,0,0,0,0,0,0
2023,PAN,-7.5,-112.5,1.12,0,0,0,0,0,0,0,0,0
2023,PAN,-7.5,-107.5,0.2,0,0,0,0,0,0,0,0,0
2023,PAN,-2.5,-102.5,0.23,0,0,0,0,0,0,0,0,0
2023,PAN,-2.5,-97.5,0.4,0,0,0,0,0,0,0,0,0
2023,PAN,2.5,-97.5,1.53,0,0,0,0,0,0,0,0,0
2023,PAN,2.5,-92.5,0.25,0,0,0,0,0,0,0,0,0
2023,PAN,7.5,-97.5,0.02,0,0,0,0,0,0,0,0,0
2023,PAN,7.5,-92.5,0.99,0,0,0,0,0,0,0,0,0
2023,PAN,7.5,-87.5,0.7,0,0,0,0,0,0,0,0,0
2023,PYF,-22.5,-147.5,0,0,0,0,0,0,0,0,0,0
2023,PYF,-17.5,-147.5,0,0,0,0,0,0,0,0,0,0
2023,PYF,-17.5,-142.5,0,0,0,0,0,0,0,0,0,0
2023,PYF,-12.5,-147.5,0,0,0,0,0,0,0,0,0,0
2023,PYF,-12.5,-142.5,0,0,0,0,0,0,0,0,0,0
2023,PYF,-12.5,-137.5,0,0,0,0,0,0,0,0,0,0
2023,PYF,-7.5,-142.5,0,0,0,0,0,0,0,0,0,0
2023,TWN,-17.5,-132.5,1.19,0,0,0,0,0,0,0.27,0,0
2023,TWN,-17.5,-127.5,3.26,0,0,0,0,0,0,1.26,0,0
2023,TWN,-12.5,-147.5,3.17,0,0,0,0,0,0.43,0,0,0
2023,TWN,-12.5,-142.5,0.49,0,0,0,0,0,0,0,0,0
2023,TWN,-12.5,-137.5,3.9,0,0,0,0,0,0,0.12,0,0
2023,TWN,-12.5,-132.5,11.4,0,0,0,0,0,0,0.79,0,0.09
2023,TWN,-12.5,-127.5,1.58,0,0,0,0,0,0,0.02,0,0
2023,TWN,-7.5,-147.5,17.47,0,0,0,0,0,1.74,0.43,0.06,0
2023,TWN,-7.5,-142.5,0.65,0,0,0,0,0,0,0,0,0
2023,TWN,-7.5,-132.5,1.68,0,0,0,0,0,0,0,0,0
2023,TWN,-7.5,-127.5,1.29,0,0,0,0,0,1.32,0.06,0,0
2023,TWN,-2.5,-147.5,6.26,0,0,0,0,0,0.34,0.33,0,1.11
2023,TWN,-2.5,-142.5,1.81,0,0,0,0,0,10.6,0.28,0,3.14
2023,TWN,-2.5,-137.5,7.04,0,0,0,0,0,0.43,0.47,0,7.47
2023,TWN,-2.5,-132.5,0.42,0,0,0,0,0,0,0.18,0,0
2023,TWN,-2.5,-127.5,1.07,0,0,0,0,0,0,0.13,0,0
2023,TWN,2.5,-147.5,0.72,0,0,0,0,0,0,0,0,0
2023,TWN,27.5,-147.5,0.33,0,0,0,0,0,0,0.15,0,0
2023,TWN,27.5,-142.5,1.01,0,0,0,0,0,0,0.28,0,0
2023,TWN,27.5,-137.5,0.05,0,0,0,0,0,0,0,0,0
2023,TWN,32.5,-147.5,4.82,0,0,0,0,0,0,5.1,0,0
2023,TWN,32.5,-142.5,6.79,0,0,0,0,0,0,4.34,0,0
2023,TWN,32.5,-137.5,0.14,0,0,0,0,0,0,0,0,0
2023,TWN,37.5,-147.5,2.19,0,0,0,0,0,0,2.68,0,0
2023,TWN,37.5,-142.5,2.04,0,0,0,0,0,0,1.65,0,0
2023,VUT,-12.5,-147.5,0,0,0,0,0,0,0,0,0,0
2023,VUT,-12.5,-137.5,0,0,0,0,0,0,0,0,0,0
2023,VUT,-12.5,-132.5,0,0,0,0,0,0,0,0,0,0
2023,VUT,-7.5,-147.5,0,0,0,0,0,0,0,0,0,0
2023,VUT,32.5,-147.5,0,0,0,0,0,0,0,0,0,0
2023,VUT,32.5,-142.5,0,0,0,0,0,0,0,0,0,0
2023,VUT,32.5,-137.5,0,0,0,0,0,0,0,0,0,0
2023,VUT,37.5,-142.5,0,0,0,0,0,0,0,0,0,0
2024,CHN,-22.5,-127.5,0,0,0,0,0,0,0,0,0,0
2024,CHN,-22.5,-122.5,0,0,0,0,0,0,0,0,0,0
2024,CHN,-22.5,-117.5,0,0,0,0,0,0,0,0,0,0
2024,CHN,-22.5,-112.5,0,0,0,0,0,0,0,0,0,0
2024,CHN,-22.5,-107.5,0,0,0,0,0,0,0,0,0,0
2024,CHN,-22.5,-102.5,0,0,0,0,0,0,0,0,0,0
2024,CHN,-22.5,-97.5,0,0,0,0,0,0,0,0,0,0
2024,CHN,-17.5,-127.5,0,0,0,0,0,0,0,0,0,0
2024,CHN,-17.5,-122.5,0,0,0,0,0,0,0,0,0,0
2024,CHN,-17.5,-117.5,0,0,0,0,0,0,0,0,0,0
2024,CHN,-17.5,-112.5,0,0,0,0,0,0,0,0,0,0
2024,CHN,-17.5,-107.5,0,0,0,0,0,0,0,0,0,0
2024,CHN,-17.5,-102.5,0,0,0,0,0,0,0,0,0,0
2024,CHN,-17.5,-97.5,0,0,0,0,0,0,0,0,0,0
2024,CHN,-12.5,-132.5,0,0,0,0,0,0,0,0,0,0
2024,CHN,-12.5,-127.5,0,0,0,0,0,0,0,0,0,0
2024,CHN,-7.5,-147.5,0,0,0,0,0,0,0,0,0,0
2024,CHN,-7.5,-142.5,0,0,0,0,0,0,0,0,0,0
2024,CHN,-7.5,-132.5,0,0,0,0,0,0,0,0,0,0
2024,CHN,-2.5,-137.5,0,0,0,0,0,0,0,0,0,0
2024,CHN,-2.5,-132.5,0,0,0,0,0,0,0,0,0,0
2024,JPN,-32.5,-82.5,0,0,0,0,0,0,0,0,0,0
2024,JPN,-32.5,-77.5,0,0,0,0,0,0,0,0,0,0
2024,JPN,-27.5,-87.5,0,0,0,0,0,0,0,0,0,0
2024,JPN,-27.5,-82.5,0,0,0,0,0,0,0,0,0,0
2024,JPN,-27.5,-77.5,0,0,0,0,0,0,0,0,0,0
2024,PAN,-2.5,-107.5,1.54,0,0,0,0,0,0,0,0,0
2024,PAN,-2.5,-102.5,1.9,0,0,0,0,0,0,0,0,0
2024,PAN,-2.5,-97.5,4.58,0,0,0,0,0,0,0,0,0
2024,PAN,2.5,-107.5,0.21,0,0,0,0,0,0,0,0,0
2024,PAN,2.5,-97.5,3.2,0,0,0,0,0,0,0,0,0
2024,PAN,7.5,-97.5,0.03,0,0,0,0,0,0,0,0,0
2024,PAN,7.5,-92.5,0.29,0,0,0,0,0,0,0,0,0
2024,PAN,7.5,-87.5,0.09,0,0,0,0,0,0,0,0,0
2024,PYF,-22.5,-147.5,0,0,0,0,0,0,0,0,0,0
2024,PYF,-17.5,-147.5,0,0,0,0,0,0,0,0,0,0
2024,PYF,-17.5,-142.5,0,0,0,0,0,0,0,0,0,0
2024,PYF,-12.5,-147.5,0,0,0,0,0,0,0,0,0,0
2024,PYF,-12.5,-142.5,0,0,0,0,0,0,0,0,0,0
2024,PYF,-12.5,-137.5,0,0,0,0,0,0,0,0,0,0
2024,TWN,-12.5,-147.5,0.31,0,0,0,0,0,0,0,0,0
2024,TWN,-12.5,-132.5,0.18,0,0,0,0,0,0,0,0,0
2024,TWN,-12.5,-127.5,2.68,0,0,0,0,0,0,0.07,0,0
2024,TWN,-7.5,-147.5,27.74,0,0,0,0,0,1.07,0.67,0.03,0
2024,TWN,-7.5,-142.5,9.29,0,0,0,0,0,1.49,0.11,0,0
2024,TWN,-7.5,-132.5,1.87,0,0,0,0,0,0.36,0.13,0,0
2024,TWN,-7.5,-127.5,1.93,0,0,0,0,0,0,0.11,0,0
2024,TWN,-2.5,-147.5,2.16,0,0,0,0,0,4.43,0,0,0
2024,TWN,-2.5,-142.5,0.3,0,0,0,0,0,11.68,0.12,0,0
2024,TWN,-2.5,-137.5,1.47,0,0,0,0,0,4.18,0.77,0,10.03
2024,TWN,-2.5,-132.5,2.22,0,0,0,0,0,21.61,1.29,0,0
2024,TWN,-2.5,-127.5,0.15,0,0,0,0,0,0,0,0,0
2024,TWN,2.5,-147.5,1.64,0,0,0,0,0,0,0,0,0
2024,TWN,27.5,-147.5,0.4,0,0,0,0,0,0,0.19,0,0
2024,TWN,27.5,-142.5,2.39,0,0,0,0,0,0,1.41,0,0
2024,TWN,32.5,-147.5,8.96,0,0,0,0,0,0,6.87,0,0
2024,TWN,32.5,-142.5,8.3,0,0,0,0,0,0,6.35,0,0
2024,TWN,32.5,-137.5,7.99,0,0,0,0,0,0,5.45,0,0
2024,USA,22.5,-147.5,0,0,0,0,0,0,0,0,0,0
2024,USA,27.5,-137.5,0,0,0,0,0,0,0,0,0,0
2024,USA,27.5,-132.5,0,0,0,0,0,0,0,0,0,0
2024,USA,32.5,-147.5,0,0,0,0,0,0,0,0,0,0
2024,USA,32.5,-142.5,0,0,0,0,0,0,0,0,0,0
2024,VUT,-12.5,-132.5,0,0,0,0,0,0,0,0,0,0
2024,VUT,-7.5,-147.5,0,0,0,0,0,0,0,0,0,0
2024,VUT,-7.5,-142.5,0,0,0,0,0,0,0,0,0,0
2024,VUT,-7.5,-137.5,0,0,0,0,0,0,0,0,0,0
2024,VUT,-7.5,-132.5,0,0,0,0,0,0,0,0,0,0
2024,VUT,-2.5,-147.5,0,0,0,0,0,0,0,0,0,0
2024,VUT,-2.5,-142.5,0,0,0,0,0,0,0,0,0,0
2024,VUT,-2.5,-137.5,0,0,0,0,0,0,0,0,0,0
2024,VUT,27.5,-147.5,0,0,0,0,0,0,0,0,0,0
2024,VUT,27.5,-142.5,0,0,0,0,0,0,0,0,0,0
2024,VUT,32.5,-147.5,0,0,0,0,0,0,0,0,0,0
2024,VUT,32.5,-142.5,0,0,0,0,0,0,0,0,0,0
2024,VUT,32.5,-137.5,0,0,0,0,0,0,0,0,0,0
2024,CHN,-22.5,-127.5,0,0,0,0,0,0,0,0,0,0
2024,CHN,-22.5,-122.5,0,0,0,0,0,0,0,0,0,0
2024,CHN,-22.5,-117.5,0,0,0,0,0,0,0,0,0,0
2024,CHN,-22.5,-112.5,0,0,0,0,0,0,0,0,0,0
2024,CHN,-22.5,-107.5,0,0,0,0,0,0,0,0,0,0
2024,CHN,-22.5,-102.5,0,0,0,0,0,0,0,0,0,0
2024,CHN,-17.5,-132.5,0,0,0,0,0,0,0,0,0,0
2024,CHN,-17.5,-127.5,0,0,0,0,0,0,0,0,0,0
2024,CHN,-17.5,-122.5,0,0,0,0,0,0,0,0,0,0
2024,CHN,-17.5,-117.5,0,0,0,0,0,0,0,0,0,0
2024,CHN,-17.5,-112.5,0,0,0,0,0,0,0,0,0,0
2024,CHN,-17.5,-107.5,0,0,0,0,0,0,0,0,0,0
2024,CHN,-17.5,-102.5,0,0,0,0,0,0,0,0,0,0
2024,CHN,-12.5,-142.5,0,0,0,0,0,0,0,0,0,0
2024,CHN,-12.5,-132.5,0,0,0,0,0,0,0,0,0,0
2024,CHN,-12.5,-127.5,0,0,0,0,0,0,0,0,0,0
2024,CHN,-7.5,-147.5,0,0,0,0,0,0,0,0,0,0
2024,CHN,-7.5,-142.5,0,0,0,0,0,0,0,0,0,0
2024,JPN,-12.5,-107.5,0,0,0,0,0,0,0,0,0,0
2024,PAN,-7.5,-112.5,1.29,0,0,0,0,0,0,0,0,0
2024,PAN,-7.5,-107.5,0.68,0,0,0,0,0,0,0,0,0
2024,PAN,-2.5,-107.5,1.6,0,0,0,0,0,0,0,0,0
2024,PAN,2.5,-107.5,0.03,0,0,0,0,0,0,0,0,0
2024,PYF,-22.5,-147.5,0,0,0,0,0,0,0,0,0,0
2024,PYF,-22.5,-137.5,0,0,0,0,0,0,0,0,0,0
2024,PYF,-17.5,-147.5,0,0,0,0,0,0,0,0,0,0
2024,PYF,-17.5,-142.5,0,0,0,0,0,0,0,0,0,0
2024,PYF,-17.5,-137.5,0,0,0,0,0,0,0,0,0,0
2024,PYF,-12.5,-147.5,0,0,0,0,0,0,0,0,0,0
2024,PYF,-12.5,-142.5,0,0,0,0,0,0,0,0,0,0
2024,PYF,-12.5,-137.5,0,0,0,0,0,0,0,0,0,0
2024,PYF,-7.5,-142.5,0,0,0,0,0,0,0,0,0,0
2024,PYF,-7.5,-137.5,0,0,0,0,0,0,0,0,0,0
2024,TWN,-12.5,-147.5,0.37,0,0,0,0,0,0,0.05,0,0
2024,TWN,-12.5,-142.5,0.34,0,0,0,0,0,0,0.05,0,0
2024,TWN,-7.5,-147.5,31.95,0,0,0.11,0,0,0.96,0.83,0,0
2024,TWN,-7.5,-142.5,11.5,0,0,0,0,0,0,0.13,0,0
2024,TWN,-2.5,-147.5,0.21,0,0.49,0,0,0,0,0,0.07,0
2024,TWN,22.5,-147.5,0.14,0,0,0,0,0,0,0,0,0
2024,TWN,27.5,-147.5,2.44,0,0,0,0,0,0,0.47,0,0
2024,TWN,27.5,-142.5,3.11,0,0,0,0,0,0,0.43,0,0
2024,TWN,32.5,-147.5,15.54,0,0,0,0,0,0,4.26,0,0
2024,TWN,32.5,-142.5,3.61,0,0,0,0,0,0,1.45,0,0
2024,TWN,32.5,-137.5,0.46,0,0,0,0,0,0,0,0,0
2024,USA,32.5,-147.5,0,0,0,0,0,0,0,0,0,0
2024,VUT,-7.5,-147.5,0,0,0,0,0,0,0,0,0,0
2024,VUT,-7.5,-142.5,0,0,0,0,0,0,0,0,0,0
2024,VUT,-2.5,-147.5,0,0,0,0,0,0,0,0,0,0
2024,VUT,27.5,-142.5,0,0,0,0,0,0,0,0,0,0
2024,VUT,32.5,-147.5,0,0,0,0,0,0,0,0,0,0
2024,VUT,32.5,-142.5,0,0,0,0,0,0,0,0,0,0
2024,CHN,-22.5,-127.5,0,0,0,0,0,0,0,0,0,0
2024,CHN,-22.5,-122.5,0,0,0,0,0,0,0,0,0,0
2024,CHN,-22.5,-117.5,0,0,0,0,0,0,0,0,0,0
2024,CHN,-22.5,-112.5,0,0,0,0,0,0,0,0,0,0
2024,CHN,-22.5,-107.5,0,0,0,0,0,0,0,0,0,0
2024,CHN,-22.5,-102.5,0,0,0,0,0,0,0,0,0,0
2024,CHN,-22.5,-97.5,0,0,0,0,0,0,0,0,0,0
2024,CHN,-17.5,-132.5,0,0,0,0,0,0,0,0,0,0
2024,CHN,-17.5,-127.5,0,0,0,0,0,0,0,0,0,0
2024,CHN,-17.5,-122.5,0,0,0,0,0,0,0,0,0,0
2024,CHN,-17.5,-117.5,0,0,0,0,0,0,0,0,0,0
2024,CHN,-17.5,-112.5,0,0,0,0,0,0,0,0,0,0
2024,CHN,-17.5,-107.5,0,0,0,0,0,0,0,0,0,0
2024,CHN,-17.5,-102.5,0,0,0,0,0,0,0,0,0,0
2024,CHN,-17.5,-97.5,0,0,0,0,0,0,0,0,0,0
2024,CHN,-12.5,-147.5,0,0,0,0,0,0,0,0,0,0
2024,CHN,-12.5,-142.5,0,0,0,0,0,0,0,0,0,0
2024,CHN,-12.5,-132.5,0,0,0,0,0,0,0,0,0,0
2024,CHN,-12.5,-127.5,0,0,0,0,0,0,0,0,0,0
2024,CHN,-12.5,-122.5,0,0,0,0,0,0,0,0,0,0
2024,CHN,-7.5,-147.5,0,0,0,0,0,0,0,0,0,0
2024,CHN,-7.5,-142.5,0,0,0,0,0,0,0,0,0,0
2024,JPN,-12.5,-112.5,0,0,0,0,0,0,0,0,0,0
2024,PAN,-22.5,-97.5,0.34,0,0,0,0,0,0,0,0,0
2024,PAN,-22.5,-92.5,0.62,0,0,0,0,0,0,0,0,0
2024,PAN,-22.5,-87.5,0.04,0,0,0,0,0,0,0,0,0
2024,PAN,-17.5,-92.5,3.04,0,0,0,0,0,0,0,0,0
2024,PAN,-17.5,-87.5,0.58,0,0,0,0,0,0,0,0,0
2024,PAN,-7.5,-112.5,1.04,0,0,0,0,0,0,0,0,0
2024,PAN,-7.5,-107.5,0.15,0,0,0,0,0,0,0,0,0
2024,PAN,-2.5,-112.5,5.05,0,0,0,0,0,0,0,0,0
2024,PAN,-2.5,-107.5,1.66,0,0,0,0,0,0,0,0,0
2024,PAN,-2.5,-102.5,2.82,0,0,0,0,0,0,0,0,0
2024,PAN,2.5,-112.5,0.55,0,0,0,0,0,0,0,0,0
2024,PAN,2.5,-102.5,1.49,0,0,0,0,0,0,0,0,0
2024,PAN,2.5,-97.5,0.76,0,0,0,0,0,0,0,0,0
2024,PYF,-22.5,-147.5,0,0,0,0,0,0,0,0,0,0
2024,PYF,-22.5,-142.5,0,0,0,0,0,0,0,0,0,0
2024,PYF,-22.5,-137.5,0,0,0,0,0,0,0,0,0,0
2024,PYF,-17.5,-147.5,0,0,0,0,0,0,0,0,0,0
2024,PYF,-17.5,-142.5,0,0,0,0,0,0,0,0,0,0
2024,PYF,-17.5,-137.5,0,0,0,0,0,0,0,0,0,0
2024,PYF,-12.5,-147.5,0,0,0,0,0,0,0,0,0,0
2024,PYF,-12.5,-142.5,0,0,0,0,0,0,0,0,0,0
2024,PYF,-12.5,-137.5,0,0,0,0,0,0,0,0,0,0
2024,PYF,-7.5,-142.5,0,0,0,0,0,0,0,0,0,0
2024,PYF,-7.5,-137.5,0,0,0,0,0,0,0,0,0,0
2024,TWN,-7.5,-147.5,2.03,0,0,0,0,0,0,0.05,0,0
2024,TWN,-2.5,-147.5,0.36,0,0,0,0,0,0,0.17,0,0
2024,TWN,2.5,-147.5,0.95,0,0,0,0,0,0,0,0,0
2024,CHN,-32.5,-127.5,0,0,0,0,0,0,0,0,0,0
2024,CHN,-32.5,-122.5,0,0,0,0,0,0,0,0,0,0
2024,CHN,-32.5,-117.5,0,0,0,0,0,0,0,0,0,0
2024,CHN,-32.5,-112.5,0,0,0,0,0,0,0,0,0,0
2024,CHN,-32.5,-107.5,0,0,0,0,0,0,0,0,0,0
2024,CHN,-32.5,-102.5,0,0,0,0,0,0,0,0,0,0
2024,CHN,-27.5,-127.5,0,0,0,0,0,0,0,0,0,0
2024,CHN,-27.5,-122.5,0,0,0,0,0,0,0,0,0,0
2024,CHN,-27.5,-117.5,0,0,0,0,0,0,0,0,0,0
2024,CHN,-27.5,-112.5,0,0,0,0,0,0,0,0,0,0
2024,CHN,-27.5,-102.5,0,0,0,0,0,0,0,0,0,0
2024,CHN,-22.5,-122.5,0,0,0,0,0,0,0,0,0,0
2024,CHN,-22.5,-107.5,0,0,0,0,0,0,0,0,0,0
2024,CHN,-22.5,-102.5,0,0,0,0,0,0,0,0,0,0
2024,CHN,-22.5,-97.5,0,0,0,0,0,0,0,0,0,0
2024,CHN,-17.5,-132.5,0,0,0,0,0,0,0,0,0,0
2024,CHN,-17.5,-127.5,0,0,0,0,0,0,0,0,0,0
2024,CHN,-17.5,-122.5,0,0,0,0,0,0,0,0,0,0
2024,CHN,-17.5,-112.5,0,0,0,0,0,0,0,0,0,0
2024,CHN,-17.5,-107.5,0,0,0,0,0,0,0,0,0,0
2024,CHN,-17.5,-102.5,0,0,0,0,0,0,0,0,0,0
2024,CHN,-12.5,-147.5,0,0,0,0,0,0,0,0,0,0
2024,CHN,-12.5,-142.5,0,0,0,0,0,0,0,0,0,0
2024,CHN,-12.5,-127.5,0,0,0,0,0,0,0,0,0,0
2024,CHN,-12.5,-122.5,0,0,0,0,0,0,0,0,0,0
2024,CHN,-7.5,-147.5,0,0,0,0,0,0,0,0,0,0
2024,CHN,-7.5,-142.5,0,0,0,0,0,0,0,0,0,0
2024,PAN,-17.5,-92.5,2.5,0,0,0,0,0,0,0,0,0
2024,PAN,-17.5,-87.5,16.4,0,0,0,0,0,0,0,0,0
2024,PAN,-2.5,-112.5,1,0,0,0,0,0,0,0,0,0
2024,PAN,-2.5,-107.5,4.5,0,0,0,0,0,0,0,0,0
2024,PAN,-2.5,-102.5,2.85,0,0,0,0,0,0,0,0,0
2024,PAN,2.5,-107.5,2.35,0,0,0,0,0,0,0,0,0
2024,PAN,2.5,-102.5,17.31,0,0,0,0,0,0,0,0,0
2024,PAN,2.5,-97.5,0.38,0,0,0,0,0,0,0,0,0
2024,PAN,7.5,-92.5,0.1,0,0,0,0,0,0,0,0,0
2024,PYF,-22.5,-147.5,0,0,0,0,0,0,0,0,0,0
2024,PYF,-17.5,-147.5,0,0,0,0,0,0,0,0,0,0
2024,PYF,-17.5,-142.5,0,0,0,0,0,0,0,0,0,0
2024,PYF,-12.5,-147.5,0,0,0,0,0,0,0,0,0,0
2024,PYF,-12.5,-142.5,0,0,0,0,0,0,0,0,0,0
2024,PYF,-12.5,-137.5,0,0,0,0,0,0,0,0,0,0
2024,PYF,-7.5,-142.5,0,0,0,0,0,0,0,0,0,0
2024,PYF,-7.5,-137.5,0,0,0,0,0,0,0,0,0,0
2024,USA,22.5,-137.5,0,0,0,0,0,0,0,0,0,0
2024,CHN,-32.5,-127.5,0,0,0,0,0,0,0,0,0,0
2024,CHN,-32.5,-122.5,0,0,0,0,0,0,0,0,0,0
2024,CHN,-27.5,-147.5,0,0,0,0,0,0,0,0,0,0
2024,CHN,-27.5,-127.5,0,0,0,0,0,0,0,0,0,0
2024,CHN,-17.5,-132.5,0,0,0,0,0,0,0,0,0,0
2024,CHN,-17.5,-127.5,0,0,0,0,0,0,0,0,0,0
2024,CHN,-17.5,-122.5,0,0,0,0,0,0,0,0,0,0
2024,CHN,-17.5,-117.5,0,0,0,0,0,0,0,0,0,0
2024,CHN,-17.5,-112.5,0,0,0,0,0,0,0,0,0,0
2024,CHN,-12.5,-147.5,0,0,0,0,0,0,0,0,0,0
2024,CHN,-12.5,-142.5,0,0,0,0,0,0,0,0,0,0
2024,CHN,-12.5,-137.5,0,0,0,0,0,0,0,0,0,0
2024,CHN,-12.5,-132.5,0,0,0,0,0,0,0,0,0,0
2024,CHN,-12.5,-127.5,0,0,0,0,0,0,0,0,0,0
2024,CHN,-12.5,-122.5,0,0,0,0,0,0,0,0,0,0
2024,CHN,-12.5,-117.5,0,0,0,0,0,0,0,0,0,0
2024,CHN,-7.5,-147.5,0,0,0,0,0,0,0,0,0,0
2024,CHN,-7.5,-142.5,0,0,0,0,0,0,0,0,0,0
2024,CHN,2.5,-147.5,0,0,0,0,0,0,0,0,0,0
2024,PAN,-2.5,-102.5,1.71,0,0,0,0,0,0,0,0,0
2024,PAN,-2.5,-97.5,1.55,0,0,0,0,0,0,0,0,0
2024,PAN,2.5,-102.5,9.36,0,0,0,0,0,0,0,0,0
2024,PAN,2.5,-97.5,1.89,0,0,0,0,0,0,0,0,0
2024,PAN,7.5,-102.5,0.71,0,0,0,0,0,0,0,0,0
2024,PAN,7.5,-97.5,0.99,0,0,0,0,0,0,0,0,0
2024,PAN,7.5,-92.5,9.37,0,0,0,0,0,0,0,0,0
2024,PAN,7.5,-87.5,0.08,0,0,0,0,0,0,0,0,0
2024,PYF,-17.5,-147.5,0,0,0,0,0,0,0,0,0,0
2024,PYF,-17.5,-142.5,0,0,0,0,0,0,0,0,0,0
2024,PYF,-12.5,-147.5,0,0,0,0,0,0,0,0,0,0
2024,PYF,-12.5,-142.5,0,0,0,0,0,0,0,0,0,0
2024,PYF,-12.5,-137.5,0,0,0,0,0,0,0,0,0,0
2024,PYF,-7.5,-142.5,0,0,0,0,0,0,0,0,0,0
2024,PYF,-7.5,-137.5,0,0,0,0,0,0,0,0,0,0
2024,USA,17.5,-147.5,0,0,0,0,0,0,0,0,0,0
2024,USA,17.5,-142.5,0,0,0,0,0,0,0,0,0,0
2024,USA,22.5,-147.5,0,0,0,0,0,0,0,0,0,0
2024,USA,22.5,-142.5,0,0,0,0,0,0,0,0,0,0
2024,USA,22.5,-137.5,0,0,0,0,0,0,0,0,0,0
2024,USA,27.5,-147.5,0,0,0,0,0,0,0,0,0,0
2024,USA,27.5,-142.5,0,0,0,0,0,0,0,0,0,0
2024,CHN,-32.5,-147.5,0,0,0,0,0,0,0,0,0,0
2024,CHN,-32.5,-142.5,0,0,0,0,0,0,0,0,0,0
2024,CHN,-27.5,-147.5,0,0,0,0,0,0,0,0,0,0
2024,CHN,-27.5,-137.5,0,0,0,0,0,0,0,0,0,0
2024,CHN,-27.5,-127.5,0,0,0,0,0,0,0,0,0,0
2024,CHN,-17.5,-132.5,0,0,0,0,0,0,0,0,0,0
2024,CHN,-17.5,-127.5,0,0,0,0,0,0,0,0,0,0
2024,CHN,-17.5,-122.5,0,0,0,0,0,0,0,0,0,0
2024,CHN,-12.5,-147.5,0,0,0,0,0,0,0,0,0,0
2024,CHN,-12.5,-137.5,0,0,0,0,0,0,0,0,0,0
2024,CHN,-12.5,-132.5,0,0,0,0,0,0,0,0,0,0
2024,CHN,-12.5,-127.5,0,0,0,0,0,0,0,0,0,0
2024,CHN,-12.5,-122.5,0,0,0,0,0,0,0,0,0,0
2024,CHN,-12.5,-107.5,0,0,0,0,0,0,0,0,0,0
2024,CHN,-7.5,-147.5,0,0,0,0,0,0,0,0,0,0
2024,CHN,-2.5,-147.5,0,0,0,0,0,0,0,0,0,0
2024,CHN,2.5,-147.5,0,0,0,0,0,0,0,0,0,0
2024,PAN,-22.5,-92.5,0.84,0,0,0,0,0,0,0,0,0
2024,PAN,-17.5,-92.5,35.84,0,0,0,0,0,0,0,0,0
2024,PAN,-17.5,-87.5,16.92,0,0,0,0,0,0,0,0,0
2024,PAN,7.5,-92.5,0.48,0,0,0,0,0,0,0,0,0
2024,PAN,7.5,-87.5,0.79,0,0,0,0,0,0,0,0,0
2024,PYF,-17.5,-147.5,0,0,0,0,0,0,0,0,0,0
2024,PYF,-17.5,-142.5,0,0,0,0,0,0,0,0,0,0
2024,PYF,-12.5,-147.5,0,0,0,0,0,0,0,0,0,0
2024,PYF,-12.5,-142.5,0,0,0,0,0,0,0,0,0,0
2024,PYF,-7.5,-142.5,0,0,0,0,0,0,0,0,0,0
2024,PYF,-7.5,-137.5,0,0,0,0,0,0,0,0,0,0
2024,TWN,-2.5,-147.5,0.04,0,0,0,0,0,0,0,0,0
2024,TWN,2.5,-147.5,0.12,0,9.79,0,0,0,0,0.13,0,0
2024,USA,22.5,-147.5,0,0,0,0,0,0,0,0,0,0
2024,USA,27.5,-147.5,0,0,0,0,0,0,0,0,0,0
2024,USA,27.5,-142.5,0,0,0,0,0,0,0,0,0,0
2024,CHN,-37.5,-137.5,0,0,0,0,0,0,0,0,0,0
2024,CHN,-37.5,-132.5,0,0,0,0,0,0,0,0,0,0
2024,CHN,-37.5,-127.5,0,0,0,0,0,0,0,0,0,0
2024,CHN,-37.5,-122.5,0,0,0,0,0,0,0,0,0,0
2024,CHN,-37.5,-117.5,0,0,0,0,0,0,0,0,0,0
2024,CHN,-32.5,-132.5,0,0,0,0,0,0,0,0,0,0
2024,CHN,-32.5,-127.5,0,0,0,0,0,0,0,0,0,0
2024,CHN,-32.5,-122.5,0,0,0,0,0,0,0,0,0,0
2024,CHN,-32.5,-117.5,0,0,0,0,0,0,0,0,0,0
2024,CHN,-32.5,-112.5,0,0,0,0,0,0,0,0,0,0
2024,CHN,-27.5,-137.5,0,0,0,0,0,0,0,0,0,0
2024,CHN,-27.5,-132.5,0,0,0,0,0,0,0,0,0,0
2024,CHN,-27.5,-127.5,0,0,0,0,0,0,0,0,0,0
2024,CHN,-27.5,-122.5,0,0,0,0,0,0,0,0,0,0
2024,CHN,-27.5,-117.5,0,0,0,0,0,0,0,0,0,0
2024,CHN,-17.5,-132.5,0,0,0,0,0,0,0,0,0,0
2024,CHN,-17.5,-127.5,0,0,0,0,0,0,0,0,0,0
2024,CHN,-17.5,-122.5,0,0,0,0,0,0,0,0,0,0
2024,CHN,-17.5,-117.5,0,0,0,0,0,0,0,0,0,0
2024,CHN,-17.5,-112.5,0,0,0,0,0,0,0,0,0,0
2024,CHN,-12.5,-147.5,0,0,0,0,0,0,0,0,0,0
2024,CHN,-12.5,-137.5,0,0,0,0,0,0,0,0,0,0
2024,CHN,-12.5,-132.5,0,0,0,0,0,0,0,0,0,0
2024,CHN,-12.5,-127.5,0,0,0,0,0,0,0,0,0,0
2024,CHN,-12.5,-122.5,0,0,0,0,0,0,0,0,0,0
2024,CHN,-12.5,-117.5,0,0,0,0,0,0,0,0,0,0
2024,CHN,-7.5,-147.5,0,0,0,0,0,0,0,0,0,0
2024,CHN,-7.5,-142.5,0,0,0,0,0,0,0,0,0,0
2024,CHN,-7.5,-112.5,0,0,0,0,0,0,0,0,0,0
2024,CHN,-2.5,-137.5,0,0,0,0,0,0,0,0,0,0
2024,CHN,2.5,-147.5,0,0,0,0,0,0,0,0,0,0
2024,CHN,7.5,-147.5,0,0,0,0,0,0,0,0,0,0
2024,JPN,-27.5,-82.5,0,0,0,0,0,0,0,0,0,0
2024,PAN,-17.5,-92.5,5.36,0,0,0,0,0,0,0,0,0
2024,PAN,-17.5,-87.5,1.03,0,0,0,0,0,0,0,0,0
2024,PAN,-17.5,-82.5,2.56,0,0,0,0,0,0,0,0,0
2024,PAN,-12.5,-92.5,4.84,0,0,0,0,0,0,0,0,0
2024,PAN,-12.5,-87.5,0.45,0,0,0,0,0,0,0,0,0
2024,PAN,7.5,-92.5,0.15,0,0,0,0,0,0,0,0,0
2024,PAN,7.5,-87.5,0.53,0,0,0,0,0,0,0,0,0
2024,PYF,-22.5,-147.5,0,0,0,0,0,0,0,0,0,0
2024,PYF,-17.5,-147.5,0,0,0,0,0,0,0,0,0,0
2024,PYF,-12.5,-147.5,0,0,0,0,0,0,0,0,0,0
2024,PYF,-12.5,-142.5,0,0,0,0,0,0,0,0,0,0
2024,PYF,-12.5,-137.5,0,0,0,0,0,0,0,0,0,0
2024,PYF,-7.5,-142.5,0,0,0,0,0,0,0,0,0,0
2024,PYF,-7.5,-137.5,0,0,0,0,0,0,0,0,0,0
2024,TWN,-12.5,-147.5,0.95,0,0,0,0,0,0,0.13,0,0
2024,TWN,-12.5,-142.5,0.56,0,0,0,0,0,0,0,0,0
2024,TWN,-7.5,-147.5,40.37,0,0,0,0,0,0,0.59,0,0
2024,TWN,-7.5,-142.5,12.49,0,0,0,0,0,0,0.31,0,0
2024,TWN,-7.5,-137.5,1.7,0,0,0,0,0,0,0.07,0,0
2024,TWN,-7.5,-132.5,15.32,0,0,0,0,0,0,0.19,0,0
2024,TWN,-2.5,-147.5,0.58,0,2.56,0,0,0,0,0,0,0
2024,TWN,-2.5,-142.5,0.2,0,0,0,0,0,0,0,0,0
2024,TWN,2.5,-147.5,1.32,0,2.56,0,0,0,0,0,0,0
2024,TWN,7.5,-147.5,0.31,0,0,0,0,0,0,0,0,0
2024,USA,22.5,-147.5,0,0,0,0,0,0,0,0,0,0
2024,USA,22.5,-142.5,0,0,0,0,0,0,0,0,0,0
2024,USA,22.5,-137.5,0,0,0,0,0,0,0,0,0,0
2024,USA,27.5,-147.5,0,0,0,0,0,0,0,0,0,0
2024,USA,27.5,-142.5,0,0,0,0,0,0,0,0,0,0
2024,USA,27.5,-137.5,0,0,0,0,0,0,0,0,0,0
2024,USA,32.5,-147.5,0,0,0,0,0,0,0,0,0,0
2024,VUT,-12.5,-147.5,0,0,0,0,0,0,0,0,0,0
2024,VUT,-12.5,-142.5,0,0,0,0,0,0,0,0,0,0
2024,VUT,-7.5,-147.5,0,0,0,0,0,0,0,0,0,0
2024,VUT,-7.5,-137.5,0,0,0,0,0,0,0,0,0,0
2024,VUT,-7.5,-132.5,0,0,0,0,0,0,0,0,0,0
2024,VUT,-2.5,-147.5,0,0,0,0,0,0,0,0,0,0
2024,VUT,2.5,-147.5,0,0,0,0,0,0,0,0,0,0
2024,CHN,-37.5,-122.5,0,0,0,0,0,0,0,0,0,0
2024,CHN,-37.5,-117.5,0,0,0,0,0,0,0,0,0,0
2024,CHN,-37.5,-112.5,0,0,0,0,0,0,0,0,0,0
2024,CHN,-32.5,-122.5,0,0,0,0,0,0,0,0,0,0
2024,CHN,-32.5,-117.5,0,0,0,0,0,0,0,0,0,0
2024,CHN,-32.5,-112.5,0,0,0,0,0,0,0,0,0,0
2024,CHN,-32.5,-107.5,0,0,0,0,0,0,0,0,0,0
2024,CHN,-32.5,-102.5,0,0,0,0,0,0,0,0,0,0
2024,CHN,-27.5,-117.5,0,0,0,0,0,0,0,0,0,0
2024,CHN,-27.5,-102.5,0,0,0,0,0,0,0,0,0,0
2024,CHN,-27.5,-97.5,0,0,0,0,0,0,0,0,0,0
2024,CHN,-27.5,-92.5,0,0,0,0,0,0,0,0,0,0
2024,CHN,-17.5,-132.5,0,0,0,0,0,0,0,0,0,0
2024,CHN,-17.5,-127.5,0,0,0,0,0,0,0,0,0,0
2024,CHN,-17.5,-122.5,0,0,0,0,0,0,0,0,0,0
2024,CHN,-17.5,-117.5,0,0,0,0,0,0,0,0,0,0
2024,CHN,-17.5,-112.5,0,0,0,0,0,0,0,0,0,0
2024,CHN,-17.5,-107.5,0,0,0,0,0,0,0,0,0,0
2024,CHN,-17.5,-102.5,0,0,0,0,0,0,0,0,0,0
2024,CHN,-12.5,-132.5,0,0,0,0,0,0,0,0,0,0
2024,CHN,-12.5,-127.5,0,0,0,0,0,0,0,0,0,0
2024,CHN,-12.5,-122.5,0,0,0,0,0,0,0,0,0,0
2024,CHN,-12.5,-117.5,0,0,0,0,0,0,0,0,0,0
2024,CHN,-12.5,-112.5,0,0,0,0,0,0,0,0,0,0
2024,CHN,-7.5,-127.5,0,0,0,0,0,0,0,0,0,0
2024,JPN,-27.5,-87.5,0,0,0,0,0,0,0,0,0,0
2024,JPN,-27.5,-82.5,0,0,0,0,0,0,0,0,0,0
2024,JPN,-22.5,-87.5,0,0,0,0,0,0,0,0,0,0
2024,PYF,-22.5,-147.5,0,0,0,0,0,0,0,0,0,0
2024,PYF,-22.5,-142.5,0,0,0,0,0,0,0,0,0,0
2024,PYF,-17.5,-147.5,0,0,0,0,0,0,0,0,0,0
2024,PYF,-12.5,-147.5,0,0,0,0,0,0,0,0,0,0
2024,PYF,-12.5,-142.5,0,0,0,0,0,0,0,0,0,0
2024,PYF,-12.5,-137.5,0,0,0,0,0,0,0,0,0,0
2024,PYF,-7.5,-137.5,0,0,0,0,0,0,0,0,0,0
2024,TWN,-12.5,-147.5,2.97,0,0,0,0,0,0,0.37,0,0
2024,TWN,-12.5,-142.5,4.99,0,0,0,0,0,0,0.39,0,0
2024,TWN,-12.5,-137.5,0.92,0,0,0,0,0,0,0.07,0,0
2024,TWN,-12.5,-132.5,50.15,0,0,0,0,0,0,0.75,0,0
2024,TWN,-7.5,-147.5,41.58,0,0,0,0,0,0,0.66,0,0
2024,TWN,-7.5,-142.5,21.46,0,0,0,0,0,0,0.18,0,0
2024,TWN,-7.5,-137.5,0.37,0,0,0,0,0,0,0,0,0
2024,TWN,-7.5,-132.5,21.62,0,0,0,0,0,0,0.06,0.06,0
2024,TWN,-2.5,-147.5,4.66,0,23.3,0,0,0,0,0.25,0.02,0
2024,TWN,2.5,-147.5,0.34,0,3.67,0,0,0,0,0,0,0
2024,USA,22.5,-147.5,0,0,0,0,0,0,0,0,0,0
2024,USA,22.5,-142.5,0,0,0,0,0,0,0,0,0,0
2024,USA,22.5,-137.5,0,0,0,0,0,0,0,0,0,0
2024,USA,27.5,-147.5,0,0,0,0,0,0,0,0,0,0
2024,USA,27.5,-142.5,0,0,0,0,0,0,0,0,0,0
2024,USA,27.5,-137.5,0,0,0,0,0,0,0,0,0,0
2024,USA,32.5,-147.5,0,0,0,0,0,0,0,0,0,0
2024,VUT,-12.5,-147.5,0,0,0,0,0,0,0,0,0,0
2024,VUT,-12.5,-142.5,0,0,0,0,0,0,0,0,0,0
2024,VUT,-12.5,-132.5,0,0,0,0,0,0,0,0,0,0
2024,VUT,-7.5,-147.5,0,0,0,0,0,0,0,0,0,0
2024,VUT,-7.5,-142.5,0,0,0,0,0,0,0,0,0,0
2024,VUT,-7.5,-132.5,0,0,0,0,0,0,0,0,0,0
2024,CHN,-32.5,-97.5,0,0,0,0,0,0,0,0,0,0
2024,CHN,-27.5,-102.5,0,0,0,0,0,0,0,0,0,0
2024,CHN,-27.5,-97.5,0,0,0,0,0,0,0,0,0,0
2024,CHN,-27.5,-92.5,0,0,0,0,0,0,0,0,0,0
2024,CHN,-22.5,-102.5,0,0,0,0,0,0,0,0,0,0
2024,CHN,-22.5,-97.5,0,0,0,0,0,0,0,0,0,0
2024,CHN,-22.5,-92.5,0,0,0,0,0,0,0,0,0,0
2024,CHN,-17.5,-117.5,0,0,0,0,0,0,0,0,0,0
2024,CHN,-17.5,-112.5,0,0,0,0,0,0,0,0,0,0
2024,CHN,-17.5,-107.5,0,0,0,0,0,0,0,0,0,0
2024,CHN,-17.5,-102.5,0,0,0,0,0,0,0,0,0,0
2024,CHN,-17.5,-97.5,0,0,0,0,0,0,0,0,0,0
2024,CHN,-17.5,-92.5,0,0,0,0,0,0,0,0,0,0
2024,CHN,-12.5,-127.5,0,0,0,0,0,0,0,0,0,0
2024,CHN,-12.5,-122.5,0,0,0,0,0,0,0,0,0,0
2024,CHN,-12.5,-117.5,0,0,0,0,0,0,0,0,0,0
2024,CHN,-12.5,-112.5,0,0,0,0,0,0,0,0,0,0
2024,CHN,-12.5,-107.5,0,0,0,0,0,0,0,0,0,0
2024,CHN,-12.5,-102.5,0,0,0,0,0,0,0,0,0,0
2024,JPN,-27.5,-87.5,0,0,0,0,0,0,0,0,0,0
2024,PYF,-22.5,-147.5,0,0,0,0,0,0,0,0,0,0
2024,PYF,-22.5,-142.5,0,0,0,0,0,0,0,0,0,0
2024,PYF,-17.5,-147.5,0,0,0,0,0,0,0,0,0,0
2024,PYF,-17.5,-142.5,0,0,0,0,0,0,0,0,0,0
2024,PYF,-12.5,-147.5,0,0,0,0,0,0,0,0,0,0
2024,PYF,-12.5,-142.5,0,0,0,0,0,0,0,0,0,0
2024,PYF,-12.5,-137.5,0,0,0,0,0,0,0,0,0,0
2024,PYF,-7.5,-142.5,0,0,0,0,0,0,0,0,0,0
2024,TWN,-12.5,-147.5,3.43,0,0,0,0,0,0,0.39,0,0
2024,TWN,-12.5,-142.5,6.2,0,0,0,0,0,0,0.55,0,0
2024,TWN,-12.5,-137.5,1.15,0,0,0,0,0,0,0,0,0
2024,TWN,-12.5,-132.5,47.8,0,0,0,0,0,0,2.38,0,0
2024,TWN,-12.5,-127.5,5.99,0,1.62,0,0,0,0,0.44,0,0
2024,TWN,-7.5,-147.5,24.94,0,0,0,0,0,0.06,0.46,0,0
2024,TWN,-7.5,-142.5,3.05,0,0,0,0,0,0,0.5,0,0
2024,TWN,-7.5,-127.5,0.86,0,4.6,0,0,0,0,0,0.17,0
2024,TWN,-2.5,-147.5,3.88,0,20.41,0,0,0,0.33,0.42,0.57,0
2024,TWN,2.5,-147.5,0.42,0,11.51,0,0,0,0.04,0.06,0.2,0
2024,USA,22.5,-147.5,0,0,0,0,0,0,0,0,0,0
2024,USA,27.5,-147.5,0,0,0,0,0,0,0,0,0,0
2024,VUT,-12.5,-147.5,0,0,0,0,0,0,0,0,0,0
2024,VUT,-12.5,-132.5,0,0,0,0,0,0,0,0,0,0
2024,VUT,-12.5,-127.5,0,0,0,0,0,0,0,0,0,0
2024,CHN,-32.5,-112.5,0,0,0,0,0,0,0,0,0,0
2024,CHN,-32.5,-107.5,0,0,0,0,0,0,0,0,0,0
2024,CHN,-32.5,-102.5,0,0,0,0,0,0,0,0,0,0
2024,CHN,-32.5,-97.5,0,0,0,0,0,0,0,0,0,0
2024,CHN,-27.5,-117.5,0,0,0,0,0,0,0,0,0,0
2024,CHN,-27.5,-112.5,0,0,0,0,0,0,0,0,0,0
2024,CHN,-27.5,-102.5,0,0,0,0,0,0,0,0,0,0
2024,CHN,-27.5,-97.5,0,0,0,0,0,0,0,0,0,0
2024,CHN,-22.5,-122.5,0,0,0,0,0,0,0,0,0,0
2024,CHN,-22.5,-117.5,0,0,0,0,0,0,0,0,0,0
2024,CHN,-22.5,-112.5,0,0,0,0,0,0,0,0,0,0
2024,CHN,-17.5,-132.5,0,0,0,0,0,0,0,0,0,0
2024,CHN,-17.5,-127.5,0,0,0,0,0,0,0,0,0,0
2024,CHN,-17.5,-122.5,0,0,0,0,0,0,0,0,0,0
2024,CHN,-17.5,-117.5,0,0,0,0,0,0,0,0,0,0
2024,CHN,-17.5,-112.5,0,0,0,0,0,0,0,0,0,0
2024,CHN,-17.5,-107.5,0,0,0,0,0,0,0,0,0,0
2024,CHN,-17.5,-102.5,0,0,0,0,0,0,0,0,0,0
2024,CHN,-17.5,-97.5,0,0,0,0,0,0,0,0,0,0
2024,CHN,-12.5,-127.5,0,0,0,0,0,0,0,0,0,0
2024,CHN,-12.5,-122.5,0,0,0,0,0,0,0,0,0,0
2024,CHN,-12.5,-117.5,0,0,0,0,0,0,0,0,0,0
2024,CHN,-12.5,-112.5,0,0,0,0,0,0,0,0,0,0
2024,CHN,-12.5,-107.5,0,0,0,0,0,0,0,0,0,0
2024,CHN,-12.5,-102.5,0,0,0,0,0,0,0,0,0,0
2024,CHN,-12.5,-97.5,0,0,0,0,0,0,0,0,0,0
2024,JPN,-27.5,-87.5,0,0,0,0,0,0,0,0,0,0
2024,PYF,-17.5,-147.5,0,0,0,0,0,0,0,0,0,0
2024,PYF,-17.5,-142.5,0,0,0,0,0,0,0,0,0,0
2024,PYF,-12.5,-147.5,0,0,0,0,0,0,0,0,0,0
2024,PYF,-12.5,-142.5,0,0,0,0,0,0,0,0,0,0
2024,PYF,-12.5,-137.5,0,0,0,0,0,0,0,0,0,0
2024,PYF,-7.5,-142.5,0,0,0,0,0,0,0,0,0,0
2024,PYF,-7.5,-137.5,0,0,0,0,0,0,0,0,0,0
2024,TWN,-17.5,-132.5,1.09,0,0,0,0,0,0,0.47,0,0
2024,TWN,-17.5,-127.5,0.19,0,0,0,0,0,0,0.06,0,0
2024,TWN,-12.5,-147.5,2.05,0,0,0,0,0,0,0.27,0,0
2024,TWN,-12.5,-142.5,2.22,0,0,0,0,0,0,0,0,0
2024,TWN,-12.5,-137.5,2.61,0,0,0,0,0,0,1.05,0,0
2024,TWN,-12.5,-132.5,34.47,0,0,0,0,0,0,8.34,0,0
2024,TWN,-12.5,-127.5,18.48,0,0.04,0,0,0,0,3.43,0,0
2024,TWN,-12.5,-122.5,0.96,0,0,0,0,0,0,0,0,0
2024,TWN,-7.5,-147.5,19.6,0,0,0,0,0,0.12,0.77,0.14,0
2024,TWN,-7.5,-142.5,3.47,0,0,0,0,0,0,0.09,0,0
2024,TWN,-7.5,-127.5,1.87,0,0.11,0,0,0,0,0.77,0,0
2024,TWN,-2.5,-147.5,3.57,0,3.06,0,0,0,0,0,0.21,0
2024,USA,22.5,-147.5,0,0,0,0,0,0,0,0,0,0
2024,USA,27.5,-147.5,0,0,0,0,0,0,0,0,0,0
2024,VUT,-12.5,-147.5,0,0,0,0,0,0,0,0,0,0
2024,VUT,-12.5,-137.5,0,0,0,0,0,0,0,0,0,0
2024,VUT,-12.5,-127.5,0,0,0,0,0,0,0,0,0,0
2024,VUT,-12.5,-122.5,0,0,0,0,0,0,0,0,0,0
2024,VUT,-7.5,-147.5,0,0,0,0,0,0,0,0,0,0
2024,CHN,-27.5,-117.5,0,0,0,0,0,0,0,0,0,0
2024,CHN,-27.5,-112.5,0,0,0,0,0,0,0,0,0,0
2024,CHN,-22.5,-127.5,0,0,0,0,0,0,0,0,0,0
2024,CHN,-22.5,-122.5,0,0,0,0,0,0,0,0,0,0
2024,CHN,-22.5,-117.5,0,0,0,0,0,0,0,0,0,0
2024,CHN,-17.5,-137.5,0,0,0,0,0,0,0,0,0,0
2024,CHN,-17.5,-132.5,0,0,0,0,0,0,0,0,0,0
2024,CHN,-17.5,-127.5,0,0,0,0,0,0,0,0,0,0
2024,CHN,-17.5,-122.5,0,0,0,0,0,0,0,0,0,0
2024,CHN,-17.5,-117.5,0,0,0,0,0,0,0,0,0,0
2024,CHN,-17.5,-112.5,0,0,0,0,0,0,0,0,0,0
2024,CHN,-12.5,-132.5,0,0,0,0,0,0,0,0,0,0
2024,CHN,-12.5,-127.5,0,0,0,0,0,0,0,0,0,0
2024,CHN,-12.5,-122.5,0,0,0,0,0,0,0,0,0,0
2024,CHN,-12.5,-117.5,0,0,0,0,0,0,0,0,0,0
2024,CHN,-12.5,-112.5,0,0,0,0,0,0,0,0,0,0
2024,PYF,-22.5,-147.5,0,0,0,0,0,0,0,0,0,0
2024,PYF,-22.5,-142.5,0,0,0,0,0,0,0,0,0,0
2024,PYF,-17.5,-147.5,0,0,0,0,0,0,0,0,0,0
2024,PYF,-17.5,-142.5,0,0,0,0,0,0,0,0,0,0
2024,PYF,-12.5,-147.5,0,0,0,0,0,0,0,0,0,0
2024,PYF,-12.5,-142.5,0,0,0,0,0,0,0,0,0,0
2024,PYF,-12.5,-137.5,0,0,0,0,0,0,0,0,0,0
2024,PYF,-7.5,-142.5,0,0,0,0,0,0,0,0,0,0
2024,PYF,-7.5,-137.5,0,0,0,0,0,0,0,0,0,0
2024,TWN,-17.5,-132.5,2.31,0,0,0,0,0,0,1.76,0,0
2024,TWN,-17.5,-127.5,0.57,0,0,0,0,0,0,0,0,0
2024,TWN,-12.5,-147.5,0.13,0,0,0,0,0,0,0,0,0
2024,TWN,-12.5,-137.5,1.73,0,0,0,0,0,0,0.33,0,0
2024,TWN,-12.5,-132.5,42.78,0,0,0,0,0,0.04,4.5,0,0
2024,TWN,-12.5,-127.5,17.99,0,0,0,0,0,0,0.78,0,0.47
2024,TWN,-7.5,-147.5,8.77,0,0,0,0,0,0,0.06,0,0
2024,TWN,-7.5,-142.5,0.37,0,0,0,0,0,0,0.02,0,0
2024,TWN,-7.5,-132.5,2.15,0,0,0,0,0,0,0.09,0.17,0
2024,TWN,-7.5,-127.5,0.11,0,0,0,0,0,0,0,0,0
2024,TWN,-2.5,-147.5,1.38,0,0,0,0,0,0,0.14,0,0
2024,TWN,-2.5,-142.5,0.18,0,0,0,0,0,0,0.06,0,0
2024,TWN,32.5,-147.5,0.21,0,0,0,0,0,0,0.32,0,0
2024,TWN,37.5,-147.5,5.03,0,0,0,0,0,0,1.69,0,0
2024,USA,17.5,-147.5,0,0,0,0,0,0,0,0,0,0
2024,USA,22.5,-147.5,0,0,0,0,0,0,0,0,0,0
2024,USA,22.5,-137.5,0,0,0,0,0,0,0,0,0,0
2024,USA,22.5,-132.5,0,0,0,0,0,0,0,0,0,0
2024,USA,27.5,-147.5,0,0,0,0,0,0,0,0,0,0
2024,VUT,-12.5,-137.5,0,0,0,0,0,0,0,0,0,0
2024,VUT,-12.5,-132.5,0,0,0,0,0,0,0,0,0,0
2024,VUT,-12.5,-127.5,0,0,0,0,0,0,0,0,0,0
2024,VUT,-7.5,-147.5,0,0,0,0,0,0,0,0,0,0
2024,VUT,32.5,-147.5,0,0,0,0,0,0,0,0,0,0
2024,VUT,37.5,-147.5,0,0,0,0,0,0,0,0,0,0
2024,CHN,-22.5,-127.5,0,0,0,0,0,0,0,0,0,0
2024,CHN,-22.5,-122.5,0,0,0,0,0,0,0,0,0,0
2024,CHN,-22.5,-117.5,0,0,0,0,0,0,0,0,0,0
2024,CHN,-22.5,-112.5,0,0,0,0,0,0,0,0,0,0
2024,CHN,-17.5,-132.5,0,0,0,0,0,0,0,0,0,0
2024,CHN,-17.5,-127.5,0,0,0,0,0,0,0,0,0,0
2024,CHN,-17.5,-122.5,0,0,0,0,0,0,0,0,0,0
2024,CHN,-17.5,-117.5,0,0,0,0,0,0,0,0,0,0
2024,CHN,-17.5,-112.5,0,0,0,0,0,0,0,0,0,0
2024,CHN,-17.5,-107.5,0,0,0,0,0,0,0,0,0,0
2024,CHN,-17.5,-102.5,0,0,0,0,0,0,0,0,0,0
2024,CHN,-12.5,-132.5,0,0,0,0,0,0,0,0,0,0
2024,CHN,-12.5,-127.5,0,0,0,0,0,0,0,0,0,0
2024,CHN,-12.5,-107.5,0,0,0,0,0,0,0,0,0,0
2024,CHN,-7.5,-132.5,0,0,0,0,0,0,0,0,0,0
2024,PAN,-7.5,-117.5,0.32,0,0,0,0,0,0,0,0,0
2024,PYF,-22.5,-147.5,0,0,0,0,0,0,0,0,0,0
2024,PYF,-22.5,-142.5,0,0,0,0,0,0,0,0,0,0
2024,PYF,-17.5,-147.5,0,0,0,0,0,0,0,0,0,0
2024,PYF,-17.5,-142.5,0,0,0,0,0,0,0,0,0,0
2024,PYF,-17.5,-137.5,0,0,0,0,0,0,0,0,0,0
2024,PYF,-12.5,-147.5,0,0,0,0,0,0,0,0,0,0
2024,PYF,-12.5,-142.5,0,0,0,0,0,0,0,0,0,0
2024,PYF,-12.5,-137.5,0,0,0,0,0,0,0,0,0,0
2024,PYF,-7.5,-142.5,0,0,0,0,0,0,0,0,0,0
2024,PYF,-7.5,-137.5,0,0,0,0,0,0,0,0,0,0
2024,TWN,-17.5,-132.5,0.46,0,0,0,0,0,0,0.3,0,0
2024,TWN,-17.5,-127.5,0.3,0,0,0,0,0,0,0,0,0
2024,TWN,-12.5,-147.5,0.11,0,0,0,0,0,0,0,0,0
2024,TWN,-12.5,-137.5,1.15,0,0,0,0,0,0,0,0,0
2024,TWN,-12.5,-132.5,39.52,0,0,0,0,0,1.79,1.72,0.29,0
2024,TWN,-12.5,-127.5,7.31,0,0,0,0,0,0,0.17,0,0.31
2024,TWN,-7.5,-147.5,3.94,0,0,0,0,0,0,0.18,0,0
2024,TWN,-7.5,-137.5,0.57,0,0,0,0,0,0,0,0,0
2024,TWN,-7.5,-132.5,23.73,0,0,0,0,0,0,1.12,0,0
2024,TWN,-7.5,-127.5,1.05,0,0,0,0,0,0,0.1,0,0
2024,TWN,-2.5,-147.5,8.63,0,20.49,0,0,0,0,0.24,1.91,0
2024,TWN,-2.5,-142.5,0.09,0,0,0,0,0,0,0,0,0
2024,TWN,-2.5,-132.5,0.06,0,0,0,0,0,0,0.24,0,0
2024,TWN,27.5,-147.5,0.78,0,0,0,0,0,0,0.09,0,0
2024,TWN,32.5,-147.5,52.56,0,0,0,0,0,0,12.15,0,0
2024,TWN,32.5,-142.5,8.07,0,0,0,0,0,0,3.31,0,0
2024,TWN,37.5,-147.5,6.14,0,0,0,0,0,0,0.66,0,0
2024,USA,17.5,-147.5,0,0,0,0,0,0,0,0,0,0
2024,USA,22.5,-147.5,0,0,0,0,0,0,0,0,0,0
2024,USA,22.5,-137.5,0,0,0,0,0,0,0,0,0,0
2024,USA,27.5,-147.5,0,0,0,0,0,0,0,0,0,0
2024,VUT,-12.5,-137.5,0,0,0,0,0,0,0,0,0,0
2024,VUT,-12.5,-132.5,0,0,0,0,0,0,0,0,0,0
2024,VUT,-7.5,-137.5,0,0,0,0,0,0,0,0,0,0
2024,VUT,-7.5,-132.5,0,0,0,0,0,0,0,0,0,0
2024,VUT,32.5,-147.5,0,0,0,0,0,0,0,0,0,0
