Year,Flag,Lat,Lon,ALB,BET,BKJ,BZX,PBF,SKJ,TUN,YFT
1978,USA,3.5,-79.5,0,0,0,0,0,6.057716,0,4.742284
1978,USA,20.5,-114.5,0,0,0,0,0,3.533668,0,2.766332
1978,USA,23.5,-111.5,0,0,0,0,0,20.8,0,4.5
1978,USA,23.5,-109.5,0,0,0,0,0,0,0,0.9
1978,USA,24.5,-111.5,0,0,0,0,0,1.514429,0,1.185571
1978,USA,25.5,-114.5,0,0,0,0,0,5,0,3.6
1978,USA,25.5,-113.5,0,0,0,0,0,0.5048097,0,0.3951903
1978,USA,26.5,-115.5,0,0,0,0,0,39.82388,0,31.17612
1978,USA,26.5,-114.5,0,0,0,0,0,130.5846,0,154.3154
1978,USA,26.5,-113.5,0,0,0,0,0,0.6,0,0.2
1978,USA,27.5,-115.5,0,0,0,0,0,16.33242,0,12.26758
1978,USA,27.5,-114.5,0,0,0,0,0,164.0824,0,210.8176
1978,USA,28.5,-115.5,0,0,0,0,0,0,0,41.3
1978,USA,10.5,-109.5,0,0,0,0,0,0,0,7.3
1978,USA,16.5,-117.5,0,0,0,0,0,13.23723,0,11.26277
1978,USA,19.5,-112.5,0,0,0,0,0,21.45035,0,14.54965
1978,USA,23.5,-113.5,0,0,0,0,0,0.2804498,0,0.2195502
1978,USA,23.5,-111.5,0,0,0,0,0,0.7291695,0,0.5708305
1978,USA,24.5,-112.5,0,0,0,9.9,0,1.009619,0,0.7903807
1978,USA,25.5,-113.5,0,0,0,0,0,7.745848,0,2.854152
1978,USA,25.5,-112.5,0,0,0,13.5,0,2.524048,0,1.975952
1978,USA,26.5,-114.5,0,0,0,0,0,7.080138,0,5.719862
1978,USA,26.5,-112.5,0,0,0,0,0,0.5048097,0,0.3951903
1978,USA,27.5,-115.5,0,0,0,0,0,0,0,7.3
1978,USA,27.5,-114.5,0,0,0,0,0,6.716678,0,15.88332
1978,USA,28.5,-115.5,0,0,0,0,0,2.355778,0,1.844221
1978,MEX,19.5,-112.5,0,0,0,0,0,3.5,0,5
1978,MEX,21.5,-111.5,0,0,0,0,0,0.5,0,2
1978,USA,16.5,-117.5,0,0,0,0,0,23.67571,0,56.12429
1978,USA,17.5,-107.5,0,0,0,0,0,11.8,0,0
1978,USA,17.5,-105.5,0,0,0,0,0,3.6,0,1.8
1978,USA,17.5,-104.5,0,0,0,0,0,5.5,0,1.8
1978,USA,18.5,-114.5,0,0,0,0,0,0,0,0.2
1978,USA,18.5,-106.5,0,0,0,0,0,13.74204,0,10.75796
1978,USA,18.5,-105.5,0,0,0,0,0,15.04747,0,9.352526
1978,USA,19.5,-112.5,0,0,0,0,0,90.8937,0,57.4063
1978,USA,19.5,-107.5,0,0,0,0,0,12.92886,0,2.371142
1978,USA,19.5,-106.5,0,0,0,0,0,9.262526,0,5.137474
1978,USA,20.5,-107.5,0,0,0,0,0,2.30481,0,0.3951903
1978,USA,20.5,-106.5,0,0,0,0,0,9.9,0,7
1978,USA,21.5,-108.5,0,0,0,0,0,3.028858,0,2.371142
1978,USA,21.5,-107.5,0,0,0,0,0,1.8,0,5
1978,USA,22.5,-112.5,0,0,0,0,0,1.009619,0,0.7903807
1978,USA,22.5,-111.5,0,0,0,0,0,1.514429,0,1.185571
1978,USA,22.5,-110.5,0,0,0,0,0,8.933668,0,3.666332
1978,USA,22.5,-109.5,0,0,0,0,0,2.019239,0,3.380761
1978,USA,22.5,-108.5,0,0,0,0,0,0.5048097,0,0.3951903
1978,USA,23.5,-112.5,0,0,0,0,0,13.75259,0,10.74741
1978,USA,23.5,-111.5,0,0,0,0,0,3.98526,0,0.6147405
1978,USA,23.5,-109.5,0,0,0,0,0,0.8974394,0,0.7025605
1978,USA,24.5,-112.5,0,0,0,0,0,2.3,0,1.9
1978,MEX,19.5,-112.5,0,0,0,0,0,9,0,1
1978,MEX,19.5,-107.5,0,0,0,0,0,5,0,2
1978,MEX,20.5,-107.5,0,0,0,0,0,15,0,4
1978,MEX,20.5,-106.5,0,0,0,0,0,13,0,9
1978,MEX,20.5,-105.5,0,0,0,0,0,0,0,6
1978,USA,16.5,-117.5,0,0,0,0,0,55.34055,0,52.55945
1978,USA,18.5,-104.5,0,0,0,0,0,0,0,1.8
1978,USA,19.5,-112.5,0,0,0,0,0,59.44048,0,35.95951
1978,USA,19.5,-108.5,0,0,0,0,0,30.49619,0,16.50381
1978,USA,19.5,-107.5,0,0,0,0,0,33.4,0,4.5
1978,USA,19.5,-106.5,0,0,0,0,0,6.3,0,2.3
1978,USA,20.5,-108.5,0,0,0,0,0,9,0,9.9
1978,USA,20.5,-107.5,0,0,0,0,0,67.22837,0,64.97163
1978,USA,20.5,-106.5,0,0,0,0,0,45.99664,0,35.30336
1978,USA,20.5,-105.5,0,0,0,0,0,5.109308,0,33.99069
1978,USA,21.5,-111.5,0,0,0,0,0,3.6,0,0
1978,USA,21.5,-110.5,0,0,0,0,0,0.4,0,0
1978,USA,21.5,-109.5,0,0,0,0,0,13.30419,0,3.995813
1978,USA,21.5,-108.5,0,0,0,0,0,32.98602,0,29.41398
1978,USA,21.5,-107.5,0,0,0,0,0,13.60962,0,2.590381
1978,USA,22.5,-112.5,0,0,0,0,0,1.346159,0,1.053841
1978,USA,22.5,-110.5,0,0,0,0,0,0.5048097,0,0.3951903
1978,USA,22.5,-109.5,0,0,0,0,0,0.9,0,6.3
1978,USA,22.5,-107.5,0,0,0,0,0,1.009619,0,0.7903807
1978,USA,23.5,-113.5,0,0,0,0,0,5.4,0,0
1978,USA,23.5,-111.5,0,0,0,0,0,5.216367,0,5.883633
1978,USA,23.5,-109.5,0,0,0,0,0,0,0,7.2
1978,USA,23.5,-107.5,0,0,0,0,0,0.9,0,0
1978,USA,24.5,-114.5,0,0,0,0,0,7.3,0,0
1978,USA,24.5,-112.5,0,0,0,0,0,0.5,0,0.9
1978,USA,24.5,-111.5,0,0,0,0,0,2.075329,0,1.624671
1978,USA,24.5,-110.5,0,0,0,0,0,1.290069,0,1.009931
1978,MEX,22.5,-109.5,0,0,0,0,0,0.4797607,0,1.420239
1978,MEX,22.5,-108.5,0,0,0,0,0,16,0,10.4
1978,MEX,23.5,-109.5,0,0,0,0,0,0,0,2
1978,USA,16.5,-117.5,0,0,0,0,0,1.4,0,9.6
1978,USA,19.5,-112.5,0,0,0,0,0,71.24297,0,37.95702
1978,USA,19.5,-106.5,0,0,0,0,0,6.5,0,6.3
1978,USA,19.5,-105.5,0,0,0,0,0,1.8,0,0.9
1978,USA,20.5,-112.5,0,0,0,0,0,1.4,0,0
1978,USA,20.5,-111.5,0,0,0,0,0,1.4,0,1.4
1978,USA,20.5,-107.5,0,0,0,0,0,11.7,0,20.7
1978,USA,20.5,-106.5,0,0,0,0,0,18.41443,0,6.585571
1978,USA,20.5,-105.5,0,0,0,0,0,11.63367,0,3.266332
1978,USA,21.5,-109.5,0,0,0,0,0,13.69969,0,6.800312
1978,USA,21.5,-108.5,0,0,0,0,0,28.5,0,0.5
1978,USA,21.5,-107.5,0,0,0,0,0,3.6,0,2.7
1978,USA,21.5,-106.5,0,0,0,0,0,2.7,0,0.9
1978,USA,22.5,-108.5,0,0,0,0,0,26.58526,0,6.01474
1978,USA,23.5,-109.5,0,0,0,0,0,0,0,0.9
1978,USA,23.5,-108.5,0,0,0,0,0,3.6,0,3.6
1978,USA,24.5,-113.5,0,0,0,0,0,17.7,0,22.2
1978,USA,24.5,-112.5,0,0,0,0,0,0.7,0,1.1
1978,USA,24.5,-110.5,0,0,0,0,0,0,0,32.6
1978,USA,25.5,-113.5,0,0,0,0,0,0.2,0,0.2
1978,USA,29.5,-118.5,0.2,0,0,0,0,0,0,0
1978,MEX,21.5,-109.5,0,0,0,0,0,3,0,12
1978,MEX,22.5,-111.5,0,0,0,0,0,5,0,30
1978,MEX,22.5,-110.5,0,0,0,0,0,0.7,0,9.2
1978,MEX,22.5,-109.5,0,0,0,0,0,3,0,2
1978,MEX,24.5,-113.5,0,0,0,0,0,12,0,13
1978,MEX,26.5,-114.5,0,0,0,0,0,0,0,5
1978,USA,16.5,-117.5,0,0,0,0,0,91.5,0,11.8
1978,USA,18.5,-114.5,0,0,0,0,0,2.7,0,0
1978,USA,18.5,-110.5,0,0,0,0,0,5.4,0,0
1978,USA,19.5,-112.5,0,0,0,0,0,18.2,0,0
1978,USA,20.5,-110.5,0,0,0,0,0,9.1,0,15.9
1978,USA,21.5,-113.5,0,0,0,0,0,19.9,0,5.4
1978,USA,21.5,-112.5,0,0,0,0,0,0.7852595,0,0.6147405
1978,USA,21.5,-111.5,0,0,0,0,0,9.094567,0,8.605433
1978,USA,21.5,-109.5,0,0,0,0,0,25.2228,0,50.9772
1978,USA,21.5,-108.5,0,0,0,0,0,50.8,0,0
1978,USA,22.5,-112.5,0,0,0,0,0,46.2,0,2.7
1978,USA,22.5,-111.5,0,0,0,0,0,23.5,0,0
1978,USA,22.5,-110.5,0,0,0,0,0,78,0,132.5
1978,USA,22.5,-109.5,0,0,0,0,0,6.113806,0,4.786194
1978,USA,22.5,-108.5,0,0,0,0,0,116.7343,0,95.76575
1978,USA,23.5,-113.5,0,0,0,0,0,9.094567,0,44.50543
1978,USA,23.5,-112.5,0,0,0,0,0,1.8,0,0
1978,USA,24.5,-113.5,0,0,0,0,0,165.5796,0,161.7204
1978,USA,24.5,-112.5,0,0,0,0,0,3.5,0,2
1978,USA,25.5,-114.5,0,0,0,0,0,21.8,0,5.4
1978,USA,25.5,-113.5,0,0,0,0,0,13.6,0,1
1978,USA,25.5,-112.5,0,0,0,0,0,6.9,0,0
1978,USA,26.5,-114.5,0,0,0,0,0,0,0,25.4
1978,USA,26.5,-112.5,0,0,0,0,0,2.019239,0,1.580761
1978,USA,27.5,-116.5,0,0,0,0,0,10.9,0,2.7
1978,MEX,21.5,-110.5,0,0,0,0,0,1.2,0,1.7
1978,MEX,22.5,-111.5,0,0,0,0,0,2,0,18
1978,MEX,22.5,-110.5,0,0,0,0,0,2,0,28
1978,MEX,23.5,-111.5,0,0,0,0,0,0,0,0.5
1978,USA,20.5,-109.5,0,0,0,0,0,27.13305,0,21.76695
1978,USA,21.5,-111.5,0,0,0,0,0,183.5797,0,127.3203
1978,USA,21.5,-109.5,0,0,0,0,0,82.16454,0,165.9355
1978,USA,22.5,-112.5,0,0,0,0,0,38.09789,0,42.60211
1978,USA,22.5,-111.5,0,0,0,0,0,61.90457,0,162.8954
1978,USA,22.5,-110.5,0,0,0,0,0,90.59789,0,173.4021
1978,USA,23.5,-112.5,0,0,0,0,0,66.86671,0,83.43329
1978,USA,23.5,-111.5,0,0,0,0,0,140.6515,0,142.8485
1978,USA,23.5,-110.5,0,0,0,0,0,0,0,38.1
1978,USA,24.5,-113.5,0,0,0,0,0,1.514429,0,1.185571
1978,USA,24.5,-112.5,0,0,0,0,0,44.28976,0,37.71024
1978,USA,25.5,-114.5,0,0,0,0,0,23.5,0,0
1978,USA,25.5,-113.5,0,0,0,0,0,5.4,0,0
1978,USA,25.5,-112.5,0,0,0,0,0,1.8,0,1.8
1978,USA,26.5,-114.5,0,0,0,0,0,16.4,0,41.8
1978,USA,26.5,-113.5,0,0,0,0,0,49.8,0,19.9
1978,USA,32.5,-119.5,7,0,0,0,0,0,0,0
1978,USA,32.5,-118.5,0.5,0,0,0,0,0,0,0
1978,MEX,18.5,-114.5,0,0,0,0,0,9.1,0,3.6
1978,MEX,21.5,-111.5,0,0,0,0,0,1,0,1
1978,MEX,23.5,-112.5,0,0,0,0,0,0,0,2
1978,MEX,24.5,-113.5,0,0,0,0,0,1.8,0,2.7
1978,MEX,24.5,-112.5,0,0,0,0,0,12.8,0,10
1978,USA,18.5,-114.5,0,0,0,0,0,13.6,0,4.5
1978,USA,18.5,-110.5,0,0,0,0,0,3.6,0,1.8
1978,USA,19.5,-112.5,0,0,0,0,0,25.00481,0,21.29519
1978,USA,20.5,-109.5,0,0,0,0,0,1.8,0,1.8
1978,USA,21.5,-111.5,0,0,0,0,0,48.1,0,2.3
1978,USA,22.5,-112.5,0,0,0,0,0,9.1,0,10.9
1978,USA,22.5,-111.5,0,0,0,0,0,14.60481,0,24.39519
1978,USA,23.5,-112.5,0,0,0,0,0,18.98976,0,21.81024
1978,USA,23.5,-111.5,0,0,0,0,0,34.22405,0,12.77595
1978,USA,24.5,-114.5,0,0,0,0,0,4.094567,0,3.205433
1978,USA,24.5,-113.5,0,0,0,0,0,24.87664,0,19.42336
1978,USA,24.5,-112.5,0,0,0,0,0,62.34723,0,63.25277
1978,USA,24.5,-111.5,0,0,0,0,0,2.7,0,0
1978,USA,25.5,-113.5,0,0,0,0.9,0.9,1.4,0,2.3
1978,USA,26.5,-113.5,0,0,0,0,0,6.3,0,2.7
1978,USA,28.5,-115.5,0,0,0,0,0,0.5,0,2.7
1978,USA,29.5,-117.5,0.2,0,0,0,0,0,0,0
1978,USA,31.5,-120.5,2.5,0,0,0,0,0,0,0
1978,USA,31.5,-118.5,4.1,0,0,0,0,0,0,0
1978,USA,32.5,-119.5,1.1,0,0,0,0,0,0,0
1978,USA,32.5,-118.5,12.3,0,0,0,0,0,0,0
1978,USA,33.5,-121.5,0.2,0,0,0,0,0,0,0
1978,USA,33.5,-120.5,5.4,0,0,0,0,0,0,0
1978,USA,34.5,-123.5,1.4,0,0,0,0,0,0,0
1978,USA,34.5,-122.5,5.2,0,0,0,0,0,0,0
1978,USA,35.5,-123.5,28.4,0,0,0,0,0,0,0
1978,USA,35.5,-122.5,6,0,0,0,0,0,0,0
1978,USA,35.5,-121.5,37.1,0,0,0,0,0,0,0
1978,USA,35.5,-120.5,28.1,0,0,0,0,0,0,0
1978,USA,36.5,-122.5,57.2,0,0,0,0,0,0,0
1978,USA,36.5,-121.5,0.9,0,0,0,0,0,0,0
1978,USA,36.5,-112.5,0.7,0,0,0,0,0,0,0
1978,USA,37.5,-123.5,0.2,0,0,0,0,0,0,0
1978,USA,37.5,-122.5,0.7,0,0,0,0,0,0,0
1978,USA,38.5,-123.5,0.5,0,0,0,0,0,0,0
1978,USA,39.5,-125.5,1,0,0,0,0,0,0,0
1978,USA,39.5,-124.5,1.8,0,0,0,0,0,0,0
1978,USA,39.5,-123.5,0.6,0,0,0,0,0,0,0
1978,USA,40.5,-124.5,0.6,0,0,0,0,0,0,0
1978,USA,41.5,-126.5,0.2,0,0,0,0,0,0,0
1978,USA,41.5,-125.5,0.2,0,0,0,0,0,0,0
1978,USA,43.5,-125.5,0.2,0,0,0,0,0,0,0
1978,USA,43.5,-124.5,0.6,0,0,0,0,0,0,0
1978,USA,45.5,-124.5,2.3,0,0,0,0,0,0,0
1978,USA,46.5,-125.5,9.6,0,0,0,0,0,0,0
1978,USA,46.5,-124.5,0.2,0,0,0,0,0,0,0
1978,USA,18.5,-114.5,0,0,0,0,0,62.5,0,0.9
1978,USA,19.5,-112.5,0,0,0,0,0,71.94623,0,32.75377
1978,USA,22.5,-112.5,0,0,0,0,0,9,0,2.7
1978,USA,24.5,-113.5,0,0,0,0,0,1.8,0,0.9
1978,USA,25.5,-112.5,0,0,0,0,0,0,0,0.5
1978,USA,26.5,-111.5,0,0,0,0,0,0,0,0.5
1978,USA,31.5,-118.5,5,0,0,0,0,0,0,0
1978,USA,31.5,-117.5,0.9,0,0,0,0,0,0,0
1978,USA,32.5,-118.5,2,0,0,0,0,0,0,0
1978,USA,34.5,-122.5,1.4,0,0,0,0,0,0,0
1978,USA,34.5,-121.5,18.1,0,0,0,0,0,0,0
1978,USA,34.5,-120.5,9.9,0,0,0,0,0,0,0
1978,USA,34.5,-119.5,1.5,0,0,0,0,0,0,0
1978,USA,35.5,-123.5,30.9,0,0,0,0,0,0,0
1978,USA,35.5,-122.5,7.9,0,0,0,0,0,0,0
1978,USA,35.5,-121.5,9.3,0,0,0,0,0,0,0
1978,USA,35.5,-120.5,51.4,0,0,0,0,0,0,0
1978,USA,36.5,-123.5,6.5,0,0,0,0,0,0,0
1978,USA,36.5,-122.5,81.6,0,0,0,0,0,0,0
1978,USA,36.5,-121.5,0.9,0,0,0,0,0,0,0
1978,USA,37.5,-123.5,54.9,0,0,0,0,0,0,0
1978,USA,37.5,-122.5,0.2,0,0,0,0,0,0,0
1978,USA,40.5,-123.5,3.2,0,0,0,0,0,0,0
1978,USA,46.5,-124.5,7.1,0,0,0,0,0,0,0
1978,MEX,21.5,-112.5,0,0,0,0,0,2,0,5
1978,MEX,26.5,-115.5,0,0,0,0,0,20.1984,0,3.301595
1978,MEX,26.5,-114.5,0,0,0,0,0,39,0,0
1978,MEX,28.5,-115.5,0,0,0,0,0,0.2,0,0
1978,USA,18.5,-114.5,0,0,0,0,0,2.7,0,0
1978,USA,19.5,-112.5,0,0,0,0,0,9.6,0,0
1978,USA,23.5,-113.5,0,0,0,0,0,1.514429,0,1.185571
1978,USA,25.5,-115.5,0,0,0,0,0,2.524048,0,1.975952
1978,USA,25.5,-114.5,0,0,0,0,0,55.39875,0,12.60125
1978,USA,25.5,-112.5,0,0,0,0,0,4.48526,0,1.11474
1978,USA,26.5,-115.5,0,0,0,0,0,23.6,0,0
1978,USA,26.5,-114.5,0,0,0,0,0,254.7979,0,106.1021
1978,USA,27.5,-114.5,0,0,0,0,0,1.514429,0,1.185571
1978,USA,28.5,-115.5,0,0,0,0,0,9.642664,0,7.157336
1978,USA,32.5,-123.5,1.4,0,0,0,0,0,0,0
1978,USA,32.5,-117.5,3.2,0,0,0,0,0.5,0,0
1978,USA,34.5,-122.5,1.1,0,0,0,0,0,0,0
1978,USA,34.5,-119.5,6.5,0,0,0,0,0,0,0
1978,USA,35.5,-123.5,10.4,0,0,0,0,0,0,0
1978,USA,35.5,-122.5,32.3,0,0,0,0,0,0,0
1978,USA,35.5,-120.5,8.2,0,0,0,0,0,0,0
1978,USA,36.5,-123.5,0.5,0,0,0,0,0,0,0
1978,USA,36.5,-122.5,30.2,0,0,0,0,0,0,0
1978,USA,37.5,-123.5,2,0,0,0,0,0,0,0
1978,USA,37.5,-122.5,8.8,0,0,0,0,0,0,0
1978,USA,40.5,-124.5,0.2,0,0,0,0,0,0,0
1978,MEX,24.5,-112.5,0,0,0,0,0,0.5,0,0
1978,MEX,25.5,-113.5,0,0,0,0,0,10,0,5
1978,MEX,26.5,-115.5,0,0,0,0,0,26.5,0,8
1978,MEX,26.5,-114.5,0,0,0,0,0,0,0,0.5
1978,USA,16.5,-117.5,0,0,0,0,0,9.1,0,1.8
1978,USA,18.5,-114.5,0,0,0,0,0,1.8,0,2.7
1978,USA,19.5,-112.5,0,0,0,0,0,39.84329,0,52.45671
1978,USA,25.5,-114.5,0,0,0,0,0,8.319239,0,16.98076
1978,USA,25.5,-113.5,0,0,0,0,0,8.023425,0,5.576574
1978,USA,25.5,-112.5,0,0,0,0,0,5.4,0,0.9
1978,USA,26.5,-115.5,0,0,0,0,0,29,0,44.1
1978,USA,26.5,-114.5,0,0,0,0,0,99.8145,0,78.1855
1978,USA,26.5,-113.5,0,0,0,0,0,19.60962,0,17.19038
1978,USA,26.5,-112.5,0,0,0,0,0,8.1,0,9
1978,USA,27.5,-115.5,0,0,0,0,0,6.8,0,10
1978,USA,28.5,-115.5,0,0,0,0,0,25.21924,0,1.580761
1978,USA,36.5,-122.5,1,0,0,0,0,0,0,0
1978,MEX,21.5,-112.5,0,0,0,0,0,15,0,9
1978,MEX,22.5,-112.5,0,0,0,0,0,5,0,3
1978,MEX,25.5,-114.5,0,0,0,0,0,3,0,0
1978,MEX,25.5,-113.5,0,0,0,0,0,5,0,3
1978,MEX,26.5,-114.5,0,0,0,0,0,2,0,0.5
1978,USA,16.5,-117.5,0,0,0,0,0,5.4,0,18.1
1978,USA,18.5,-114.5,0,0,0,0,0,0.9,0,14.5
1978,USA,19.5,-112.5,0,0,0,0,0,27.06609,0,22.73391
1978,USA,19.5,-110.5,0,0,0,0,0,0,0,5
1978,USA,21.5,-113.5,0,0,0,0,0,10.15228,0,7.947716
1978,USA,21.5,-112.5,0,0,0,0,0,52.22699,0,52.17301
1978,USA,21.5,-111.5,0,0,0,0,0,2,0,0
1978,USA,22.5,-112.5,0,0,0,0,0,39.8,0,39.8
1978,USA,24.5,-113.5,0,0,0,0,0,19.1,0,15.5
1978,USA,24.5,-110.5,0,0,0,0,0,25.4,0,7.3
1978,USA,25.5,-114.5,0,0,0,0,0,25.3,0,6.3
1978,USA,25.5,-112.5,0,0,0,0,0,0.5,0,0
1978,USA,26.5,-114.5,0,0,0,0,0,14.9,0,5.7
1978,USA,27.5,-114.5,0,0,0,0,0,0,0,0.2
1979,MEX,19.5,-112.5,0,0,0,0,0,7,0,1
1979,MEX,22.5,-110.5,0,0,0,0,0,0,0,44
1979,MEX,23.5,-110.5,0,0,0,0,0,0,0,9
1979,USA,10.5,-109.5,0,0,0,0,0,0,0,24
1979,USA,13.5,-109.5,0,0,0,0,0,7,0,0
1979,USA,16.5,-117.5,0,0,0,0,0,24.9,0,10.6
1979,USA,18.5,-114.5,0,0,0,0,0,0.9,0,14.1
1979,USA,19.5,-112.5,0,0,0,0,0,39.20103,0,5.198967
1979,USA,19.5,-105.5,0,0,0,0,0,0,0,6.4
1979,USA,20.5,-106.5,0,0,0,0,0,0,0,12.7
1979,USA,22.5,-110.5,0,0,0,0,0,0,0,282
1979,USA,22.5,-109.5,0,0,0,0,0,12.7,0,0
1979,USA,23.5,-111.5,0,0,0,0,0,0,0,2.7
1979,USA,23.5,-108.5,0,0,0,0,0,0.8010328,0,0.5989672
1979,USA,24.5,-113.5,0,0,0,0,0,1.8,0,0
1979,MEX,20.5,-105.5,0,0,0,0,0,0.7840538,0,1.215946
1979,MEX,23.5,-111.5,0,0,0,0,0,0,0,0.5
1979,USA,19.5,-112.5,0,0,0,0,0,70.54797,0,38.45203
1979,USA,19.5,-106.5,0,0,0,0,0,0,0,3.2
1979,USA,20.5,-113.5,0,0,0,0,0,0.5149497,0,0.3850503
1979,USA,20.5,-106.5,0,0,0,0,0,0,0,2.7
1979,USA,21.5,-109.5,0,0,0,0,0,4.5,0,0
1979,USA,22.5,-111.5,0,0,0,0,0,0.2860832,0,0.2139169
1979,USA,22.5,-110.5,0,0,0,0,0,1.8,0,15.4
1979,USA,22.5,-109.5,0,0,0,0,0,0,0,0.5
1979,USA,23.5,-111.5,0,0,0,0,0,14.30416,0,15.69584
1979,MEX,18.5,-110.5,0,0,0,0,0,0,0,10
1979,MEX,19.5,-112.5,0,0,0,0,0,13,0,6
1979,MEX,21.5,-111.5,0,0,0,0,0,12,0,0
1979,MEX,22.5,-111.5,0,0,0,0,0,0.5,0,0
1979,USA,10.5,-109.5,0,0,0,0,0,2.7,0,13.6
1979,USA,16.5,-117.5,0,0,0,0,0,28.26501,0,21.13498
1979,USA,16.5,-111.5,0,0,0,0,0,21.8299,0,2.570101
1979,USA,18.5,-112.5,0,0,0,0,0,0,0,2.7
1979,USA,18.5,-110.5,0,0,0,0,0,0.9,0,5.4
1979,USA,19.5,-112.5,0,0,0,0,0,95.64294,0,119.1571
1979,USA,19.5,-110.5,0,0,0,0,0,0,0,0.5
1979,USA,21.5,-111.5,0,0,0,0,0,5.686083,0,3.813917
1979,USA,22.5,-111.5,0,0,0,0,0,14.80671,0,10.69329
1979,USA,22.5,-109.5,0,0,0,0,0,0,0,2.7
1979,USA,23.5,-111.5,0,0,0,0,0,3.060832,0,4.439168
1979,MEX,16.5,-117.5,0,0,0,0,0,2,0,0
1979,MEX,19.5,-112.5,0,0,0,0,0,0.3920269,0,1.607973
1979,MEX,19.5,-107.5,0,0,0,0,0,0,0,1
1979,MEX,20.5,-107.5,0,0,0,0,0,1.58804,0,2.91196
1979,MEX,21.5,-108.5,0,0,0,0,0,0.7840538,0,1.215946
1979,MEX,21.5,-107.5,0,0,0,0,0,8.644525,0,26.85548
1979,MEX,21.5,-106.5,0,0,0,0,0,0.7840538,0,52.21595
1979,USA,15.5,-107.5,0,0,0,0,0,0.5721663,0,0.4278337
1979,USA,19.5,-112.5,0,0,0,0,0,26.80775,0,65.49226
1979,USA,19.5,-110.5,0,0,0,0,0,0,0,0.5
1979,USA,19.5,-108.5,0,0,0,0,0,3.719081,0,2.780919
1979,USA,19.5,-106.5,0,0,0,0,0,8.936612,0,10.96339
1979,USA,20.5,-107.5,0,0,0,0,0,7.746914,0,24.75309
1979,USA,20.5,-106.5,0,0,0,0,0,42.26553,0,81.03447
1979,USA,20.5,-105.5,0,0,0,0,0,9.32631,0,14.87369
1979,USA,21.5,-110.5,0,0,0,0,0,12.24436,0,12.75564
1979,USA,21.5,-109.5,0,0,0,0,0,36.96651,0,35.13349
1979,USA,21.5,-108.5,0,0,0,0,0,3.845882,0,7.254118
1979,USA,21.5,-107.5,0,0,0,0,0,8.630416,0,73.66959
1979,USA,21.5,-106.5,0,0,0,0,0,4.119597,0,79.9804
1979,USA,23.5,-111.5,0,0,0,0,0,0,0,4.5
1979,MEX,20.5,-108.5,0,0,0,0,0,59.5,0,16
1979,MEX,21.5,-111.5,0,0,0,0,0,10,0,0
1979,MEX,21.5,-108.5,0,0,0,0,0,16,0,0
1979,MEX,22.5,-111.5,0,0,0,0,0,14,0,7
1979,MEX,22.5,-109.5,0,0,0,0,0,0,0,0.5
1979,USA,19.5,-113.5,0,0,0,0,0,30,0,50
1979,USA,19.5,-112.5,0,0,0,0,0,0,0,10.9
1979,USA,19.5,-108.5,0,0,0,0,0,4.5,0,0.9
1979,USA,20.5,-109.5,0,0,0,0,0,28.2,0,0
1979,USA,20.5,-108.5,0,0,0,0,0,55.9,0,15.3
1979,USA,21.5,-111.5,0,0,0,0,0,131.8242,0,15.67576
1979,USA,21.5,-110.5,0,0,0,0,0,37.15311,0,5.946888
1979,USA,21.5,-109.5,0,0,0,0,0,111.5263,0,49.37369
1979,USA,21.5,-108.5,0,0,0,0,0,92.70269,0,45.49731
1979,USA,22.5,-111.5,0,0,0,0,0,41.64485,0,61.95515
1979,USA,22.5,-110.5,0,0,0,0,0,93.65936,0,58.74064
1979,USA,22.5,-109.5,0,0,0,0,0,83.63979,0,60.36021
1979,USA,22.5,-108.5,0,0,0,0,0,17.24849,0,11.55151
1979,USA,23.5,-111.5,0,0,0,0,0,39.47483,0,37.72517
1979,USA,24.5,-112.5,0,0,0,0,0,1.8,0,0
1979,USA,26.5,-114.5,0,0,0,0,0,14.53302,0,10.86698
1979,USA,27.5,-114.5,0,0,0,0,0,7.495378,0,5.604621
1979,MEX,19.5,-110.5,0,0,0,0,0,0,0,9
1979,MEX,20.5,-109.5,0,0,0,0,0,31,0,2
1979,MEX,21.5,-110.5,0,0,0,0,0,36,0,0
1979,MEX,21.5,-109.5,0,0,0,0,0,2,0,1
1979,MEX,21.5,-108.5,0,0,0,0,0,5,0,0
1979,MEX,22.5,-110.5,0,0,0,0,0,8,0,0
1979,MEX,22.5,-109.5,0,0,0,0,0,30,0,0
1979,MEX,23.5,-111.5,0,0,0,0,0,0,0,14
1979,MEX,23.5,-110.5,0,0,0,0,0,0,0,5
1979,USA,16.5,-117.5,0,0,0,0,0,0,0,37.2
1979,USA,19.5,-113.5,0,0,0,0,0,40.9,0,5
1979,USA,19.5,-112.5,0,0,0,0,0,4.634547,0,22.46545
1979,USA,19.5,-108.5,0,0,0,0,0,2.7,0,0
1979,USA,20.5,-114.5,0,0,0,0,0,0.9,0,0
1979,USA,20.5,-113.5,0,0,0,0,0,58.1,0,0
1979,USA,20.5,-111.5,0,0,0,0,0,48.52631,0,6.97369
1979,USA,20.5,-110.5,0,0,0,0,0,44.48918,0,2.010818
1979,USA,20.5,-109.5,0,0,0,0,0,67.1196,0,7.580403
1979,USA,20.5,-108.5,0,0,0,0,0,1.8,0,0.9
1979,USA,21.5,-113.5,0,0,0,0,0,13.2,0,0
1979,USA,21.5,-112.5,0,0,0,0,0,70.69388,0,21.30612
1979,USA,21.5,-111.5,0,0,0,0,0,83.92585,0,33.17415
1979,USA,21.5,-110.5,0,0,0,0,0,79.77891,0,12.62109
1979,USA,21.5,-109.5,0,0,0,0,0,122.0083,0,32.19171
1979,USA,21.5,-108.5,0,0,0,0,0,9.451562,0,5.948438
1979,USA,22.5,-112.5,0,0,0,0,0,0.9,0,0
1979,USA,22.5,-111.5,0,0,0,0,0,45.415,0,16.985
1979,USA,22.5,-110.5,0,0,0,0,0,25.00106,0,25.29894
1979,USA,22.5,-109.5,0,0,0,0,0,15.35621,0,12.74379
1979,USA,22.5,-106.5,0,0,0,0,0,5,0,5
1979,USA,23.5,-112.5,0,0,0,0,0,25.01495,0,1.28505
1979,USA,23.5,-111.5,0,0,0,0,0,23.6196,0,8.580402
1979,USA,23.5,-110.5,0,0,0,0,0,0,0,6.8
1979,USA,23.5,-109.5,0,0,0,0,0,0,0,12.3
1979,USA,24.5,-113.5,0,0,0,0,0,39.9,0,1.8
1979,USA,24.5,-112.5,0,0,0,0,0,13.21495,0,0.3850503
1979,USA,25.5,-113.5,0,0,0,0,0,4.5,0,4.5
1979,MEX,21.5,-112.5,0,0,0,0,0,5.09635,0,7.90365
1979,MEX,21.5,-110.5,0,0,0,0,0,2.744188,0,4.255812
1979,MEX,21.5,-109.5,0,0,0,0,0,4,0,2
1979,MEX,22.5,-112.5,0,0,0,0,0,23.36878,0,18.63122
1979,MEX,22.5,-111.5,0,0,0,0,0,87.81729,0,47.18271
1979,MEX,22.5,-110.5,0,0,0,0,0,0.7840538,0,1.215946
1979,MEX,23.5,-111.5,0,0,0,0,0,14,0,17
1979,USA,19.5,-112.5,0,0,0,0,0,20,0,106.5
1979,USA,20.5,-109.5,0,0,0,0,0,27.2,0,1.8
1979,USA,21.5,-112.5,0,0,0,0,0,42.43661,0,36.36339
1979,USA,21.5,-111.5,0,0,0,0,0,191.2517,0,90.14828
1979,USA,21.5,-110.5,0,0,0,0,0,22.67733,0,17.92267
1979,USA,21.5,-109.5,0,0,0,0,0,66.2,0,27.2
1979,USA,22.5,-114.5,0,0,0,0,0,6.4,0,6.4
1979,USA,22.5,-112.5,0,0,0,0,0,315.8909,0,300.1091
1979,USA,22.5,-111.5,0,0,0,0,0,152.727,0,110.173
1979,USA,22.5,-110.5,0,0,0,0,0,30.03561,0,26.76439
1979,USA,23.5,-112.5,0,0,0,0,0,46.3,0,22.7
1979,USA,23.5,-111.5,0,0,0,0,0,13.6,0,38.5
1979,USA,24.5,-113.5,0,0,0,0,0,31.8,0,0
1979,USA,25.5,-115.5,0,0,0,0,0,2.7,0,3.6
1979,USA,25.5,-113.5,0,0,0,0,0,71.40834,0,70.49166
1979,USA,26.5,-114.5,0,0,0,0,0,103.5058,0,101.7942
1979,MEX,22.5,-112.5,0,0,0,0,0,7.352161,0,8.647839
1979,MEX,22.5,-111.5,0,0,0,0,0,10,0,0
1979,MEX,23.5,-112.5,0,0,0,0,0,0,0,3
1979,MEX,25.5,-113.5,0,0,0,0,0,1,0,5
1979,MEX,26.5,-112.5,0,0,0,0,0,0,0,2
1979,USA,18.5,-109.5,0,0,0,0,0,39.99442,0,29.90558
1979,USA,19.5,-112.5,0,0,0,0,0,1.4,0,1.4
1979,USA,19.5,-109.5,0,0,0,0,0,0.5149497,0,0.3850503
1979,USA,20.5,-112.5,0,0,0,0,0,0.9,0,0
1979,USA,20.5,-109.5,0,0,0,0,0,10.87116,0,8.12884
1979,USA,21.5,-112.5,0,0,0,0,0,8.1,0,9.5
1979,USA,21.5,-109.5,0,0,0,0,0,26.54852,0,19.85148
1979,USA,22.5,-113.5,0,0,0,0,0,20.82685,0,15.57315
1979,USA,22.5,-112.5,0,0,0,0,0,167.2063,0,129.2937
1979,USA,22.5,-111.5,0,0,0,0,0,51.3274,0,35.4726
1979,USA,23.5,-112.5,0,0,0,0,0,26.55933,0,22.34067
1979,USA,23.5,-111.5,0,0,0,0,0,44.081,0,47.519
1979,USA,23.5,-110.5,0,0,0,0,0,3.089698,0,2.310302
1979,USA,24.5,-115.5,0,0,0,0,0,10,0,16.3
1979,USA,24.5,-112.5,0,0,0,0,0,14.55931,0,27.64069
1979,USA,25.5,-113.5,0,0,0,0,0,12.7,0,3.6
1979,USA,25.5,-112.5,0,0,0,0,0,117.598,0,93.80199
1979,USA,26.5,-114.5,0,0,0,0,0,13.96086,0,10.43914
1979,USA,26.5,-113.5,0,0,0,0,0,114.8022,0,60.19775
1979,USA,34.5,-121.5,1.9,0,0,0,0,0,0,0
1979,USA,35.5,-121.5,3.6,0,0,0,0,0,0,0
1979,MEX,21.5,-112.5,0,0,0,0,0,8,0,0
1979,MEX,22.5,-112.5,0,0,0,0,0,2.068108,0,3.431892
1979,MEX,23.5,-112.5,0,0,0,0,0,1.568108,0,2.431892
1979,MEX,25.5,-113.5,0,0,0,0,0,2,0,0
1979,MEX,25.5,-112.5,0,0,0,0,0,12.13622,0,4.863785
1979,USA,16.5,-117.5,0,0,0,0,0,45.20114,0,33.79886
1979,USA,19.5,-112.5,0,0,0,0,0,20.27684,0,29.12316
1979,USA,20.5,-112.5,0,0,0,0,0,17.2,0,0
1979,USA,20.5,-111.5,0,0,0,0,0,0.5149497,0,0.3850503
1979,USA,21.5,-113.5,0,0,0,0,0,0.5,0,0
1979,USA,21.5,-112.5,0,0,0,0,0,17.2,0,11.7
1979,USA,22.5,-112.5,0,0,0,0,0,15.75156,0,10.44844
1979,USA,22.5,-111.5,0,0,0,0,0,4.332998,0,2.567002
1979,USA,23.5,-111.5,0,0,0,0,0,8.036613,0,5.563387
1979,USA,24.5,-115.5,0,0,0,0,0,3.6,0,2.7
1979,USA,24.5,-113.5,0,0,0,0,0,0,0,0.9
1979,USA,24.5,-112.5,0,0,0,0,0,15.21084,0,13.08916
1979,USA,25.5,-114.5,0,0,0,0,0,12.18714,0,9.112858
1979,USA,25.5,-113.5,0,0,0,0,0,0.5,0,0
1979,USA,25.5,-112.5,0,0,0,0,0,38.41399,0,36.986
1979,USA,26.5,-114.5,0,0,0,0,0,3.089698,0,2.310302
1979,USA,26.5,-113.5,0,0,0,0,0,2.7,0,1.8
1979,USA,34.5,-122.5,2.1,0,0,0,0,0,0,0
1979,USA,34.5,-121.5,4.2,0,0,0,0,0,0,0
1979,USA,35.5,-123.5,1.8,0,0,0,0,0,0,0
1979,USA,35.5,-122.5,8.3,0,0,0,0,0,0,0
1979,USA,35.5,-121.5,0.9,0,0,0,0,0,0,0
1979,USA,36.5,-123.5,15.1,0,0,0,0,0,0,0
1979,USA,36.5,-122.5,39.2,0,0,0,0,0,0,0
1979,USA,36.5,-121.5,4.5,0,0,0,0,0,0,0
1979,USA,37.5,-123.5,4.6,0,0,0,0,0,0,0
1979,MEX,24.5,-112.5,0,0,0,0,0,1.5,0,0
1979,MEX,25.5,-115.5,0,0,0,0,0,6,0,0
1979,MEX,25.5,-112.5,0,0,0,0,0,0.3920269,0,0.6079731
1979,USA,16.5,-117.5,0,0,0,0,0,12.0897,0,9.510302
1979,USA,18.5,-114.5,0,0,0,0,0,1.8,0,4.5
1979,USA,18.5,-110.5,0,0,0,0,0,0,0,0.5
1979,USA,19.5,-112.5,0,0,0,0,0,0.9,0,0.9
1979,USA,19.5,-110.5,0,0,0,0,0,0,0,0.5
1979,USA,23.5,-113.5,0,0,0,0,0,13.6,0,11.8
1979,USA,24.5,-112.5,0,0,0,0,0,27.65982,0,35.94017
1979,USA,25.5,-113.5,13.7,0,0,0,0,142.0228,0,115.0773
1979,USA,25.5,-112.5,0,0,0,0,0,10.99176,0,8.908237
1979,USA,26.5,-113.5,0,0,0,0,0,14.59024,0,10.90976
1979,USA,35.5,-122.5,0.7,0,0,0,0,0,0,0
1979,USA,36.5,-123.5,2.8,0,0,0,0,0,0,0
1979,USA,36.5,-122.5,54.8,0,0,0,0,0,0,0
1979,USA,37.5,-123.5,24.5,0,0,0,0,0,0,0
1979,MEX,19.5,-112.5,0,0,0,0,0,0,0,1
1979,MEX,24.5,-113.5,0,0,0,0,0,7.664457,0,10.33554
1979,MEX,24.5,-112.5,0,0,0,0,0,3.5,0,6
1979,MEX,24.5,-111.5,0,0,0,0,0,0.7840538,0,1.215946
1979,MEX,25.5,-114.5,0,0,0,0,0,0.5880404,0,0.9119596
1979,MEX,25.5,-113.5,0,0,0,0,0,13.48838,0,18.51162
1979,MEX,25.5,-112.5,0,0,0,0,0,1.176081,0,1.823919
1979,USA,16.5,-117.5,0,0,0,0,0,3.089698,0,2.310302
1979,USA,18.5,-114.5,0,0,0,0,0,0.5,0,0
1979,USA,19.5,-112.5,0,0,0,0,0,1.029899,0,1.270101
1979,USA,21.5,-111.5,0,0,0,0,0,0,0,0.5
1979,USA,24.5,-113.5,13.7,0,0,0,0,7.959799,0,2.440201
1979,USA,24.5,-112.5,0,0,0,0.5,0,17.9763,0,23.2237
1979,USA,24.5,-111.5,0,0,0,0,0,0.5149497,0,9.48505
1979,USA,25.5,-113.5,5.4,0,0,0,0,127.2145,0,88.58549
1979,USA,25.5,-112.5,14.5,0,0,0,0,20.05363,0,17.34637
1979,USA,26.5,-114.5,0,0,0,0,0,2.7,0,0.9
1979,USA,26.5,-113.5,0,0,0,0,0,7.3,0,2.3
1979,USA,36.5,-122.5,5.4,0,0,0,0,0,0,0
1979,MEX,19.5,-112.5,0,0,0,0,0,2.5,0,6
1979,MEX,24.5,-112.5,0,0,0,0,0,17.60432,0,22.39568
1979,MEX,25.5,-113.5,0,0,0,0,0,17,0,7
1979,MEX,26.5,-113.5,0,0,0,0,0,3,0,0
1979,USA,16.5,-117.5,0,0,0,0,0,26.3,0,2.3
1979,USA,19.5,-112.5,0,0,0,0,0,17.2,0,9
1979,USA,24.5,-112.5,17.8,0,0,0,0,16.2,0,23.5
1979,USA,25.5,-113.5,0,0,0,0,0,34.78817,0,13.31182
1979,USA,26.5,-113.5,0,0,0,0,0,5.4,0,0
1979,USA,27.5,-114.5,0,0,0,0,0,5.4,0,1.8
1980,USA,16.5,-117.5,0,0,0,0,0,0.5,0,0.9
1980,USA,18.5,-114.5,0,0,0,0,0,0,0,4.6
1980,USA,19.5,-112.5,0,0,0,0,0,96.16082,0,14.93918
1980,USA,19.5,-111.5,0,0,0,0,0,1.8,0,0
1980,USA,19.5,-110.5,0,0,0,0,0,0.3706218,0,0.1293782
1980,USA,19.5,-105.5,0,0,0,0,0,0,0,0.9
1980,USA,20.5,-109.5,0,0,0,0,0,115.5445,0,33.55547
1980,USA,20.5,-108.5,0,0,0,0,0,9,0,0.9
1980,USA,20.5,-107.5,0,0,0,0,0,3.6,0,3.6
1980,USA,21.5,-111.5,0,0,0,0,0,11.24532,0,11.35468
1980,USA,21.5,-110.5,0,0,0,0,0,14.15775,0,4.942246
1980,USA,21.5,-109.5,0,0,0,0,0,62.9,0,45.1
1980,USA,21.5,-108.5,0,0,0,0,0,10.9,0,5.4
1980,USA,22.5,-110.5,0,0,0,0,0,18.75346,0,6.546536
1980,USA,24.5,-112.5,0,0,0,0,0,69.18656,0,41.91344
1980,USA,25.5,-113.5,0,0,0,0,0,0.5,0,0
1980,USA,25.5,-112.5,0,0,0,0.5,0,0,0,0
1980,USA,26.5,-113.5,0,0,0,0,0,3.6,0,0
1980,MEX,20.5,-108.5,0,0,0,0,0,10.9,0,3.6
1980,MEX,21.5,-107.5,0,0,0,0,0,0,0,2
1980,MEX,21.5,-106.5,0,0,0,0,0,0,0,12
1980,USA,15.5,-109.5,0,0,0,0,0,10.74803,0,3.751967
1980,USA,16.5,-117.5,0,0,0,0,0,0,0,9
1980,USA,18.5,-109.5,0,0,0,0,0,6.004074,0,2.095927
1980,USA,18.5,-105.5,0,0,0,0,0,2.668477,0,0.9315229
1980,USA,19.5,-112.5,0,0,0,0,0,9.1,0,3.6
1980,USA,19.5,-108.5,0,0,0,0,0,4.743959,0,1.656041
1980,USA,20.5,-109.5,0,0,0,0,0,3.6,0,9
1980,USA,20.5,-108.5,0,0,0,0,0,59.8,0,28.2
1980,USA,20.5,-107.5,0,0,0,0,0,2.7,0,19.9
1980,USA,20.5,-106.5,0,0,0,0,0,0,0,4.5
1980,USA,21.5,-111.5,0,0,0,0,0,8.1,0,2.7
1980,USA,21.5,-109.5,0,0,0,0,0,21.25154,0,7.248465
1980,USA,21.5,-108.5,0,0,0,0,0,26.3,0,13.6
1980,USA,21.5,-107.5,0,0,0,0,0,0,0,0.5
1980,USA,21.5,-106.5,0,0,0,0,0,0.9,0,17.2
1980,USA,22.5,-109.5,0,0,0,0,0,1.1,0,0
1980,USA,22.5,-108.5,0,0,0,0,0,0.9,0,0
1980,USA,24.5,-112.5,0,0,0,0,0,4.5,0,0
1980,USA,26.5,-114.5,0,0,0,0.5,0,0,0,0
1980,MEX,20.5,-111.5,0,0,0,0,0,45,0,0
1980,MEX,20.5,-110.5,0,0,0,0,0,10,0,0
1980,MEX,20.5,-109.5,0,0,0,0,0,28,0,6
1980,MEX,21.5,-109.5,0,0,0,0,0,10,0,6
1980,USA,16.5,-117.5,0,0,0,0,0,2.668477,0,0.9315229
1980,USA,19.5,-111.5,0,0,0,0,0,29,0,1.4
1980,USA,19.5,-108.5,0,0,0,0,0,47.06897,0,16.43103
1980,USA,20.5,-110.5,0,0,0,0,0,51.50272,0,4.597284
1980,USA,20.5,-109.5,0,0,0,0,0,31.9,0,17.2
1980,USA,20.5,-108.5,0,0,0,0,0,1.8,0,0
1980,USA,20.5,-107.5,0,0,0,0,0,14.5,0,8.1
1980,USA,21.5,-111.5,0,0,0,0,0,0,0,3.6
1980,USA,21.5,-110.5,0,0,0,0,0,32.3,0,0.9
1980,USA,21.5,-109.5,0,0,0,0,0,39,0,0
1980,USA,21.5,-108.5,0,0,0,0,0,1.8,0,0
1980,USA,21.5,-107.5,0,0,0,0,0,0,0,5.4
1980,USA,21.5,-105.5,0,0,0,0,0,13.5,0,9
1980,USA,22.5,-110.5,0,0,0,0,0,3.6,0,2.7
1980,MEX,20.5,-107.5,0,0,0,0,0,17.43352,0,3.566484
1980,MEX,20.5,-106.5,0,0,0,0,0,15.77318,0,3.226819
1980,MEX,21.5,-108.5,0,0,0,0,0,1,0,1
1980,MEX,21.5,-107.5,0,0,0,0,0,23,0,6
1980,USA,16.5,-117.5,0,0,0,0,0,23.86805,0,8.331955
1980,USA,19.5,-112.5,0,0,0,0,0,0,0,0.2
1980,USA,19.5,-110.5,0,0,0,0,0,7.3,0,0
1980,USA,19.5,-107.5,0,0,0,0,0,2.7,0,0
1980,USA,20.5,-109.5,0,0,0,0,0,13.6,0,9.1
1980,USA,20.5,-107.5,0,0,0,0,0,180.86,0,40.83996
1980,USA,20.5,-106.5,0,0,0,0,0,29.25697,0,13.64303
1980,USA,21.5,-109.5,0,0,0,0,0,5.601358,0,1.598642
1980,USA,21.5,-108.5,0,0,0,0,0,25.55075,0,9.649252
1980,USA,21.5,-107.5,0,0,0,0,0,256.2826,0,47.91737
1980,USA,21.5,-106.5,0,0,0,0,0,39.55032,0,18.84968
1980,USA,21.5,-105.5,0,0,0,0,0,54.38942,0,17.21058
1980,USA,22.5,-111.5,0,0,0,0,0,3.6,0,0
1980,USA,22.5,-109.5,0,0,0,0,0,2.149606,0,0.7503935
1980,MEX,19.5,-112.5,0,0,0,0,0,0,0,3
1980,MEX,21.5,-110.5,0,0,0,0,0,13,0,0
1980,MEX,21.5,-109.5,0,0,0,0,0,2,0,0
1980,MEX,21.5,-108.5,0,0,0,0,0,2,0,0
1980,MEX,23.5,-109.5,0,0,0,0,0,0,0,4
1980,USA,16.5,-117.5,0,0,0,0,0,40.39778,0,22.70222
1980,USA,19.5,-112.5,0,0,0,0,0,0.3706218,0,8.329378
1980,USA,19.5,-111.5,0,0,0,0,0,12.7,0,0
1980,USA,20.5,-110.5,0,0,0,0,0,120.9391,0,15.1609
1980,USA,20.5,-109.5,0,0,0,0,0,95.2,0,4.2
1980,USA,20.5,-108.5,0,0,0,0,0,5,0,0.5
1980,USA,20.5,-107.5,0,0,0,0,0,15.4,0,4.5
1980,USA,21.5,-111.5,0,0,0,0,0,3.6,0,1.8
1980,USA,21.5,-110.5,0,0,0,0,0,24.56669,0,7.633313
1980,USA,21.5,-109.5,0,0,0,0,0,119.6042,0,44.29579
1980,USA,21.5,-108.5,0,0,0,0,0,23.01165,0,6.38835
1980,USA,21.5,-106.5,0,0,0,0,0,0,0,1.8
1980,USA,22.5,-112.5,0,0,0,0,0,3.6,0,0
1980,USA,22.5,-111.5,0,0,0,0,0,15.4,0,0.9
1980,USA,22.5,-109.5,0,0,0,0,0,0.6671193,0,0.2328807
1980,USA,24.5,-113.5,0,0,0,0,0,0,0,0.9
1980,USA,24.5,-112.5,0,0,0,0,0,3.706218,0,1.293782
1980,USA,25.5,-113.5,0,0,0,0,0,16.4,0,6.4
1980,MEX,18.5,-114.5,0,0,0,0,0,1,0,1
1980,MEX,20.5,-110.5,0,0,0,0,0,9,0,0
1980,MEX,21.5,-112.5,0,0,0,0,0,5,0,0
1980,MEX,22.5,-113.5,0,0,0,0,0,16,0,1
1980,MEX,22.5,-112.5,0,0,0,0,0,19,0,0
1980,MEX,23.5,-113.5,0,0,0,0,0,6,0,0
1980,MEX,25.5,-113.5,0,0,0,0,0,5,0,2
1980,USA,16.5,-117.5,0,0,0,0,0,0,0,23.6
1980,USA,18.5,-116.5,0,0,0,0,0,4.743959,0,1.656041
1980,USA,18.5,-114.5,0,0,0,0,0,5,0,10
1980,USA,19.5,-112.5,0,0,0,0,0,0,0,12.7
1980,USA,20.5,-110.5,0,0,0,0,0,76.3,0,0
1980,USA,21.5,-112.5,0,0,0,0,0,8.1,0,0
1980,USA,21.5,-111.5,0,0,0,0,0,7.2,0,0
1980,USA,21.5,-110.5,0,0,0,0,0,0.9,0,0
1980,USA,21.5,-109.5,0,0,0,0,0,0.9,0,0
1980,USA,22.5,-113.5,0,0,0,0,0,48.3,0,0
1980,USA,22.5,-112.5,0,0,0,0,0,145.8,0,1.8
1980,USA,22.5,-111.5,0,0,0,0,0,45.1,0,2
1980,USA,22.5,-110.5,0,0,0,0,0,5.4,0,4.5
1980,USA,23.5,-113.5,0,0,0,0,0,184.2,0,18.9
1980,USA,23.5,-112.5,0,0,0,0,0,11.1,0,0.2
1980,USA,25.5,-114.5,0,0,0,0,0,0.5,0,0
1980,USA,27.5,-115.5,0,0,0,0,0,1.4,0,0
1980,MEX,22.5,-112.5,0,0,0,0,0,6,0,0
1980,MEX,23.5,-113.5,0,0,0,0,0,21,0,0
1980,MEX,23.5,-112.5,0,0,0,0,0,49.62234,0,2.377656
1980,MEX,24.5,-113.5,0,0,0,0,0,2,0,1
1980,MEX,25.5,-113.5,0,0,0,0,0,7.150837,0,0.8491629
1980,USA,19.5,-112.5,0,0,0,0,0,3.6,0,11.7
1980,USA,21.5,-112.5,0,0,0,0,0,31.7,0,0
1980,USA,22.5,-112.5,0,0,0,0,0,5.4,0,1.8
1980,USA,23.5,-113.5,0,0,0,0,0,18.9,0,0
1980,USA,23.5,-112.5,0,0,0,0,0,4.5,0,0.9
1980,USA,25.5,-113.5,0,0,0,0.9,0,0,0,0
1980,USA,29.5,-119.5,0.6,0,0,0,0,0,0,0
1980,USA,30.5,-119.5,2.2,0,0,0,0,0,0,0
1980,USA,31.5,-121.5,2.5,0,0,0,0,0,0,0
1980,USA,32.5,-121.5,3.4,0,0,0,0,0,0,0
1980,USA,33.5,-120.5,1.8,0,0,0,0,0,0,0
1980,MEX,25.5,-113.5,0,0,0,0,0,13.981,0,1.018995
1980,MEX,25.5,-112.5,0,0,0,0,0,13.16033,0,0.3396651
1980,USA,24.5,-112.5,0,0,0,0,0,17.84453,0,11.95547
1980,USA,25.5,-113.5,0,0,0,0,0,7.835597,0,1.164404
1980,USA,25.5,-112.5,0,0,0,0,0,60.15833,0,42.84167
1980,USA,26.5,-112.5,0,0,0,0,0,0.9,0,1.8
1980,USA,27.5,-115.5,0,0,0,0,0,10,0,0
1980,USA,31.5,-123.5,1.4,0,0,0,0,0,0,0
1980,USA,32.5,-123.5,3.4,0,0,0,0,0,0,0
1980,USA,32.5,-122.5,11.1,0,0,0,0,0,0,0
1980,USA,32.5,-121.5,0.2,0,0,0,0,0,0,0
1980,USA,32.5,-120.5,9.1,0,0,0,0,0,0,0
1980,USA,33.5,-124.5,8.7,0,0,0,0,0,0,0
1980,USA,33.5,-122.5,1.7,0,0,0,0,0,0,0
1980,USA,33.5,-121.5,0.9,0,0,0,0,0,0,0
1980,USA,34.5,-121.5,4.1,0,0,0,0,0,0,0
1980,USA,34.5,-119.5,0.2,0,0,0,0,0,0,0
1980,USA,35.5,-123.5,0.2,0,0,0,0,0,0,0
1980,USA,35.5,-122.5,0.5,0,0,0,0,0,0,0
1980,USA,36.5,-123.5,0.6,0,0,0,0,0,0,0
1980,USA,36.5,-122.5,0.6,0,0,0,0,0,0,0
1980,USA,37.5,-124.5,0.2,0,0,0,0,0,0,0
1980,USA,38.5,-124.5,1.1,0,0,0,0,0,0,0
1980,USA,42.5,-140.5,0.2,0,0,0,0,0,0,0
1980,USA,44.5,-126.5,1.8,0,0,0,0,0,0,0
1980,USA,45.5,-147.5,7.2,0,0,0,0,0,0,0
1980,USA,45.5,-143.5,0.2,0,0,0,0,0,0,0
1980,USA,45.5,-141.5,0.2,0,0,0,0,0,0,0
1980,USA,45.5,-140.5,1.6,0,0,0,0,0,0,0
1980,USA,45.5,-135.5,0.6,0,0,0,0,0,0,0
1980,USA,46.5,-127.5,14.5,0,0,0,0,0,0,0
1980,MEX,25.5,-113.5,0,0,0,0,0,8.1,0,0.9
1980,MEX,25.5,-112.5,0,0,0,0,0,2.7,0,0
1980,USA,19.5,-112.5,0,0,0,0,0,2.7,0,12.7
1980,USA,20.5,-113.5,0,0,0,0,0,31.8,0,0
1980,USA,21.5,-113.5,0,0,0,0,0,0.2,0,0
1980,USA,22.5,-112.5,0,0,0,0,0,0.3706218,0,0.1293782
1980,USA,24.5,-112.5,0,0,0,6.3,0,94.81086,0,58.78914
1980,USA,25.5,-113.5,0,0,0,0,0,24.4,0,0
1980,USA,25.5,-112.5,0,0,0,0,0,184.6267,0,51.97327
1980,USA,26.5,-114.5,0,0,0,0,0,0.5,0,0.5
1980,USA,26.5,-113.5,0,0,0,0,0,12.3,0,0.9
1980,USA,27.5,-114.5,0,0,0,0,0,1.037741,0,0.3622589
1980,USA,29.5,-116.5,0,0,0,0,0,0,0,3.6
1980,USA,32.5,-124.5,1.5,0,0,0,0,0,0,0
1980,USA,32.5,-120.5,0.9,0,0,0,0,0,0,0
1980,USA,33.5,-124.5,11.1,0,0,0,0,0,0,0
1980,USA,33.5,-119.5,1.1,0,0,0,0,0,0,0
1980,USA,34.5,-124.5,0.2,0,0,0,0,0,0,0
1980,USA,34.5,-121.5,11.8,0,0,0,0,0,0,0
1980,USA,35.5,-122.5,0.6,0,0,0,0,0,0,0
1980,USA,35.5,-121.5,2.9,0,0,0,0,0,0,0
1980,USA,35.5,-120.5,5.8,0,0,0,0,0,0,0
1980,USA,36.5,-124.5,0.2,0,0,0,0,0,0,0
1980,USA,36.5,-123.5,1.8,0,0,0,0,0,0,0
1980,USA,36.5,-122.5,10.8,0,0,0,0,0,0,0
1980,USA,37.5,-126.5,0.4,0,0,0,0,0,0,0
1980,USA,37.5,-123.5,1.7,0,0,0,0,0,0,0
1980,USA,38.5,-125.5,0.6,0,0,0,0,0,0,0
1980,USA,38.5,-124.5,0.6,0,0,0,0,0,0,0
1980,USA,40.5,-125.5,0.9,0,0,0,0,0,0,0
1980,USA,45.5,-135.5,0.2,0,0,0,0,0,0,0
1980,USA,49.5,-129.5,2.4,0,0,0,0,0,0,0
1980,MEX,24.5,-113.5,0,0,0,0,0,3.2,0,0
1980,MEX,24.5,-112.5,0,0,0,0,0,5.9,0,0.9
1980,MEX,25.5,-113.5,0,0,0,0,0,17.2,0,1.8
1980,MEX,25.5,-112.5,0,0,0,0,0,30,0,1.8
1980,MEX,26.5,-113.5,0,0,0,0,0,0.9,0,0
1980,USA,16.5,-117.5,0,0,0,0,0,0,0,5.4
1980,USA,19.5,-112.5,0,0,0,0,0,28.04803,0,10.95197
1980,USA,20.5,-113.5,0,0,0,0,0,22.7,0,18.2
1980,USA,22.5,-111.5,0,0,0,0,0,0.2,0,0
1980,USA,22.5,-110.5,0,0,0,0,0,0,0,5.4
1980,USA,24.5,-112.5,0,0,0,0,0,46.9782,0,13.4218
1980,USA,25.5,-113.5,0,0,0,0,0,18.30136,0,3.398642
1980,USA,25.5,-112.5,0,0,0,0,0,28.21515,0,5.784848
1980,USA,26.5,-113.5,0,0,0,0,0,1.4,0,0
1980,USA,26.5,-112.5,0,0,0,0,0,0.5,0,0
1980,USA,29.5,-115.5,0,0,0,0,0,2.001358,0,0.6986422
1980,USA,35.5,-125.5,22.9,0,0,0,0,0,0,0
1980,USA,35.5,-122.5,3.2,0,0,0,0,0,0,0
1980,USA,36.5,-122.5,21.8,0,0,0,0,0,0,0
1980,USA,37.5,-126.5,16.6,0,0,0,0,0,0,0
1980,USA,37.5,-125.5,3,0,0,0,0,0,0,0
1980,USA,37.5,-124.5,8.2,0,0,0,0,0,0,0
1980,USA,37.5,-123.5,26.3,0,0,0,0,0,0,0
1980,USA,38.5,-126.5,2.7,0,0,0,0,0,0,0
1980,USA,38.5,-125.5,7.5,0,0,0,0,0,0,0
1980,USA,46.5,-124.5,1.4,0,0,0,0,0,0,0
1980,MEX,19.5,-112.5,0,0,0,0,0,0,0,1
1980,MEX,24.5,-112.5,0,0,0,0,0,2.7,0,2.9
1980,USA,14.5,-112.5,0,0,0,0,0,19.1,0,4.5
1980,USA,14.5,-111.5,0,0,0,0,0,9.1,0,0
1980,USA,17.5,-116.5,0,0,0,0,0,2.001358,0,0.6986422
1980,USA,18.5,-114.5,0,0,0,0,0,1.334239,0,9.565762
1980,USA,19.5,-113.5,0,0,0,0,0,1.334239,0,0.4657615
1980,USA,19.5,-112.5,0,0,0.9,0,0,63.4,0,6.3
1980,USA,21.5,-112.5,0,0,0,0,0,6.4,0,6.4
1980,USA,23.5,-110.5,0,0,0,0,0,2.7,0,0.9
1980,USA,24.5,-112.5,0,0,0,0,0,24.5,0,7.2
1980,USA,26.5,-114.5,0,0,0,5.4,0,0,0,0
1980,USA,27.5,-114.5,0,0,0,0.9,0,0,0,0
1980,USA,35.5,-125.5,2,0,0,0,0,0,0,0
1980,USA,36.5,-122.5,2.8,0,0,0,0,0,0,0
1980,USA,37.5,-126.5,15.6,0,0,0,0,0,0,0
1980,USA,37.5,-125.5,8.2,0,0,0,0,0,0,0
1980,USA,37.5,-124.5,7.4,0,0,0,0,0,0,0
1980,USA,37.5,-123.5,13.6,0,0,0,0,0,0,0
1980,USA,38.5,-127.5,0.5,0,0,0,0,0,0,0
1980,USA,38.5,-126.5,0.5,0,0,0,0,0,0,0
1980,USA,38.5,-125.5,23.1,0,0,0,0,0,0,0
1980,MEX,19.5,-112.5,0,0,0,0,0,35.5,0,9
1980,MEX,24.5,-112.5,0,0,0,0,0,0,0,0
1980,MEX,25.5,-113.5,0,0,0,0,0,0,0,0
1980,MEX,26.5,-113.5,0,0,0,0,0,5,0,0
1980,USA,16.5,-117.5,0,0,0,0,0,0,0,10.6
1980,USA,18.5,-114.5,0,0,0,0,0,0,0,0.2
1980,USA,19.5,-112.5,0,0,0,0,0,45.47684,0,20.82316
1980,USA,19.5,-110.5,0,0,0,0,0,0,0,21.8
1980,USA,25.5,-113.5,0,0,0,0,0,0.5,0,0
1980,USA,25.5,-112.5,0,0,0,0,0,1.834239,0,0.4657615
1980,USA,26.5,-114.5,0,0,0,1.4,0,0,0,0
1980,USA,26.5,-113.5,0,0,0,0,0,1.408363,0,0.4916371
1980,USA,27.5,-114.5,0,0,0,11.7,0,0,0,0
1981,MEX,19.5,-112.5,0,0,0,0,0,17,0,2.9
1981,MEX,24.5,-115.5,0,0,0,0,0,0,0,0
1981,MEX,25.5,-113.5,0,0,0,0,0,0,0,0
1981,USA,18.5,-112.5,0,0,0,0,0,0,0,0.9
1981,USA,19.5,-112.5,0,0,0,0,0,39.12791,0,9.072089
1981,USA,20.5,-112.5,0,0,0,0,0,28.1,0,0
1981,USA,20.5,-111.5,0,0,0,0,0,13.73316,0,0.7668417
1981,USA,21.5,-112.5,0,0,0,0,0,0,0,0.2
1981,USA,25.5,-113.5,0,0,0,0,0,1.495278,0,0.404722
1981,USA,25.5,-112.5,0,0,0,0,0,9.1,0,0
1981,USA,26.5,-113.5,0,0,0,0,0,9.679957,0,2.620043
1981,USA,27.5,-114.5,0,0,0,0,0,10.70304,0,3.296958
1981,MEX,19.5,-112.5,0,0,0,0,0,7,0,2
1981,MEX,20.5,-107.5,0,0,0,0,0,0,0,3
1981,MEX,20.5,-106.5,0,0,0,0,0,0,0,7
1981,MEX,21.5,-106.5,0,0,0,0,0,0,0,1
1981,MEX,25.5,-113.5,0,0,0,0,0,0,0,0
1981,USA,17.5,-119.5,0,0,0,0,0,0,0,58.3
1981,USA,19.5,-112.5,0,0,0,0,0,46.39129,0,5.708711
1981,USA,19.5,-111.5,0,0,0,0,0,2.833158,0,0.7668417
1981,USA,20.5,-112.5,0,0,0,0,0,14.24449,0,3.85551
1981,USA,20.5,-111.5,0,0,0,0,0,11.8,0,0
1981,MEX,18.5,-110.5,0,0,0,0,0,10,0,0
1981,MEX,19.5,-112.5,0,0,0,0,0,0,0,3
1981,MEX,19.5,-110.5,0,0,0,0,0,13,0,1
1981,MEX,20.5,-107.5,0,0,0,0,0,2,0,8.5
1981,MEX,22.5,-111.5,0,0,0,0,0,4.5,0,0
1981,MEX,22.5,-110.5,0,0,0,0,0,0,0,14.5
1981,USA,15.5,-110.5,0,0,0,0,0,13.6,0,0
1981,USA,17.5,-119.5,0,0,0,0,0,0,0,16.3
1981,USA,17.5,-112.5,0,0,0,0,0,0,0,18.1
1981,USA,17.5,-111.5,0,0,0,0,0,0,0,25.4
1981,USA,19.5,-112.5,0,0,0,0,0,19.96936,0,8.030642
1981,USA,21.5,-112.5,0,0,0,0,0,0.7082896,0,0.1917104
1981,MEX,18.5,-110.5,0,0,0,0,0,28.17501,0,7.824986
1981,MEX,19.5,-110.5,0,0,0,0,0,19.26111,0,9.738886
1981,MEX,19.5,-109.5,0,0,0,0,0,16.56528,0,0.4347214
1981,MEX,20.5,-109.5,0,0,0,0,0,16.39167,0,2.608329
1981,MEX,20.5,-108.5,0,0,0,0,0,50.35829,0,12.54171
1981,MEX,20.5,-107.5,0,0,0,0,0,0,0,2
1981,MEX,21.5,-111.5,0,0,0,0,0,20,0,0
1981,MEX,21.5,-107.5,0,0,0,0,0,0,0,9
1981,MEX,22.5,-109.5,0,0,0,0,0,0,0,1
1981,MEX,24.5,-112.5,0,0,0,0,0,0.3565279,0,5.043472
1981,USA,10.5,-109.5,0,0,0,0,0,22.6,0,51.7
1981,USA,17.5,-112.5,0,0,0,0,0,0,0,4.5
1981,USA,18.5,-113.5,0,0,0,0,0,0,0,4.5
1981,USA,18.5,-112.5,0,0,0,0,0,17.7,0,1.4
1981,USA,18.5,-111.5,0,0,0,0,0,47.8489,0,12.95111
1981,USA,18.5,-110.5,0,0,0,0,0,18,0,0
1981,USA,19.5,-112.5,0,0,0,0,0,12.6,0,16.2
1981,USA,19.5,-110.5,0,0,0,0,0,10,0,0
1981,USA,19.5,-108.5,0,0,0,0,0,5.4,0,5.4
1981,USA,19.5,-107.5,0,0,0,0,0,0,0,13.6
1981,USA,19.5,-106.5,0,0,0,0,0,31.78426,0,26.11574
1981,USA,20.5,-112.5,0,0,0,0,0,16.3,0,0
1981,USA,20.5,-109.5,0,0,0,0,0,3.6,0,0
1981,USA,20.5,-107.5,0,0,0,0,0,71.17849,0,66.72151
1981,USA,20.5,-105.5,0,0,0,0,0,0,0,15.4
1981,MEX,18.5,-113.5,0,0,0,0,0,0,0,1
1981,MEX,19.5,-112.5,0,0,0,0,0,2,0,8
1981,MEX,19.5,-110.5,0,0,0,0,0,18,0,11
1981,MEX,19.5,-109.5,0,0,0,0,0,2,0,0
1981,MEX,21.5,-111.5,0,0,0,0,0,73,0,0
1981,MEX,21.5,-109.5,0,0,0,0,0,10,0,0
1981,MEX,21.5,-108.5,0,0,0,0,0,8,0,0
1981,MEX,22.5,-112.5,0,0,0,0,0,15,0,0
1981,MEX,22.5,-111.5,0,0,0,0,0,41,0,0
1981,MEX,23.5,-109.5,0,0,0,0,0,0,0,1
1981,USA,16.5,-117.5,0,0,0,0,0,22.6,0,15.5
1981,USA,18.5,-114.5,0,0,0,0,0,0,0,7.3
1981,USA,18.5,-112.5,0,0,0,0,0,31.3,0,3.2
1981,USA,19.5,-112.5,0,0,0,0,0,16.4,0,0
1981,USA,20.5,-113.5,0,0,0,0,0,39.8,0,15.4
1981,USA,20.5,-112.5,0,0,0,0,0,16.3,0,0
1981,USA,20.5,-110.5,0,0,0,0,0,21.8,0,3.6
1981,USA,21.5,-114.5,0,0,0,0,0,54.4,0,2.7
1981,USA,21.5,-112.5,0,0,0,0,0,20,0,0
1981,USA,21.5,-111.5,0,0,0,0,0,116.0511,0,11.8489
1981,USA,21.5,-110.5,0,0,0,0,0,27.1,0,0
1981,USA,22.5,-112.5,0,0,0,0,0,14.7,0,0
1981,USA,22.5,-111.5,0,0,0,0,0,107.1,0,0
1981,USA,23.5,-112.5,0,0,0,0,0,10.9,0,0
1981,USA,23.5,-110.5,0,0,0,0,0,21.8,0,0
1981,MEX,19.5,-112.5,0,0,0,0,0,0,0,23
1981,MEX,20.5,-111.5,0,0,0,0,0,18,0,0
1981,MEX,20.5,-110.5,0,0,0,0,0,18.9132,0,1.086804
1981,MEX,20.5,-109.5,0,0,0,0,0,31,0,0
1981,MEX,21.5,-112.5,0,0,0,0,0,3,0,0
1981,MEX,21.5,-110.5,0,0,0,0,0,108,0,1
1981,MEX,21.5,-109.5,0,0,0,0,0,4,0,0
1981,MEX,22.5,-111.5,0,0,0,0,0,1,0,3
1981,MEX,23.5,-112.5,0,0,0,0,0,0,0,0.2
1981,USA,19.5,-113.5,0,0,0,0,0,21.7,0,9
1981,USA,19.5,-110.5,0,0,0,0,0,0,0,6.3
1981,USA,20.5,-113.5,0,0,0,0,0,106.1,0,18.9
1981,USA,20.5,-111.5,0,0,0,0,0,6.4,0,0
1981,USA,20.5,-110.5,0,0,0,0,0,73.5,0,0.9
1981,USA,21.5,-111.5,0,0,0,0,0,25.4,0,0
1981,USA,21.5,-110.5,0,0,0,0,0,40.8,0,0
1981,USA,21.5,-109.5,0,0,0,0,0,7.2,0,0
1981,USA,22.5,-111.5,0,0,0,0,0,156.9,0,1.8
1981,USA,23.5,-110.5,0,0,0,0,0,8.2,0,0
1981,USA,24.5,-111.5,0,0,0,0,0,29.1,0,5.4
1981,USA,27.5,-113.5,0,0,0,0,0,10.9,0,0
1981,MEX,20.5,-110.5,0,0,0,0,0,23,0,0
1981,MEX,22.5,-112.5,0,0,0,0,0,44,0,0
1981,MEX,22.5,-111.5,0,0,0,0,0,76.82639,0,2.173607
1981,MEX,23.5,-114.5,0,0,0,0,0,0.5,0,5
1981,MEX,23.5,-113.5,0,0,0,0,0,11.42625,0,2.973748
1981,MEX,23.5,-112.5,0,0,0,0,0,5,0,0
1981,MEX,23.5,-111.5,0,0,0,0,0,12,0,0
1981,MEX,24.5,-113.5,0,0,0,0,0,3.6,0,2.7
1981,MEX,24.5,-112.5,0,0,0,0,0,1.4,0,0
1981,USA,19.5,-112.5,0,0,0,0,0,0,0,7.3
1981,USA,20.5,-112.5,0,0,0,0,0,22.7,0,0
1981,USA,20.5,-110.5,0,0,0,0,0,22.6,0,0
1981,USA,20.5,-109.5,0,0,0,0,0,10.9,0,0
1981,USA,21.5,-112.5,0,0,0,0,0,18.1,0,0
1981,USA,21.5,-111.5,0,0,0,0,0,10.9,0,0
1981,USA,21.5,-110.5,0,0,0,0,0,7.3,0,0
1981,USA,22.5,-113.5,0,0,0,0,0,78.8,0,0
1981,USA,22.5,-112.5,0,0,0,0,0,77.1,0,0.9
1981,USA,22.5,-111.5,0,0,0,0,0,22.7,0,0
1981,USA,22.5,-110.5,0,0,0,0,0,16.3,0,0
1981,USA,23.5,-112.5,0,0,0,0,0,31.7,0,0
1981,USA,24.5,-112.5,0,0,0,10,0,23.6,0,9.1
1981,USA,24.5,-111.5,0,0,0,8.2,0,0,0,0
1981,USA,25.5,-114.5,0,0,0,0,0,11.8,0,0
1981,USA,25.5,-113.5,0,0,0,0,0,10.9,0,0
1981,USA,30.5,-122.5,0.5,0,0,0,0,0,0,0
1981,USA,30.5,-121.5,0.6,0,0,0,0,0,0,0
1981,USA,31.5,-122.5,8.4,0,0,0,0,0,0,0
1981,USA,31.5,-121.5,3.3,0,0,0,0,0,0,0
1981,USA,31.5,-117.5,0.5,0,0,0,0,0,0,0
1981,MEX,21.5,-111.5,0,0,0,0,0,51,0,18
1981,MEX,22.5,-112.5,0,0,0,0,0,2.347918,0,0.6520821
1981,MEX,22.5,-111.5,0,0,0,0,0,76.41807,0,27.78194
1981,MEX,22.5,-110.5,0,0,0,0,0,9.391671,0,2.608329
1981,MEX,23.5,-112.5,0,0,0,0,0,25,0,0
1981,MEX,23.5,-111.5,0,0,0,0,0,8,0,0
1981,MEX,24.5,-115.5,0,0,0,0,0,8,0,32
1981,MEX,24.5,-113.5,0,0,0,0,0,3,0,1
1981,MEX,24.5,-112.5,0,0,0,0,0,19.39167,0,7.608329
1981,MEX,25.5,-113.5,0,0,0,1,0,8,0,0
1981,USA,21.5,-109.5,0,0,0,0,0,10.62434,0,2.875657
1981,USA,22.5,-112.5,0,0,0,0,0,20.8,0,0
1981,USA,22.5,-111.5,0,0,0,0,0,20.5829,0,1.917104
1981,USA,23.5,-112.5,0,0,0,0,0,77.46107,0,6.038931
1981,USA,23.5,-111.5,0,0,0,0,0,77.52487,0,0.5751313
1981,USA,24.5,-113.5,0,0,0,0,0,22.11437,0,5.985626
1981,USA,24.5,-112.5,0,0,0,0,0,18.57293,0,5.027073
1981,USA,26.5,-114.5,0,0,0,0,0,1.416579,0,0.3834209
1981,USA,31.5,-124.5,15,0,0,0,0,0,0,0
1981,USA,31.5,-122.5,5.4,0,0,0,0,0,0,0
1981,USA,32.5,-124.5,12.2,0,0,0,0,0,0,0
1981,USA,32.5,-123.5,22.7,0,0,0,0,0,0,0
1981,USA,32.5,-122.5,0.2,0,0,0,0,0,0,0
1981,USA,33.5,-124.5,16.3,0,0,0,0,0,0,0
1981,USA,33.5,-123.5,13.5,0,0,0,0,0,0,0
1981,USA,33.5,-121.5,12.1,0,0,0,0,0,0,0
1981,USA,35.5,-124.5,0.2,0,0,0,0,0,0,0
1981,USA,35.5,-121.5,0.5,0,0,0,0,0,0,0
1981,USA,36.5,-124.5,7.1,0,0,0,0,0,0,0
1981,USA,37.5,-125.5,3.8,0,0,0,0,0,0,0
1981,USA,37.5,-124.5,5.8,0,0,0,0,0,0,0
1981,USA,39.5,-125.5,0.9,0,0,0,0,0,0,0
1981,USA,40.5,-126.5,1.1,0,0,0,0,0,0,0
1981,USA,40.5,-125.5,0.5,0,0,0,0,0,0,0
1981,MEX,22.5,-111.5,0,0,0,0,0,21,0,1
1981,MEX,23.5,-112.5,0,0,0,0,0,37,0,1
1981,MEX,24.5,-113.5,0,0,0,0,0,37.19584,0,4.304164
1981,MEX,24.5,-112.5,0,0,0,0,0,6,0,5
1981,MEX,25.5,-113.5,0,0,0,0,0,177.2403,0,13.25971
1981,MEX,25.5,-112.5,0,0,0,0,0,32.39238,0,16.60763
1981,MEX,26.5,-114.5,0,0,0,0,0,3,0,0
1981,MEX,26.5,-113.5,0,0,0,0,0,8.5,0,0
1981,USA,19.5,-112.5,0,0,0,0,0,0,0,14.5
1981,USA,24.5,-113.5,0,0,0,0,0,17.52487,0,0.5751313
1981,USA,24.5,-112.5,0,0,0,0,0,57.76159,0,7.338406
1981,USA,25.5,-113.5,0,0,0,0,0,198.1909,0,20.60913
1981,USA,25.5,-112.5,0,0,0,0,0,4.249737,0,1.150263
1981,USA,32.5,-122.5,0.2,0,0,0,0,0,0,0
1981,USA,33.5,-124.5,0.5,0,0,0,0,0,0,0
1981,USA,33.5,-123.5,22.2,0,0,0,0,0,0,0
1981,USA,33.5,-122.5,0.5,0,0,0,0,0,0,0
1981,USA,34.5,-123.5,0.6,0,0,0,0,0,0,0
1981,USA,36.5,-124.5,6.7,0,0,0,0,0,0,0
1981,USA,37.5,-124.5,1.4,0,0,0,0,0,0,0
1981,USA,38.5,-125.5,37.9,0,0,0,0,0,0,0
1981,USA,39.5,-125.5,24.1,0,0,0,0,0,0,0
1981,USA,39.5,-124.5,68.5,0,0,0,0,0,0,0
1981,MEX,18.5,-110.5,0,0,0,0,0,0,0,4.5
1981,MEX,19.5,-110.5,0,0,0,0,0,0,0,33
1981,MEX,23.5,-112.5,0,0,0,0,0,6,0,0
1981,MEX,24.5,-113.5,0,0,0,0,0,3,0,0
1981,MEX,24.5,-112.5,0,0,0,0,0,4.347918,0,0.6520821
1981,MEX,25.5,-114.5,0,0,0,0,0,1,0,1
1981,MEX,25.5,-113.5,0,0,0,0,0,11,0,0
1981,MEX,25.5,-112.5,0,0,0,0,0,8,0,0
1981,MEX,26.5,-114.5,0,0,0,0,0,41.4566,0,1.043402
1981,MEX,26.5,-113.5,0,0,0,0,0,21.86528,0,6.434721
1981,USA,20.5,-110.5,0,0,0,0,0,0.9,0,0
1981,USA,24.5,-112.5,0,0,0,0,0,69.9,0,16.3
1981,USA,25.5,-113.5,0,0,0,0,0,56.44281,0,8.95719
1981,USA,25.5,-112.5,0,0,0,0,0,10,0,0
1981,USA,25.5,-110.5,0,0,0,0,0,9,0,4.5
1981,USA,26.5,-114.5,0,0,0,0,0,27.90829,0,0.1917104
1981,USA,26.5,-113.5,0,0,0,0,0,3.6,0,0
1981,USA,37.5,-126.5,4.5,0,0,0,0,0,0,0
1981,USA,38.5,-125.5,4.8,0,0,0,0,0,0,0
1981,USA,38.5,-124.5,38.1,0,0,0,0,0,0,0
1981,USA,39.5,-125.5,4.3,0,0,0,0,0,0,0
1981,USA,39.5,-124.5,40.5,0,0,0,0,0,0,0
1981,MEX,19.5,-112.5,0,0,0,0,0,8,0,6
1981,MEX,24.5,-113.5,0,0,0,0,0,0.5,0,0
1981,MEX,24.5,-112.5,0,0,0,0,0,5,0,1
1981,MEX,25.5,-113.5,0,0,0,0,0,15.2,0,1.2
1981,MEX,25.5,-112.5,0,0,0,0,0,17.2,0,14.5
1981,MEX,26.5,-116.5,0,0,0,0,0,6,0,4
1981,MEX,26.5,-114.5,0,0,0,0,0,4,0,0
1981,MEX,26.5,-113.5,0,0,0,0,0,82.72639,0,3.373607
1981,MEX,27.5,-115.5,0,0,0,0,0,15.5,0,0
1981,MEX,27.5,-114.5,0,0,0,0,0,17,0,0
1981,USA,16.5,-117.5,0,0,0,0,0,67.2,0,3.6
1981,USA,20.5,-110.5,0,0,0,0,0,35.4,0,5.4
1981,USA,25.5,-113.5,0,0,0,0,0,1.8,0,0
1981,USA,25.5,-112.5,0,0,0,0,0,22.5,0,14.3
1981,USA,25.5,-110.5,0,0,0,0,0,5.4,0,1.8
1981,USA,26.5,-113.5,0,0,0,0,0,0,0,0.5
1981,USA,27.5,-115.5,0,0,0,0,0,8.5,0,0
1981,USA,28.5,-115.5,0,0,0,0,0,3.6,0,0
1981,MEX,19.5,-112.5,0,0,0,0,0,0,0,0.9
1981,MEX,23.5,-111.5,0,0,0,0,0,0,0,20
1981,MEX,25.5,-113.5,0,0,0,0,0,7.5,0,0
1981,MEX,25.5,-112.5,0,0,0,0,0,3,0,0
1981,MEX,26.5,-114.5,0,0,0,0,0,12.5,0,33.5
1981,MEX,26.5,-113.5,0,0,0,0,0,27.47848,0,13.42153
1981,USA,16.5,-117.5,0,0,0,0,0,0,0,0.9
1981,USA,19.5,-112.5,0,0,0,0,0,0,0,10.8
1981,USA,21.5,-112.5,0,0,0,0,0,18.2,0,0
1981,USA,21.5,-111.5,0,0,0,0,0,36.8,0,0
1981,USA,22.5,-112.5,0,0,0,0,0,50.8,0,0
1981,USA,22.5,-111.5,0,0,0,0,0,22.5,0,2.7
1981,USA,23.5,-111.5,0,0,0,0,0,0,0,4.5
1981,USA,25.5,-113.5,0,0,0,0,0,12.2,0,18.9
1981,USA,25.5,-112.5,0,0,0,0,0,5.9,0,0
1981,USA,26.5,-114.5,0,0,0,0,0,10.1,0,12.8
1981,USA,26.5,-113.5,0,0,0,0,0,21.7,0,8.1
1981,USA,27.5,-114.5,0,0,0,6.4,0,0,0,0
1982,MEX,16.5,-117.5,0,0,0,0,0,11.09109,0,5.208907
1982,MEX,18.5,-112.5,0,0,0,0,0,18.1,0,0
1982,MEX,19.5,-112.5,0,0,0,0,0,17.55523,0,8.244772
1982,MEX,22.5,-111.5,0,0,0,0,0,3,0,0
1982,MEX,23.5,-111.5,0,0,0,0,0,0,0,16
1982,MEX,24.5,-113.5,0,0,0,0,0,0,0,4
1982,MEX,10.5,-109.5,0,0,0,0,0,0,0,30
1982,MEX,18.5,-111.5,0,0,0,0,0,11,0,1
1982,MEX,19.5,-112.5,0,0,0,0,0,6.19196,0,2.90804
1982,MEX,19.5,-111.5,0,0,0,0,0,10.4787,0,4.921298
1982,MEX,19.5,-110.5,0,0,0,0,0,0,0,1
1982,USA,16.5,-117.5,0,0,0,0,0,0.5,0,3.6
1982,USA,19.5,-112.5,0,0,0,0,0,5.4,0,0
1982,MEX,10.5,-109.5,0,0,0,0,0,0,0,0.5
1982,MEX,10.5,-108.5,0,0,0,0,0,2,0,1
1982,MEX,11.5,-109.5,0,0,0,0,0,2,0,0.5
1982,MEX,12.5,-111.5,0,0,0,0,0,1,0,0
1982,MEX,16.5,-106.5,0,0,0,0,0,0.5,0,0
1982,MEX,18.5,-112.5,0,0,0,0,0,0,0,4
1982,MEX,19.5,-112.5,0,0,0,0,0,21.5,0,16.5
1982,MEX,19.5,-110.5,0,0,0,0,0,26,0,6.5
1982,MEX,20.5,-111.5,0,0,0,0,0,7.763046,0,7.236954
1982,MEX,20.5,-110.5,0,0,0,0,0,7.041306,0,1.958694
1982,MEX,20.5,-109.5,0,0,0,0,0,5.2,0,5
1982,MEX,21.5,-111.5,0,0,0,0,0,56,0,12
1982,MEX,21.5,-109.5,0,0,0,0,0,1.020653,0,0.4793472
1982,USA,18.5,-110.5,0,0,0,0,0,5.4,0,0
1982,USA,19.5,-108.5,0,0,0,0,0,2.7,0,0
1982,USA,20.5,-107.5,0,0,0,0,0,10.9,0,2.7
1982,USA,21.5,-111.5,0,0,0,0,0,22.7,0,13.6
1982,MEX,19.5,-112.5,0,0,0,0,0,0,0,1
1982,MEX,19.5,-110.5,0,0,0,0,0,14,0,10
1982,MEX,20.5,-110.5,0,0,0,0,0,10.7,0,0
1982,MEX,20.5,-109.5,0,0,0,0,0,0.2,0,0
1982,MEX,21.5,-112.5,0,0,0,0,0,1,0,0
1982,MEX,21.5,-111.5,0,0,0,0,0,1,0,1
1982,MEX,21.5,-110.5,0,0,0,0,0,29.36087,0,3.63913
1982,MEX,22.5,-110.5,0,0,0,0,0,3,0,0
1982,USA,19.5,-109.5,0,0,0,0,0,2.7,0,0
1982,USA,20.5,-110.5,0,0,0,0,0,11.8,0,9.9
1982,USA,21.5,-110.5,0,0,0,0,0,8.2,0,0
1982,MEX,17.5,-115.5,0,0,0,0,0,32,0,0
1982,MEX,20.5,-110.5,0,0,0,0,0,0.5,0,0
1982,MEX,20.5,-109.5,0,0,0,0,0,1,0,0
1982,MEX,21.5,-111.5,0,0,0,0,0,6.061958,0,1.438042
1982,MEX,21.5,-110.5,0,0,0,0,0,15,0,0
1982,MEX,22.5,-113.5,0,0,0,0,0,5,0,0
1982,MEX,22.5,-112.5,0,0,0,0,0,44,0,0
1982,MEX,23.5,-112.5,0,0,0,0,0,2,0,0
1982,MEX,24.5,-112.5,0,0,0,0,0,8.50544,0,3.99456
1982,USA,19.5,-112.5,0,0,0,0,0,0,0,1
1982,USA,21.5,-111.5,0,0,0,0,0,41.7,0,0
1982,USA,21.5,-110.5,0,0,0,0,0,20.8,0,0
1982,USA,22.5,-111.5,0,0,0,0,0,5,0,0
1982,USA,24.5,-113.5,0,0,0,0,0,6.3,0,1.8
1982,USA,25.5,-114.5,0,0,0,0,0,4.5,0,0
1982,USA,25.5,-112.5,0,0,0,0,0,9.1,0,0
1982,MEX,21.5,-113.5,0,0,0,0,0,15,0,0
1982,MEX,22.5,-113.5,0,0,0,0,0,90,0,0
1982,MEX,22.5,-112.5,0,0,0,0,0,229,0,0
1982,MEX,23.5,-112.5,0,0,0,0,0,3,0,0
1982,MEX,24.5,-112.5,0,0,0,0,0,1.36087,0,0.6391296
1982,USA,22.5,-112.5,0,0,0,0,0,49.9,0,0.9
1982,USA,22.5,-111.5,0,0,0,0,0,16.3,0,0
1982,USA,22.5,-110.5,0,0,0,0,0,22.03491,0,9.765087
1982,USA,23.5,-113.5,0,0,0,0,0,4.5,0,0
1982,USA,23.5,-112.5,0,0,0,0,0,26.3,0,0
1982,USA,24.5,-112.5,0,0,0,0,0,12.6,0,4.5
1982,USA,30.5,-122.5,0.2,0,0,0,0,0,0,0
1982,USA,30.5,-116.5,2,0,0,0,0,0,0,0
1982,MEX,19.5,-112.5,0,0,0,0,0,2,0,4
1982,MEX,22.5,-113.5,0,0,0,0,0,60,0,0
1982,MEX,22.5,-111.5,0,0,0,0,0,0,0,1
1982,MEX,23.5,-112.5,0,0,0,0,0,25.33044,0,56.66956
1982,MEX,23.5,-111.5,0,0,0,0,0,31.41306,0,15.58694
1982,MEX,24.5,-113.5,0,0,0,0,0,21,0,0
1982,MEX,25.5,-113.5,0,0,0,0,0,15.67435,0,6.72565
1982,MEX,26.5,-114.5,0,0,0,0,0,6,0,5
1982,MEX,26.5,-112.5,0,0,0,0,0,12,0,0
1982,USA,22.5,-113.5,0,0,0,0,0,46.2,0,0
1982,USA,22.5,-112.5,0,0,0,0,0,10.04737,0,4.452634
1982,USA,23.5,-113.5,0,0,0,0,0,17.2,0,6.3
1982,USA,23.5,-112.5,0,0,0,0,0,4.5,0,87.1
1982,USA,24.5,-112.5,0,0,0,0,0,19.4711,0,8.628898
1982,USA,25.5,-114.5,0,0,0,0,0,16.3,0,12.7
1982,USA,25.5,-113.5,0,0,0,0,0,1.8,0,1.8
1982,USA,26.5,-114.5,0,0,0,0,0,4.5,0,0
1982,USA,27.5,-116.5,0,0,0,0,0,6.3,0,0
1982,USA,36.5,-122.5,1.2,0,0,0,0,0,0,0
1982,USA,38.5,-124.5,1.7,0,0,0,0,0,0,0
1982,USA,42.5,-127.5,1.5,0,0,0,0,0,0,0
1982,MEX,24.5,-114.5,0,0,0,0,0,30.09349,0,13.90651
1982,MEX,24.5,-113.5,0,0,0,0,0,112.1196,0,34.38042
1982,MEX,24.5,-112.5,0,0,0,0,0,4.721741,0,1.278259
1982,MEX,25.5,-114.5,0,0,0,0,0,16.94892,0,7.551079
1982,MEX,25.5,-113.5,0,0,0,0,0,23.80435,0,20.69565
1982,MEX,26.5,-113.5,0,0,0,0,0,0,0,0.5
1982,USA,23.5,-112.5,0,0,0,0,0,0.3464609,0,0.1535391
1982,USA,24.5,-115.5,0,0,0,0,0,0,0,5.4
1982,USA,24.5,-113.5,0,0,0,0,0,0,0,0.9
1982,USA,25.5,-115.5,0,0,0,0,0,13.6,0,0
1982,USA,25.5,-114.5,0,0,0,0,0,2.7,0,0.9
1982,USA,25.5,-113.5,0,0,0,0,0,65.2,0,59.8
1982,USA,26.5,-116.5,0,0,0,0,0,12.47259,0,5.527408
1982,USA,26.5,-114.5,0,0,0,0,0,0.5,0,0
1982,USA,28.5,-117.5,0,0,0,0,0,7.3,0,0
1982,USA,28.5,-116.5,0,8.1,0,0,0,46.8,0,17.1
1982,USA,29.5,-116.5,0,0,0,0,0,18.2,0,0
1982,USA,30.5,-119.5,4.5,0,0,0,0,0,0,0
1982,USA,30.5,-118.5,2.6,0,0,0,0,0,0,0
1982,USA,33.5,-121.5,8.8,0,0,0,0,0,0,0
1982,USA,33.5,-118.5,0.2,0,0,0,0,0,0,0
1982,USA,44.5,-145.5,7.3,0,0,0,0,0,0,0
1982,MEX,25.5,-114.5,0,0,0,0,0,59.6087,0,26.3913
1982,MEX,25.5,-113.5,0,0,0,0,0,2,0,1
1982,MEX,26.5,-114.5,0,0,0,0,0,20.05219,0,9.947815
1982,MEX,27.5,-115.5,0,0,0,0,0,8,0,2
1982,USA,25.5,-114.5,0,0,0,0,0,35.55285,0,11.44715
1982,USA,25.5,-113.5,0,0,0,0,0,2.7,0,0
1982,USA,26.5,-114.5,0,0,0,0,0,81.68558,0,30.51442
1982,USA,27.5,-115.5,0,0,0,0,0,13.85285,0,6.947153
1982,USA,27.5,-114.5,0,0,0,0,0,4.1,0,0
1982,USA,28.5,-116.5,0,0,0,0,0,15.72932,0,6.970675
1982,USA,28.5,-115.5,0,0,0,0,0,23.44188,0,12.85812
1982,USA,29.5,-116.5,3.6,0,0,0,0,4.5,0,5.4
1982,USA,29.5,-115.5,0,0,0,0,0,6.3,0,4.5
1982,USA,32.5,-121.5,1,0,0,0,0,0,0,0
1982,USA,32.5,-118.5,3.5,0,0,0,0,0,0,0
1982,USA,37.5,-124.5,8.3,0,0,0,0,0,0,0
1982,USA,44.5,-124.5,7.3,0,0,0,0,0,0,0
1982,MEX,19.5,-112.5,0,0,0,0,0,2,0,4
1982,MEX,27.5,-115.5,0,0,0,0,0,1,0,2
1982,MEX,27.5,-114.5,0,0,0,0,0,2,0,3
1982,MEX,28.5,-116.5,0,0,0,0,0,5,0,6
1982,MEX,28.5,-115.5,0,0,0,0,0,18,0,0
1982,USA,25.5,-113.5,0,0,0,0,0,0,0,2.7
1982,USA,26.5,-114.5,0,0,0,0,0,14.68914,0,8.810857
1982,USA,27.5,-115.5,0,0,0,0,0,57.10719,0,24.39281
1982,USA,27.5,-114.5,0,0,0,0,0,46.31826,0,34.18174
1982,USA,28.5,-116.5,0,0,0,0,0,34.66562,0,9.73438
1982,USA,28.5,-115.5,0,0,0,0,0,58.02943,0,23.57057
1982,USA,29.5,-116.5,0,0,0,0,0,16.21277,0,9.087227
1982,USA,31.5,-118.5,0.2,0,0,0,0,0,0,0
1982,USA,33.5,-123.5,0.2,0,0,0,0,0,0,0
1982,USA,35.5,-123.5,0.2,0,0,0,0,0,0,0
1982,USA,37.5,-124.5,1.5,0,0,0,0,0,0,0
1982,USA,40.5,-124.5,0.2,0,0,0,0,0,0,0
1982,USA,44.5,-126.5,17.5,0,0,0,0,0,0,0
1982,MEX,18.5,-112.5,0,0,0,0,0,1.701088,0,0.798912
1982,MEX,19.5,-112.5,0,0,0,0,0,8.50544,0,3.99456
1982,MEX,22.5,-109.5,0,0,0,0,0,0,0,0.5
1982,MEX,23.5,-111.5,0,0,0,0,0,0,0,4.5
1982,MEX,23.5,-110.5,0,0,0,0,0,0,0,3
1982,MEX,27.5,-115.5,0,0,0,0,0,3,0,0
1982,MEX,27.5,-114.5,0,0,0,0,0,1.701088,0,0.798912
1982,USA,19.5,-112.5,0,0,0,0,0,32.63103,0,16.16897
1982,USA,26.5,-114.5,0,0,0,0,0,14.4,0,3.6
1982,USA,27.5,-114.5,0,0,0,0,0,23.5,0,13.6
1982,USA,28.5,-116.5,0,0,0,0,0,1.8,0,0
1982,USA,28.5,-115.5,0,0,0,0,0,12.85833,0,2.241671
1982,MEX,19.5,-112.5,0,0,0,0,0,10.88696,0,5.113037
1982,MEX,26.5,-114.5,0,0,0,0,0,7,0,3.9
1982,USA,16.5,-117.5,0,0,0,0,0,27.7,0,1.8
1982,USA,17.5,-115.5,0,0,0,0,0,3.2,0,0
1982,USA,18.5,-114.5,0,0,0,0,0,12.7,0,0
1982,USA,19.5,-112.5,0,0,0,0,0,10.671,0,9.229005
1982,USA,25.5,-115.5,0,0,0,0,0,4.365407,0,1.934593
1982,USA,27.5,-114.5,0,0,0,0,0,27.61815,0,19.58185
1982,USA,28.5,-116.5,0,0,0,0,0,0,0,1.4
1982,USA,28.5,-115.5,0,0,0,0,0,6,0,0
1983,MEX,23.5,-113.5,0,0,0,0,0,2.073496,0,1.926504
1983,MEX,23.5,-111.5,0,0,0,0,0,0,0,4
1983,MEX,24.5,-113.5,0,0,0,0,0,6.22049,0,5.77951
1983,USA,16.5,-117.5,0,0,0,0,0,9.022887,0,9.077112
1983,USA,17.5,-117.5,0,0,0,0,0,1.8,0,0
1983,USA,17.5,-114.5,0,0,0,0,0,1.8,0,0
1983,USA,18.5,-116.5,0,0,0,0,0,0,0,6.4
1983,USA,19.5,-112.5,0,0,0,0,0,0,0,10
1983,USA,26.5,-114.5,0,0,0,0,0,0,0,4.1
1983,USA,27.5,-115.5,0,0,0,0,0,8.1,0,34.4
1983,USA,27.5,-114.5,0,0,0,0,0,3.934331,0,4.165668
1983,MEX,18.5,-115.5,0,0,0,0,0,18,0,1
1983,MEX,18.5,-114.5,0,0,0,0,0,4,0,0
1983,MEX,22.5,-110.5,0,0,0,0,0,0,0,2
1983,MEX,25.5,-113.5,0,0,0,0,0,8,0,4
1983,MEX,25.5,-112.5,0,0,0,0,0,5,0,2
1983,MEX,26.5,-114.5,0,0,0,0,0,0,0,2
1983,MEX,26.5,-113.5,0,0,0,0,0,5,0,9
1983,USA,24.5,-112.5,0,0,0,0,0,6.217373,0,7.382627
1983,USA,26.5,-114.5,0,0,0,0,0,8.874296,0,60.9257
1983,USA,26.5,-113.5,0,0,0,0,0,63.82491,0,114.4751
1983,USA,27.5,-115.5,0,0,0,0,0,0,0,8.2
1983,USA,27.5,-114.5,0,0,0,0,0,2.697243,0,3.202757
1983,USA,16.5,-117.5,0,0,0,0,0,7.9,0,7.9
1983,USA,19.5,-112.5,0,0,0,0,0,0.9,0,0
1983,USA,23.5,-112.5,0,0,0,0,0,0.9,0,0
1983,USA,24.5,-113.5,0,0,0,0,0,0.9,0,2.7
1983,MEX,23.5,-113.5,0,0,0,0,0,24.84911,0,30.15089
1983,MEX,23.5,-112.5,0,0,0,0,0,16.03675,0,27.96325
1983,MEX,23.5,-111.5,0,0,0,0,0,9.330734,0,21.46926
1983,MEX,24.5,-113.5,0,0,0,0,0,6.036748,0,9.963252
1983,USA,16.5,-117.5,0,0,0,0,0,36.2,0,0
1983,USA,19.5,-112.5,0,0,0,0,0,0.9,0,0
1983,USA,19.5,-111.5,0,0,0,0,0,0.9,0,0
1983,USA,23.5,-113.5,0,0,0,0,0,46.2,0,31.6
1983,USA,23.5,-112.5,0,0,0,0,0,95.58604,0,167.214
1983,USA,23.5,-111.5,0,0,0,0,0,19.22882,0,83.17118
1983,USA,24.5,-114.5,0,0,0,0,0,14.5,0,7.2
1983,USA,24.5,-113.5,0,0,0,0,0,27.85722,0,40.54278
1983,USA,24.5,-112.5,0,0,0,0,0,6.068663,0,20.13134
1983,USA,24.5,-111.5,0,0,0,0,0,6.3,0,39.9
1983,USA,25.5,-112.5,0,0,0,0,0,0,0,1.8
1983,MEX,23.5,-113.5,0,0,0,0,0,5,0,7
1983,MEX,23.5,-112.5,0,0,0,0,0,3,0,13
1983,MEX,23.5,-111.5,0,0,0,0,0,5.784131,0,42.51587
1983,MEX,24.5,-113.5,0,0,0,0,0,35.93575,0,68.66425
1983,MEX,24.5,-112.5,0,0,0,0,0,10.77561,0,21.22439
1983,USA,23.5,-113.5,0,0,0,0,0,0,0,1.8
1983,USA,23.5,-112.5,0,0,0,0,0,30.30042,0,46.69958
1983,USA,23.5,-111.5,0,0,0,0,0,38.88052,0,85.11948
1983,USA,24.5,-113.5,0,0,0,0,0,87.90172,0,154.6983
1983,USA,24.5,-112.5,0,0,0,0,0,39.91503,0,62.68497
1983,USA,24.5,-111.5,0,0,0,0,0,0,0,1.8
1983,USA,27.5,-114.5,0,0,0,0,0,4.5,0,19.1
1983,USA,28.5,-114.5,0,0,0,0,0,4.160154,0,4.939846
1983,MEX,24.5,-113.5,0,0,0,0,0,5.628619,0,24.37138
1983,MEX,24.5,-112.5,0,0,0,0,0,15.95935,0,71.04065
1983,MEX,25.5,-113.5,0,0,0,0,0,0,0,7
1983,MEX,25.5,-112.5,0,0,0,0,0,0,0,12
1983,MEX,26.5,-113.5,0,0,0,0,0,3,0,0
1983,USA,24.5,-120.5,0,0,0,0,0,0,0,9
1983,USA,24.5,-115.5,0,0,0,0,0,10,0,22.7
1983,USA,24.5,-114.5,0,0,0,0,0,10.15722,0,7.842781
1983,USA,24.5,-113.5,0,0,0,0,0,44.80065,0,58.89935
1983,USA,24.5,-112.5,0,0,0,0,0,47.14109,0,75.75891
1983,USA,25.5,-114.5,0,0,0,0,0,19.40892,0,19.39108
1983,USA,25.5,-113.5,0,0,0,0,0,56.78363,0,105.1164
1983,USA,25.5,-112.5,0,0,0,0,0,2.8,0,5
1983,USA,26.5,-114.5,0,0,0,0,0,16.63181,0,19.46819
1983,USA,26.5,-113.5,0,0,0,0,0,33.45464,0,81.64536
1983,USA,28.5,-114.5,0,0,0,0,0,12.89191,0,15.30809
1983,USA,29.5,-118.5,5.9,0,0,0,0,0,0,0
1983,USA,30.5,-117.5,0.8,0,0,0,0,0,0,0
1983,MEX,23.5,-113.5,0,0,0,0,0,2.591871,0,2.408129
1983,MEX,24.5,-113.5,0,0,0,0,0,5.646993,0,5.353007
1983,MEX,25.5,-114.5,0,0,0,0,0,6.738863,0,6.261137
1983,MEX,25.5,-113.5,0,0,0,0,0,2.7,0,0.5
1983,MEX,26.5,-114.5,0,0,0,0,0,23.32684,0,48.17316
1983,MEX,27.5,-115.5,0,0,0,0,0,10.10367,0,8.096325
1983,MEX,27.5,-114.5,0,0,0,0,0,23.36553,0,39.13447
1983,USA,23.5,-120.5,0,0,0,0,0,0,0,4.5
1983,USA,23.5,-113.5,0,0,0,0,0,0.9,0,0.2
1983,USA,23.5,-110.5,0,0,0,0,0,1.874355,0,2.225645
1983,USA,24.5,-120.5,0,0,0,0,0,4.5,0,0
1983,USA,24.5,-115.5,0,0,0,0,0,14.85482,0,17.04518
1983,USA,24.5,-114.5,0,0,0,0,0,16.44619,0,15.75381
1983,USA,24.5,-113.5,0,0,0,0,0,56.67747,0,35.72253
1983,USA,24.5,-112.5,0,0,0,0,0,11.70881,0,7.491195
1983,USA,25.5,-115.5,0,0,0,0,0,40.18435,0,47.71565
1983,USA,25.5,-114.5,0,0,0,0,0,48.15823,0,57.24177
1983,USA,25.5,-113.5,0,0,0,0,0,42.27753,0,33.42247
1983,USA,26.5,-116.5,0,0,0,0,0,1.6,0,0
1983,USA,26.5,-115.5,0,0,0,0,0,13.6,0,16.2
1983,USA,26.5,-114.5,0,0,0,0,0,24.49197,0,37.20803
1983,USA,26.5,-112.5,0,0,0,0,0,5.623066,0,6.676934
1983,USA,27.5,-117.5,0,0,0,0,0,0.7,0,0
1983,USA,27.5,-115.5,0,0,0,0,0,70.86398,0,118.436
1983,USA,27.5,-114.5,0,0,0,0,0,83.98165,0,161.5184
1983,USA,28.5,-115.5,0,0,0,0,0,6.720249,0,7.979751
1983,USA,30.5,-116.5,0,0,0,0,0,0.8228877,0,0.9771124
1983,USA,32.5,-120.5,1.9,0,0,0,0,0,0,0
1983,USA,32.5,-119.5,0.9,0,0,0,0,0,0,0
1983,MEX,27.5,-115.5,0,0,0,0,0,44,0,30
1983,MEX,27.5,-114.5,0,0,0,0,0,3,0,0
1983,MEX,28.5,-116.5,0,0,0,0,0,0,0,6
1983,MEX,28.5,-115.5,0,0,0,0,0,144.5551,0,18.44488
1983,MEX,29.5,-116.5,0,0,0,0,0,0,0,3
1983,MEX,30.5,-116.5,0,0,0,0,0,13.36748,0,16.63252
1983,MEX,31.5,-117.5,0,0,0,0,0,0,0,5
1983,USA,24.5,-115.5,0,0,0,0,0,9.966084,0,11.83392
1983,USA,25.5,-115.5,0,0,0,0,0,6.217373,0,7.382627
1983,USA,26.5,-114.5,0,0,0,0,0,15.77201,0,18.72799
1983,USA,27.5,-115.5,0,0,0,0,0,12.44302,0,14.15698
1983,USA,27.5,-114.5,0,0,0,0,0,10.42324,0,12.37676
1983,USA,28.5,-115.5,0,12.6,0,0,0,170.7352,0,142.2648
1983,USA,29.5,-117.5,0,0,0,0,0,0.4114438,0,0.4885562
1983,USA,29.5,-116.5,0,0,0,0,0,14.90341,0,21.29659
1983,USA,29.5,-115.5,0,0,0,0,0,1.325763,0,1.574237
1983,USA,30.5,-117.5,0,0,0,0,0,1.234331,0,1.465668
1983,USA,30.5,-116.5,0,0,0,0,0,45.87848,0,123.5215
1983,USA,31.5,-117.5,0,0,0,0,0,10.65182,0,12.64818
1983,USA,31.5,-116.5,0,0,0,0,0,8.660154,0,22.23985
1983,USA,32.5,-117.5,0,0.5,0,0,0,4.802995,0,9.097006
1983,USA,33.5,-121.5,1.8,0,0,0,0,0,0,0
1983,USA,34.5,-123.5,0.2,0,0,0,0,0,0,0
1983,USA,34.5,-122.5,0.4,0,0,0,0,0,0,0
1983,USA,34.5,-121.5,2.4,0,0,0,0,0,0,0
1983,USA,35.5,-122.5,0.9,0,0,0,0,0,0,0
1983,USA,35.5,-121.5,0.5,0,0,0,0,0,0,0
1983,USA,36.5,-123.5,1.5,0,0,0,0,0,0,0
1983,USA,36.5,-122.5,3.3,0,0,0,0,0,0,0
1983,MEX,27.5,-115.5,0,0,0,0,0,2.591871,0,2.408129
1983,MEX,28.5,-115.5,0,0,0,0,0,105.1634,0,44.33658
1983,MEX,29.5,-115.5,0,0,0,0,0,2,0,1
1983,USA,25.5,-115.5,0,0,0,0,0,4.5,0,0
1983,USA,26.5,-114.5,0,0,0,0,0,1.645775,0,1.954225
1983,USA,27.5,-115.5,0,0,0,0,0,3.931574,0,4.668426
1983,USA,28.5,-116.5,0,0,0,0,0,15.4716,0,14.0284
1983,USA,28.5,-115.5,0,2.7,0,0,0,189.0483,0,146.3517
1983,USA,29.5,-117.5,0,0,0,0,0,0,0,2.7
1983,USA,29.5,-116.5,0,0,0,0,0,7.423066,0,9.376934
1983,USA,29.5,-115.5,0,0,0,0,0,10.79724,0,6.802757
1983,USA,30.5,-116.5,3.8,0,0,0,0,17.7378,0,21.9622
1983,USA,31.5,-116.5,0,0,0,0,0,2.057219,0,2.442781
1983,USA,34.5,-122.5,0.2,0,0,0,0,0,0,0
1983,USA,35.5,-122.5,13.2,0,0,0,0,0,0,0
1983,USA,35.5,-121.5,2.4,0,0,0,0,0,0,0
1983,USA,36.5,-122.5,6.6,0,0,0,0,0,0,0
1983,USA,37.5,-123.5,6.6,0,0,0,0,0,0,0
1983,USA,37.5,-122.5,3,0,0,0,0,0,0,0
1983,MEX,19.5,-112.5,0,0,0,0,0,5,0,34
1983,MEX,24.5,-112.5,0,0,0,0,0,5.5,0,7
1983,MEX,25.5,-113.5,0,0,0,0,0,15.51837,0,2.481626
1983,MEX,26.5,-114.5,0,0,0,0,0,6.018374,0,2.481626
1983,MEX,26.5,-113.5,0,0,0,0,0,2,0,3
1983,MEX,27.5,-115.5,0,0,0,0,0,8,0,2
1983,MEX,27.5,-114.5,0,0,0,0,0,7.555122,0,2.444878
1983,MEX,28.5,-116.5,0,0,0,0,0,0,0,4
1983,MEX,28.5,-115.5,0,0,0,0,0,56.5309,0,50.9691
1983,MEX,29.5,-116.5,0,0,0,0,0,0,0,1
1983,USA,25.5,-113.5,0,0,0,0,0,0.9,0,0
1983,USA,26.5,-114.5,0,0,0,0,0,14.99143,0,9.608568
1983,USA,26.5,-113.5,0,0,0,0,0,3.6,0,0.9
1983,USA,27.5,-115.5,0,0,0,0,0,98.8577,0,35.64231
1983,USA,27.5,-114.5,0,0,0,0,0,64.67602,0,59.02398
1983,USA,28.5,-115.5,0,6.3,0,0,0,109.1988,0,111.4012
1983,USA,28.5,-114.5,0,0,0,0,0,3.6,0,5.4
1983,USA,29.5,-116.5,0,0,0,0,0,0,0,1.4
1983,USA,29.5,-115.5,0,0,0,0,0,14.49197,0,17.20803
1983,USA,30.5,-116.5,0,0,0,0.9,0,7.085977,0,8.414022
1983,USA,36.5,-122.5,5.9,0,0,0,0,0,0,0
1983,MEX,19.5,-112.5,0,0,0,0,0,1.036748,0,0.9632518
1983,MEX,23.5,-109.5,0,0,0,0,0,0.9,0,0
1983,MEX,24.5,-110.5,0,0,0,0,0,2,0,2
1983,MEX,25.5,-113.5,0,0,0,0,0,1,0,0
1983,MEX,25.5,-112.5,0,0,0,0,0,3,0,1
1983,MEX,26.5,-114.5,0,0,0,0,0,8.555122,0,3.444878
1983,MEX,26.5,-113.5,0,0,0,0,0,3,0,0
1983,MEX,27.5,-114.5,0,0,0,0,0,33.44098,0,23.55902
1983,MEX,28.5,-115.5,0,0,0,0,0,48.03285,0,28.96715
1983,USA,18.5,-114.5,0,0,0,0,0,0,0,35.9
1983,USA,19.5,-112.5,0,0,0,0,0,5.9,0,9
1983,USA,23.5,-111.5,0,0,0,0,0,37.66644,0,46.73356
1983,USA,25.5,-113.5,0,0,0,0,0,0.9,0,0
1983,USA,25.5,-112.5,0,0,0,0,0,17.53433,0,1.465668
1983,USA,26.5,-114.5,0,0,0,0,0,12.79143,0,1.908568
1983,USA,27.5,-115.5,0,0,0,0,0,2.7,0,0.9
1983,USA,27.5,-114.5,0,0,0,0,0,33.86902,0,24.33098
1983,USA,28.5,-115.5,0,0,0,0,0,13.67436,0,3.325645
1983,USA,28.5,-114.5,0,0,0,0,0,0.8228877,0,0.9771124
1983,MEX,25.5,-112.5,0,0,0,0,0,2.518374,0,1.481626
1983,MEX,26.5,-114.5,0,0,0,0,0,7,0,8
1983,MEX,26.5,-113.5,0,0,0,0,0,3,0,3
1983,USA,24.5,-112.5,0,0,0,0,0,2.3,0,1.8
1983,USA,25.5,-112.5,0,0,0,0,0,0.5,0,4.1
1983,USA,26.5,-114.5,0,0,0,0,0,2.351468,0,1.248532
1983,USA,26.5,-113.5,0,0,0,0,0,34.66039,0,20.63961
1983,USA,27.5,-114.5,0,0,0,0,0,18.42582,0,11.57418
1984,MEX,16.5,-117.5,0,0,0,0,0,13.5,0,0
1984,USA,16.5,-117.5,0,0,0,0,0,51.4,0,2.7
1984,MEX,16.5,-117.5,0,0,0,0,0,10.5,0,7.5
1984,MEX,17.5,-113.5,0,0,0,0,0,3,0,0
1984,MEX,19.5,-111.5,0,0,0,0,0,0,0,1
1984,USA,16.5,-117.5,0,0,0,0,0,7.9,0,5.9
1984,USA,16.5,-116.5,0,0,0,0,0,20.9,0,0
1984,USA,16.5,-111.5,0,0,0,0,0,0,0,0.5
1984,USA,16.5,-110.5,0,0,0,0,0,0,0,0.2
1984,USA,17.5,-116.5,0,0,0,0,0,6.3,0,0
1984,USA,18.5,-113.5,0,0,0,0,0,0,0,1.8
1984,USA,21.5,-109.5,0,0,0,0,0,0.5,0,0.9
1984,USA,22.5,-110.5,0,0,0,0,0,0,0,0.4
1984,USA,26.5,-114.5,0,0,0,0,0,0,0,0.2
1984,USA,27.5,-114.5,0,0,0,0,0,0.4,0,2.4
1984,MEX,16.5,-117.5,0,0,0,0,0,41.5,0,7
1984,MEX,19.5,-112.5,0,0,0,0,0,0,0,0.2
1984,USA,16.5,-117.5,0,0,0,0,0,98.8,0,0
1984,USA,18.5,-114.5,0,0,0,0,0,0,0,0.9
1984,MEX,16.5,-117.5,0,0,0,0,0,23,0,9
1984,MEX,20.5,-110.5,0,0,0,0,0,0.2,0,0
1984,MEX,21.5,-112.5,0,0,0,0,0,1.5,0,4.1
1984,MEX,21.5,-111.5,0,0,0,0,0,0.5,0,1
1984,MEX,22.5,-111.5,0,0,0,0,0,18,0,6.3
1984,USA,16.5,-117.5,0,0,0,0,0,15.7157,0,10.3843
1984,USA,19.5,-114.5,0,0,0,0,0,1.163141,0,1.536859
1984,USA,20.5,-111.5,0,0,0,0,0,0.5,0,0.2
1984,USA,21.5,-112.5,0,0,0,0,0,0,0,0.9
1984,USA,22.5,-112.5,0,0,0,0,0,4.726282,0,9.773718
1984,USA,22.5,-111.5,0,0,0,0,0,1.487714,0,9.712286
1984,USA,23.5,-112.5,0,0,0,0,0,0.7754273,0,1.024573
1984,MEX,21.5,-110.5,0,0,0,0,0,0,0,2
1984,MEX,21.5,-109.5,0,0,0,0,0,15.89029,0,198.5097
1984,MEX,22.5,-111.5,0,0,0,0,0,5.6,0,4.4
1984,MEX,22.5,-110.5,0,0,0,0,0,31.5,0,82.2
1984,MEX,22.5,-109.5,0,0,0,0,0,5,0,11.5
1984,USA,21.5,-110.5,0,0,0,0,0,6.634211,0,9.365788
1984,USA,21.5,-109.5,0,0,0,0,0,26.71757,0,409.8824
1984,USA,22.5,-111.5,0,0,0,0,0,0.9,0,1.9
1984,USA,22.5,-110.5,0,0,0,0,0,7.2,0,20.8
1984,USA,22.5,-109.5,0,0,0,0,0,11.8,0,105.9
1984,USA,22.5,-108.5,0,0,0,0,0,3.877136,0,5.122864
1984,USA,23.5,-110.5,0,0,0,0,0,3.6,0,1.8
1984,USA,24.5,-109.5,0,0,0,0,0,10.94214,0,15.35786
1984,USA,25.5,-113.5,0,0,0,0,0,0,0,0.2
1984,USA,26.5,-113.5,0,0,0,0,0,0,0,0.9
1984,MEX,16.5,-117.5,0,0,0,0,0,45,0,15
1984,MEX,21.5,-110.5,0,0,0,0,0,0,0,7.3
1984,MEX,22.5,-110.5,0,0,0,0,0,7,0,123.6
1984,MEX,23.5,-111.5,0,0,0,0,0,0,0,16.5
1984,MEX,23.5,-110.5,0,0,0,0,0,0,0,1
1984,MEX,24.5,-113.5,0,0,0,0,0,10,0,25
1984,MEX,25.5,-114.5,0,0,0,0,0,0,0,0.5
1984,USA,21.5,-110.5,0,0,0,0,0,14.5,0,22.7
1984,USA,22.5,-110.5,0,0,0,0,0,34.40964,0,75.19036
1984,USA,22.5,-109.5,0,0,0,0,0,1.8,0,7.3
1984,USA,23.5,-113.5,0,0,0,0,0,4.375427,0,11.02457
1984,USA,23.5,-112.5,0,0,0,0,0,0,0,5.9
1984,USA,23.5,-111.5,0,0,0,0,0,27.34961,0,87.15039
1984,USA,23.5,-110.5,0,0,0,0,0,4.5,0,11.9
1984,USA,24.5,-114.5,0,0,0,0,0,0.9,0,0.9
1984,USA,24.5,-113.5,0,0,0,0,0,9.60311,0,45.09689
1984,USA,24.5,-112.5,0,0,0,0,0,17.76485,0,33.63515
1984,USA,25.5,-113.5,0,0,0,0,0,0.9,0,5
1984,USA,25.5,-112.5,0,0,0,0,0,0,0,0.2
1984,USA,28.5,-115.5,0,0,0,0,0,4.695643,0,6.204357
1984,USA,30.5,-116.5,2.8,0,0,0,0,0,0,0
1984,USA,31.5,-118.5,3.4,0,0,0,0,0,0,0
1984,USA,31.5,-117.5,23.8,0,0,0,0,0,0,0
1984,USA,32.5,-118.5,8.6,0,0,0,0,0,0,0
1984,MEX,22.5,-113.5,0,0,0,0,0,36,0,10
1984,MEX,23.5,-113.5,0,0,0,0,0,1.8,0,0
1984,MEX,25.5,-115.5,0,0,0,0,0,15,0,5
1984,MEX,25.5,-113.5,0,0,0,0,0,2.542717,0,16.85728
1984,MEX,26.5,-114.5,0,0,0,0,0,0,0,2.8
1984,MEX,26.5,-113.5,0,0,0,0,0,0,0,35
1984,MEX,27.5,-115.5,0,0,0,0,0,0,0,4.5
1984,MEX,27.5,-114.5,0,0,0,0,0,0,0,9.9
1984,MEX,28.5,-116.5,0,0,0,0,0,41.6,0,13.3
1984,MEX,28.5,-115.5,0,0,0,0,0,22.5,0,51
1984,MEX,29.5,-116.5,0,0,0,0,0,40.1,0,4
1984,USA,24.5,-113.5,0,0,0,0,0,3.6,0,3.6
1984,USA,24.5,-112.5,0,0,0,0,0,9.1,0,26.3
1984,USA,25.5,-115.5,0,0,0,0,0,10.9,0,1.8
1984,USA,25.5,-113.5,0,0,0,0,0,15.5,0,0
1984,USA,25.5,-112.5,0,0,0,0,0,0.2153965,0,0.2846035
1984,USA,26.5,-116.5,0,0,0,0,0,1.8,0,0
1984,USA,26.5,-114.5,0,0,0,0,0,2.326282,0,22.07372
1984,USA,26.5,-113.5,0,0,0,0,0,12.92379,0,17.07621
1984,USA,27.5,-115.5,0,0,0,0,0,0.2153965,0,13.8846
1984,USA,27.5,-114.5,0,0,0,0,0,21.5,0,56.2
1984,USA,28.5,-116.5,0,0,0,0,0,134.2529,0,57.34714
1984,USA,28.5,-115.5,0.2,0.9,0,0,0,68.66485,0,54.23515
1984,USA,29.5,-117.5,0.9,0,0,0,0,0,0,0
1984,USA,29.5,-116.5,0,0,0,0,0,28.1,0,3.6
1984,USA,29.5,-115.5,0,0,0,0,0,4.5,0,1.8
1984,USA,30.5,-122.5,4.2,0,0,0,0,0,0,0
1984,USA,30.5,-121.5,4.3,0,0,0,0,0,0,0
1984,USA,30.5,-120.5,0.6,0,0,0,0,0,0,0
1984,USA,30.5,-118.5,19.2,0,0,0,0,0,0,0
1984,USA,30.5,-117.5,9.9,0,0,0,0,0.6031101,0,0.7968899
1984,USA,30.5,-116.5,2.6,0,0,0,0,2.7,0,0.9
1984,USA,31.5,-122.5,1.8,0,0,0,0,0,0,0
1984,USA,31.5,-120.5,2.4,0,0,0,0,0,0,0
1984,USA,31.5,-119.5,1.8,0,0,0,0,0,0,0
1984,USA,31.5,-118.5,15.2,0,0,0,0,0,0,0
1984,USA,31.5,-117.5,31.7,0,0,0,0,0,0,0
1984,USA,31.5,-116.5,0.2,0,0,0,0,0,0,0
1984,USA,32.5,-120.5,63.6,0,0,0,0,0,0,0
1984,USA,32.5,-119.5,71.4,0,0,0,0,0,0,0
1984,USA,32.5,-118.5,11.3,0,0,0,0,0,0,0
1984,USA,32.5,-117.5,1.4,0,0,0,0,0,0,0
1984,USA,35.5,-122.5,0.2,0,0,0,0,0,0,0
1984,MEX,27.5,-115.5,0,0,0,0,0,0,0,11
1984,MEX,28.5,-116.5,0,0,0,0,0,6.271358,0,6.728642
1984,MEX,28.5,-115.5,0,0,0,0,0,32.48663,0,210.0134
1984,MEX,29.5,-116.5,0,0,0,0,0,9.356792,0,8.643208
1984,MEX,29.5,-115.5,0,0,0,0,0,0,0,4
1984,MEX,30.5,-116.5,0.01231301,0,0,0,0,7.530404,0,11.45728
1984,MEX,31.5,-116.5,4.018469,0,0,0,0,2.98153,0,0
1984,USA,27.5,-115.5,0,0,0,0,0,0,0,10.9
1984,USA,28.5,-115.5,0,0,0,0,0,16.4947,0,85.8053
1984,USA,29.5,-116.5,2.3,0,0,0,0,42.17449,0,19.02551
1984,USA,30.5,-117.5,18,0,0,0,0,0,0,0
1984,USA,30.5,-116.5,2.9,0,0,0,0,2.41244,0,3.18756
1984,USA,31.5,-119.5,0.6,0,0,0,0,0,0,0
1984,USA,31.5,-118.5,7.3,0,0,0,0,0,0,0
1984,USA,31.5,-117.5,30.1,0,0,0,0,6.3,0,5
1984,USA,31.5,-116.5,17.8,0,0,0,0,0,0,0
1984,USA,32.5,-119.5,0.5,0,0,0,0,0,0,0.2
1984,USA,32.5,-117.5,6.1,0,0,0,0,0,0,1.1
1984,USA,33.5,-120.5,0.6,0,0,0,0,0,0,0.2
1984,USA,34.5,-121.5,0.5,0,0,0,0,0,0,0
1984,USA,35.5,-123.5,3.8,0,0,0,0,0,0,0
1984,USA,35.5,-122.5,4.3,0,0,0,0,0,0,0
1984,USA,35.5,-121.5,1.3,0,0,0,0,0,0,0
1984,USA,36.5,-123.5,6.4,0,0,0,0,0,0,0
1984,USA,36.5,-122.5,8.1,0,0,0,0,0,0,0
1984,USA,37.5,-124.5,2.4,0,0,0,0,0,0,0
1984,USA,37.5,-123.5,14.4,0,0,0,0,0,0,0
1984,MEX,28.5,-116.5,0,0,0,0,0,1.271358,0,1.728642
1984,MEX,28.5,-115.5,0,0,0,0,0,97.16503,0,236.335
1984,MEX,29.5,-116.5,0,0,0,0,0,7.271358,0,2.728642
1984,MEX,29.5,-115.5,0,0,0,0,0,0,0,10
1984,MEX,30.5,-116.5,0,0,0,0,0,7.271358,0,3.728642
1984,USA,27.5,-114.5,0,0,0,0,0,2.326282,0,3.073718
1984,USA,28.5,-115.5,0,0,0,0,0,51.91055,0,68.58945
1984,USA,30.5,-117.5,0,0,0,0,0,1.550855,0,2.049145
1984,USA,31.5,-123.5,2.3,0,0,0,0,0,0,0
1984,USA,31.5,-117.5,0,0,0,0,0,7.7,0,0
1984,USA,36.5,-123.5,7,0,0,0,0,0,0,0
1984,USA,36.5,-122.5,45.5,0,0,0,0,0,0,0
1984,USA,36.5,-121.5,0.2,0,0,0,0,0,0,0
1984,USA,37.5,-124.5,1.1,0,0,0,0,0,0,0
1984,USA,37.5,-123.5,179.3,0,0,0,0,0,0,0
1984,USA,38.5,-125.5,0.2,0,0,0,0,0,0,0
1984,USA,38.5,-124.5,3.4,0,0,0,0,0,0,0
1984,USA,38.5,-123.5,8.6,0,0,0,0,0,0,0
1984,USA,38.5,-122.5,3,0,0,0,0,0,0,0
1984,USA,41.5,-126.5,0.2,0,0,0,0,0,0,0
1984,MEX,25.5,-113.5,0,0,0,0,0,5.966503,0,4.033497
1984,MEX,26.5,-114.5,0,0,0,0,0,9.085434,0,6.914566
1984,MEX,26.5,-113.5,0,0,0,0,0,133.9733,0,83.52673
1984,MEX,28.5,-115.5,0,0,0,0,0,41.44223,0,30.55777
1984,MEX,29.5,-116.5,0,0,0,0,0,28,0,2
1984,MEX,29.5,-115.5,0,0,0,0,0,11.11893,0,6.881069
1984,USA,18.5,-114.5,0,0,0,0,0,25.41678,0,38.98322
1984,USA,23.5,-112.5,0,0,0,0,0,0,0,0.9
1984,USA,25.5,-113.5,0,0,0,0,0,5.4,0,3.6
1984,USA,26.5,-114.5,0,0,0,0,0,6.8,0,8.1
1984,USA,26.5,-113.5,0,0,0,0,0,46.2,0,28.5
1984,USA,28.5,-115.5,0,0,0,0,0,11.8,0,10
1984,USA,35.5,-120.5,5.7,0,0,0,0,0,0,0
1984,USA,36.5,-122.5,19.1,0,0,0,0,0,0,0
1984,USA,37.5,-123.5,125.3,0,0,0,0,0,0,0
1984,USA,37.5,-122.5,3.4,0,0,0,0,0,0,0
1984,USA,39.5,-125.5,0.6,0,0,0,0,0,0,0
1984,USA,40.5,-127.5,33.4,0,0,0,0,0,0,0
1984,USA,40.5,-126.5,0.7,0,0,0,0,0,0,0
1984,USA,40.5,-125.5,53.5,0,0,0,0,0,0,0
1984,USA,40.5,-124.5,0.5,0,0,0,0,0,0,0
1984,MEX,16.5,-117.5,0,0,0,0,0,12.9665,0,4.033497
1984,MEX,18.5,-112.5,0,0,0,0,0,5.5,0,17.5
1984,MEX,19.5,-112.5,0,0,0,0,0,8,0,12.5
1984,MEX,25.5,-113.5,0,0,0,0,0,14,0,7
1984,MEX,25.5,-112.5,0,0,0,0,0,4,0,0
1984,USA,16.5,-117.5,0,0,0,0,0,247.6,0,19.9
1984,USA,18.5,-114.5,0,0,0,0,0,0,0,4.5
1984,USA,19.5,-112.5,0,0,0,0,0,2.7,0,13.6
1984,USA,24.5,-112.5,0,0,0,0,0,3.101709,0,4.098291
1984,USA,25.5,-113.5,0,0,0,0,0,23.21974,0,30.68026
1984,USA,26.5,-113.5,0,0,0,0,0,3.532502,0,4.667498
1984,USA,34.5,-121.5,0.2,0,0,0,0,0,0,0
1984,USA,35.5,-120.5,0.9,0,0,0,0,0,0,0
1984,MEX,18.5,-112.5,0,0,0,0,0,0,0,1
1984,MEX,19.5,-110.5,0,0,0,0,0,0.5,0,1
1984,MEX,22.5,-109.5,0,0,0,0,0,0,0,0.5
1984,MEX,25.5,-113.5,0,0,0,0,0,6,0,2.5
1985,MEX,16.5,-117.5,0,0,0,0,0,61,0,7
1985,MEX,18.5,-112.5,0,0,0,0,0,36,0,0
1985,MEX,18.5,-111.5,0,0,0,0,0,2,0,0
1985,MEX,19.5,-112.5,0,0,0,0,0,42,0,7
1985,USA,10.5,-109.5,0,0,0,0,0,0,0,22.6
1985,USA,16.5,-118.5,0,0,0,0,0,129.7,0,6.4
1985,USA,16.5,-117.5,0,0,0,0,0,51.7,0,0
1985,USA,19.5,-117.5,0,0,0,0,0,1.8,0,0
1985,USA,19.5,-112.5,0,0,0,0,0,24.64641,0,6.153594
1985,USA,24.5,-111.5,0,0,0,0,0,0,0,51.7
1985,USA,25.5,-114.5,0,0,0,0,0,0,0,59
1985,MEX,16.5,-117.5,0,0,0,0,0,25,0,0
1985,MEX,18.5,-114.5,0,0,0,0,0,2,0,0
1985,MEX,18.5,-112.5,0,0,0,0,0,8,0,23.5
1985,MEX,19.5,-112.5,0,0,0,0,0,52,0,34
1985,USA,16.5,-118.5,0,0,0,0,0,14.5,0,0.9
1985,USA,16.5,-117.5,0,0,0,0,0,63,0,10.8
1985,USA,19.5,-118.5,0,0,0,0,0,24.5,0,1.8
1985,USA,19.5,-112.5,0,0,0,0,0,17.2,0,14.5
1985,MEX,16.5,-117.5,0,0,0,0,0,30,0,4
1985,MEX,18.5,-114.5,0,0,0,0,0,6.5,0,0
1985,MEX,18.5,-112.5,0,0,0,0,0,0,0,3
1985,MEX,19.5,-112.5,0,0,0,0,0,12,0,16
1985,USA,10.5,-109.5,0,0,0,0,0,0,0,8.1
1985,USA,16.5,-117.5,0,0,0,0,0,8.1,0,0.9
1985,USA,18.5,-114.5,0,0,0,0,0,36.78557,0,2.91443
1985,USA,18.5,-112.5,0,0,0,0,0,0.5,0,6.3
1985,USA,19.5,-112.5,0,0,0,0,0,12.8,0,63.2
1985,USA,19.5,-110.5,0,0,0,0,0,0,0,1.8
1985,MEX,18.5,-114.5,0,0,0,0,0,0.5,0,0
1985,MEX,18.5,-112.5,0,0,0,0,0,0,0,5.9
1985,MEX,19.5,-112.5,0,0,0,0,0,1,0,0.5
1985,MEX,20.5,-106.5,0,0,0,0,0,0,0,1
1985,MEX,21.5,-110.5,0,0,0,0,0,25,0,0
1985,MEX,22.5,-111.5,0,0,0,0,0,20,0,0
1985,MEX,22.5,-110.5,0,0,0,0,0,0,0,2.5
1985,MEX,23.5,-111.5,0,0,0,0,0,0,0,7
1985,MEX,23.5,-108.5,0,0,0,0,0,0,0,0.5
1985,USA,16.5,-117.5,0,0,0,0,0,13.60828,0,13.69172
1985,USA,18.5,-112.5,0,0,0,0,0,0,0,4.6
1985,USA,19.5,-112.5,0,0,0,0,0,0,0,1.1
1985,USA,19.5,-110.5,0,0,0,0,0,0,0,7.2
1985,MEX,19.5,-112.5,0,0,0,0,0,2.5,0,5.5
1985,MEX,21.5,-109.5,0,0,0,0,0,0,0,9
1985,MEX,22.5,-111.5,0,0,0,0,0,16,0,0
1985,MEX,23.5,-112.5,0,0,0,0,0,0,0,3
1985,USA,16.5,-117.5,0,0,0,0,0,2.268046,0,2.131954
1985,USA,18.5,-114.5,0,0,0,0,0,26.4,0,0
1985,USA,18.5,-112.5,0,0,0,0,0,0,0,1.4
1985,USA,19.5,-112.5,0,0,0,0,0,0.9,0,18.1
1985,USA,19.5,-110.5,0,0,0,0,0,0,0,13.6
1985,USA,21.5,-108.5,0,0,0,0,0,0,0,11.8
1985,USA,22.5,-108.5,0,0,0,0,0,0.5,0,44.5
1985,MEX,22.5,-113.5,0,0,0,0,0,0.8543266,0,1.145673
1985,MEX,22.5,-112.5,0,0,0,0,0,0,0,10
1985,MEX,23.5,-113.5,0,0,0,0,0,0,0,0.5
1985,MEX,23.5,-112.5,0,0,0,0,0,12,0,23
1985,MEX,31.5,-117.5,0.5,0,0,0,0,0,0,0
1985,MEX,31.5,-116.5,2,0,0,0,0,0,0,0
1985,USA,19.5,-112.5,0,0,0,0,0,0.9,0,0
1985,USA,19.5,-110.5,0,0,0,0,0,0,0,18.1
1985,USA,21.5,-109.5,0,0,0,0,0,0.9,0,1.8
1985,USA,23.5,-112.5,0,0,0,0,0,0,0,0.9
1985,USA,29.5,-116.5,5.7,0,0,0,0,0,0,0
1985,USA,30.5,-116.5,3.2,0,0,0,0,0,0,0
1985,USA,31.5,-118.5,0.2,0,0,0,0,0,0,0
1985,USA,31.5,-117.5,4.7,0,0,0,0,0,0,0
1985,USA,32.5,-117.5,2.1,0,0,0,0,0,0,0
1985,MEX,23.5,-111.5,0,0,0,0,0,0,0,1
1985,MEX,29.5,-116.5,3.5,0,0,0,0,0,0,0
1985,MEX,30.5,-116.5,1.5,0,0,0,0,0,0,0
1985,MEX,31.5,-117.5,15,0,0,0,0,0,0,0
1985,MEX,31.5,-116.5,5.5,0,0,0,0,0,0,0
1985,USA,29.5,-116.5,1.3,0,0,0,0,0,0,0
1985,USA,30.5,-117.5,3.9,0,0,0,0,0,0,0
1985,USA,30.5,-116.5,33.8,0,0,0,0,0,0,0
1985,USA,31.5,-117.5,50.5,0,0,0,0,0,0,0
1985,USA,31.5,-116.5,31.9,0,0,0,0,0,0,0
1985,MEX,25.5,-113.5,0,0,0,0,0,0,0,0
1985,MEX,27.5,-115.5,0,0,0,0,0,23.28149,0,8.71851
1985,MEX,29.5,-118.5,1,0,0,0,0,0,0,0
1985,MEX,29.5,-117.5,1.5,0,0,0,0,0,0,0
1985,MEX,29.5,-116.5,0,12,0,0,0,0,0,5
1985,MEX,30.5,-117.5,3.5,0,0,0,0,0,0,0
1985,MEX,30.5,-116.5,3,0,0,0,0,0,0,6
1985,MEX,31.5,-117.5,2.5,0,0,0,0,0,0,0
1985,MEX,31.5,-116.5,1.5,0,0,0,0,0,0,0
1985,USA,30.5,-117.5,40.6,0,0,0,0,0,0,0
1985,USA,30.5,-116.5,23.1,0,0,0,0,0,0,0
1985,USA,31.5,-117.5,4.7,0,0,0,0,0,0,0
1985,USA,31.5,-116.5,25.7,0,0,0,0,0,0,0
1985,USA,34.5,-122.5,0.2,0,0,0,0,0,0,0
1985,USA,35.5,-121.5,1.8,0,0,0,0,0,0,0
1985,USA,36.5,-122.5,2,0,0,0,0,0,0,0
1985,USA,37.5,-123.5,1.1,0,0,0,0,0,0,0
1985,USA,37.5,-122.5,0.5,0,0,0,0,0,0,0
1985,USA,38.5,-124.5,0.2,0,0,0,0,0,0,0
1985,MEX,19.5,-112.5,0,0,0,0,0,8.543266,0,27.45673
1985,MEX,22.5,-112.5,0,0,0,0,0,0,0,6
1985,MEX,26.5,-114.5,0,0,0,1,0,0,0,0
1985,MEX,27.5,-115.5,0,0,0,2,0,0,0,0
1985,MEX,28.5,-115.5,0,0,0,1.5,0,0.2135817,0,5.286418
1985,MEX,29.5,-116.5,0,0,0,0,0,6,0,1.5
1985,MEX,29.5,-115.5,0,0,0,0,0,0.8543266,0,1.145673
1985,USA,31.5,-118.5,0.2,0,0,0,0,0,0,0
1985,USA,31.5,-117.5,6.7,0,0,0,0,0,0,0
1985,USA,31.5,-116.5,0.5,0,0,0,0,0,0,0
1985,USA,32.5,-117.5,0.2,0,0,0,0,0,0,0
1985,USA,34.5,-121.5,1.1,0,0,0,0,0,0,0
1985,USA,34.5,-120.5,3.2,0,0,0,0,0,0,0
1985,USA,35.5,-122.5,2,0,0,0,0,0,0,0
1985,USA,36.5,-123.5,0.2,0,0,0,0,0,0,0
1985,USA,37.5,-124.5,6.7,0,0,0,0,0,0,0
1985,USA,37.5,-123.5,15.4,0,0,0,0,0,0,0
1985,USA,39.5,-126.5,8.4,0,0,0,0,0,0,0
1985,USA,40.5,-128.5,27.6,0,0,0,0,0,0,0
1985,USA,40.5,-127.5,13.3,0,0,0,0,0,0,0
1985,USA,40.5,-125.5,6.1,0,0,0,0,0,0,0
1985,MEX,16.5,-117.5,0,0,0,0,0,12,0,5
1985,MEX,18.5,-114.5,0,0,0,0,0,0,0,2.5
1985,MEX,19.5,-112.5,0,0,0,0,0,9.417307,0,17.58269
1985,MEX,19.5,-110.5,0,0,0,0,0,0,0,2
1985,MEX,26.5,-112.5,1.5,0,0,0,0,0,0,0
1985,MEX,28.5,-115.5,0,0,0,0,0,0,0,4
1985,USA,39.5,-128.5,1.4,0,0,0,0,0,0,0
1985,USA,39.5,-127.5,90.8,0,0,0,0,0,0,0
1985,USA,40.5,-128.5,23.7,0,0,0,0,0,0,0
1985,USA,40.5,-127.5,65.4,0,0,0,0,0,0,0
1985,USA,40.5,-126.5,1.8,0,0,0,0,0,0,0
1985,USA,40.5,-124.5,20.9,0,0,0,0,0,0,0
1985,MEX,16.5,-117.5,0,0,0,0,0,0,0,27
1985,MEX,18.5,-112.5,0,0,0,0,0,3.417306,0,4.582694
1985,MEX,19.5,-112.5,0,0,0,0,0,1,0,16
1985,MEX,19.5,-111.5,0,0,0,0,0,0,0,3
1985,MEX,25.5,-113.5,0,0,0,0,0,0,0,100
1985,USA,38.5,-127.5,3.4,0,0,0,0,0,0,0
1985,USA,39.5,-127.5,6.3,0,0,0,0,0,0,0
1985,MEX,16.5,-117.5,0,0,0,0,0,0,0,11
1985,MEX,22.5,-111.5,0,0,0,0,0,0,0,10
1985,MEX,22.5,-109.5,0,0,0,0,0,0,0,91
1985,MEX,23.5,-111.5,0,0,0,0,0,0,0,16
1985,MEX,23.5,-110.5,0,0,0,0,0,0,0,3
1986,MEX,16.5,-117.5,0,0,0,0,0,0,0,63
1986,MEX,19.5,-112.5,0,0,0,0,0,4,0,5
1986,MEX,22.5,-109.5,0,0,0,0,0,0,0,1
1986,MEX,23.5,-111.5,0,0,0,0,0,0,0,22
1986,MEX,23.5,-110.5,0,0,0,0,0,0,0,7
1986,MEX,23.5,-109.5,0,0,0,0,0,0,0,61
1986,MEX,25.5,-110.5,0,0,0,0,0,0,0,1
1986,MEX,18.5,-112.5,0,0,0,0,0,2.579907,0,3.420093
1986,MEX,19.5,-112.5,0,0,0,0,0,0,0,33
1986,MEX,19.5,-111.5,0,0,0,0,0,0.4299845,0,0.5700155
1986,MEX,25.5,-113.5,0,0,0,0,0,0,0,8
1986,MEX,16.5,-117.5,0,0,0,0,0,0,0,11
1986,MEX,18.5,-112.5,0,0,0,0,0,0,0,20
1986,MEX,18.5,-110.5,0,0,0,0,0,0,0,4
1986,MEX,19.5,-112.5,0,0,0,0,0,0,0,38
1986,MEX,18.5,-112.5,0,0,0,0,0,0,0,4
1986,MEX,18.5,-110.5,0,0,0,0,0,0,0,1
1986,MEX,19.5,-112.5,0,0,0,0,0,0,0,2
1986,MEX,19.5,-110.5,0,0,0,0,0,0,0,5
1986,MEX,21.5,-111.5,0,0,0,0,0,26,0,19
1986,MEX,22.5,-111.5,0,0,0,0,0,18,0,0
1986,MEX,23.5,-112.5,0,0,0,0,0,6,0,5
1986,USA,21.5,-112.5,0,0,0,0,0,1.8,0,3.6
1986,MEX,18.5,-112.5,0,0,0,0,0,0,0,2
1986,MEX,19.5,-112.5,0,0,0,0,0,0,0,21
1986,MEX,21.5,-110.5,0,0,0,0,0,28,0,12
1986,MEX,21.5,-109.5,0,0,0,0,0,2,0,0
1986,MEX,22.5,-111.5,0,0,0,0,0,49,0,1
1986,MEX,22.5,-110.5,0,0,0,0,0,14,0,7
1986,USA,21.5,-111.5,0,0,0,0,0,12.7,0,0
1986,USA,21.5,-110.5,0,0,0,0,0,13.6,0,0
1986,USA,22.5,-111.5,0,0,0,0,0,9.685163,0,12.11484
1986,MEX,20.5,-110.5,0,0,0,0,0,13.85997,0,41.14003
1986,MEX,21.5,-110.5,0,0,0,0,0,86,0,71
1986,MEX,22.5,-111.5,0,0,0,0,0,6.449768,0,12.55023
1986,MEX,22.5,-110.5,0,0,0,0,0,19,0,26
1986,USA,20.5,-110.5,0,0,0,0,0,7.241659,0,9.058341
1986,USA,21.5,-110.5,0,0,0,0,0,12.92836,0,16.17164
1986,MEX,19.5,-112.5,0,0,0,0,0,0,0,20
1986,MEX,21.5,-110.5,0,0,0,0,0,1,0,2
1986,MEX,23.5,-111.5,0,0,0,0,0,26,0,139
1986,MEX,24.5,-113.5,0,0,0,0,0,5.5,0,4
1986,MEX,24.5,-112.5,0,0,0,0,0,72.61948,0,105.8805
1986,MEX,25.5,-113.5,0,0,0,0,0,0,0,0
1986,USA,23.5,-111.5,0,0,0,0,0,12.6,0,96.2
1986,USA,24.5,-112.5,0,0,0,0,0,9,0,27.2
1986,USA,30.5,-120.5,3.9,0,0,0,0,0,0,0
1986,USA,30.5,-119.5,2.7,0,0,0,0,0,0,0
1986,USA,32.5,-120.5,0.5,0,0,0,0,0,0,0
1986,USA,43.5,-126.5,2.2,0,0,0,0,0,0,0
1986,USA,43.5,-125.5,0.2,0,0,0,0,0,0,0
1986,USA,44.5,-126.5,0.2,0,0,0,0,0,0,0
1986,MEX,24.5,-112.5,0,0,0,0,0,8.5,0,11.5
1986,MEX,25.5,-113.5,0,0,0,0,0,0,0,2
1986,MEX,25.5,-112.5,0,0,0,0,0,41.50912,0,107.4909
1986,MEX,26.5,-115.5,0,0,0,0,0,17,0,0
1986,MEX,26.5,-114.5,0,0,0,0,0,264.659,0,120.341
1986,USA,26.5,-114.5,0,0,0,0,0,13.6,0,0
1986,USA,26.5,-113.5,0,0,0,0,0,0,0,6.4
1986,USA,39.5,-126.5,0.5,0,0,0,0,0,0,0
1986,USA,44.5,-142.5,20.1,0,0,0,0,0,0,0
1986,USA,44.5,-141.5,8.7,0,0,0,0,0,0,0
1986,USA,44.5,-139.5,0.2,0,0,0,0,0,0,0
1986,USA,44.5,-138.5,2,0,0,0,0,0,0,0
1986,USA,44.5,-137.5,0.6,0,0,0,0,0,0,0
1986,USA,44.5,-136.5,17.9,0,0,0,0,0,0,0
1986,USA,44.5,-135.5,8.2,0,0,0,0,0,0,0
1986,USA,45.5,-142.5,6.7,0,0,0,0,0,0,0
1986,USA,45.5,-136.5,0.6,0,0,0,0,0,0,0
1986,USA,45.5,-133.5,0.9,0,0,0,0,0,0,0
1986,USA,46.5,-137.5,0.6,0,0,0,0,0,0,0
1986,MEX,24.5,-113.5,0,0,0,0,0,10.31963,0,13.68037
1986,MEX,25.5,-113.5,0,0,0,0,0,276.9581,0,293.0419
1986,MEX,25.5,-112.5,0,0,0,0,0,117.8683,0,168.6317
1986,MEX,26.5,-114.5,0,0,0,0,0,10,0,0
1986,MEX,26.5,-113.5,0,0,0,0,0,27,0,51
1986,USA,25.5,-113.5,0,0,0,0,0,64.57001,0,90.62998
1986,USA,25.5,-112.5,0,0,0,0,0,10.8,0,40.7
1986,USA,26.5,-112.5,0,0,0,0,0,1.8,0,2.7
1986,USA,46.5,-126.5,5.6,0,0,0,0,0,0,0
1986,USA,46.5,-125.5,1.6,0,0,0,0,0,0,0
1986,MEX,23.5,-111.5,0,0,0,0,0,0,0,19
1986,MEX,25.5,-113.5,0,0,0,0,0,114.7686,0,194.2314
1986,MEX,26.5,-113.5,0,0,0,0,0,76,0,20
1986,USA,25.5,-113.5,0,0,0,0,0,33.48439,0,154.9156
1986,USA,26.5,-113.5,0,0,0,0,0,122.4,0,0
1986,MEX,18.5,-112.5,0,0,0,0,0,0,0,3
1986,MEX,18.5,-111.5,0,0,0,0,0,0,0,1
1986,MEX,18.5,-110.5,0,0,0,0,0,0,0,18
1986,MEX,19.5,-112.5,0,0,0,0,0,0,0,0.5
1986,MEX,19.5,-110.5,0,0,0,0,0,0,0,0.5
1986,MEX,25.5,-113.5,0,0,0,0,0,44,0,34.5
1986,MEX,26.5,-114.5,0,0,0,7,0,0,0,0
1986,MEX,26.5,-113.5,0,0,0,77,0,81,0,0
1986,USA,18.5,-112.5,0,0,0,0,0,3.6,0,0
1986,USA,25.5,-113.5,0,0,0,0,0,2.7,0,15.4
1986,USA,26.5,-113.5,0,0,0,0,0,5.9,0,0
1986,MEX,19.5,-112.5,0,0,0,0,0,5,0,0
1986,MEX,26.5,-114.5,0,0,0,183,0,0,0,0
1986,MEX,26.5,-113.5,0,0,0,8.5,0,1,0,0
1986,MEX,28.5,-115.5,0,0,0,4,0,0,0,0
1986,MEX,30.5,-116.5,0,0,0,6,0,0,0,0
1986,USA,16.5,-117.5,0,0,0,0,0,0,0,25
1986,USA,19.5,-112.5,0,0,0,0,0,0,0,4
1987,MEX,19.5,-112.5,0,0,0,0,0,2,0,15.4
1987,MEX,19.5,-110.5,0,0,0,0,0,0,0,7
1987,MEX,22.5,-108.5,0,0,0,0,0,0,0,3
1987,MEX,23.5,-109.5,0,0,0,0,0,0,0,4
1987,MEX,23.5,-108.5,0,0,0,0,0,0,0,44
1987,USA,23.5,-111.5,0,0,0,0,0,0,0,0.5
1987,MEX,18.5,-112.5,0,0,0,0,0,0.6162775,0,7.583723
1987,MEX,18.5,-111.5,0,0,0,0,0,0,0,0.9
1987,MEX,19.5,-112.5,0,0,0,0,0,0.3081387,0,6.191861
1987,MEX,19.5,-110.5,0,0,0,0,0,0,0,3.6
1987,MEX,22.5,-109.5,0,0,0,0,0,0,0,3
1987,MEX,22.5,-108.5,0,0,0,0,0,0,0,10
1987,MEX,22.5,-107.5,0,0,0,0,0,0,0,4
1987,MEX,23.5,-108.5,0,0,0,0,0,0,0,2.5
1987,MEX,23.5,-107.5,0,0,0,0,0,0,0,26
1987,MEX,25.5,-113.5,0,0,0,0,0,0,0,2
1987,USA,10.5,-109.5,0,0,0,0,0,0,0,54.4
1987,USA,10.5,-108.5,0,0,0,0,0,0,0,9.1
1987,USA,19.5,-112.5,0,0,0,0,0,0,0,2.7
1987,USA,22.5,-108.5,0,0,0,0,0,0,0,4.5
1987,USA,23.5,-108.5,0,0,0,0,0,0,0,2.7
1987,MEX,18.5,-112.5,0,0,0,0,0,0,0,15.5
1987,MEX,19.5,-112.5,0,0,0,0,0,0,0,5.5
1987,MEX,19.5,-111.5,0,0,0,0,0,0,0,1
1987,MEX,23.5,-111.5,0,0,0,0,0,0.5,0,0
1987,MEX,18.5,-112.5,0,0,0,0,0,0,0,6.5
1987,MEX,19.5,-112.5,0,0,0,0,0,0,0,0.5
1987,MEX,21.5,-111.5,0,0,0,0,0,6,0,0
1987,MEX,22.5,-111.5,0,0,0,0,0,40,0,0
1987,MEX,22.5,-110.5,0,0,0,0,0,3,0,0
1987,MEX,16.5,-117.5,0,0,0,0,0,1,0,0
1987,MEX,19.5,-112.5,0,0,0,0,0,1.171188,0,24.82881
1987,MEX,20.5,-110.5,0,0,0,0,0,12,0,2
1987,MEX,21.5,-110.5,0,0,0,0,0,48.02713,0,3.972871
1987,MEX,22.5,-111.5,0,0,0,0,0,61,0,3.5
1987,MEX,22.5,-110.5,0,0,0,0,0,55.5,0,4.5
1987,MEX,22.5,-109.5,0,0,0,0,0,0,0,6
1987,MEX,22.5,-108.5,0,0,0,0,0,1,0,0
1987,MEX,19.5,-112.5,0,0,0,0,0,2,0,14
1987,MEX,19.5,-111.5,0,0,0,0,0,1,0,6
1987,MEX,21.5,-111.5,0,0,0,0,0,113.4,0,4
1987,MEX,21.5,-110.5,0,0,0,0,0,3,0,0
1987,MEX,22.5,-112.5,0,0,0,0,0,18,0,0
1987,MEX,22.5,-111.5,0,0,0,0,0,346.9883,0,342.5117
1987,MEX,23.5,-111.5,0,0,0,0,0,2.739011,0,35.26099
1987,MEX,22.5,-112.5,0,0,0,0,0,0,0,1.9
1987,MEX,22.5,-111.5,0,0,0,0,0,6.162774,0,16.63723
1987,MEX,23.5,-112.5,0,0,0,0,0,2,0,38
1987,MEX,23.5,-111.5,0,0,0,0,0,10.45089,0,229.1491
1987,MEX,24.5,-113.5,0,0,0,0,0,1.5,0,8.9
1987,MEX,24.5,-112.5,0,0,0,0,0,2.5,0,16
1987,MEX,25.5,-113.5,0,0,0,0,0,38.36792,0,81.63207
1987,MEX,25.5,-112.5,0,0,0,0,0,0,0,4
1987,MEX,26.5,-115.5,0,0,0,0,0,2.9,0,0
1987,MEX,26.5,-113.5,0,0,0,0,0,2,0,1
1987,USA,22.5,-112.5,0,0,0,0,0,1.539324,0,5.760676
1987,USA,22.5,-111.5,0,0,0,0,0,2.045403,0,7.654597
1987,USA,23.5,-112.5,0,0,0,0,0,1.054331,0,3.945669
1987,USA,23.5,-111.5,0,0,0,0,0,3.605813,0,13.49419
1987,USA,24.5,-113.5,0,0,0,0,0,0.1476064,0,0.5523936
1987,USA,24.5,-112.5,0,0,0,0,0,0.9699848,0,3.630015
1987,USA,25.5,-113.5,0,0,0,0,0,7.486664,0,30.11334
1987,USA,26.5,-115.5,0,0,0,0,0,12.20334,0,32.19666
1987,MEX,24.5,-112.5,0,0,0,0,0,0,0,1
1987,MEX,25.5,-115.5,0,0,0,0,0,16,0,86
1987,MEX,25.5,-114.5,0,0,0,0,0,5,0,10
1987,MEX,25.5,-113.5,0,0,0,0,0,3,0,239
1987,MEX,25.5,-112.5,0,0,0,0,0,1,0,210.5
1987,MEX,26.5,-115.5,0,0,0,0,0,0,0,4
1987,MEX,26.5,-114.5,0,0,0,0,0,2,0,45
1987,MEX,26.5,-113.5,0,0,0,23,0,2,0,5
1987,MEX,27.5,-114.5,0,0,0,0,0,17.46792,0,107.5321
1987,MEX,28.5,-115.5,0,0,0,1.5,0,0,0,0
1987,USA,25.5,-115.5,0,0,0,0,0,128.1521,0,11.04787
1987,USA,25.5,-113.5,0,0,0,0,0,9.425722,0,114.3743
1987,USA,25.5,-112.5,0,0,0,0,0,0,0,36.6
1987,USA,26.5,-115.5,0,0,0,0,0,1.68693,0,6.31307
1987,USA,26.5,-114.5,0,0,0,0,0,9.153419,0,62.64658
1987,USA,26.5,-113.5,0,0,0,0,0,1.244111,0,4.655889
1987,USA,27.5,-116.5,0,0,0,0,0,0.9,0,0
1987,USA,27.5,-115.5,0,0,0,0,0,0,0,6
1987,USA,27.5,-114.5,0,0,0,0,0,5.356003,0,187.344
1987,MEX,25.5,-113.5,0,0,0,0,0,0,0,3
1987,MEX,25.5,-112.5,0,0,0,0,0,48.5,0,163
1987,MEX,26.5,-113.5,0,0,0,0,0,98,0,58
1987,MEX,27.5,-115.5,0,0,0,0,0,42.21188,0,117.2881
1987,MEX,27.5,-114.5,0,0,0,27,0,107.5222,0,255.2778
1987,MEX,28.5,-116.5,0,0,0,0,0,12,0,28
1987,MEX,28.5,-115.5,0,0,0,1,0,3,0,74
1987,USA,25.5,-113.5,0,0,0,0,0,1.8,0,4.5
1987,USA,25.5,-112.5,0,0,0,0,0,0,0,4.5
1987,USA,26.5,-114.5,0,0,0,0,0,11,0,0
1987,USA,26.5,-113.5,0,0,0,0,0,49.7802,0,13.7198
1987,USA,27.5,-115.5,0,0,0,0,0,30.11136,0,328.6886
1987,USA,27.5,-114.5,0,0,0,0,0,18.95912,0,88.74088
1987,USA,28.5,-115.5,0,0,0,0,0,3.078648,0,58.72135
1987,USA,29.5,-116.5,0,0,0,0,0,4,0,0
1987,USA,37.5,-124.5,0,0,0,0,0,0,0,1.3
1987,MEX,19.5,-112.5,0,0,0,0,0,0,0,6
1987,MEX,25.5,-113.5,0,0,0,0,0,16,0,0
1987,MEX,25.5,-112.5,0,0,0,0,0,0,0,3
1987,MEX,26.5,-113.5,0,0,0,0,0,106.9,0,9.5
1987,MEX,27.5,-116.5,0,0,0,0,0,4,0,0
1987,MEX,27.5,-115.5,0,0,0,0,0,1,0,31
1987,MEX,27.5,-114.5,0,0,0,0,0,1,0,27.9
1987,MEX,28.5,-116.5,0,0,0,0,0,1,0,49
1987,MEX,28.5,-115.5,0,0,0,0,0,11,0,470.7
1987,MEX,28.5,-114.5,0,0,0,0,0,0,0,19.9
1987,USA,25.5,-113.5,0,0,0,0,0,9.205433,0,5.794567
1987,USA,25.5,-112.5,0,0,0,0,0,0,0,8.2
1987,USA,26.5,-113.5,0,0,0,0,0,3.2,0,4.5
1987,USA,27.5,-116.5,0,0,0,0,0,0.9488982,0,26.4511
1987,USA,27.5,-115.5,0,0,0,0,0,5.631953,0,49.46805
1987,USA,28.5,-116.5,0,0,0,0,0,0.9421732,0,133.6578
1987,USA,28.5,-115.5,0,0,0,0,0,21.45638,0,377.7436
1987,USA,29.5,-116.5,0,0,0,0,0,0.9,0,36.2
1987,USA,30.5,-116.5,0,0,0,0,0,0,0,18.1
1987,MEX,16.5,-117.5,0,0,0,0,0,0,0,11
1987,MEX,18.5,-114.5,0,0,0,0,0,0,0,5
1987,MEX,18.5,-112.5,0,0,0,0,0,2,0,8
1987,MEX,19.5,-112.5,0,0,0,0,0,68.45089,0,58.54911
1987,MEX,24.5,-112.5,0,0,0,0,0,0,0,1
1987,MEX,25.5,-113.5,0,0,0,0,0,6,0,0
1987,MEX,25.5,-112.5,0,0,0,0,0,0,0,44
1987,MEX,26.5,-113.5,0,0,0,0,0,123.5271,0,26.97287
1987,MEX,28.5,-115.5,0,0,0,45.5,0,18.08654,0,132.4135
1987,MEX,28.5,-112.5,0,0,0,0,0,0,0,4
1987,USA,16.5,-117.5,0,0,0,0,0,0,0,85.3
1987,USA,26.5,-114.5,0,0,0,0,0,4.596885,0,17.20312
1987,USA,26.5,-113.5,0,0,0,0,0,0.6849924,0,1.815008
1987,MEX,19.5,-112.5,0,0,0,0,0,16.71188,0,3.288118
1987,MEX,22.5,-109.5,0,0,0,0,0,0,0,6.9
1987,MEX,23.5,-108.5,0,0,0,0,0,0,0,4.9
1987,MEX,26.5,-114.5,0,0,0,2,0,1,0,1
1987,MEX,27.5,-115.5,0,0,0,7,0,0,0,0
1987,MEX,28.5,-115.5,0,0,0,11,0,0,0,0
1988,MEX,18.5,-112.5,0,0,0,0,0,1.5,0,5.3
1988,MEX,19.5,-112.5,0,0,0,0,0,0,0,25
1988,MEX,20.5,-106.5,0,0,0,0,0,0,0,4.8
1988,MEX,22.5,-107.5,0,0,0,0,0,0,0,0
1988,MEX,18.5,-112.5,0,0,0,0,0,0,0,2.9
1988,MEX,18.5,-111.5,0,0,0,0,0,0,0,3.9
1988,MEX,19.5,-112.5,0,0,0,0,0,0,0,0
1988,MEX,19.5,-111.5,0,0,0,0,0,0,0,1.9
1988,USA,-39.5,-148.5,0,0,0,0,0,0,0,0
1988,USA,-39.5,-147.5,0,0,0,0,0,0,0,0
1988,USA,-39.5,-145.5,0,0,0,0,0,0,0,0
1988,USA,-38.5,-144.5,0,0,0,0,0,0,0,0
1988,MEX,16.5,-117.5,0,0,0,0,0,0,0,0
1988,USA,-40.5,-143.5,0,0,0,0,0,0,0,0
1988,USA,-40.5,-141.5,0,0,0,0,0,0,0,0
1988,USA,-40.5,-139.5,0,0,0,0,0,0,0,0
1988,USA,-40.5,-138.5,0,0,0,0,0,0,0,0
1988,USA,-39.5,-139.5,0,0,0,0,0,0,0,0
1988,USA,-39.5,-138.5,0,0,0,0,0,0,0,0
1988,USA,-39.5,-137.5,0,0,0,0,0,0,0,0
1988,USA,-38.5,-139.5,0,0,0,0,0,0,0,0
1988,MEX,18.5,-112.5,0,0,0,0,0,0,0,0
1988,MEX,19.5,-112.5,0,0,0,0,0,0,0,21.8
1988,MEX,19.5,-107.5,0,0,0,0,0,0,0,0
1988,MEX,19.5,-106.5,0,0,0,0,0,0,0,0
1988,MEX,20.5,-106.5,0,0,0,0,0,0,0,32.7
1988,USA,-39.5,-137.5,0,0,0,0,0,0,0,0
1988,USA,-39.5,-136.5,0,0,0,0,0,0,0,0
1988,USA,-39.5,-135.5,0,0,0,0,0,0,0,0
1988,USA,-39.5,-134.5,0,0,0,0,0,0,0,0
1988,USA,-38.5,-133.5,0,0,0,0,0,0,0,0
1988,USA,-38.5,-131.5,0,0,0,0,0,0,0,0
1988,USA,-38.5,-128.5,0,0,0,0,0,0,0,0
1988,MEX,16.5,-117.5,0,0,0,0,0,0,0,4.9
1988,MEX,16.5,-114.5,0,0,0,0,0,0,0,19.9
1988,MEX,18.5,-114.5,0,0,0,0,0,45.42181,0,44.57819
1988,MEX,18.5,-112.5,0,0,0,0,0,0,0,0
1988,MEX,18.5,-111.5,0,0,0,0,0,16.9,0,5.9
1988,MEX,19.5,-112.5,0,0,0,0,0,16.33943,0,27.16057
1988,MEX,19.5,-110.5,0,0,0,0,0,0,0,16.9
1988,MEX,21.5,-112.5,0,0,0,0,0,19,0,0
1988,MEX,21.5,-110.5,0,0,0,0,0,20,0,0
1988,MEX,22.5,-112.5,0,0,0,0,0,5.9,0,0
1988,MEX,22.5,-111.5,0,0,0,0,0,29.7,0,0
1988,MEX,22.5,-110.5,0,0,0,0,0,0.9,0,0
1988,MEX,23.5,-110.5,0,0,0,0,0,4.9,0,0
1988,USA,24.5,-111.5,0,0,0,0,0,6.3,0,2.7
1988,USA,29.5,-115.5,0,0,0,0,0,0.1,0,0
1988,MEX,16.5,-117.5,0,0,0,0,0,0,0,0
1988,MEX,18.5,-112.5,0,0,0,0,0,13.26504,0,10.63496
1988,MEX,19.5,-114.5,0,0,0,0,0,0,0,0
1988,MEX,19.5,-113.5,0,0,0,0,0,0,0,0
1988,MEX,19.5,-112.5,0,0,0,0,0,0,0,8.5
1988,MEX,21.5,-112.5,0,0,0,0,0,0.5,0,0
1988,MEX,21.5,-111.5,0,0,0,0,0,3.785868,0,3.714132
1988,MEX,21.5,-110.5,0,0,0,0,0,19.8,0,0
1988,MEX,22.5,-112.5,0,0,0,0,0,5.887782,0,22.61222
1988,MEX,22.5,-111.5,0,0,0,0,0,19.9,0,0
1988,MEX,23.5,-112.5,0,0,0,0,0,7.9,0,0
1988,MEX,23.5,-111.5,0,0,0,0,0,5.8,0,0.9
1988,MEX,24.5,-113.5,0,0,0,0,0,0.5,0,33.2
1988,MEX,24.5,-112.5,0,0,0,0,0,87.79874,0,333.5013
1988,USA,20.5,-112.5,0,0,0,0,0,0,0,0.4
1988,USA,20.5,-110.5,0,0,0,0,0,0,0,3.6
1988,USA,21.5,-112.5,0,0,0,0,0,0,0,0
1988,USA,21.5,-111.5,0,0,0,0,0,0,0,0
1988,USA,22.5,-110.5,0,0,0,0,0,0,0,0
1988,USA,23.5,-112.5,0,0,0,0,0,0,0,0.1
1988,USA,23.5,-111.5,0,0,0,0,0,0,0,0
1988,USA,24.5,-113.5,0,0,0,0,0,0,0,1.5
1988,USA,24.5,-112.5,0,0,0,0,0,0,0,13.1
1988,USA,25.5,-113.5,0,0,0,0,0,1.780788,0,1.319212
1988,MEX,23.5,-112.5,0,0,0,0,0,0,0,0
1988,MEX,23.5,-111.5,0,0,0,0,0,22,0,2.5
1988,MEX,24.5,-113.5,0,0,0,0,0,17.59161,0,6.208393
1988,MEX,24.5,-112.5,0,0,0,0,0,23.30639,0,102.8936
1988,MEX,25.5,-114.5,0,0,0,0,0,1.968652,0,1.931348
1988,MEX,25.5,-113.5,0,0,0,0,0,30.67343,0,40.62656
1988,MEX,25.5,-112.5,0,0,0,0,0,21.8,0,0
1988,MEX,26.5,-115.5,0,0,0,0,0,122.0243,0,21.47566
1988,MEX,26.5,-114.5,0,0,0,0,0,62.33252,0,18.66748
1988,MEX,27.5,-115.5,0,0,0,0,0,42.9,0,4.8
1988,MEX,27.5,-114.5,0,0,0,0,0,3.9,0,25.6
1988,MEX,28.5,-116.5,0,0,0,0,0,4.8,0,4.8
1988,MEX,28.5,-115.5,0,0,0,0,0,0,0,0
1988,USA,19.5,-112.5,0,0,0,0,0,0,0,0
1988,USA,23.5,-113.5,0,0,0,0,0,0,0,0
1988,USA,23.5,-112.5,0,0,0,0,0,8.329492,0,6.170508
1988,USA,23.5,-111.5,0,0,0,0,0,0,0,0
1988,USA,24.5,-113.5,0,0,0,0,0,3.102018,0,2.297982
1988,USA,24.5,-112.5,0,0,0,0,0,0.2297791,0,0.1702209
1988,USA,25.5,-115.5,0,0,0,0,0,0,0,0
1988,USA,25.5,-114.5,0,0,0,0,0,1.034006,0,0.7659941
1988,USA,25.5,-113.5,0,0,0,0,0,1.551009,0,1.148991
1988,USA,25.5,-112.5,0,0,0,0,0,2.068012,0,1.531988
1988,USA,26.5,-116.5,0,0,0,0,0,0.9,0,0
1988,USA,26.5,-115.5,0,0,0,0,0,30.1,0,0.5
1988,USA,26.5,-114.5,0,0,0,0,0,0,0,0
1988,USA,27.5,-115.5,0,2.2,0,0,0,63.3,0,35.2
1988,USA,27.5,-114.5,0,0,0,0,0,0,0,0
1988,USA,28.5,-116.5,0,0,0,0,0,0.5170029,0,0.382997
1988,USA,28.5,-115.5,0,0,0,0,0,3.6,0,0
1988,USA,29.5,-116.5,0,0,0,0,0,0.5446686,0,0.2553314
1988,USA,30.5,-116.5,0,0,0,0,0,6.4,0,0
1988,MEX,24.5,-113.5,0,0,0,0,0,7.9,0,0
1988,MEX,24.5,-112.5,0,0,0,0,0,0,0,0
1988,MEX,25.5,-114.5,0,0,0,0,0,0.9,0,3.9
1988,MEX,25.5,-113.5,0,0,0,0,0,80.4,0,0
1988,MEX,25.5,-112.5,0,0,0,0,0,0.5,0,0
1988,MEX,26.5,-115.5,0,0,0,0,0,23.16387,0,13.13613
1988,MEX,26.5,-114.5,0,0,0,0,0,116.3911,0,35.40892
1988,MEX,26.5,-113.5,0,0,0,0,0,23.35909,0,19.04091
1988,MEX,27.5,-115.5,0,0,0,0,0,59.949,0,58.851
1988,MEX,28.5,-116.5,0,0,0,0,0,0,0,7.7
1988,MEX,28.5,-115.5,0,0,0,0,0,2.9,0,3.4
1988,MEX,29.5,-115.5,0,0,0,0,0,1.9,0,4.9
1988,USA,25.5,-115.5,0,0,0,0,0,1.091451,0,0.8085493
1988,USA,25.5,-114.5,0,0,0,0,0,1.817003,0,0.382997
1988,USA,25.5,-112.5,0,0,0,0,0,1.8,0,0.9
1988,USA,26.5,-116.5,0,0,0,0,0,47.3,0,0.9
1988,USA,26.5,-115.5,0,0,0,0,0,0.4,0,0.6
1988,USA,26.5,-114.5,0,0,0,0,0,18.95745,0,4.642555
1988,USA,26.5,-113.5,0,0,0,0,0,7.2,0,1.8
1988,USA,27.5,-115.5,0,0,0,0,0,18.8,0,38.6
1988,USA,28.5,-116.5,0,0,0,0,0,0,0,0
1988,USA,28.5,-115.5,0,0,0,0,0,2.757445,0,0.04255523
1988,USA,29.5,-116.5,0,0,0,0,0,0,0,0
1988,USA,43.5,-126.5,0.9,0,0,0,0,0,0,0
1988,USA,44.5,-126.5,19.2,0,0,0,0,0,0,0
1988,USA,45.5,-126.5,0.6,0,0,0,0,0,0,0
1988,MEX,24.5,-112.5,0,0,0,0,0,0.5,0,2.4
1988,MEX,25.5,-112.5,0,0,0,0,0,0,0,2.9
1988,MEX,27.5,-115.5,0,0,0,0.9,0,69.52774,0,79.77226
1988,MEX,27.5,-114.5,0,0,0,9.9,0,0,0,0
1988,MEX,28.5,-116.5,0,0,0,0,0,0,0,0
1988,MEX,28.5,-115.5,0,0,0,0,0,1.463869,0,2.336131
1988,MEX,29.5,-116.5,0,0,0,0,0,0.9,0,0.9
1988,USA,24.5,-112.5,0,0,0,0,0,0,0,0
1988,USA,25.5,-113.5,0,0,0,0,0,0,0,0
1988,USA,25.5,-112.5,0,0,0,0,0,0,0,0
1988,USA,27.5,-115.5,0,0,0,0,0,31.7,0,22.4
1988,USA,28.5,-116.5,0,0,0,0,0,0,0,0
1988,USA,28.5,-115.5,0,0,0,0,0,2.7,0,0
1988,USA,29.5,-116.5,0,0,0,0,0,10.7,0,7.2
1988,USA,29.5,-115.5,0,0,0,0,0,0,0,0
1988,USA,40.5,-127.5,0.2,0,0,0,0,0,0,0
1988,USA,41.5,-127.5,1.1,0,0,0,0,0,0,0
1988,USA,43.5,-127.5,10.1,0,0,0,0,0,0,0
1988,USA,43.5,-126.5,1.4,0,0,0,0,0,0,0
1988,USA,44.5,-128.5,17.2,0,0,0,0,0,0,0
1988,USA,44.5,-127.5,19.5,0,0,0,0,0,0,0
1988,USA,45.5,-126.5,0.2,0,0,0,0,0,0,0
1988,USA,46.5,-128.5,1.6,0,0,0,0,0,0,0
1988,USA,46.5,-127.5,16.9,0,0,0,0,0,0,0
1988,MEX,19.5,-112.5,0,0,0,0,0,6.8,0,30.5
1988,MEX,20.5,-112.5,0,0,0,0,0,0,0,0.5
1988,MEX,22.5,-112.5,0,0,0,0,0,0,0,38.9
1988,MEX,23.5,-112.5,0,0,0,0,0,0,0,0
1988,MEX,24.5,-115.5,0,0,0,0,0,5.9,0,0
1988,MEX,24.5,-114.5,0,0,0,0,0,0,0,1.5
1988,MEX,24.5,-112.5,0,0,0,0,0,33.9,0,240.4
1988,MEX,25.5,-113.5,0,0,0,0,0,24.7,0,5.9
1988,MEX,25.5,-112.5,0,0,0,142.2,0,232.9,0,29.5
1988,MEX,26.5,-114.5,0,0,0,0,0,24.6,0,9.2
1988,MEX,26.5,-113.5,0,0,0,0,0,1.9,0,0
1988,MEX,26.5,-112.5,0,0,0,26,0,0,0,0
1988,MEX,27.5,-115.5,0,0,0,0.5,0,0,0,2.8
1988,MEX,27.5,-114.5,0,0,0,0,0,0,0,1.9
1988,USA,16.5,-117.5,0,0,0,0,0,80.2,0,66
1988,USA,17.5,-119.5,0,0,0,0,0,0,0,0
1988,USA,17.5,-118.5,0,0,0,0,0,0,0,0
1988,USA,19.5,-112.5,0,0,0,0,0,0,0,0
1988,USA,24.5,-112.5,0,0,0,0.4,0,0,0,0
1988,USA,25.5,-118.5,0,0,0,0,0,0,0,4.5
1988,USA,25.5,-112.5,0,0,0,24.4,0,17.5,0,0
1988,USA,26.5,-114.5,0,0,0,0,0,0,0,0
1988,USA,26.5,-113.5,0,0,0,0,0,3.6,0,0
1988,USA,28.5,-115.5,0,0,0,0,0,0,0,0
1988,USA,43.5,-127.5,11.2,0,0,0,0,0,0,0
1988,USA,43.5,-126.5,20.6,0,0,0,0,0,0,0
1988,USA,44.5,-127.5,1.9,0,0,0,0,0,0,0
1988,MEX,16.5,-117.5,0,0,0,0,0,0,0,0
1988,MEX,23.5,-111.5,0,0,0,0,0,0,0,0.5
1988,MEX,25.5,-113.5,0,0,0,0,0,5.878217,0,20.72178
1988,MEX,25.5,-112.5,0,0,0,47.8,0,227.2023,0,15.49765
1988,MEX,26.5,-114.5,0,0,0,0,0,0,0,28.6
1988,MEX,26.5,-112.5,0,0,0,18.8,0,0,0,0
1988,MEX,27.5,-114.5,0,0,0,0,0,0,0,35.6
1988,MEX,28.5,-115.5,0,0,0,3.4,0,0,0,0
1988,USA,16.5,-118.5,0,0,0,0,0,0,0,0
1988,USA,16.5,-117.5,0,0,0,0,0,60.8,0,28.1
1988,USA,17.5,-117.5,0,0,0,0,0,0,0,0
1988,USA,19.5,-112.5,0,0,0,0,0,0,0,0
1988,USA,21.5,-113.5,0,0,0,0,0,4.5,0,0
1988,USA,25.5,-113.5,0,0,0,0,0,4.5,0,0
1988,USA,25.5,-112.5,0,0,0,0,0,7.2,0,0
1988,USA,26.5,-114.5,0,0,0,0,0,0,0,2.7
1988,USA,27.5,-114.5,0,0,0,0,0,0,0,0
1988,MEX,25.5,-113.5,0,0,0,0,0,15.04252,0,26.65748
1988,MEX,26.5,-114.5,0,0,0,0,0,0,0,86
1988,MEX,27.5,-114.5,0,0,0,0,0,0,0,181.7
1988,USA,24.5,-115.5,0,0,0,0,0,0,0,0.9
1988,USA,26.5,-114.5,0,0,0,0,0,0,0,0
1989,MEX,16.5,-117.5,0,0,0,0,0,36.34497,0,69.65504
1989,MEX,18.5,-112.5,0,0,0,0,0,27.16228,0,6.837722
1989,MEX,18.5,-110.5,0,0,0,0,0,0,0,11
1989,MEX,19.5,-112.5,0,0,0,0,0,36,0,0
1989,MEX,21.5,-107.5,0,0,0,0,0,0,0,23
1989,USA,16.5,-117.5,0,0,0,0,0,8.1,0,10
1989,MEX,16.5,-117.5,0,0,0,0,0,3.874259,0,8.12574
1989,MEX,18.5,-112.5,0,0,0,0,0,3,0,0
1989,MEX,18.5,-110.5,0,0,0,0,0,7,0,25
1989,MEX,18.5,-105.5,0,0,0,0,0,0.7748519,0,1.225148
1989,MEX,19.5,-112.5,0,0,0,0,0,1.549704,0,2.450296
1989,MEX,19.5,-105.5,0,0,0,0,0,0.2,0,0
1989,MEX,20.5,-110.5,0,0,0,0,0,13,0,0
1989,MEX,20.5,-106.5,0,0,0,0,0,0.1549704,0,0.2450296
1989,MEX,21.5,-110.5,0,0,0,0,0,12,0,10
1989,MEX,21.5,-109.5,0,0,0,0,0,21.5497,0,2.450296
1989,MEX,22.5,-110.5,0,0,0,0,0,2.5,0,1.5
1989,USA,16.5,-117.5,0,0,0,0,0,6.3,0,19.8
1989,MEX,16.5,-117.5,0,0,0,0,0,23,0,0
1989,USA,-40.5,-142.5,5.9,0,0,0,0,0,0,0
1989,USA,-39.5,-148.5,33.9,0,0,0,0,0,0,0
1989,USA,-39.5,-147.5,0.9,0,0,0,0,0,0,0
1989,USA,-39.5,-145.5,2.7,0,0,0,0,0,0,0
1989,USA,-39.5,-143.5,6.4,0,0,0,0,0,0,0
1989,USA,-39.5,-142.5,1.8,0,0,0,0,0,0,0
1989,USA,-39.5,-138.5,0.5,0,0,0,0,0,0,0
1989,USA,20.5,-110.5,0,0,0,0,0,0.9,0,0
1989,USA,21.5,-110.5,0,0,0,0,0,0.5,0,0
1989,USA,21.5,-109.5,0,0,0,0,0,2.3,0,0
1989,MEX,19.5,-112.5,0,0,0,0,0,0,0,1
1989,MEX,19.5,-110.5,0,0,0,0,0,4,0,0
1989,MEX,19.5,-108.5,0,0,0,0,0,92,0,4
1989,MEX,20.5,-111.5,0,0,0,0,0,1,0,0
1989,MEX,20.5,-109.5,0,0,0,0,0,6,0,0
1989,MEX,20.5,-106.5,0,0,0,0,0,3,0,9
1989,MEX,20.5,-105.5,0,0,0,0,0,1,0,3
1989,MEX,21.5,-110.5,0,0,0,0,0,58.26168,0,41.73832
1989,MEX,21.5,-109.5,0,0,0,0,0,0.7748519,0,1.225148
1989,MEX,22.5,-110.5,0,0,0,0,0,12,0,14
1989,MEX,22.5,-108.5,0,0,0,0,0,56.16228,0,15.83772
1989,MEX,23.5,-109.5,0,0,0,0,0,0.7748519,0,1.225148
1989,USA,-38.5,-139.5,31.8,0,0,0,0,0,0,0
1989,USA,16.5,-117.5,0,0,0,0,0,4.5,0,0
1989,USA,19.5,-112.5,0,0,0,0,0,0.9,0,1
1989,MEX,20.5,-112.5,0,0,0,0,0,29,0,0
1989,MEX,21.5,-112.5,0,0,0,0,0,11,0,0
1989,MEX,21.5,-109.5,0,0,0,0,0,4,0,5
1989,MEX,21.5,-108.5,0,0,0,0,0,22.68565,0,57.31435
1989,MEX,22.5,-111.5,0,0,0,0,0,6,0,0.5
1989,MEX,22.5,-110.5,0,0,0,0,0,24.76313,0,45.43687
1989,MEX,22.5,-109.5,0,0,0,0,0,45.34282,0,116.6572
1989,MEX,22.5,-108.5,0,0,0,0,0,28.02337,0,55.47663
1989,MEX,23.5,-110.5,0,0,0,0,0,0.7,0,0.5
1989,MEX,23.5,-109.5,0,0,0,0,0,0,0,5
1989,USA,16.5,-117.5,0,0,0,0,0,9.1,0,2.7
1989,USA,19.5,-112.5,0,0,0,0,0,10,0,0
1989,USA,20.5,-112.5,0,0,0,0,0,53.61929,0,2.480714
1989,USA,21.5,-112.5,0,0,0,0,0,9.9,0,0
1989,USA,22.5,-111.5,0,0,0,0,0,1.119286,0,1.580714
1989,USA,22.5,-110.5,0,0,0,0,0,0,0,3.6
1989,USA,22.5,-109.5,0,0,0,0,0,4.5,0,0.9
1989,USA,22.5,-108.5,0,0,0,0,0,4.807275,0,10.49272
1989,MEX,22.5,-110.5,0,0,0,0,0,26.52337,0,31.47663
1989,MEX,22.5,-109.5,0,0,0,0,0,12.68055,0,49.31945
1989,MEX,22.5,-108.5,0,0,0,8,0,34.75362,0,97.74638
1989,MEX,24.5,-112.5,0,0,0,30,0,0.9685649,0,1.531435
1989,MEX,25.5,-112.5,0,0,0,15,0,0,0,0
1989,USA,19.5,-112.5,0,0,0,0,0,2.238571,0,3.161429
1989,USA,22.5,-109.5,0,0,0,0,0,4.719285,0,32.38071
1989,USA,22.5,-108.5,0,0,0,0,0,6.519286,0,32.38071
1989,USA,24.5,-112.5,0,0,0,3.6,0,0,0,0
1989,USA,25.5,-114.5,0,0,0,0,0,9.666984,0,14.13302
1989,USA,25.5,-113.5,0,0,0,0,0,0.7461904,0,1.05381
1989,USA,26.5,-114.5,0,0,0,0,0,1.326561,0,1.873439
1989,MEX,21.5,-110.5,0,0,0,0,0,25.62278,0,49.37722
1989,MEX,21.5,-109.5,0,0,0,0,0,6.099408,0,13.90059
1989,MEX,22.5,-112.5,0,0,0,8,0,0,0,0
1989,MEX,22.5,-111.5,0,0,0,0,0,53.60665,0,86.39335
1989,MEX,22.5,-110.5,0,0,0,0,0,152.1432,0,227.8568
1989,MEX,22.5,-109.5,0,0,0,0,0,18.81139,0,43.18861
1989,MEX,23.5,-112.5,0,0,0,0,0,10,0,0
1989,MEX,23.5,-111.5,0,0,0,0,0,3,0,11
1989,MEX,23.5,-110.5,0,0,0,0,0,8,0,19
1989,MEX,24.5,-112.5,0,0,0,0,0,9.549704,0,4.650296
1989,USA,21.5,-111.5,0,0,0,0,0,1.8,0,2.7
1989,USA,21.5,-110.5,0,0,0,0,0,20.73293,0,28.16706
1989,USA,21.5,-109.5,0,0,0,0,0,15.04817,0,21.25183
1989,USA,22.5,-111.5,0,0,0,0,0,42.77934,0,85.12066
1989,USA,22.5,-110.5,0,0,0,0,0,159.9316,0,159.1684
1989,USA,23.5,-112.5,0,0,0,0,0,8.28291,0,0.1170899
1989,USA,23.5,-111.5,0,0,0,0,0,3.357857,0,4.742143
1989,USA,26.5,-116.5,0,0,0,0,0,12.7,0,0
1989,USA,26.5,-115.5,0,0,0,0,0,0.9,0,0
1989,MEX,22.5,-110.5,0,0,0,0,0,8,0,7
1989,MEX,23.5,-111.5,0,0,0,0,0,18,0,7.5
1989,MEX,23.5,-110.5,0,0,0,0,0,0,0,0.5
1989,MEX,24.5,-112.5,0,0,0,0,0,0,0,117.5
1989,MEX,25.5,-113.5,0,0,0,0,0,0,0,5
1989,MEX,26.5,-115.5,0,0,0,0,0,26,0,10
1989,MEX,27.5,-115.5,0,0,0,0,0,48.04164,0,60.45836
1989,MEX,27.5,-114.5,0,0,0,13,0,0,0,6
1989,MEX,28.5,-116.5,0,0,0,0,0,1,0,2
1989,MEX,28.5,-115.5,0,0,0,0,0,10.5,0,0
1989,USA,23.5,-112.5,0,0,0,0,0,0,0,2.7
1989,USA,23.5,-111.5,0,0,0,0,0,6.3,0,5.4
1989,USA,24.5,-112.5,0,0,0,0,0,0.3730952,0,5.926905
1989,USA,25.5,-115.5,0,0,0,0,0,8.291005,0,11.70899
1989,USA,26.5,-116.5,0,0,0,0,0,12.55312,0,11.84688
1989,USA,26.5,-115.5,0,0,0,0,0,2.984762,0,4.815238
1989,USA,27.5,-116.5,0,0,0,0,0,41.9,0,4.5
1989,USA,27.5,-115.5,0,0,0,0,0,209.711,0,117.489
1989,USA,28.5,-116.5,0,0,0,0,0,5.4,0,0
1989,USA,28.5,-115.5,0,0,0,0,0,3.6,0,0
1989,USA,29.5,-116.5,0,0,0,0,0,2.7,0,0
1989,MEX,24.5,-112.5,0,0,0,0,0,0.2,0,3
1989,MEX,25.5,-114.5,0,0,0,0,0,3,0,0
1989,MEX,25.5,-112.5,0,0,0,0,0,3,0,27
1989,MEX,26.5,-115.5,0,0,0,0,0,7,0,9
1989,MEX,26.5,-114.5,0,0,0,9,0,22,0,50
1989,MEX,26.5,-112.5,0,0,0,0,0,9,0,6
1989,MEX,27.5,-115.5,0,0,0,0,0,15.38743,0,27.61257
1989,MEX,27.5,-114.5,0,0,0,12.5,0,0,0,0.2
1989,MEX,28.5,-116.5,0,0,0,0,0,2,0,0
1989,MEX,28.5,-115.5,0,0,0,18,0,0,0,0
1989,MEX,29.5,-116.5,0,0,0,0,0,16.5,0,0.5
1989,USA,24.5,-112.5,0,0,0,0,0,0,0,8.1
1989,USA,25.5,-114.5,0,0,0,0,0,4.192381,0,3.007619
1989,USA,25.5,-113.5,0,0,0,0,0,2.38037,0,2.61963
1989,USA,25.5,-112.5,0,0,0,0,0,73.45425,0,175.8457
1989,USA,26.5,-115.5,0,0,0,0,0,27.16548,0,9.834524
1989,USA,26.5,-114.5,0,0,0,0,0,0.2072751,0,0.2927249
1989,USA,27.5,-117.5,0,0,0,0,0,3.6,0,4.5
1989,USA,27.5,-116.5,0,0,0,0,0,8.053122,0,3.746878
1989,USA,27.5,-115.5,0,0,0,0,0,4.245846,0,6.154153
1989,USA,27.5,-114.5,0,0,0,0,0,3.026217,0,4.273783
1989,USA,28.5,-115.5,0,0,0,0,0,11.87241,0,6.727593
1989,USA,28.5,-114.5,0,0,0,0,0,1.8,0,0.9
1989,USA,29.5,-116.5,0,0,0,0,0,3.6,0,1.4
1989,USA,29.5,-115.5,0,0,0,0,0,14.00336,0,12.59664
1989,MEX,18.5,-112.5,0,0,0,0,0,15,0,55
1989,MEX,25.5,-113.5,0,0,0,0,0,5,0,22
1989,MEX,25.5,-112.5,0,0,0,0,0,7,0,158
1989,MEX,26.5,-114.5,0,0,0,0,0,15.14911,0,45.35089
1989,MEX,26.5,-113.5,0,0,0,4,0,39.68565,0,49.31435
1989,MEX,26.5,-112.5,0,0,0,0,0,4,0,1
1989,MEX,27.5,-116.5,0,0,0,0,0,9,0,0
1989,MEX,27.5,-114.5,0,0,0,62,0,0.7748519,0,2.225148
1989,USA,16.5,-117.5,0,0,0,0,0,47.79772,0,54.70228
1989,USA,18.5,-113.5,0,0,0,0,0,1.492381,0,2.107619
1989,USA,19.5,-112.5,0,0,0,0,0,3.026217,0,4.273783
1989,USA,25.5,-113.5,0,0,0,0,0,26.65558,0,48.54442
1989,USA,25.5,-112.5,0,0,0,0,0,20.21029,0,190.0897
1989,USA,26.5,-114.5,0,0,0,0,0,0,0,10.9
1989,USA,26.5,-113.5,0,0,0,0,0,16.74124,0,38.45876
1989,USA,27.5,-115.5,0,0,0,0,0,0,0,2.7
1989,USA,27.5,-114.5,0,0,0,0,0,0.9534656,0,1.346534
1989,MEX,16.5,-117.5,0,0,0,0,0,2,0,5
1989,MEX,18.5,-112.5,0,0,0,0,0,2,0,7
1989,MEX,24.5,-112.5,0,0,0,0,0,0,0,10
1989,MEX,25.5,-113.5,0,0,0,0,0,19,0,18
1989,MEX,25.5,-112.5,0,0,0,0,0,0,0,24
1989,MEX,25.5,-110.5,0,0,0,20.5,0,0,0,0
1989,MEX,26.5,-114.5,0,0,0,8,0,4,0,31
1989,MEX,26.5,-113.5,0,0,0,19.5,0,49.54971,0,92.45029
1989,MEX,26.5,-112.5,0,0,0,0,0,1,0,3
1989,MEX,27.5,-114.5,0,0,0,103.5,0,10,0,60.5
1989,USA,24.5,-115.5,0,0,0,0,0,0.9,0,22.2
1989,USA,24.5,-112.5,0,0,0,0,0,0.9,0,61.6
1989,USA,25.5,-113.5,0,0,0,0,0,0,0,10.8
1989,USA,25.5,-112.5,0,0,0,0,0,0,0,3.6
1989,USA,26.5,-114.5,0,0,0,0,0,0.5,0,10
1989,USA,26.5,-113.5,0,0,0,0,0,16.53788,0,49.46212
1989,USA,27.5,-114.5,0,0,0,0,0,5.9,0,5.5
1989,MEX,18.5,-112.5,0,0,0,0,0,1,0,5
1989,MEX,19.5,-112.5,0,0,0,0,0,1,0,10
1989,MEX,24.5,-112.5,0,0,0,0,0,0,0,54
1989,MEX,25.5,-113.5,0,0,0,9,0,25,0,18
1989,MEX,25.5,-112.5,0,0,0,0,0,6.5,0,13.5
1989,MEX,26.5,-113.5,0,0,0,180,0,8,0,21
1989,MEX,26.5,-112.5,0,0,0,17,0,4,0,0
1989,MEX,27.5,-114.5,0,0,0,92.5,0,4,0,0
1989,USA,24.5,-112.5,0,0,0,0,0,0,0,56.1
1990,MEX,16.5,-117.5,0,0,0,0,0,5,0,48
1990,MEX,18.5,-112.5,0,0,0,0,0,1,0,2
1990,MEX,19.5,-112.5,0,0,0,0,0,0,0,6
1990,MEX,22.5,-106.5,0,0,0,0,0,0,0,10
1990,MEX,23.5,-111.5,0,0,0,0,0,1,0,37
1990,MEX,25.5,-113.5,0,0,0,0,0,0,0,0.5
1990,MEX,25.5,-112.5,0,0,0,0,0,0,0,0.5
1990,USA,16.5,-117.5,0,0,0,0,0,4.5,0,21.7
1990,USA,23.5,-111.5,0,0,0,0,0,0.5,0,7.2
1990,MEX,16.5,-117.5,0,0,0,0,0,17.27297,0,48.72703
1990,MEX,18.5,-112.5,0,0,0,0,0,0,0,0.5
1990,MEX,18.5,-110.5,0,0,0,0,0,0,0,2
1990,MEX,19.5,-112.5,0,0,0,0,0,0,0,1
1990,MEX,21.5,-112.5,0,0,0,0,0,2,0,0
1990,MEX,23.5,-113.5,0,0,0,0,0,0.424323,0,2.575677
1990,MEX,24.5,-112.5,0,0,0,34.5,0,0,0,0
1990,USA,-39.5,-149.5,7.3,0,0,0,0,0,0,0
1990,USA,-39.5,-148.5,1.8,0,0,0,0,0,0,0
1990,MEX,16.5,-117.5,0,0,0,0,0,36,0,1
1990,MEX,20.5,-108.5,0,0,0,0,0,0.5,0,0
1990,MEX,20.5,-106.5,0,0,0,0,0,0.282882,0,1.717118
1990,MEX,21.5,-114.5,0,0,0,0,0,9,0,0
1990,MEX,23.5,-113.5,0,0,0,0,0,0,0,2
1990,MEX,24.5,-112.5,0,0,0,1,0,0,0,0
1990,USA,-39.5,-149.5,57.3,0,0,0,0,0,0,0
1990,USA,-39.5,-148.5,24.7,0,0,0,0,0,0,0
1990,USA,-39.5,-147.5,36.2,0,0,0,0,0,0,0
1990,USA,-39.5,-145.5,2,0,0,0,0,0,0,0
1990,USA,-39.5,-144.5,5.2,0,0,0,0,0,0,0
1990,USA,-38.5,-147.5,3.3,0,0,0,0,0,0,0
1990,USA,-38.5,-145.5,5.1,0,0,0,0,0,0,0
1990,MEX,16.5,-117.5,0,0,0,0,0,5,0,6
1990,MEX,21.5,-109.5,0,0,0,0,0,0.424323,0,2.575677
1990,MEX,23.5,-112.5,0,0,0,0,0,2.697292,0,29.30271
1990,MEX,24.5,-112.5,0,0,0,0,0,46.88963,0,190.6104
1990,USA,-39.5,-147.5,2.7,0,0,0,0,0,0,0
1990,USA,-38.5,-148.5,35.8,0,0,0,0,0,0,0
1990,MEX,23.5,-112.5,0,0,0,0,0,0,0,18.5
1990,MEX,23.5,-111.5,0,0,0,0,0,0,0,3
1990,MEX,24.5,-112.5,0,0,0,0,0,12,0,248.5
1990,USA,16.5,-117.5,0,0,0,0,0,1.4,0,3.2
1990,MEX,22.5,-111.5,0,0,0,0,0,8,0,56
1990,MEX,22.5,-110.5,0,0,0,0,0,0,0,99
1990,MEX,23.5,-111.5,0,0,0,0,0,10,0,486
1990,MEX,23.5,-110.5,0,0,0,0,0,0,0,9
1990,MEX,25.5,-112.5,0,0,0,8,0,0,0,0
1990,MEX,23.5,-112.5,0,0,0,0,0,0,0,3
1990,MEX,23.5,-111.5,0,0,0,0,0,0,0,8
1990,MEX,25.5,-112.5,0,0,0,51,0,0,0,0
1990,MEX,26.5,-114.5,0,0,0,0,0,0,0,25
1990,MEX,26.5,-113.5,0,0,0,28,0,0,0,0
1990,MEX,27.5,-116.5,0,0,0,0,0,0,0,1
1990,USA,23.5,-111.5,0,0,0,0,0,0.1433634,0,0.3566366
1990,USA,24.5,-115.5,0,0,0,0,0,0.2580541,0,0.6419458
1990,USA,25.5,-116.5,0,0,0,0,0,0,0,0.9
1990,USA,26.5,-116.5,0,0,0,0,0,0,0,0.2
1990,USA,26.5,-115.5,0,0,0,0,0,4.415593,0,12.98441
1990,USA,26.5,-114.5,0,0,0,0,0,2.4,0,13.5
1990,USA,27.5,-116.5,0,0,0,0,0,1.290271,0,3.209729
1990,USA,27.5,-115.5,0,0,0,0,0,5.825323,0,7.774678
1990,USA,28.5,-116.5,0,0,0,0,0,0,0,0.4
1990,USA,29.5,-117.5,0,0,0,0,0,7.458054,0,0.6419458
1990,USA,29.5,-116.5,0,0,0,0,0,0,0,1
1990,USA,30.5,-117.5,0,0,0,0,0.9,0.4,0,0
1990,MEX,18.5,-112.5,0,0,0,0,0,2,0,40
1990,MEX,19.5,-112.5,0,0,0,0,0,0,0,36
1990,MEX,26.5,-114.5,0,0,0,0,0,0,0,42
1990,MEX,26.5,-113.5,0,0,0,0,0,2,0,106
1990,MEX,27.5,-114.5,0,0,0,0,0,0,0,3
1990,MEX,29.5,-116.5,0,0,0,0,0,0,0,1
1990,USA,43.5,-129.5,0.2,0,0,0,0,0,0,0
1990,USA,43.5,-128.5,0.2,0,0,0,0,0,0,0
1990,USA,44.5,-128.5,0.5,0,0,0,0,0,0,0
1990,USA,45.5,-131.5,0.2,0,0,0,0,0,0,0
1990,USA,46.5,-133.5,0.2,0,0,0,0,0,0,0
1990,USA,46.5,-132.5,0.2,0,0,0,0,0,0,0
1990,USA,46.5,-128.5,0.6,0,0,0,0,0,0,0
1990,USA,47.5,-131.5,0.4,0,0,0,0,0,0,0
1990,USA,47.5,-130.5,0.8,0,0,0,0,0,0,0
1990,USA,47.5,-129.5,0.7,0,0,0,0,0,0,0
1990,USA,48.5,-132.5,0.2,0,0,0,0,0,0,0
1990,USA,49.5,-130.5,2.3,0,0,0,0,0,0,0
1990,USA,49.5,-129.5,0.7,0,0,0,0,0,0,0
1990,MEX,25.5,-113.5,0,0,0,0,0,0,0,37
1990,MEX,26.5,-114.5,0,0,0,0,0,3.07072,0,103.4293
1990,MEX,26.5,-113.5,0,0,0,0,0,32,0,43.5
1990,MEX,27.5,-115.5,0,0,0,0,0,0,0,6
1990,MEX,27.5,-114.5,0,0,0,0,0,2,0,53.5
1990,USA,39.5,-124.5,0.2,0,0,0,0,0,0,0
1990,USA,43.5,-127.5,0.2,0,0,0,0,0,0,0
1990,USA,44.5,-129.5,0.2,0,0,0,0,0,0,0
1990,USA,47.5,-129.5,0.9,0,0,0,0,0,0,0
1990,USA,49.5,-129.5,0.2,0,0,0,0,0,0,0
1990,MEX,18.5,-112.5,0,0,0,0,0,6,0,32
1990,MEX,19.5,-110.5,0,0,0,0,0,0,0,6
1990,MEX,26.5,-114.5,0,0,0,0,0,3,0,8
1990,MEX,26.5,-113.5,0,0,0,0,0,10.69009,0,10.00991
1990,MEX,27.5,-114.5,0,0,0,0,0,1,0,77
1990,MEX,18.5,-112.5,0,0,0,0,0,0,0,1.5
1990,MEX,19.5,-112.5,0,0,0,0,0,1.41441,0,14.08559
1990,MEX,19.5,-110.5,0,0,0,0,0,0,0,0.5
1990,MEX,23.5,-111.5,0,0,0,0,0,1.555851,0,15.44415
1990,MEX,25.5,-113.5,0,0,0,0,0,9.5,0,2
1990,MEX,26.5,-114.5,0,0,0,0,0,10,0,26
1990,MEX,26.5,-113.5,0,0,0,0,0,28,0,34
1990,MEX,27.5,-114.5,0,0,0,0,0,3.5,0,59.5
1990,USA,16.5,-117.5,0,0,0,0,0,8.2,0,44.5
1990,USA,18.5,-114.5,0,0,0,0,0,0,0,0.9
1990,MEX,24.5,-112.5,0,0,0,0,0,0,0,55
1990,MEX,25.5,-114.5,0,0,0,0,0,0,0,2.5
1990,MEX,25.5,-113.5,0,0,0,0,0,36,0,4
1990,MEX,25.5,-112.5,0,0,0,0,0,8,0,29
1990,MEX,26.5,-113.5,0,0,0,0,0,32,0,14
1990,MEX,27.5,-114.5,0,0,0,1,0,0,0,20
1991,MEX,16.5,-117.5,0,0,0,0,0,1,0,8
1991,MEX,21.5,-111.5,0,0,0,0,0,2,0,0
1991,MEX,25.5,-113.5,0,0,0,0,0,1,0,0
1991,MEX,16.5,-117.5,0,0,0,0,0,5,0,0
1991,MEX,22.5,-108.5,0,0,0,0,0,0,0,2
1991,MEX,18.5,-112.5,0,0,0,0,0,0,0,15
1991,MEX,16.5,-117.5,0,0,0,0,0,81,0,2
1991,MEX,18.5,-114.5,0,0,0,0,0,0,0,2
1991,MEX,21.5,-111.5,0,0,0,0,0,2,0,8
1991,MEX,23.5,-109.5,0,0,0,0,0,0,0,20
1991,MEX,25.5,-109.5,0,0,0,0,0,9,0,31
1991,MEX,21.5,-110.5,0,0,0,0,0,1,0,20
1991,MEX,22.5,-110.5,0,0,0,0,0,9.066166,0,66.93383
1991,MEX,22.5,-106.5,0,0,0,0,0,2.501011,0,5.498989
1991,MEX,24.5,-108.5,0,0,0,0,0,0.3126264,0,50.68737
1991,MEX,25.5,-109.5,0,0,0,0,0,5,0,14
1991,MEX,21.5,-110.5,0,0,0,0,0,1.563132,0,7.436868
1991,MEX,22.5,-111.5,0,0,0,0,0,0,0,1
1991,MEX,22.5,-110.5,0,0,0,0,0,24.00607,0,166.9939
1991,MEX,23.5,-112.5,0,0,0,0,0,13.9399,0,79.0601
1991,MEX,23.5,-111.5,0,0,0,0,0,1,0,6
1991,MEX,23.5,-110.5,0,0,0,0,0,5,0,118.5
1991,MEX,23.5,-109.5,0,0,0,0,0,0,0,3
1991,USA,16.5,-117.5,0,0,0,0,0,40.65104,0,11.14897
1991,USA,19.5,-112.5,0,0,0,0,0,0,0,20.8
1991,USA,22.5,-110.5,0,0,0,0,0,1.991482,0,23.30852
1991,USA,23.5,-112.5,0,0,0,0,0,18.14462,0,140.7554
1991,USA,23.5,-111.5,0,0,0,0,0,0,0,11.8
1991,USA,23.5,-110.5,0,0,0,0,0,0,0,8.1
1991,MEX,23.5,-113.5,0,0,0,0,0,23.37677,0,81.62323
1991,MEX,24.5,-114.5,0,0,0,0,0,33.03207,0,10.46793
1991,MEX,24.5,-113.5,0,0,0,0,0,1.563132,0,38.43687
1991,MEX,24.5,-112.5,0,0,0,0,0,0,0,2
1991,MEX,25.5,-114.5,0,0,0,0,0,1.250506,0,2.749494
1991,MEX,25.5,-113.5,0,0,0,33,0,2,0,32
1991,MEX,25.5,-112.5,0,0,0,25,0,0,0,0
1991,MEX,26.5,-113.5,0,0,0,0,0,0,0,25
1991,USA,23.5,-114.5,0,0,0,0,0,53.41019,0,82.68981
1991,USA,23.5,-113.5,0,0,0,0,0,7.62722,0,5.07278
1991,USA,23.5,-112.5,0,0,0,0,0,3.289779,0,32.01022
1991,USA,24.5,-114.5,0,0,0,0,0,104.3,0,4.5
1991,USA,24.5,-113.5,0,0,0,0,0,15.8983,0,27.7017
1991,USA,24.5,-112.5,0,0,0,0,0,0,0,7.3
1991,USA,26.5,-113.5,0,0,0,0,0,0,0,5.4
1991,MEX,25.5,-113.5,0,0,0,0,0,85,0,62
1991,MEX,26.5,-113.5,0,0,0,0,0,60.06819,0,164.9318
1991,MEX,26.5,-112.5,0,0,0,0,0,0,0,5
1991,USA,25.5,-114.5,0,0,0,0,0,7.3,0,0
1991,USA,25.5,-113.5,0,0,0,0,0,107.785,0,106.215
1991,USA,26.5,-113.5,0,0,0,0,0,21.13741,0,32.36259
1991,USA,27.5,-115.5,0,0,0,0,0,0,0,2.7
1991,USA,28.5,-116.5,0,0,0,0,0,0,0,2.7
1991,MEX,22.5,-110.5,0,0,0,0,0,0,0,6
1991,MEX,23.5,-111.5,0,0,0,0,0,13,0,13.5
1991,MEX,23.5,-110.5,0,0,0,0,0,0,0,6
1991,MEX,25.5,-113.5,0,0,0,0,0,48.50101,0,26.49899
1991,MEX,26.5,-114.5,0,0,0,0,0,1,0,29
1991,MEX,26.5,-113.5,0,0,0,0,0,15.03207,0,21.46793
1991,MEX,27.5,-115.5,0,0,0,0,0,0,0,3.5
1991,MEX,27.5,-114.5,0,0,0,0,0,1,0,104
1991,USA,19.5,-112.5,0,0,0,0,0,9.205074,0,11.59492
1991,USA,23.5,-114.5,0,0,0,0,0,0,0,0.9
1991,USA,23.5,-111.5,0,0,0,0,0,0,0,38.5
1991,USA,25.5,-113.5,0,0,0,0,0,48.58807,0,68.51192
1991,USA,25.5,-112.5,0,0,0,0,0,6.3,0,1.8
1991,USA,26.5,-114.5,0,0,0,0,0,0,0,34.4
1991,USA,26.5,-113.5,0,0,0,0,0,14.04422,0,17.25578
1991,USA,26.5,-112.5,0,0,0,0,0,2.7,0,0
1991,USA,27.5,-114.5,0,0,0,0,0,3.230627,0,4.069373
1991,USA,29.5,-115.5,0,0,0,0,0,2.7,0,9.1
1991,MEX,16.5,-117.5,0,0,0,0,0,35.57122,0,61.42878
1991,MEX,23.5,-111.5,0,0,0,0,0,0,0,22
1991,MEX,23.5,-110.5,0,0,0,0,0,0,0,6
1991,MEX,24.5,-113.5,0,0,0,0,0,0,0,2
1991,MEX,25.5,-113.5,0,0,0,0,0,14.06313,0,42.43687
1991,MEX,25.5,-112.5,0,0,0,0,0,40,0,33
1991,MEX,26.5,-114.5,0,0,0,0,0,4,0,5
1991,MEX,26.5,-113.5,0,0,0,0,0,55,0,18
1991,USA,16.5,-117.5,0,0,0,0,0,42.36803,0,45.43197
1991,USA,18.5,-112.5,0,0,0,0,0,4.823813,0,6.076187
1991,USA,19.5,-112.5,0,0,0,0,0,6.815296,0,8.584704
1991,USA,24.5,-112.5,0,0,0,0,0,1.19489,0,1.505111
1991,USA,25.5,-113.5,0,0,0,0,0,7.2,0,9
1991,USA,25.5,-112.5,0,0,0,0,0,7.3,0,7.3
1991,USA,26.5,-114.5,0,0,0,0,0,16.02037,0,22.87963
1991,USA,26.5,-113.5,0,0,0,0,0,38.54625,0,50.35375
1991,USA,27.5,-114.5,0,0,0,0,0,2.389779,0,3.010221
1991,MEX,20.5,-111.5,0,0,0,0,0,4.37677,0,9.62323
1991,MEX,23.5,-112.5,0,0,0,0,0,0,0,8
1991,MEX,24.5,-111.5,0,0,0,0,0,0,0,10
1991,MEX,25.5,-113.5,0,0,0,0,0,41.01566,0,75.18434
1991,MEX,25.5,-112.5,0,0,0,0,0,0.6252528,0,1.374747
1991,MEX,26.5,-113.5,0,0,0,0,0,2.5,0,10
1991,USA,16.5,-117.5,0,0,0,0,0,29.1,0,23.5
1991,USA,17.5,-117.5,0,0,0,0,0,1.19489,0,1.505111
1991,USA,29.5,-117.5,0.9,0,0,0,0,0,0,0
1992,MEX,18.5,-112.5,0,0,0,0,0,0.9779833,0,7.022017
1992,MEX,19.5,-112.5,0,0,0,0,0,11.31286,0,20.18714
1992,MEX,25.5,-113.5,0,0,0,0,0,5,0,5
1992,MEX,25.5,-112.5,0,0,0,0,0,0.9779833,0,2.022017
1992,USA,-39.5,-149.5,5,0,0,0,0,0,0,0
1992,USA,-38.5,-149.5,2.8,0,0,0,0,0,0,0
1992,USA,-38.5,-147.5,3.2,0,0,0,0,0,0,0
1992,USA,-38.5,-145.5,0.2,0,0,0,0,0,0,0
1992,USA,-37.5,-145.5,0.6,0,0,0,0,0,0,0
1992,USA,-37.5,-144.5,0.5,0,0,0,0,0,0,0
1992,USA,-39.5,-146.5,1.4,0,0,0,0,0,0,0
1992,USA,-39.5,-145.5,2.1,0,0,0,0,0,0,0
1992,USA,-39.5,-144.5,8.1,0,0,0,0,0,0,0
1992,USA,-39.5,-143.5,1.4,0,0,0,0,0,0,0
1992,USA,-39.5,-141.5,0.2,0,0,0,0,0,0,0
1992,USA,-39.5,-140.5,0.7,0,0,0,0,0,0,0
1992,USA,-39.5,-139.5,6,0,0,0,0,0,0,0
1992,USA,-39.5,-137.5,0.6,0,0,0,0,0,0,0
1992,USA,-39.5,-136.5,3.4,0,0,0,0,0,0,0
1992,USA,-39.5,-132.5,9.5,0,0,0,0,0,0,0
1992,USA,-38.5,-143.5,0.5,0,0,0,0,0,0,0
1992,USA,-38.5,-141.5,3.4,0,0,0,0,0,0,0
1992,USA,-38.5,-140.5,0.6,0,0,0,0,0,0,0
1992,USA,-38.5,-138.5,1.1,0,0,0,0,0,0,0
1992,USA,-40.5,-142.5,0.2,0,0,0,0,0,0,0
1992,USA,-40.5,-141.5,0.8,0,0,0,0,0,0,0
1992,USA,-40.5,-111.5,0.9,0,0,0,0,0,0,0
1992,USA,-40.5,-110.5,0.5,0,0,0,0,0,0,0
1992,USA,-39.5,-145.5,15.7,0,0,0,0,0,0,0
1992,USA,-39.5,-144.5,4.8,0,0,0,0,0,0,0
1992,USA,-39.5,-143.5,0.9,0,0,0,0,0,0,0
1992,USA,-39.5,-142.5,1.1,0,0,0,0,0,0,0
1992,USA,-39.5,-140.5,0.2,0,0,0,0,0,0,0
1992,USA,-39.5,-135.5,0.5,0,0,0,0,0,0,0
1992,USA,-39.5,-126.5,0.2,0,0,0,0,0,0,0
1992,USA,-39.5,-118.5,0.2,0,0,0,0,0,0,0
1992,USA,-39.5,-116.5,0.2,0,0,0,0,0,0,0
1992,USA,-39.5,-112.5,9.6,0,0,0,0,0,0,0
1992,USA,-39.5,-111.5,15.4,0,0,0,0,0,0,0
1992,USA,-39.5,-110.5,0.5,0,0,0,0,0,0,0
1992,USA,-39.5,-109.5,0.5,0,0,0,0,0,0,0
1992,USA,-39.5,-106.5,0.8,0,0,0,0,0,0,0
1992,USA,-39.5,-103.5,0.9,0,0,0,0,0,0,0
1992,USA,-38.5,-125.5,0.5,0,0,0,0,0,0,0
1992,USA,-37.5,-136.5,1,0,0,0,0,0,0,0
1992,MEX,18.5,-112.5,0,0,0,0,0,16.01776,0,28.98224
1992,MEX,19.5,-112.5,0,0,0,0,0,44.28196,0,21.71804
1992,MEX,26.5,-115.5,0,0,0,0,0,1.977983,0,2.022017
1992,USA,-39.5,-117.5,0.9,0,0,0,0,0,0,0
1992,USA,-39.5,-111.5,2.4,0,0,0,0,0,0,0
1992,USA,-38.5,-110.5,1.2,0,0,0,0,0,0,0
1992,MEX,18.5,-112.5,0,0,0,0,0,3.955966,0,20.04403
1992,MEX,18.5,-111.5,0,0,0,0,0,0,0,3.5
1992,MEX,19.5,-112.5,0,0,0,0,0,5.215911,0,16.28409
1992,MEX,19.5,-111.5,0,0,0,0,0,0,0,1.5
1992,MEX,24.5,-112.5,0,0,0,0,0,0,0,4
1992,MEX,24.5,-109.5,0,0,0,0,0,1,0,7
1992,MEX,24.5,-108.5,0,0,0,0,0,7,0,11
1992,MEX,25.5,-109.5,0,0,0,0,0,0.9779833,0,2.022017
1992,MEX,26.5,-110.5,0,0,0,0,0,4.237927,0,9.762073
1992,MEX,27.5,-110.5,0,0,0,0,0,9.323866,0,16.17613
1992,USA,16.5,-117.5,0,0,0,0,0,42.8,0,0
1992,USA,23.5,-111.5,0,0,0,0,0,4.579571,0,10.82043
1992,MEX,22.5,-109.5,0,0,0,0,0,0,0,30
1992,MEX,23.5,-112.5,0,0,0,0,0,0,0,8
1992,MEX,24.5,-112.5,0,0,0,0,0,0,0,10
1992,MEX,24.5,-109.5,0,0,0,0,0,0,0,18
1992,MEX,25.5,-109.5,0,0,0,0,0,0,0,5
1992,USA,16.5,-117.5,0,0,0,0,0,9.1,0,9.2
1992,USA,19.5,-112.5,0,0,0,0,0,0,0,9
1992,USA,22.5,-109.5,0,0,0,0,0,0,0,3.6
1992,USA,23.5,-112.5,0,0,0,0,0,0,0,2.7
1992,USA,23.5,-111.5,0,0,0,0,0,2.854797,0,64.2452
1992,USA,24.5,-112.5,0,0,0,0,0,0,0,0.9
1992,MEX,18.5,-112.5,0,0,0,0,0,5,0,35
1992,MEX,22.5,-110.5,0,0,0,0,0,0,0,1
1992,MEX,23.5,-110.5,0,0,0,0,0,0,0,5
1992,MEX,25.5,-113.5,0,0,0,0,0,28,0,57
1992,MEX,26.5,-115.5,0,0,0,0,0,0,0,1
1992,MEX,26.5,-114.5,0,0,0,0,0,11.88992,0,11.11008
1992,MEX,26.5,-113.5,0,0,0,0,0,61.71591,0,48.28409
1992,MEX,27.5,-115.5,0,0,0,0,0,4,0,7
1992,MEX,27.5,-114.5,0,0,0,0,0,0.5,0,0
1992,USA,16.5,-117.5,0,0,0,0,0,13.6,0,75.3
1992,USA,17.5,-116.5,0,0,0,0,0,0,0,7.3
1992,USA,19.5,-112.5,0,0,0,0,0,15.00372,0,40.19627
1992,USA,19.5,-111.5,0,0,0,0,0,0.9,0,5.4
1992,USA,23.5,-112.5,0,0,0,0,0,0,0,0.5
1992,USA,25.5,-113.5,0,0,0,0,0,20.30611,0,107.7939
1992,USA,25.5,-112.5,0,0,0,0,0,0,0,0.9
1992,USA,26.5,-114.5,0,0,0,0,0,1.938186,0,4.261814
1992,USA,26.5,-113.5,0,0,0,0,0,7.3,0,0
1992,USA,27.5,-115.5,0,0,0,0,0,0.1486874,0,0.5513126
1992,USA,31.5,-116.5,0,0,0,0,0,10.9,0,0
1992,MEX,25.5,-113.5,0,0,0,0,0,7,0,32
1992,MEX,25.5,-112.5,0,0,0,0,0,10,0,22
1992,MEX,27.5,-114.5,0,0,0,0,0,27,0,45
1992,MEX,30.5,-116.5,0,0,0,0,0,28.95597,0,4.044034
1992,MEX,31.5,-117.5,0,0,0,0,0,19.58594,0,7.414061
1992,MEX,31.5,-116.5,0,0,0,0,0,43.65199,0,1.348011
1992,USA,25.5,-113.5,0,0,0,0,0,7.820955,0,69.27905
1992,USA,26.5,-114.5,0,0,0,0,0,9.073461,0,17.12654
1992,USA,27.5,-114.5,0,0,0,0,0,0.5352745,0,1.264725
1992,USA,28.5,-115.5,0,0,0,0,0,3.838473,0,216.6615
1992,USA,29.5,-115.5,0,0,0,0,0,0.5352745,0,1.264725
1992,USA,30.5,-116.5,0,0,0,0,0,56.20611,0,13.59389
1992,USA,31.5,-117.5,0,0,0,0,0,25.36029,0,33.33971
1992,USA,31.5,-116.5,0,0,0,0,0,12.38687,0,3.513126
1992,USA,32.5,-118.5,0,0,0,0,0,25.75098,0,22.14902
1992,USA,32.5,-117.5,0,0,0,0,0,4.579571,0,10.82043
1992,MEX,25.5,-113.5,0,0,0,0,0,10,0,50
1992,MEX,25.5,-112.5,0,0,0,0,0,0,0,14
1992,MEX,26.5,-114.5,0,0,0,0,0,23.21591,0,15.78409
1992,MEX,26.5,-113.5,0,0,0,0,0,17,0,24
1992,MEX,27.5,-115.5,0,0,0,0,0,0,0,3
1992,MEX,27.5,-114.5,0,0,0,0,0,103.0575,0,174.9425
1992,MEX,28.5,-115.5,0,0,0,0,0,1.955967,0,38.04403
1992,MEX,29.5,-115.5,0,0,0,0,0,0,0,1
1992,USA,25.5,-113.5,0,0,0,0,0,2.602912,0,20.99709
1992,USA,25.5,-112.5,0,0,0,0,0,0.5352745,0,1.264725
1992,USA,26.5,-114.5,0,0,0,0,0,53.19733,0,84.80267
1992,USA,26.5,-113.5,0,0,0,0,0,58.7,0,1.8
1992,USA,27.5,-114.5,0,0,0,0,0,34.23699,0,164.263
1992,MEX,25.5,-113.5,0,0,0,0,0,4,0,62
1992,MEX,25.5,-112.5,0,0,0,0,0,1,0,37
1992,MEX,26.5,-114.5,0,0,0,0,0,10.60796,0,66.39204
1992,MEX,26.5,-113.5,0,0,0,0,0,5.215911,0,19.78409
1992,MEX,27.5,-115.5,0,0,0,0,0,0,0,2
1992,MEX,27.5,-114.5,0,0,0,0,0,9,0,28
1992,MEX,28.5,-115.5,0,0,0,0,0,1,0,5
1992,MEX,30.5,-116.5,0,0,0,0,0,0,0,5
1992,USA,16.5,-117.5,0,0,0,0,0,9.1,0,68.1
1992,USA,19.5,-112.5,0,0,0,0,0,0,0,0.9
1992,USA,25.5,-113.5,0,0,0,0,0,0,0,0.9
1992,USA,25.5,-112.5,0,0,0,0,0,1.8,0,55.3
1992,USA,26.5,-114.5,0,0,0,0,0,16.63819,0,62.06181
1992,USA,26.5,-113.5,0,0,0,0,0,19,0,21.7
1992,USA,27.5,-115.5,0,0,0,0,0,0,0,44.7
1992,USA,27.5,-114.5,0,0,0,0,0,0.9,0,4.5
1992,USA,28.5,-115.5,0,0,0,0,0,6.215132,0,116.7849
1992,MEX,24.5,-112.5,0,0,0,0,0,0,0,16
1992,MEX,26.5,-114.5,0,0,0,0,0,2.281961,0,12.21804
1992,MEX,26.5,-113.5,0,0,0,0,0,10,0,38
1992,MEX,27.5,-114.5,0,0,0,0,0,12,0,29
1992,MEX,28.5,-115.5,0,0,0,0,0,11,0,103
1992,USA,24.5,-112.5,0,0,0,0,0,0,0,9.1
1992,USA,26.5,-114.5,0,0,0,0,0,6.647208,0,35.05279
1992,USA,27.5,-115.5,0,0,0,0,0,0,0,33.6
1992,USA,27.5,-114.5,0,0,0,0,0,4.5,0,31.7
1992,USA,28.5,-115.5,0,0,0,0,0,3.6,0,200.6
1992,MEX,18.5,-112.5,0,0,0,0,0,0,0,14
1992,MEX,18.5,-111.5,0,0,0,0,0,0,0,3
1992,MEX,19.5,-112.5,0,0,0,0,0,0,0,19
1992,MEX,25.5,-112.5,0,0,0,0,0,0,0,0.2
1992,MEX,26.5,-114.5,0,0,0,0,0,18.75782,0,64.74219
1992,MEX,26.5,-113.5,0,0,0,0,0,0.3259944,0,1.174006
1992,MEX,27.5,-114.5,0,0,0,0,0,8.259944,0,19.44006
1992,USA,26.5,-114.5,0,0,0,0,0,0,0,3.6
1992,USA,27.5,-114.5,0,0,0,0,0,3.6,0,45.4
1993,MEX,16.5,-117.5,0,0,0,0,0,0,0,1
1993,MEX,18.5,-112.5,0,0,0,0,0,31.57204,0,12.42796
1993,MEX,18.5,-111.5,0,0,0,0,0,0,0,2
1993,MEX,19.5,-112.5,0,0,0,0,0,1,0,0
1993,MEX,24.5,-112.5,0,0,0,0,0,4.060442,0,47.93956
1993,MEX,25.5,-113.5,0,0,0,0,0,1,0,12
1993,MEX,25.5,-112.5,0,0,0,0,0,3,0,22
1993,MEX,20.5,-106.5,0,0,0,0,0,0,0,20
1993,MEX,21.5,-106.5,0,0,0,0,0,0,0,18
1993,USA,-41.5,-148.5,0.9,0,0,0,0,0,0,0
1993,USA,-40.5,-146.5,0.2,0,0,0,0,0,0,0
1993,MEX,16.5,-117.5,0,0,0,0,0,0,0,46
1993,MEX,18.5,-112.5,0,0,0,0,0,0,0,2
1993,MEX,20.5,-106.5,0,0,0,0,0,0,0,12
1993,MEX,20.5,-105.5,0,0,0,0,0,0,0,10
1993,MEX,22.5,-110.5,0,0,0,0,0,0,0,10
1993,MEX,18.5,-112.5,0,0,0,0,0,0,0,2
1993,MEX,19.5,-112.5,0,0,0,0,0,6,0,0
1993,MEX,22.5,-111.5,0,0,0,0,0,0,0,2
1993,MEX,22.5,-110.5,0,0,0,0,0,0,0,24
1993,MEX,22.5,-106.5,0,0,0,0,0,0,0,21
1993,MEX,23.5,-111.5,0,0,0,0,0,0,0,9
1993,MEX,23.5,-110.5,0,0,0,0,0,0,0,9
1993,MEX,23.5,-111.5,0,0,0,0,0,2.706961,0,5.293039
1993,MEX,23.5,-107.5,0,0,0,0,0,8.767403,0,23.2326
1993,MEX,24.5,-108.5,0,0,0,0,0,23.04641,0,36.95359
1993,MEX,24.5,-107.5,0,0,0,0,0,9.767403,0,20.2326
1993,MEX,21.5,-110.5,0,0,0,0,0,11,0,4
1993,MEX,22.5,-111.5,0,0,0,0,0,9,0,0
1993,MEX,22.5,-110.5,0,0,0,0,0,9,0,7
1993,MEX,23.5,-112.5,0,0,0,0,0,0,0,51
1993,MEX,23.5,-111.5,0,0,0,0,0,1,0,64
1993,USA,16.5,-117.5,0,0,0,0,0,0,0,13.6
1993,USA,19.5,-112.5,0,0,0,0,0,33.42335,0,26.37665
1993,USA,21.5,-110.5,0,0,0,0,0,17.53474,0,9.565257
1993,USA,22.5,-111.5,0,0,0,0,0,6.3,0,5.4
1993,USA,22.5,-110.5,0,0,0,0,0,54.0777,0,25.7223
1993,USA,23.5,-111.5,0,0,0,0,0,5.4,0,0
1993,MEX,23.5,-112.5,0,0,0,0,0,7,0,65
1993,MEX,24.5,-113.5,0,0,0,0,0,10,0,10
1993,MEX,24.5,-112.5,0,0,0,0,0,68,0,84
1993,MEX,25.5,-114.5,0,0,0,0,0,0,0,5
1993,MEX,26.5,-114.5,0,0,0,0,0,17,0,75
1993,MEX,26.5,-113.5,0,0,0,0,0,5,0,10
1993,MEX,27.5,-115.5,0,0,0,0,0,9,0,15
1993,USA,19.5,-112.5,0,0,0,0,0,45.4,0,31.7
1993,USA,24.5,-113.5,0,0,0,0,0,31.7,0,7.2
1993,USA,24.5,-112.5,0,0,0,0,0,40.3777,0,117.5223
1993,USA,25.5,-114.5,0,0,0,0,0,1.8,0,4.5
1993,USA,27.5,-115.5,0,0,0,0,0,20.99192,0,47.80808
1993,MEX,23.5,-113.5,0,0,0,0,0,0,0,12
1993,MEX,26.5,-114.5,0,0,0,0,0,10,0,33
1993,MEX,26.5,-113.5,0,0,0,0,0,10,0,156
1993,MEX,27.5,-115.5,0,0,0,0,0,2,0,6
1993,MEX,27.5,-114.5,0,0,0,0,0,0,0,2
1993,USA,25.5,-113.5,0,0,0,0,0,9.9,0,27.3
1993,USA,26.5,-115.5,0,0,0,0,0,4.5,0,2.7
1993,USA,26.5,-114.5,0,0,0,0,0,23.6,0,63.4
1993,USA,26.5,-113.5,0,0,0,0,0,25.5,0,191.1
1993,USA,27.5,-115.5,0,0,0,0,0,4.604228,0,65.99577
1993,USA,28.5,-116.5,0,0,0,0,0,1.8,0,0
1993,USA,28.5,-115.5,0,0,0,0,0,23.61796,0,39.88204
1993,MEX,26.5,-114.5,0,0,0,0,0,2,0,2
1993,MEX,26.5,-113.5,0,0,0,0,0,14,0,0
1993,MEX,27.5,-115.5,0,0,0,0,0,251.5348,0,334.9652
1993,MEX,27.5,-114.5,0,0,0,0,0,19,0,20
1993,MEX,28.5,-115.5,0,0,0,0,0,182,0,374
1993,USA,26.5,-113.5,0,0,0,0,0,27.2,0,0
1993,USA,27.5,-115.5,0,0,0,0,0,78.80283,0,251.9972
1993,USA,28.5,-115.5,0,0,0,0,0,182.3878,0,396.1122
1993,USA,29.5,-115.5,0,0,0,0,0,1.8,0,0.9
1993,MEX,18.5,-112.5,0,0,0,0,0,20,0,45
1993,MEX,24.5,-115.5,0,0,0,0,0,10,0,0
1993,MEX,26.5,-114.5,0,0,0,0,0,107,0,35
1993,MEX,26.5,-113.5,0,0,0,0,0,85.5,0,7
1993,MEX,27.5,-115.5,0,0,0,0,0,162.5,0,83
1993,MEX,27.5,-114.5,0,0,0,0,0,30,0,6
1993,MEX,28.5,-115.5,0,0,0,0,0,23.7,0,10.2
1993,MEX,29.5,-116.5,0,0,0,0,0,0,0,10.5
1993,MEX,29.5,-115.5,0,0,0,0,0,6,0,18
1993,USA,26.5,-114.5,0,0,0,0,0,9.1,0,0
1993,USA,26.5,-113.5,0,0,0,0,0,67.2,0,0.9
1993,USA,27.5,-115.5,0,0,0,0,0,40.13886,0,58.66114
1993,USA,28.5,-116.5,0,0,0,0,0,0.6694855,0,1.130515
1993,USA,28.5,-115.5,0,0,0,0,0,39.2554,0,79.5446
1993,USA,29.5,-116.5,0,0,0,0,0,28.67629,0,48.42371
1993,USA,29.5,-115.5,0,0,0,0,0,8.442956,0,36.95704
1993,MEX,25.5,-113.5,0,0,0,0,0,3,0,0
1993,MEX,26.5,-114.5,0,0,0,0,0,391.1581,0,4.841879
1993,MEX,26.5,-113.5,0,0,0,0,0,44,0,14
1993,MEX,27.5,-115.5,0,0,0,0,0,0,0,5
1993,MEX,27.5,-114.5,0,0,0,0,0,55.7,0,10.7
1993,MEX,28.5,-115.5,0,0,0,0,0,18,0,40
1993,MEX,29.5,-115.5,0,0,0,0,0,4,0,28
1993,USA,26.5,-114.5,0,0,0,0,0,148.9,0,0
1993,USA,27.5,-115.5,0,0,0,0,0,34.4,0,0
1993,USA,27.5,-114.5,0,0,0,0,0,17.2,0,0
1993,USA,28.5,-115.5,0,0,0,0,0,6.084621,0,35.61538
1993,USA,29.5,-116.5,0,0,0,0,0,0,0,7.3
1993,USA,29.5,-115.5,0,0,0,0,0,3.6,0,66.2
1993,MEX,16.5,-117.5,0,0,0,0,0,4,0,50
1993,MEX,26.5,-117.5,0,0,0,0,0,0,0,35
1993,MEX,26.5,-114.5,0,0,0,0,0,22,0,0
1993,MEX,26.5,-113.5,0,0,0,0,0,20,0,0
1993,MEX,28.5,-115.5,0,0,0,0,0,30,0,83
1993,USA,28.5,-115.5,0,0,0,0,0,14.51936,0,98.58064
1994,MEX,26.5,-115.5,0,0,0,0,0,0,0,4
1994,MEX,26.5,-113.5,0,0,0,0,0,34,0,5
1994,MEX,27.5,-115.5,0,0,0,0,0,106.0099,0,316.9901
1994,MEX,27.5,-114.5,0,0,0,0,0,2,0,10
1994,MEX,28.5,-115.5,0,0,0,0,0,10,0,54
1994,USA,16.5,-117.5,0,0,0,0,0,0,0,42.6
1994,USA,27.5,-115.5,0,0,0,0,0,27.1,0,73.4
1994,USA,28.5,-115.5,0,0,0,0,0,9.9,0,25
1994,MEX,16.5,-117.5,0,0,0,0,0,0,0,1.5
1994,MEX,18.5,-112.5,0,0,0,0,0,11,0,21.5
1994,MEX,20.5,-112.5,0,0,0,0,0,10,0,30
1994,MEX,26.5,-113.5,0,0,0,0,0,6.5,0,43
1994,MEX,27.5,-115.5,0,0,0,0,0,5.877476,0,50.62252
1994,MEX,27.5,-114.5,0,0,0,0,0,0,0,11
1994,USA,18.5,-112.5,0,0,0,0,0,6.4,0,8.2
1994,USA,19.5,-112.5,0,0,0,0,0,39.9,0,32.7
1994,USA,26.5,-113.5,0,0,0,0,0,1.8,0,16.2
1994,USA,27.5,-115.5,0,0,0,0,0,5.4,0,48.6
1994,USA,-41.5,-147.5,1.8,0,0,0,0,0,0,0
1994,USA,-40.5,-149.5,11,0,0,0,0,0,0,0
1994,USA,-40.5,-148.5,1.4,0,0,0,0,0,0,0
1994,USA,-40.5,-147.5,0.2,0,0,0,0,0,0,0
1994,USA,-40.5,-146.5,1.4,0,0,0,0,0,0,0
1994,USA,-39.5,-149.5,1.2,0,0,0,0,0,0,0
1994,USA,-39.5,-148.5,0.6,0,0,0,0,0,0,0
1994,USA,-39.5,-147.5,0.9,0,0,0,0,0,0,0
1994,USA,-39.5,-146.5,1.1,0,0,0,0,0,0,0
1994,USA,-39.5,-145.5,1.9,0,0,0,0,0,0,0
1994,USA,16.5,-117.5,0,0,0,0,0,0.4156466,0,6.784353
1994,USA,19.5,-112.5,0,0,0,0,0,14.01565,0,0.4843534
1994,USA,25.5,-113.5,0,0,0,0,0,1.24694,0,1.45306
1994,USA,26.5,-113.5,0,0,0,0,0,5.146561,0,16.15344
1994,MEX,18.5,-112.5,0,0,0,0,0,0,0,3
1994,MEX,19.5,-112.5,0,0,0,0,0,0,0,2
1994,MEX,22.5,-110.5,0,0,0,0,0,20,0,17
1994,USA,-39.5,-145.5,0.5,0,0,0,0,0,0,0
1994,USA,10.5,-109.5,0,0,0,0,0,12.56176,0,14.63824
1994,USA,19.5,-112.5,0,0,0,0,0,0.8312932,0,0.9687068
1994,USA,24.5,-114.5,0,0,0,0,0,23.6,0,0
1994,USA,24.5,-113.5,0,0,0,0,0,2.7,0,12.7
1994,MEX,18.5,-112.5,0,0,0,0,0,0,0,2
1994,MEX,21.5,-112.5,0,0,0,0,0,7,0,0
1994,MEX,21.5,-111.5,0,0,0,0,0,8,0,0
1994,MEX,22.5,-111.5,0,0,0,0,0,2,0,0
1994,MEX,22.5,-110.5,0,0,0,0,0,3,0,1
1994,MEX,22.5,-109.5,0,0,0,0,0,0,0,2
1994,MEX,23.5,-111.5,0,0,0,0,0,5,0,0
1994,MEX,24.5,-108.5,0,0,0,0,0,0,0,1
1994,USA,22.5,-112.5,0,0,0,0,0,1.662586,0,1.937414
1994,USA,23.5,-112.5,0,0,0,0,0,36.3,0,0
1994,USA,23.5,-111.5,0,0,0,0,0,22.7,0,0
1994,MEX,21.5,-112.5,0,0,0,0,0,48,0,0
1994,MEX,22.5,-110.5,0,0,0,0,0,0,0,1
1994,MEX,23.5,-113.5,0,0,0,0,0,5,0,2
1994,MEX,23.5,-112.5,0,0,0,0,0,8,0,1.5
1994,MEX,24.5,-113.5,0,0,0,0,0,0,0,3.5
1994,MEX,24.5,-112.5,0,0,0,0,0,0.8774762,0,5.122524
1994,MEX,25.5,-113.5,0,0,0,0,0,0,0,71
1994,MEX,26.5,-113.5,0,0,0,0,0,0,0,9
1994,USA,23.5,-112.5,0,0,0,0,0,0.8312932,0,1.468707
1994,USA,24.5,-114.5,0,0,0,0,0,14.29388,0,2.906121
1994,USA,24.5,-113.5,0,0,0,0,0,0,0,7.3
1994,USA,25.5,-113.5,0,0,0,0,0,0,0,3.2
1994,USA,26.5,-113.5,0,0,0,0,0,0,0,1.8
1994,MEX,19.5,-112.5,0,0,0,0,0,0,0,15
1994,MEX,20.5,-113.5,0,0,0,0,0,56,0,0
1994,MEX,20.5,-112.5,0,0,0,0,0,3,0,0
1994,MEX,21.5,-113.5,0,0,0,0,0,9.5,0,1
1994,MEX,21.5,-112.5,0,0,0,0,0,14,0,10
1994,MEX,21.5,-111.5,0,0,0,0,0,0,0,1
1994,MEX,22.5,-112.5,0,0,0,0,0,26.81621,0,19.68379
1994,MEX,22.5,-111.5,0,0,0,0,0,2.632429,0,3.367571
1994,MEX,23.5,-111.5,0,0,0,0,0,2.316214,0,1.683786
1994,MEX,24.5,-113.5,0,0,0,0,0,8.877476,0,6.622524
1994,MEX,24.5,-112.5,0,0,0,0,0,5.316215,0,4.683785
1994,MEX,25.5,-113.5,0,0,0,0,0,0,0,8
1994,MEX,25.5,-112.5,0,0,0,0,0,0.5,0,4
1994,MEX,26.5,-115.5,0,0,0,0,0,31.96845,0,31.03155
1994,MEX,26.5,-114.5,0,0,0,0,0,0,0,0.5
1994,MEX,27.5,-118.5,0,0,0,0,0,1,0,2
1994,MEX,27.5,-115.5,0,0,0,0,0,125.8955,0,104.6045
1994,MEX,29.5,-115.5,0,0,0,0,0,6,0,14
1994,USA,19.5,-112.5,0,0,0,0,0,0,0,1.8
1994,USA,20.5,-113.5,0,0,0,0,0,28.1,0,0
1994,USA,21.5,-113.5,0,0,0,0,0,13.6,0,2.7
1994,USA,21.5,-112.5,0,0,0,0,0,9.9,0,0
1994,USA,22.5,-112.5,0,0,0,0,0,4.1,0,9.1
1994,USA,22.5,-111.5,0,0,0,0,0,0.9,0,0
1994,USA,23.5,-112.5,0,0,0,0,0,3.6,0,0
1994,USA,23.5,-111.5,0,0,0,0,0,3.6,0,0
1994,USA,24.5,-113.5,0,0,0,0,0,0,0,6.4
1994,USA,26.5,-115.5,0,0,0,0,0,16.16176,0,20.03824
1994,USA,26.5,-114.5,0,0,0,0,0,97,0,0.9
1994,USA,26.5,-113.5,0,0,0,0,0,0,0,0.5
1994,USA,27.5,-115.5,0,0,0,0,0,37.42012,0,47.87988
1994,USA,28.5,-116.5,0,0,0,0,0,0.5,0,0.5
1994,MEX,25.5,-113.5,0,0,0,0,0,39.30448,0,247.6955
1994,MEX,26.5,-115.5,0,0,0,0,0,2,0,7
1994,MEX,26.5,-114.5,0,0,0,0,0,11.01981,0,19.98019
1994,MEX,26.5,-113.5,0,0,0,79,0,3.5,0,3
1994,MEX,27.5,-115.5,0,0,0,0,0,30.89142,0,55.60858
1994,MEX,27.5,-114.5,0,0,0,0,0,16.82612,0,42.17388
1994,MEX,28.5,-115.5,0,0,0,0,0,3,0,4
1994,USA,24.5,-114.5,0,0,0,0,0,0,0,11.8
1994,USA,25.5,-113.5,0,0,0,0,0,32.73917,0,46.06083
1994,USA,26.5,-115.5,0,0,0,0,0,5.4,0,22.6
1994,USA,26.5,-114.5,0,0,0,0,0,11.90953,0,49.59047
1994,USA,26.5,-113.5,0,0,0,0,0,1.8,0,9.1
1994,USA,27.5,-116.5,0,0,0,0,0,1.8,0,1.8
1994,USA,27.5,-115.5,0,0,0,0,0,3.531293,0,30.96871
1994,USA,27.5,-114.5,0,0,0,0,0,41.95406,0,70.44594
1994,MEX,21.5,-112.5,0,0,0,0,0,2.5,0,1
1994,MEX,24.5,-113.5,0,0,0,0,0,0,0,15
1994,MEX,24.5,-112.5,0,0,0,0,0,0,0,11
1994,MEX,25.5,-113.5,0,0,0,0,0,20.42296,0,77.57703
1994,MEX,25.5,-112.5,0,0,0,0,0,2.877476,0,15.62252
1994,MEX,26.5,-114.5,0,0,0,4,0,0,0,0
1994,MEX,26.5,-112.5,0,0,0,0,0,1,0,5
1994,MEX,27.5,-115.5,0,0,0,2,0,0,0,0
1994,MEX,27.5,-114.5,0,0,0,31.5,0,0,0,0
1994,MEX,27.5,-113.5,0,0,0,6,0,0,0,0
1994,MEX,28.5,-115.5,0,0,0,0,0,1,0,0
1994,USA,25.5,-113.5,0,0,0,0,0,27.82126,0,96.67874
1994,USA,25.5,-112.5,0,0,0,0,0,8.218295,0,39.7817
1994,MEX,18.5,-112.5,0,0,0,0,0,3.5,0,32.5
1994,MEX,24.5,-112.5,0,0,0,0,0,2,0,13.5
1994,MEX,25.5,-113.5,0,0,0,0,0,17.75495,0,35.24505
1994,MEX,25.5,-112.5,0,0,0,0,0,12,0,10.5
1994,MEX,26.5,-113.5,0,0,0,0,0,273.5792,0,43.92076
1994,MEX,27.5,-114.5,0,0,0,2,0,0,0,0
1994,MEX,28.5,-115.5,0,0,0,0,0,1.5,0,4
1994,USA,16.5,-117.5,0,0,0,0,0,6.280882,0,7.319118
1994,USA,19.5,-112.5,0,0,0,0,0,3.740819,0,9.759181
1994,USA,25.5,-113.5,0,0,0,0,0,7.112175,0,19.08783
1994,USA,25.5,-112.5,0,0,0,0,0,22.03123,0,25.96877
1994,USA,26.5,-113.5,0,0,0,0,0,27.2,0,1.8
1994,USA,26.5,-112.5,0,0,0,0,0,9.9,0,14
1994,MEX,18.5,-112.5,0,0,0,0,0,0,0,5
1994,MEX,19.5,-112.5,0,0,0,0,0,1.5,0,6.5
1994,MEX,22.5,-110.5,0,0,0,0,0,1,0,0
1994,MEX,22.5,-109.5,0,0,0,0,0,2,0,0
1994,MEX,24.5,-112.5,0,0,0,0,0,0,0,29.5
1994,MEX,24.5,-111.5,0,0,0,0,0,2.193691,0,26.80631
1994,MEX,25.5,-113.5,0,0,0,0,0,1,0,61.5
1994,MEX,25.5,-112.5,0,0,0,0,0,1,0,18.5
1994,MEX,26.5,-114.5,0,0,0,0,0,6,0,15
1994,MEX,26.5,-113.5,0,0,0,43,0,14,0,3
1994,MEX,27.5,-114.5,0,0,0,5,0,7,0,0
1994,USA,18.5,-112.5,0,0,0,0,0,14.64,0,17.06
1994,USA,24.5,-111.5,0,0,0,0,0,33.89829,0,58.50171
1994,USA,25.5,-113.5,0,0,0,0,0,4.017917,0,4.682083
1994,USA,25.5,-112.5,0,0,0,0,0,6.09388,0,3.80612
1994,USA,26.5,-114.5,0,0,0,12.7,0,0,0,0
1994,USA,26.5,-113.5,0,0,0,30,0,66.93129,0,1.868707
1994,MEX,25.5,-112.5,0,0,0,0,0,1,0,1
1994,MEX,26.5,-114.5,0,0,0,0,0,1,0,0
1994,MEX,26.5,-113.5,0,0,0,8,0,44,0,0
1994,MEX,27.5,-114.5,0,0,0,2,0,0,0,0
1994,USA,24.5,-112.5,0,0,0,0,0,1.8,0,0
1994,USA,26.5,-114.5,0,0,0,0,0,5.4,0,0
1994,USA,26.5,-113.5,0,0,0,120.5,0,75.04959,0,6.350411
1995,MEX,16.5,-117.5,0,0,0,0,0,10.5,0,22
1995,MEX,19.5,-112.5,0,0,0,0,0,3,0,5
1995,MEX,23.5,-111.5,0,0,0,0,0,28.5,0,0
1995,MEX,24.5,-112.5,0,0,0,0,0,4,0,10
1995,USA,19.5,-112.5,0,0,0,0,0,20.03789,0,28.06211
1995,USA,22.5,-111.5,0,0,0,0,0,0,0,0.2
1995,USA,22.5,-110.5,0,0,0,0,0,0,0,0.9
1995,USA,23.5,-112.5,0,0,0,0,0,1.8,0,0
1995,USA,23.5,-111.5,0,0,0,0,0,25.3,0,9.9
1995,MEX,19.5,-112.5,0,0,0,0,0,1,0,1
1995,MEX,20.5,-106.5,0,0,0,0,0,0,0,14
1995,MEX,20.5,-105.5,0,0,0,0,0,0,0,17
1995,MEX,21.5,-107.5,0,0,0,0,0,2,0,0
1995,MEX,22.5,-110.5,0,0,0,0,0,0,0,2
1995,MEX,23.5,-112.5,0,0,0,0,0,1,0,2
1995,MEX,23.5,-111.5,0,0,0,0,0,0,0,12
1995,USA,19.5,-112.5,0,0,0,0,0,20.68825,0,21.91175
1995,USA,22.5,-110.5,0,0,0,0,0,12.6,0,8.1
1995,USA,23.5,-112.5,0,0,0,0,0,0,0,6.4
1995,USA,23.5,-111.5,0,0,0,0,0,3.77577,0,25.12423
1995,USA,23.5,-110.5,0,0,0,0,0,0,0,4.1
1995,MEX,10.5,-109.5,0,0,0,0,0,0,0,8
1995,MEX,18.5,-112.5,0,0,0,0,0,5,0,0
1995,MEX,19.5,-112.5,0,0,0,0,0,6,0,4
1995,MEX,24.5,-108.5,0,0,0,0,0,0,0,16.5
1995,USA,10.5,-109.5,0,0,0,0,0,0.7189424,0,0.1810576
1995,USA,16.5,-117.5,0,0,0,0,0,16.36931,0,6.330693
1995,USA,19.5,-112.5,0,0,0,0,0,30,0,8.2
1995,USA,23.5,-113.5,0,0,0,0,0,16.3,0,0
1995,MEX,18.5,-112.5,0,0,0,0,0,31,0,0
1995,MEX,19.5,-112.5,0,0,0,0,0,17,0,6
1995,MEX,19.5,-111.5,0,0,0,0,0,0,0,6
1995,MEX,20.5,-112.5,0,0,0,0,0,4,0,0
1995,MEX,22.5,-113.5,0,0,0,0,0,6,0,0
1995,MEX,22.5,-112.5,0,0,0,0,0,5,0,0
1995,MEX,22.5,-111.5,0,0,0,0,0,0,0,2
1995,MEX,23.5,-112.5,0,0,0,0,0,4,0,0
1995,USA,22.5,-112.5,0,0,0,0,0,59.9,0,0
1995,USA,23.5,-113.5,0,0,0,0,0,20.9,0,0
1995,MEX,18.5,-112.5,0,0,0,0,0,3,0,4
1995,MEX,19.5,-112.5,0,0,0,0,0,1,0,0
1995,MEX,19.5,-111.5,0,0,0,0,0,9,0,10
1995,MEX,22.5,-111.5,0,0,0,0,0,25,0,2
1995,MEX,22.5,-110.5,0,0,0,0,0,8,0,0
1995,MEX,22.5,-109.5,0,0,0,0,0,4,0,0
1995,MEX,25.5,-113.5,0,0,0,0,0,0,0,27
1995,MEX,16.5,-117.5,0,0,0,0,0,30.84362,0,22.15638
1995,MEX,18.5,-112.5,0,0,0,0,0,12,0,28
1995,MEX,22.5,-111.5,0,0,0,0,0,3,0,8
1995,MEX,22.5,-110.5,0,0,0,0,0,7,0,6
1995,MEX,23.5,-112.5,0,0,0,0,0,35,0,8
1995,MEX,23.5,-111.5,0,0,0,0,0,6.789518,0,15.71048
1995,MEX,23.5,-110.5,0,0,0,0,0,22.89518,0,16.10482
1995,MEX,22.5,-114.5,0,0,0,0,0,15,0,0
1995,MEX,23.5,-112.5,0,0,0,0,0,31,0,40.5
1995,MEX,23.5,-111.5,0,0,0,0,0,14,0,14
1995,MEX,24.5,-113.5,0,0,0,0,0,4,0,0
1995,MEX,24.5,-112.5,0,0,0,0,0,57.84277,0,38.15723
1995,MEX,25.5,-115.5,0,0,0,0,0,10,0,0
1995,MEX,25.5,-113.5,0,0,0,0,0,303.1065,0,14.89349
1995,MEX,25.5,-112.5,0,0,0,0,0,17,0,0
1995,MEX,26.5,-113.5,0,0,0,17,0,2,0,0
1995,USA,18.5,-112.5,0,0,0,0,0,14.5,0,13.6
1995,USA,20.5,-111.5,0,0,0,0,0,3.6,0,4.5
1995,USA,22.5,-113.5,0,0,0,0,0,8.2,0,2.7
1995,USA,22.5,-112.5,0,0,0,0,0,0.9,0,0.9
1995,USA,25.5,-112.5,0,0,0,0,0,13.6,0,4.5
1995,USA,40.5,-146.5,0.2,0,0,0,0,0,0,0
1995,USA,41.5,-149.5,0.9,0,0,0,0,0,0,0
1995,USA,41.5,-145.5,1,0,0,0,0,0,0,0
1995,USA,41.5,-144.5,0.2,0,0,0,0,0,0,0
1995,USA,42.5,-148.5,2.3,0,0,0,0,0,0,0
1995,USA,42.5,-147.5,2.9,0,0,0,0,0,0,0
1995,USA,42.5,-146.5,0.9,0,0,0,0,0,0,0
1995,USA,42.5,-145.5,1.8,0,0,0,0,0,0,0
1995,USA,43.5,-147.5,2,0,0,0,0,0,0,0
1995,USA,43.5,-146.5,3.2,0,0,0,0,0,0,0
1995,USA,43.5,-145.5,11.6,0,0,0,0,0,0,0
1995,USA,43.5,-144.5,0.5,0,0,0,0,0,0,0
1995,USA,43.5,-141.5,0.9,0,0,0,0,0,0,0
1995,USA,43.5,-140.5,5.5,0,0,0,0,0,0,0
1995,USA,43.5,-139.5,2.2,0,0,0,0,0,0,0
1995,USA,43.5,-128.5,1.4,0,0,0,0,0,0,0
1995,MEX,24.5,-114.5,0,0,0,0,0,12.63229,0,3.367708
1995,MEX,24.5,-113.5,0,0,0,0,0,247.5317,0,104.4683
1995,MEX,24.5,-112.5,0,0,0,0,0,45,0,25
1995,MEX,25.5,-114.5,0,0,0,0,0,2,0,0
1995,MEX,25.5,-113.5,0,0,0,0,0,119,0,5
1995,MEX,26.5,-114.5,0,0,0,28,0,0,0,0
1995,MEX,26.5,-113.5,0,0,0,0,0,18,0,0
1995,MEX,28.5,-116.5,0,0,0,0,0,9.105664,0,1.894336
1995,MEX,28.5,-115.5,0,0,0,0,0,43,0,42
1995,MEX,29.5,-116.5,0,0,0,0,0,46.15807,0,69.34193
1995,USA,24.5,-113.5,0,0,0,0,0,18.13333,0,4.566674
1995,USA,28.5,-116.5,0,0,0,0,0,12.7,0,9.1
1995,USA,28.5,-115.5,0,0,0,0,0,13.6,0,34.5
1995,USA,29.5,-116.5,0,0,0,0,0,30.8,0,5.4
1995,USA,42.5,-148.5,2.4,0,0,0,0,0,0,0
1995,USA,42.5,-145.5,1.4,0,0,0,0,0,0,0
1995,USA,43.5,-149.5,3.4,0,0,0,0,0,0,0
1995,USA,43.5,-146.5,1.8,0,0,0,0,0,0,0
1995,USA,43.5,-145.5,0.6,0,0,0,0,0,0,0
1995,USA,44.5,-148.5,9.1,0,0,0,0,0,0,0
1995,USA,44.5,-146.5,20.1,0,0,0,0,0,0,0
1995,USA,44.5,-145.5,32.9,0,0,0,0,0,0,0
1995,USA,44.5,-144.5,10,0,0,0,0,0,0,0
1995,USA,45.5,-146.5,3.7,0,0,0,0,0,0,0
1995,USA,45.5,-145.5,3.7,0,0,0,0,0,0,0
1995,USA,45.5,-144.5,0.6,0,0,0,0,0,0,0
1995,USA,45.5,-141.5,0.2,0,0,0,0,0,0,0
1995,USA,46.5,-140.5,0.5,0,0,0,0,0,0,0
1995,MEX,26.5,-113.5,0,0,0,17,0,0,0,0
1995,MEX,28.5,-116.5,0,0,0,0,0,0,0,4
1995,MEX,29.5,-117.5,0,0,0,0,0,0,0,2
1995,MEX,29.5,-116.5,0,0,0,0,0,91.31699,0,10.68301
1995,MEX,30.5,-117.5,0,0,0,0,0,113,0,5.5
1995,MEX,30.5,-116.5,0,0,0,0,0,163.6847,0,19.3153
1995,MEX,31.5,-117.5,0,0,0,0,0,107,0,5
1995,MEX,31.5,-116.5,0,0,0,0,0,0,0,2
1995,MEX,32.5,-117.5,0,0,0,0,0,76,0,0
1995,USA,29.5,-116.5,0,0,0,0,0,9.1,0,0
1995,USA,30.5,-117.5,0,0,0,0,0,38.1,0,0
1995,USA,30.5,-116.5,0,0,0,0,0,15.75683,0,0.5431727
1995,USA,44.5,-133.5,0.2,0,0,0,0,0,0,0
1995,USA,45.5,-149.5,3.2,0,0,0,0,0,0,0
1995,USA,45.5,-147.5,1.6,0,0,0,0,0,0,0
1995,USA,45.5,-146.5,0.5,0,0,0,0,0,0,0
1995,USA,46.5,-146.5,1.5,0,0,0,0,0,0,0
1995,USA,46.5,-145.5,2.3,0,0,0,0,0,0,0
1995,USA,46.5,-144.5,1.5,0,0,0,0,0,0,0
1995,USA,46.5,-125.5,4.3,0,0,0,0,0,0,0
1995,USA,46.5,-124.5,1.1,0,0,0,0,0,0,0
1995,USA,47.5,-143.5,5.2,0,0,0,0,0,0,0
1995,USA,47.5,-142.5,1.5,0,0,0,0,0,0,0
1995,USA,48.5,-126.5,0.2,0,0,0,0,0,0,0
1995,USA,49.5,-129.5,0.2,0,0,0,0,0,0,0
1995,USA,49.5,-128.5,2.5,0,0,0,0,0,0,0
1995,MEX,16.5,-117.5,0,0,0,0,0,13,0,2
1995,MEX,19.5,-112.5,0,0,0,0,0,7,0,5
1995,MEX,20.5,-111.5,0,0,0,0,0,2,0,7
1995,MEX,25.5,-113.5,0,0,0,0,0,162,0,73.5
1995,MEX,25.5,-112.5,0,0,0,0,0,77.5,0,19
1995,MEX,26.5,-115.5,0,0,0,0,0,3,0,0
1995,MEX,26.5,-114.5,0,0,0,0,0,28,0,4
1995,MEX,26.5,-113.5,0,0,0,0,0,189,0,0
1995,MEX,30.5,-117.5,0,0,0,0,0,2,0,9
1995,MEX,30.5,-116.5,0,0,0,0,0,1.5,0,5
1995,USA,16.5,-117.5,0,0,0,0,0,27.2,0,0
1995,USA,18.5,-115.5,0,0,0,0,0,13.6,0,0
1995,USA,25.5,-113.5,0,0,0,0,0,24.4,0,0
1995,USA,25.5,-112.5,0,0,0,0,0,74.36254,0,9.837461
1995,USA,26.5,-113.5,0,0,0,0,0,153.4186,0,20.78139
1995,USA,29.5,-117.5,0,0,0,0,0,0.9,0,0
1995,MEX,16.5,-117.5,0,0,0,0,0,11,0,4
1995,MEX,18.5,-114.5,0,0,0,0,0,38,0,0
1995,MEX,21.5,-114.5,0,0,0,0,0,29,0,0
1995,MEX,25.5,-113.5,0,0,0,0,0,129,0,21
1995,MEX,25.5,-112.5,0,0,0,0,0,15,0,3
1995,MEX,26.5,-114.5,0,0,0,0,0,116.5,0,0
1995,MEX,26.5,-113.5,0,0,0,0,0,83,0,0
1995,MEX,27.5,-114.5,0,0,0,0,0,2,0,0
1995,MEX,28.5,-115.5,0,0,0,0,0,4,0,0
1995,USA,16.5,-117.5,0,0,0,0,0,18.1,0,22.7
1995,USA,24.5,-115.5,0,0,0,0,0,48.49544,0,4.204559
1995,USA,25.5,-113.5,0,0,0,0,0,3.6,0,0
1995,USA,25.5,-112.5,0,0,0,0,0,2.156827,0,5.043173
1995,USA,26.5,-114.5,0,0,0,0,0,10.86402,0,2.735981
1995,USA,26.5,-113.5,0,0,0,0,0,64.83788,0,0.3621151
1995,MEX,16.5,-117.5,0,0,0,0,0,30,0,1.5
1995,MEX,19.5,-112.5,0,0,0,0,0,17,0,11
1995,MEX,25.5,-115.5,0,0,0,0,0,6,0,0
1995,MEX,25.5,-113.5,0,0,0,0,0,26,0,11
1995,MEX,25.5,-112.5,0,0,0,0,0,58,0,11
1995,MEX,26.5,-114.5,0,0,0,0,0,17,0,0
1995,MEX,27.5,-114.5,0,0,0,0,0,4,0,2.7
1996,MEX,16.5,-117.5,0,0,0,0,0,54,0,8
1996,MEX,17.5,-115.5,0,0,0,0,0,4,0,0
1996,MEX,18.5,-115.5,0,0,0,0,0,25,0,0
1996,MEX,19.5,-112.5,0,0,0,0,0,43,0,7
1996,MEX,20.5,-114.5,0,0,0,0,0,16,0,2
1996,MEX,25.5,-112.5,0,0,0,0,0,3,0,19
1996,MEX,18.5,-115.5,0,0,0,0,0,34,0,6
1996,MEX,18.5,-114.5,0,0,0,0,0,59,0,20.5
1996,MEX,18.5,-113.5,0,0,0,0,0,9,0,0
1996,MEX,18.5,-112.5,0,0,0,0,0,5,0,15
1996,MEX,21.5,-115.5,0,0,0,0,0,40,0,0
1996,MEX,16.5,-117.5,0,0,0,0,0,96,0,18
1996,MEX,18.5,-112.5,0,0,0,0,0,2,0,20
1996,MEX,18.5,-111.5,0,0,0,0,0,5,0,0
1996,MEX,19.5,-112.5,0,0,0,0,0,8,0,35
1996,MEX,22.5,-112.5,0,0,0,0,0,24,0,0
1996,USA,-40.5,-147.5,0.2,0,0,0,0,0,0,0
1996,USA,-40.5,-146.5,1.6,0,0,0,0,0,0,0
1996,USA,-40.5,-145.5,0.2,0,0,0,0,0,0,0
1996,USA,-39.5,-149.5,0.2,0,0,0,0,0,0,0
1996,USA,-39.5,-146.5,2,0,0,0,0,0,0,0
1996,MEX,16.5,-117.5,0,0,0,0,0,10,0,0
1996,MEX,18.5,-112.5,0,0,0,0,0,0,0,5
1996,MEX,17.5,-115.5,0,0,0,0,0,0,0,7
1996,MEX,18.5,-115.5,0,0,0,0,0,26.15895,0,26.84105
1996,MEX,18.5,-112.5,0,0,0,0,0,62,0,76
1996,MEX,19.5,-112.5,0,0,0,0,0,30,0,30
1996,MEX,19.5,-111.5,0,0,0,0,0,22,0,17
1996,MEX,21.5,-115.5,0,0,0,0,0,15,0,0
1996,MEX,21.5,-112.5,0,0,0,0,0,80,0,0
1996,MEX,21.5,-111.5,0,0,0,0,0,58,0,1
1996,MEX,25.5,-113.5,0,0,0,0,0,0,0,7
1996,MEX,18.5,-112.5,0,0,0,0,0,3,0,5
1996,MEX,19.5,-112.5,0,0,0,0,0,10,0,16
1996,MEX,19.5,-110.5,0,0,0,0,0,0,0,14
1996,MEX,20.5,-112.5,0,0,0,0,0,65,0,5
1996,MEX,21.5,-112.5,0,0,0,0,0,250,0,10
1996,MEX,21.5,-111.5,0,0,0,0,0,11,0,3
1996,MEX,22.5,-112.5,0,0,0,0,0,3,0,0
1996,MEX,22.5,-111.5,0,0,0,0,0,3,0,0
1996,MEX,23.5,-112.5,0,0,0,0,0,7,0,150
1996,MEX,24.5,-112.5,0,0,0,0,0,0,0,5
1996,MEX,26.5,-114.5,0,0,0,0,0,10,0,0
1996,MEX,23.5,-113.5,0,0,0,0,0,2,0,0
1996,MEX,23.5,-112.5,0,0,0,0,0,9,0,14
1996,MEX,23.5,-111.5,0,0,0,0,0,14,0,52
1996,MEX,24.5,-112.5,0,0,0,0,0,0.4223011,0,98.5777
1996,MEX,25.5,-114.5,0,0,0,0,0,0,0,1
1996,MEX,25.5,-113.5,0,0,0,0,0,1,0,344
1996,MEX,25.5,-112.5,0,0,0,0,0,4,0,91
1996,MEX,27.5,-115.5,0,0,0,0,0,0,0,5
1996,MEX,28.5,-116.5,0,0,0,0,0,0,0,10
1996,MEX,30.5,-117.5,0,0,0,0,0,0,0,2
1996,USA,41.5,-149.5,0.6,0,0,0,0,0,0,0
1996,USA,42.5,-149.5,2,0,0,0,0,0,0,0
1996,USA,42.5,-148.5,3.3,0,0,0,0,0,0,0
1996,MEX,24.5,-112.5,0,0,0,0,0,32.53381,0,269.4662
1996,MEX,25.5,-115.5,0,0,0,0,0,3,0,5
1996,MEX,25.5,-113.5,0,0,0,0,0,83,0,51
1996,MEX,25.5,-112.5,0,0,0,0,0,39,0,378
1996,MEX,26.5,-113.5,0,0,0,0,0,0,0,6
1996,MEX,24.5,-113.5,0,0,0,0,0,2,0,4
1996,MEX,24.5,-112.5,0,0,0,0,0,52.4223,0,92.5777
1996,MEX,25.5,-113.5,0,0,0,0,0,53.68921,0,231.3108
1996,MEX,25.5,-112.5,0,0,0,0,0,155.4223,0,261.5777
1996,MEX,16.5,-117.5,0,0,0,0,0,4,0,62
1996,MEX,18.5,-114.5,0,0,0,0,0,17,0,48
1996,MEX,19.5,-112.5,0,0,0,0,0,0,0,5
1996,MEX,24.5,-112.5,0,0,0,0,0,100,0,12
1996,MEX,25.5,-113.5,0,0,0,0,0,27,0,31
1996,MEX,25.5,-112.5,0,0,0,0,0,131.4223,0,26.5777
1996,MEX,26.5,-114.5,0,0,0,0,0,5,0,1
1996,MEX,28.5,-114.5,0,0,0,0,0,0,0,1
1996,MEX,16.5,-117.5,0,0,0,0,0,0,0,18
1996,MEX,18.5,-111.5,0,0,0,0,0,0,0,15
1996,MEX,19.5,-112.5,0,0,0,0,0,1,0,41
1996,MEX,20.5,-113.5,0,0,0,0,0,0,0,9
1996,MEX,23.5,-112.5,0,0,0,0,0,0,0,5
1996,MEX,23.5,-111.5,0,0,0,0,0,0,0,3
1996,MEX,24.5,-112.5,0,0,0,0,0,67,0,11
1996,MEX,24.5,-111.5,0,0,0,0,0,0,0,7
1996,MEX,25.5,-113.5,0,0,0,0,0,51,0,18
1996,MEX,25.5,-112.5,0,0,0,0,0,14,0,17
1996,MEX,19.5,-112.5,0,0,0,0,0,0,0,1
1996,MEX,24.5,-112.5,0,0,0,0,0,0,0,115
1996,MEX,25.5,-113.5,0,0,0,0,0,10.8446,0,4.155398
1996,MEX,25.5,-112.5,0,0,0,0,0,41,0,55
1996,MEX,26.5,-113.5,0,0,0,8,0,1,0,0
1996,MEX,26.5,-112.5,0,0,0,0,0,2,0,0
1997,MEX,16.5,-117.5,0,0,0,0,0,36.54565,0,57.45435
1997,MEX,18.5,-114.5,0,0,0,0,0,1,0,0
1997,MEX,18.5,-112.5,0,0,0,0,0,3,0,6
1997,MEX,19.5,-112.5,0,0,0,0,0,1,0,1
1997,MEX,19.5,-111.5,0,0,0,0,0,7,0,24
1997,MEX,21.5,-113.5,0,0,0,0,0,1,0,0
1997,MEX,21.5,-112.5,0,0,0,0,0,7,0,0
1997,MEX,23.5,-112.5,0,0,0,0,0,1,0,0
1997,MEX,24.5,-112.5,0,0,0,5,0,0,0,96
1997,MEX,25.5,-112.5,0,0,0,0,0,0,0,77
1997,MEX,26.5,-113.5,0,0,0,0,0,0,0,3
1997,MEX,15.5,-96.5,0,0,0,0,0,0,0,3
1997,MEX,16.5,-117.5,0,0,0,0,0,14,0,60
1997,MEX,18.5,-112.5,0,0,0,0,0,0,0,4.5
1997,MEX,19.5,-112.5,0,0,0,0,0,5,0,43
1997,MEX,19.5,-111.5,0,0,0,0,0,1,0,0
1997,MEX,22.5,-113.5,0,0,0,0,0,6,0,0
1997,MEX,23.5,-112.5,0,0,0,0,0,0,0,3
1997,MEX,24.5,-112.5,0,0,0,0,0,0,0,6.5
1997,MEX,25.5,-113.5,0,0,0,0,0,5,0,3
1997,MEX,14.5,-96.5,0,0,0,0,0,0,0,7
1997,MEX,14.5,-95.5,0,0,0,0,0,0,0,18.5
1997,MEX,15.5,-97.5,0,0,0,0,0,0,0,12
1997,MEX,15.5,-96.5,0,0,0,0,0,0,0,38
1997,MEX,15.5,-95.5,0,0,0,0,0,0,0,3
1997,MEX,16.5,-117.5,0,0,0,0,0,16,0,10
1997,MEX,18.5,-113.5,0,0,0,0,0,1,0,1
1997,MEX,18.5,-112.5,0,0,0,0,0,19,0,24
1997,MEX,19.5,-112.5,0,0,0,0,0,1,0,8
1997,MEX,19.5,-111.5,0,0,0,0,0,15.5,0,18.5
1997,MEX,20.5,-112.5,0,0,0,0,0,0,0,4
1997,MEX,21.5,-112.5,0,0,0,0,0,0,0,12
1997,MEX,23.5,-115.5,0,0,0,0,0,0.5,0,0
1997,USA,-41.5,-149.5,2.9,0,0,0,0,0,0,0
1997,USA,-41.5,-141.5,0.5,0,0,0,0,0,0,0
1997,MEX,16.5,-117.5,0,0,0,0,0,0,0,22
1997,MEX,18.5,-114.5,0,0,0,0,0,2,0,7
1997,MEX,18.5,-112.5,0,0,0,0,0,6.235422,0,22.76458
1997,MEX,19.5,-112.5,0,0,0,0,0,20.77008,0,18.72992
1997,MEX,19.5,-111.5,0,0,0,0,0,1,0,4
1997,MEX,20.5,-112.5,0,0,0,0,0,0,0,10.5
1997,MEX,21.5,-110.5,0,0,0,0,0,2,0,4
1997,MEX,22.5,-110.5,0,0,0,0,0,0,0,2
1997,MEX,23.5,-108.5,0,0,0,0,0,0,0,2
1997,MEX,24.5,-109.5,0,0,0,0,0,0,0,4
1997,MEX,24.5,-108.5,0,0,0,0,0,1,0,28
1997,MEX,19.5,-112.5,0,0,0,0,0,0,0,4
1997,MEX,19.5,-111.5,0,0,0,0,0,0,0,12
1997,MEX,22.5,-111.5,0,0,0,0,0,0,0,2
1997,MEX,22.5,-110.5,0,0,0,0,0,1.5,0,0
1997,MEX,22.5,-108.5,0,0,0,0,0,3,0,13
1997,MEX,23.5,-112.5,0,0,0,0,0,0,0,37
1997,MEX,23.5,-111.5,0,0,0,0,0,0,0,7
1997,MEX,24.5,-112.5,0,0,0,0,0,0,0,40
1997,MEX,25.5,-113.5,0,0,0,0,0,11.5,0,160.5
1997,MEX,25.5,-112.5,0,0,0,0,0,4,0,186
1997,MEX,26.5,-114.5,0,0,0,0,0,0,0,3.5
1997,MEX,22.5,-113.5,0,0,0,0,0,2,0,2
1997,MEX,23.5,-113.5,0,0,0,0,0,1,0,0
1997,MEX,23.5,-112.5,0,0,0,0,0,31.47634,0,175.5237
1997,MEX,23.5,-111.5,0,0,0,0,0,2,0,95
1997,MEX,24.5,-113.5,0,0,0,0,0,15,0,24
1997,MEX,24.5,-112.5,0,0,0,0,0,2,0,71
1997,MEX,25.5,-113.5,0,0,0,0,0,15.42519,0,187.0748
1997,USA,36.5,-149.5,10.2,0,0,0,0,0,0,0
1997,USA,37.5,-148.5,0.9,0,0,0,0,0,0,0
1997,USA,37.5,-144.5,7.5,0,0,0,0,0,0,0
1997,USA,38.5,-143.5,5.3,0,0,0,0,0,0,0
1997,MEX,23.5,-112.5,0,0,0,0,0,4.885038,0,51.61496
1997,MEX,24.5,-113.5,0,0,0,0,0,63,0,8
1997,MEX,24.5,-112.5,0,0,0,0,0,12,0,3
1997,MEX,25.5,-114.5,0,0,0,0,0,2,0,6
1997,MEX,25.5,-113.5,0,0,0,0,0,6.5,0,310.5
1997,MEX,25.5,-112.5,0,0,0,0,0,16.62046,0,72.37954
1997,MEX,26.5,-114.5,0,0,0,0,0,2,0,4
1997,MEX,26.5,-113.5,0,0,0,0,0,3,0,2
1997,MEX,27.5,-113.5,0,0,0,0,0,12,0,0
1997,USA,23.5,-122.5,0,0,0,0,0,0,0,9.1
1997,USA,29.5,-122.5,0,0,0,0,0,3.6,0,0
1997,USA,31.5,-121.5,0,0,0,0,0,0.9,0,0
1997,USA,31.5,-119.5,0,0,0,0,0,3.6,0,0
1997,USA,42.5,-125.5,0.1,0,0,0,0,0,0,0
1997,MEX,25.5,-113.5,0,0,0,0,0,0,0,45
1997,MEX,26.5,-114.5,0,0,0,0,0,32.43069,0,93.06931
1997,MEX,27.5,-115.5,0,0,0,0,0,94.12046,0,295.8795
1997,MEX,27.5,-114.5,0,0,0,0,0,278.0402,0,145.9599
1997,MEX,28.5,-115.5,0,0,0,0,0,42.5,0,73.5
1997,MEX,29.5,-116.5,0,0,0,0,0,0.5,0,133.5
1997,MEX,29.5,-115.5,0,0,0,0,0,0,0,1
1997,MEX,30.5,-116.5,0,0,0,0,0,0.5,0,22
1997,MEX,31.5,-117.5,0,0,0,0,0,30,0,0
1997,USA,19.5,-119.5,0,0,0,0,0,0,0,4.5
1997,USA,19.5,-118.5,0,0,0,0,0,0,0,2.7
1997,USA,20.5,-121.5,0,0,0,0,0,0,0,5.4
1997,USA,20.5,-120.5,0,0,0,0,0,0,0,3.6
1997,USA,21.5,-122.5,0,0,0,0,0,125.1,0,28.1
1997,USA,21.5,-121.5,0,0,0,0,0,1.8,0,2.7
1997,USA,22.5,-122.5,0,0,0,0,0,10.8,0,46.3
1997,USA,23.5,-122.5,0,0,0,0,0,3.6,0,23.6
1997,MEX,26.5,-114.5,0,0,0,0,0,325,0,35
1997,MEX,26.5,-113.5,0,0,0,0,0,40,0,16
1997,MEX,27.5,-114.5,0,0,0,0,0,257,0,0
1997,MEX,28.5,-114.5,0,0,0,0,0,1,0,3
1997,MEX,29.5,-116.5,0,0,0,0,0,10.62596,0,70.37404
1997,MEX,29.5,-115.5,0,0,0,0,0,1,0,69
1997,MEX,30.5,-116.5,0,0,0,0,0,0,0,7
1997,USA,25.5,-120.5,0,0,0,0,0,31.8,0,0
1997,USA,25.5,-119.5,0,0,0,0,0,49.9,0,0
1997,USA,26.5,-119.5,0,0,0,0,0,27.2,0,9
1997,MEX,24.5,-112.5,0,0,0,0,0,38,0,0
1997,MEX,25.5,-113.5,0,0,0,0,0,76.42519,0,189.0748
1997,MEX,25.5,-112.5,0,0,0,0,0,143,0,7
1997,MEX,26.5,-114.5,0,0,0,0,0,28,0,18
1997,MEX,26.5,-113.5,0,0,0,0,0,44,0,12
1997,MEX,27.5,-115.5,0,0,0,0,0,12,0,1
1997,MEX,27.5,-114.5,0,0,0,0,0,56,0,2
1997,MEX,28.5,-115.5,0,0,0,0,0,178,0,0
1997,MEX,16.5,-117.5,0,0,0,0,0,2.5,0,13
1997,MEX,18.5,-112.5,0,0,0,0,0,0,0,17
1997,MEX,19.5,-112.5,0,0,0,0,0,0,0,14
1997,MEX,19.5,-111.5,0,0,0,0,0,0,0,4
1997,MEX,19.5,-110.5,0,0,0,0,0,1,0,25
1997,MEX,24.5,-112.5,0,0,0,0,0,61.5,0,12
1997,MEX,25.5,-113.5,0,0,0,0,0,15,0,17
1997,MEX,26.5,-114.5,0,0,0,0,0,2,0,2
1997,MEX,27.5,-115.5,0,0,0,0,0,0.5,0,0
1997,MEX,28.5,-115.5,0,0,0,0,0,144.5,0,43.5
1997,MEX,19.5,-111.5,0,0,0,0,0,0,0,35
1997,MEX,19.5,-110.5,0,0,0,0,0,0,0,6.5
1997,MEX,25.5,-113.5,0,0,0,0,0,14,0,10
1997,MEX,28.5,-115.5,0,0,0,0,0,82,0,164
1998,MEX,16.5,-117.5,0,0,0,0,0,61,0,4
1998,MEX,19.5,-112.5,0,0,0,0,0,1,0,9
1998,MEX,19.5,-111.5,0,0,0,0,0,0,0,1
1998,MEX,23.5,-112.5,0,0,0,0,0,0,0,22
1998,MEX,23.5,-111.5,0,0,0,0,0,0,0,7
1998,MEX,25.5,-113.5,0,0,0,0,0,15,0,9
1998,USA,21.5,-116.5,0,0,0,0,0,0,0,58.1
1998,MEX,24.5,-112.5,0,0,0,0,0,1,0,0
1998,MEX,25.5,-113.5,0,0,0,0,0,33.35686,0,226.6431
1998,MEX,25.5,-112.5,0,0,0,0,0,3,0,49
1998,USA,25.5,-120.5,0,0,0,0,0,9.1,0,18.1
1998,MEX,20.5,-105.5,0,0,0,0,0,0,0,5
1998,MEX,22.5,-106.5,0,0,0,0,0,0,0,10
1998,MEX,23.5,-114.5,0,0,0,0,0,0,0,28
1998,MEX,23.5,-111.5,0,0,0,0,0,0,0,36
1998,MEX,25.5,-113.5,0,0,0,0,0,66,0,268.5
1998,MEX,25.5,-112.5,0,0,0,0,0,0,0,5
1998,MEX,25.5,-111.5,0,0,0,0,0,0,0,8
1998,USA,21.5,-117.5,0,0,0,0,0,0,0,59.8
1998,USA,21.5,-116.5,0,0,0,0,0,0,0,4.5
1998,USA,21.5,-115.5,0,0,0,0,0,0,0,4.5
1998,USA,24.5,-117.5,0,0,0,0,0,0,0,4.5
1998,MEX,19.5,-112.5,0,0,0,0,0,0,0,1
1998,MEX,23.5,-112.5,0,0,0,0,0,5,0,83
1998,MEX,23.5,-111.5,0,0,0,0,0,4.5,0,6
1998,MEX,24.5,-112.5,0,0,0,0,0,1,0,12
1998,MEX,25.5,-113.5,0,0,0,0,0,7,0,113.5
1998,MEX,25.5,-112.5,0,0,0,0,0,5,0,23
1998,MEX,19.5,-112.5,0,0,0,0,0,2,0,11
1998,MEX,23.5,-112.5,0,0,0,0,0,27.47021,0,305.5298
1998,MEX,23.5,-111.5,0,0,0,0,0,3.5,0,32
1998,MEX,24.5,-112.5,0,0,0,0,0,1,0,43
1998,MEX,24.5,-111.5,0,0,0,0,0,0,0,9
1998,MEX,25.5,-113.5,0,0,0,0,0,0,0,7
1998,MEX,25.5,-112.5,0,0,0,0,0,0,0,4
1998,MEX,19.5,-112.5,0,0,0,0,0,0,0,3
1998,MEX,20.5,-112.5,0,0,0,0,0,3.5,0,1.5
1998,MEX,21.5,-110.5,0,0,0,0,0,0.5,0,0
1998,MEX,23.5,-112.5,0,0,0,0,0,5.2,0,47.7
1998,MEX,23.5,-111.5,0,0,0,0,0,7.899612,0,24.60039
1998,MEX,24.5,-112.5,0,0,0,0,0,3,0,15
1998,MEX,25.5,-113.5,0,0,0,0,0,9.5,0,228
1998,MEX,25.5,-112.5,0,0,0,0,0,0,0,5
1998,MEX,24.5,-113.5,0,0,0,0,0,0,0,0.5
1998,MEX,25.5,-113.5,0,0,0,0,0,3.5,0,20.5
1998,MEX,25.5,-112.5,0,0,0,0,0,114,0,3
1998,MEX,26.5,-115.5,0,0,0,0,0,0,0,0.5
1998,MEX,26.5,-114.5,0,0,0,0,0,7.5,0,33.1
1998,MEX,26.5,-113.5,0,0,0,0,0,70.2,0,230.5
1998,MEX,26.5,-112.5,0,0,0,0,0,0,0,14
1998,MEX,27.5,-114.5,0,0,0,0,0,3,0,4.2
1998,MEX,24.5,-112.5,0,0,0,0,0,24,0,3
1998,MEX,25.5,-113.5,0,0,0,0,0,2,0,57.5
1998,MEX,25.5,-112.5,0,0,0,0,0,33.5,0,10
1998,MEX,26.5,-114.5,0,0,0,0,0,18.2,0,68.2
1998,MEX,26.5,-113.5,0,0,0,0,0,103.5,0,170
1998,MEX,27.5,-115.5,0,0,0,0,0,0,0,1
1998,MEX,27.5,-114.5,0,0,0,0,0,76.4,0,163.2
1998,MEX,28.5,-115.5,0,0,0,0,0,55.2,0,6.4
1998,MEX,30.5,-116.5,0,0,0,0,0,8,0,10.5
1998,MEX,22.5,-114.5,0,0,0,0,0,89,0,27
1998,MEX,24.5,-112.5,0,0,0,0,0,9,0,33
1998,MEX,25.5,-113.5,0,0,0,0,0,0.5,0,31
1998,MEX,25.5,-112.5,0,0,0,0,0,0,0,16
1998,MEX,26.5,-113.5,0,0,0,0,0,2,0,13.2
1998,MEX,28.5,-115.5,0,0,0,0.5,0,45.5,0,44.5
1998,MEX,29.5,-116.5,0,0,0,0,0,3,0,4
1998,MEX,30.5,-116.5,0,0,0,0,0,0,0,7
1998,MEX,31.5,-117.5,0,0,0,0,0,0,0,5
1998,MEX,31.5,-116.5,0,0,0,0,0,0,0,4
1998,MEX,16.5,-117.5,0,0,0,0,0,9,0,4
1998,MEX,24.5,-112.5,0,0,15,0,0,8.5,0,24
1998,MEX,25.5,-113.5,0,0,2.5,0,0,4,0,19
1998,MEX,25.5,-112.5,0,0,0,0,0,3,0,2.5
1998,MEX,26.5,-114.5,0,0,14,0,0,1,0,1
1998,MEX,26.5,-113.5,0,0,0,0,0,3,0,8
1998,MEX,28.5,-115.5,0,0,2,0,0,63.75428,0,44.94572
1998,MEX,30.5,-116.5,0,0,0,0,0,0,0,3
1998,MEX,16.5,-117.5,0,0,0,0,0,20,0,0
1998,MEX,18.5,-114.5,0,0,0,0,0,0,0,47
1998,MEX,19.5,-112.5,0,0,0,0,0,2,0,10.2
1998,MEX,20.5,-112.5,0,0,0,0,0,0,0,3
1998,MEX,22.5,-112.5,0,0,0,0,0,0.5,0,0
1998,MEX,22.5,-109.5,0,0,0,0,0,24,0,4
1998,MEX,23.5,-109.5,0,0,7.7,0,0,0,0,3.5
1998,MEX,25.5,-112.5,0,0,0,0,0,7,0,1.5
1998,MEX,26.5,-114.5,0,0,0,0,0,0,0,2
1998,MEX,27.5,-114.5,0,0,1,0,0,0,0,0
1998,MEX,28.5,-115.5,0,0,0,0,0,0,0,1
1998,MEX,21.5,-110.5,0,0,0,0,0,1.678433,0,2.821567
1998,MEX,22.5,-109.5,0,0,1,0,0,0,0,0
1998,MEX,23.5,-109.5,0,0,2,0,0,0,0,0
1999,MEX,16.5,-117.5,0,0,0,0,0,20,0,4
1999,MEX,19.5,-112.5,0,0,0,0,0,2,0,4
1999,MEX,21.5,-109.5,0,0,0,0,0,13,0,18
1999,MEX,10.5,-109.5,0,0,0,0,0,0.5,0,48.5
1999,MEX,20.5,-110.5,0,0,0,0,0,0,0,0.5
1999,MEX,10.5,-109.5,0,0,0,0,0,0,0,29
1999,MEX,10.5,-109.5,0,0,0,0,0,0,0,3
1999,MEX,19.5,-112.5,0,0,0,0,0,1,0,0
1999,MEX,20.5,-112.5,0,0,0,0,0,6,0,4
1999,MEX,22.5,-111.5,0,0,0,0,0,0,0,3
1999,MEX,23.5,-108.5,0,0,0,0,0,0,0,1
1999,MEX,24.5,-109.5,0,0,0,0,0,0,0,25
1999,MEX,19.5,-112.5,0,0,0,0,0,1.5,0,19.5
1999,MEX,19.5,-111.5,0,0,0,0,0,19,0,31
1999,MEX,20.5,-112.5,0,0,0,0,0,7,0,15
1999,MEX,20.5,-111.5,0,0,0,0,0,1,0,3.5
1999,MEX,21.5,-112.5,0,0,0,0,0,0.5,0,2.5
1999,MEX,22.5,-111.5,0,0,0,0,0,0,0,3
1999,MEX,23.5,-113.5,0,0,0,0,0,0,0,1
1999,MEX,23.5,-112.5,0,0,0,0,0,0,0,52
1999,MEX,24.5,-112.5,0,0,0,0,0,0,0,10
1999,MEX,22.5,-111.5,0,0,0,0,0,10,0,45
1999,MEX,22.5,-110.5,0,0,0,0,0,1,0,154
1999,MEX,22.5,-109.5,0,0,0,0,0,0,0,20
1999,MEX,23.5,-113.5,0,0,0,0,0,0,0,6
1999,MEX,23.5,-112.5,0,0,0,0,0,0,0,1
1999,MEX,23.5,-110.5,0,0,0,0,0,0,0,20
1999,MEX,24.5,-113.5,0,0,0,0,0,15.03014,0,32.96986
1999,MEX,24.5,-112.5,0,0,0,0,0,4.11446,0,19.38554
1999,MEX,25.5,-113.5,0,0,0,0,0,12,0,47
1999,MEX,25.5,-112.5,0,0,0,0,0,12.22892,0,16.77108
1999,MEX,29.5,-117.5,3,0,0,0,0,0,0,0
1999,MEX,31.5,-117.5,0.4,0,0,0,0,0,0,0
1999,MEX,32.5,-117.5,1,0,0,0,0,0,0,0
1999,MEX,23.5,-112.5,0,0,0,0,0,75,0,0
1999,MEX,24.5,-113.5,0,0,0,0,0,2.22892,0,5.77108
1999,MEX,25.5,-113.5,0,0,0,0,0,239.0603,0,343.9397
1999,MEX,25.5,-112.5,0,0,0,0,0,2.78615,0,2.21385
1999,MEX,26.5,-114.5,0,0,0,0,0,0,0,4
1999,MEX,27.5,-115.5,0,0,0,0,0,0,0,1.5
1999,MEX,29.5,-116.5,4,0,0,0,0,0,0,0
1999,MEX,30.5,-116.5,2.1,0,0,0,0,0,0,0
1999,MEX,19.5,-112.5,0,0,0,0,0,8,0,6
1999,MEX,22.5,-110.5,0,0,0,0,0,0,0,43
1999,MEX,22.5,-109.5,0,0,0,0,0,4,0,26
1999,MEX,23.5,-113.5,0,0,0,0,0,13,0,2
1999,MEX,23.5,-112.5,0,0,0,0,0,136,0,10
1999,MEX,23.5,-111.5,0,0,0,0,0,0,0,22
1999,MEX,23.5,-110.5,0,0,0,0,0,4,0,23
1999,MEX,24.5,-113.5,0,0,0,0,0,85.12953,0,11.87047
1999,MEX,24.5,-112.5,0,0,0,0,0,14,0,0
1999,MEX,29.5,-116.5,2.8,0,0,0,0,0,0,0
1999,MEX,30.5,-118.5,0,0,0,0,0,21,0,0
1999,MEX,30.5,-117.5,0,0,0,0,0,8,0,0
1999,MEX,31.5,-118.5,0,0,0,0,0,26,0,0
1999,MEX,29.5,-116.5,0.3,0,0,0,0,0,0,0
1999,MEX,30.5,-118.5,0,0,0,0,0,62,0,0
1999,MEX,30.5,-117.5,0,0,0,0,0,322.5,0,0
1999,MEX,30.5,-116.5,0,0,0,0,0,400,0,0
1999,MEX,31.5,-118.5,1.2,0,0,0,0,27.5,0,0
1999,MEX,31.5,-117.5,0,0,0,0,0,30,0,0
1999,MEX,31.5,-116.5,0,0,0,0,0,20,0,0
1999,MEX,16.5,-117.5,0,0,0,0,0,1,0,8
1999,MEX,18.5,-112.5,0,0,0,0,0,0,0,1
1999,MEX,19.5,-112.5,0,0,0,0,0,3,0,11
1999,MEX,19.5,-111.5,0,0,0,0,0,0,0,0.7
1999,MEX,21.5,-112.5,0,0,0,0,0,0,0,4
1999,MEX,24.5,-113.5,0,0,0,0,0,0,0,1
1999,MEX,25.5,-113.5,0,0,0,0,0,173.6055,0,403.3945
1999,MEX,26.5,-113.5,0,0,0,0,0,2,0,6
1999,MEX,28.5,-115.5,0,0,0,0,0,0.5,0,3.5
1999,MEX,28.5,-112.5,0,0,0,0,0,0,0,3.5
1999,MEX,30.5,-117.5,0,0,0,0,0,6,0,0
1999,MEX,30.5,-116.5,0,0,0,0,0,22,0,0
1999,MEX,16.5,-117.5,0,0,0,0,0,8,0,0
1999,MEX,19.5,-112.5,0,0,0,0,0,12,0,10
1999,MEX,22.5,-112.5,0,0,0,0,0,19,0,0
1999,MEX,25.5,-113.5,0,0,0,0,0,14,0,25
1999,MEX,27.5,-115.5,0,0,0,0,0,1,0,0
1999,MEX,28.5,-115.5,0,0,0,0,0,0.5,0,0.6
1999,MEX,16.5,-117.5,0,0,0,0,0,14,0,0
1999,MEX,19.5,-112.5,0,0,0,0,0,4,0,0
2000,MEX,16.5,-117.5,0,0,0,0,0,68,0,1
2000,MEX,19.5,-112.5,0,0,0,0,0,6.2,0,18.7
2000,MEX,19.5,-111.5,0,0,0,0,0,2,0,4
2000,MEX,23.5,-111.5,0,0,0,0,0,0,0,1
2000,MEX,15.5,-95.5,0,0,0,0,0,0,0,18
2000,MEX,16.5,-117.5,0,0,0,0,0,13,0,0
2000,MEX,19.5,-112.5,0,0,0,0,0,0,0,47
2000,MEX,19.5,-111.5,0,0,0,0,0,0,0,20
2000,MEX,23.5,-112.5,0,0,0,0,0,0,0,34
2000,MEX,16.5,-117.5,0,0,0,0,0,0,0,17
2000,MEX,19.5,-111.5,0,0,0,0,0,0,0,24
2000,MEX,21.5,-112.5,0,0,0,0,0,0,0,6
2000,MEX,22.5,-112.5,0,0,0,0,0,0,0,14
2000,MEX,23.5,-112.5,0,0,0,0,0,0,0,5
2000,MEX,22.5,-110.5,0,0,0,0,0,0,0,22
2000,MEX,16.5,-117.5,0,0,0,0,0,0,0,3
2000,MEX,19.5,-112.5,0,0,0,0,0,0.5,0,6.5
2000,MEX,21.5,-110.5,0,0,0,0,0,0,0,7
2000,MEX,22.5,-111.5,0,0,0,0,0,6,0,13
2000,MEX,23.5,-111.5,0,0,0,0,0,0.5,0,11.5
2000,MEX,22.5,-111.5,0,0,0,0,0,0.5,0,17.5
2000,MEX,22.5,-110.5,0,0,0,0,0,0,0,17
2000,MEX,23.5,-112.5,0,0,0,0,0,0,0,9
2000,MEX,23.5,-111.5,0,0,0,0,0,1,0,208.5
2000,MEX,24.5,-112.5,0,0,0,0,0,0,0,3.5
2000,MEX,24.5,-111.5,0,0,0,0,0,0,0,19
2000,MEX,25.5,-113.5,0,0,0,0,0,0,0,7
2000,MEX,26.5,-115.5,0,0,0,0,0,0,0,3
2000,MEX,26.5,-114.5,0,0,0,0,0,0,0,8
2000,MEX,28.5,-115.5,0,0,0,0,0,0,0,1
2000,MEX,29.5,-117.5,1.3,0,0,0,0,0,0,0
2000,MEX,29.5,-115.5,1.4,0,0,0,0,0,0,0
2000,MEX,30.5,-117.5,0.6,0,0,0,0,0,0,0
2000,MEX,21.5,-112.5,0,0,0,0,0,3,0,0
2000,MEX,22.5,-111.5,0,0,0,0,0,0,0,4
2000,MEX,23.5,-113.5,0,0,0,0,0,0,0,42.5
2000,MEX,23.5,-112.5,0,0,0,0,0,0,0,57.5
2000,MEX,23.5,-111.5,0,0,0,0,0,0,0,42.5
2000,MEX,24.5,-113.5,0,0,0,0,0,0,0,3.5
2000,MEX,24.5,-112.5,0,0,0,0,0,0,0,18
2000,MEX,29.5,-117.5,1.8,0,0,0,0,0,0,0
2000,MEX,29.5,-116.5,0.5,0,0,0,0,0,0,0
2000,MEX,30.5,-117.5,4.5,0,0,0,0,0,0,0
2000,MEX,31.5,-117.5,0.3,0,0,0,0,0,0,0
2000,MEX,24.5,-113.5,0,0,0,0,0,0,0,2
2000,MEX,24.5,-112.5,0,0,0,0,0,0,0,26
2000,MEX,25.5,-113.5,0,0,0,0,0,0,0,128
2000,MEX,26.5,-114.5,0,0,0,0,0,1,0,9
2000,MEX,26.5,-113.5,0,0,0,0,0,0,0,56
2000,MEX,27.5,-115.5,0,0,0,0,0,2,0,94
2000,MEX,27.5,-114.5,0,0,0,0,0,0,0,15
2000,MEX,30.5,-118.5,3.9,0,0,0,0,0,0,0
2000,MEX,30.5,-117.5,10.4,0,0,0,7,0,0,0
2000,MEX,31.5,-118.5,0.6,0,0,0,0,0,0,0
2000,MEX,31.5,-116.5,0.5,0,0,0,0,0,0,0
2000,MEX,24.5,-115.5,0,0,0,0,0,0,0,30
2000,MEX,25.5,-112.5,0,0,0,0,0,0,0,25
2000,MEX,26.5,-114.5,0,0,0,0,0,0,0,101
2000,MEX,26.5,-113.5,0,0,0,0,0,0,0,267
2000,MEX,26.5,-112.5,0,0,0,0,0,0,0,82
2000,MEX,27.5,-114.5,0,0,0,0,0,0,0,29
2000,MEX,16.5,-117.5,0,0,0,0,0,4,0,52
2000,MEX,19.5,-112.5,0,0,0,0,0,4,0,24
2000,MEX,20.5,-112.5,0,0,0,0,0,12,0,48
2000,MEX,23.5,-113.5,0,0,0,0,0,0,0,40
2000,MEX,24.5,-115.5,0,0,0,0,0,0,0,18
2000,MEX,25.5,-115.5,0,0,0,0,0,0,0,37
2000,MEX,25.5,-113.5,0,0,0,0,0,1,0,27
2000,MEX,25.5,-112.5,0,0,0,0,0,0,0,5
2000,MEX,22.5,-113.5,0,0,0,0,0,5,0,10
2000,MEX,24.5,-115.5,0,0,0,0,0,0,0,75
2000,MEX,24.5,-112.5,0,0,0,0,0,0,0,33
2000,MEX,25.5,-112.5,0,0,0,0,0,0,0,188
2000,MEX,23.5,-111.5,0,0,0,0,0,10,0,9.5
2000,MEX,24.5,-115.5,0,0,0,0,0,0,0,12
2000,MEX,24.5,-112.5,0,0,0,0,0,0,0,78
2000,MEX,25.5,-112.5,0,0,0,0,0,0,0,76
2001,MEX,16.5,-115.5,0,0,0,0,0,8,0,5
2001,MEX,23.5,-111.5,0,0,0,0,0,6,0,19.5
2001,MEX,24.5,-115.5,0,0,0,0,0,0,0,556
2001,MEX,24.5,-114.5,0,0,0,0,0,0,0,9
2001,MEX,24.5,-111.5,0,0,0,0,0,0,0,22
2001,MEX,25.5,-115.5,0,0,0,0,0,0,0,15
2001,MEX,16.5,-117.5,0,0,0,0,0,2,0,38
2001,MEX,22.5,-106.5,0,0,0,0,0,0,0,20
2001,MEX,23.5,-113.5,0,0,0,0,0,0,0,4
2001,MEX,23.5,-112.5,0,0,0,0,0,0,0,36
2001,MEX,23.5,-111.5,0,0,0,0,0,3,0,54
2001,MEX,24.5,-115.5,0,0,0,0,0,0,0,50
2001,MEX,24.5,-113.5,0,0,0,0,0,0,0,3
2001,MEX,24.5,-112.5,0,0,0,0,0,0,0,7
2001,MEX,20.5,-106.5,0,0,0,0,0,0,0,71
2001,MEX,22.5,-112.5,0,0,0,0,0,0,0,6
2001,MEX,22.5,-111.5,0,0,0,0,0,0,0,34
2001,MEX,23.5,-112.5,0,0,0,0,0,2,0,14
2001,MEX,16.5,-117.5,0,0,0,0,0,0.3080111,0,6.691989
2001,MEX,16.5,-112.5,0,0,0,0,0,0,0,2
2001,MEX,20.5,-111.5,0,0,0,0,0,0,0,2
2001,MEX,21.5,-112.5,0,0,0,0,0,5,0,0
2001,MEX,22.5,-112.5,0,0,0,0,0,18,0,7
2001,MEX,22.5,-109.5,0,0,0,0,0,0,0,15
2001,MEX,23.5,-107.5,0,0,0,0,0,0,0,3
2001,MEX,16.5,-117.5,0,0,0,0,0,0.4,0,58.5
2001,MEX,21.5,-111.5,0,0,0,0,0,28,0,6
2001,MEX,21.5,-109.5,0,0,0,0,0,3,0,12
2001,MEX,22.5,-109.5,0,0,0,0,0,0,0,16
2001,MEX,23.5,-112.5,0,0,0,0,0,0,0,3
2001,MEX,23.5,-111.5,0,0,0,0,0,0,0,227
2001,MEX,23.5,-109.5,0,0,0,0,0,0,0,2
2001,MEX,24.5,-115.5,0,0,0,0,0,0,0,86
2001,MEX,21.5,-112.5,0,0,0,0,0,0,0,18
2001,MEX,21.5,-111.5,0,0,0,0,0,14.7,0,106.2
2001,MEX,22.5,-115.5,0,0,0,0,0,0,0,3
2001,MEX,22.5,-111.5,0,0,0,0,0,10,0,376
2001,MEX,23.5,-111.5,0,0,0,0,0,1,0,11
2001,MEX,24.5,-115.5,0,0,0,0,0,0,0,40
2001,MEX,29.5,-117.5,1,0,0,0,0,0,0,0
2001,MEX,30.5,-117.5,0,0,0,0,0,0,0,0
2001,MEX,21.5,-111.5,0,0,0,0,0,0,0,19
2001,MEX,22.5,-111.5,0,0,0,0,0,2,0,19
2001,MEX,23.5,-113.5,0,0,0,0,0,0.2,0,5
2001,MEX,23.5,-112.5,0,0,0,0,0,1,0,5
2001,MEX,24.5,-113.5,0,0,0,0,0,3,0,58
2001,MEX,24.5,-112.5,0,0,0,0,0,1,0,10
2001,MEX,25.5,-117.5,0.3,0,0,0,0,0,0,0
2001,MEX,25.5,-113.5,0,0,0,0,0,6,0,29
2001,MEX,26.5,-114.5,0,0,0,0,0,2,0,1
2001,MEX,28.5,-116.5,0,0,0,0,0,0,0,0
2001,MEX,29.5,-117.5,8.3,0,0,0,0,0,0,0
2001,MEX,29.5,-116.5,0.3,0,0,0,0,0,0,0
2001,MEX,30.5,-117.5,0.8,0,0,0,0,0,0,0
2001,MEX,30.5,-116.5,0.3,0,0,0,0,0,0,0
2001,MEX,31.5,-117.5,1.1,0,0,0,0,0,0,0
2001,MEX,23.5,-113.5,0,0,0,0,0,1,0,31
2001,MEX,23.5,-112.5,0,0,0,0,0,4,0,18
2001,MEX,23.5,-111.5,0,0,0,0,0,0,0,2
2001,MEX,24.5,-113.5,0,0,0,0,0,44,0,58
2001,MEX,24.5,-112.5,0,0,0,0,0,0,0,17
2001,MEX,25.5,-112.5,0,0,0,0,0,0,0,102.5
2001,MEX,27.5,-115.5,0,0,0,0,0,0,0,7.5
2001,MEX,30.5,-117.5,0.8,0,0,0,0,0,0,0
2001,MEX,31.5,-118.5,0.5,0,0,0,0,0,0,0
2001,MEX,31.5,-117.5,3.3,0,0,0,0,0,0,0
2001,MEX,23.5,-111.5,0,0,0,0,0,0,0,55
2001,MEX,24.5,-113.5,0,0,0,0,0,0,0,1.2
2001,MEX,25.5,-113.5,0,0,0,0,0,0,0,11
2001,MEX,25.5,-112.5,0,0,0,0,0,0,0,83.5
2001,MEX,24.5,-114.5,0,0,0,0,0,0.5,0,0.5
2001,MEX,25.5,-113.5,0,0,0,0,0,0,0,6
2001,MEX,25.5,-112.5,0,0,0,0,0,4,0,36
2001,MEX,26.5,-114.5,0,0,0,0,0,0,0,69
2001,MEX,26.5,-113.5,0,0,0,0,0,0,0,84
2001,MEX,24.5,-115.5,0,0,0,0,0,19,0,20
2001,MEX,24.5,-112.5,0,0,0,0,0,0,0,6
2001,MEX,24.5,-111.5,0,0,0,0,0,0,0,9
2001,MEX,25.5,-112.5,0,0,0,0,0,0,0,32.5
2001,MEX,26.5,-114.5,0,0,0,0,0,0,0,69
2001,MEX,26.5,-113.5,0,0,0,0,0,8,0,209
2001,MEX,20.5,-113.5,0,0,0,0,0,4,0,12
2001,MEX,20.5,-112.5,0,0,0,0,0,0,0,16.5
2001,MEX,24.5,-116.5,0,0,0,0,0,6,0,14
2001,MEX,24.5,-115.5,0,0,0,0,0,94,0,468
2001,MEX,24.5,-112.5,0,0,0,0,0,0,0,3
2002,MEX,16.5,-117.5,0,0,0,0,0,12,0,12
2002,MEX,19.5,-112.5,0,0,0,0,0,16,0,1
2002,MEX,22.5,-109.5,0,0,0,0,0,3,0,0
2002,MEX,24.5,-116.5,0,0,0,0,0,0,0,9
2002,MEX,16.5,-117.5,0,0,0,0,0,126,0,90
2002,MEX,24.5,-115.5,0,0,0,0,0,0,0,1
2002,MEX,16.5,-116.5,0,0,0,0,0,0,0,2
2002,MEX,18.5,-112.5,0,0,0,0,0,44,0,1
2002,MEX,19.5,-112.5,0,0,0,0,0,50,0,5
2002,MEX,19.5,-111.5,0,0,0,0,0,22.5,0,4.5
2002,MEX,22.5,-111.5,0,0,0,0,0,0,0,3
2002,MEX,19.5,-112.5,0,0,0,0,0,4,0,0
2002,MEX,19.5,-111.5,0,0,0,0,0,4,0,0
2002,MEX,19.5,-110.5,0,0,0,0,0,0,0,8
2002,MEX,22.5,-110.5,0,0,0,0,0,0,0,37
2002,MEX,21.5,-111.5,0,0,0,0,0,17,0,0
2002,MEX,22.5,-112.5,0,0,0,0,0,13,0,0
2002,MEX,22.5,-111.5,0,0,0,0,0,62,0,11
2002,MEX,23.5,-111.5,0,0,0,0,0,2,0,25
2002,MEX,23.5,-110.5,0,0,0,0,0,17,0,1
2002,MEX,22.5,-112.5,0,0,0,0,0,24,0,0
2002,MEX,22.5,-111.5,0,0,0,0,0,53,0,13
2002,MEX,23.5,-112.5,0,0,0,0,0,20,0,11
2002,MEX,23.5,-111.5,0,0,0,0,0,10,0,0
2002,MEX,25.5,-113.5,0,0,0,0,0,0,0,1
2002,MEX,25.5,-112.5,0,0,0,0,0,0,0,13
2002,MEX,28.5,-115.5,2.5,0,0,0,0,0,0,0
2002,MEX,23.5,-112.5,0,0,0,0,0,0,0,6
2002,MEX,24.5,-113.5,0,0,0,0,0,0,0,2
2002,MEX,24.5,-112.5,0,0,0,0,0,0,0,7
2002,MEX,25.5,-113.5,0,0,0,0,0,0,0,32
2002,MEX,25.5,-113.5,0,0,0,0,0,0,0,130
2002,MEX,24.5,-112.5,0,0,0,0,0,1.574124,0,2.425876
2002,MEX,25.5,-113.5,0,0,0,0,0,0,0,2
2002,MEX,25.5,-112.5,0,0,0,0,0,0,0,194.5
2002,MEX,16.5,-117.5,0,0,0,0,0,1,0,29.5
2002,MEX,23.5,-111.5,0,0,0,0,0,8.5,0,27
2002,MEX,25.5,-113.5,0,0,0,0,0,1,0,30
2002,MEX,25.5,-112.5,0,0,0.6,0,0,0,0,22
2002,MEX,26.5,-113.5,0,0,0,0,0,0,0,3
2002,MEX,25.5,-113.5,0,0,0,0,0,17.5,0,49
2002,MEX,25.5,-112.5,0,0,0,0,0,1,0,60
2003,MEX,20.5,-106.5,0,0,0,0,0,0,0,1
2003,MEX,23.5,-110.5,0,0,0.5,0,0,0,0,0
2003,MEX,24.5,-112.5,0,0,5,0,0,0,0,0
2003,MEX,21.5,-111.5,0,0,0,0,0,7,0,0
2003,MEX,22.5,-112.5,0,0,0,0,0,0,0,6
2003,MEX,22.5,-111.5,0,0,0,0,0,39,0,7
2003,MEX,22.5,-112.5,0,0,0,0,0,29,0,1
2003,MEX,25.5,-114.5,0,0,0,0,0,3,0,4
2003,MEX,25.5,-113.5,0,0,0,0,0,46,0,34
2003,MEX,31.5,-117.5,1,0,0,0,0,0,0,0
2003,MEX,24.5,-113.5,0,0,0,0,0,1,0,3
2003,MEX,25.5,-113.5,0,0,0,0,0,91,0,12
2003,MEX,26.5,-114.5,0,0,0,0,0,19,0,0
2003,MEX,26.5,-113.5,0,0,0,0,0,23,0,11
2003,MEX,25.5,-113.5,0,0,0,0,0,38,0,161
2003,MEX,26.5,-113.5,0,0,0,0,0,48,0,23
2003,MEX,24.5,-113.5,0,0,0,0,0,0,0,23
2003,MEX,24.5,-112.5,0,0,0,0,0,24,0,10
2003,MEX,25.5,-113.5,0,0,0,0,0,50,0,66.5
2003,MEX,25.5,-112.5,0,0,0,0,0,32,0,69
2003,MEX,26.5,-114.5,0,0,0,0,0,20,0,0
2003,MEX,26.5,-113.5,0,0,0,0,0,11,0,13
2003,MEX,26.5,-112.5,0,0,0,0,0,8,0,31
2003,MEX,24.5,-112.5,0,0,0,0,0,17,0,11
2003,MEX,25.5,-113.5,0,0,0,0,0,8,0,7
2003,MEX,25.5,-112.5,0,0,0,0,0,5,0,14
2004,MEX,16.5,-117.5,0,0,0,0,0,32,0,18
2004,MEX,17.5,-115.5,0,0,0,0,0,8,0,0
2004,MEX,16.5,-117.5,0,0,0,0,0,7,0,12
2004,MEX,17.5,-117.5,0,0,0,0,0,2,0,0
2004,MEX,21.5,-112.5,0,0,0,0,0,18,0,0
2004,MEX,21.5,-111.5,0,0,0,0,0,29,0,0
2004,MEX,22.5,-112.5,0,0,0,0,0,17,0,0
2004,MEX,22.5,-111.5,0,0,0,0,0,33,0,0
2004,MEX,21.5,-112.5,0,0,0,0,0,62,0,0
2004,MEX,21.5,-111.5,0,0,0,0,0,20,0,0
2004,MEX,22.5,-113.5,0,0,0,0,0,22,0,0
2004,MEX,22.5,-112.5,0,0,0,0,0,70,0,5
2004,MEX,23.5,-114.5,0,0,0,0,0,8,0,0
2004,MEX,23.5,-113.5,0,0,0,0,0,99,0,0
2004,MEX,23.5,-112.5,0,0,0,0,0,0,0,4
2004,MEX,24.5,-113.5,0,0,0,0,0,0,0,2
2004,MEX,25.5,-113.5,0,0,0,0,0,14,0,0
2004,MEX,22.5,-114.5,0,0,0,0,0,15,0,0
2004,MEX,23.5,-112.5,0,0,0,0,0,0,0,2
2004,MEX,24.5,-113.5,0,0,0,0,0,1,0,6
2004,MEX,25.5,-114.5,0,0,0,0,0,1,0,140
2004,MEX,25.5,-113.5,0,0,0,0,0,0,0,3
2004,MEX,24.5,-112.5,0,0,0,0,0,13,0,271
2004,MEX,25.5,-113.5,0,0,0,0,0,5.5,0,52
2004,MEX,25.5,-112.5,0,0,0,0,0,5,0,111
2004,MEX,25.5,-113.5,0,0,0,0,0,4,0,20
2004,MEX,25.5,-112.5,0,0,0,0,0,0,0,4
2004,MEX,26.5,-114.5,0,0,0,0,0,1,0,6
2004,MEX,26.5,-113.5,0,0,0,0,0,9,0,198
2004,MEX,27.5,-114.5,0,0,0,0,0,0,0,5
2004,MEX,25.5,-112.5,0,0,0,0,0,2,0,0.5
2004,MEX,26.5,-114.5,0,0,0,0,0,2,0,83
2004,MEX,26.5,-113.5,0,0,0,0,0,9,0,329
2004,MEX,24.5,-112.5,0,0,0,0,0,8,0,38
2004,MEX,25.5,-113.5,0,0,0,0,0,3,0,98
2004,MEX,25.5,-112.5,0,0,0,0,0,6,0,36
2004,MEX,26.5,-114.5,0,0,0,0,0,14,0,145
2004,MEX,26.5,-113.5,0,0,0,0,0,0,0,12
2004,MEX,24.5,-112.5,0,0,0,0,0,10,0,68
2004,MEX,25.5,-112.5,0,0,0,0,0,0,0,89
2005,MEX,15.5,-117.5,0,0,0,0,0,7,0,25
2005,MEX,16.5,-117.5,0,0,0,0,0,54,0,118
2005,MEX,18.5,-115.5,0,0,0,0,0,0,0,5
2005,MEX,16.5,-117.5,0,0,0,0,0,11,0,60
2005,MEX,18.5,-115.5,0,0,0,0,0,0,0,18
2005,MEX,18.5,-114.5,0,0,0,0,0,0,0,25
2005,MEX,16.5,-117.5,0,0,0,0,0,6,0,9
2005,MEX,23.5,-112.5,0,0,0,0,0,1,0,81
2005,MEX,24.5,-113.5,0,0,0,0,0,0.9071847,0,1.814369
2005,MEX,24.5,-112.5,0,0,0,0,0,2,0,65.95806
2005,MEX,24.5,-112.5,0,0,0,0,0,6.907185,0,121.5658
2005,MEX,24.5,-113.5,0,0,0,0,0,2,0,3
2005,MEX,24.5,-112.5,0,0,0,0,0,33,0,127
2005,MEX,25.5,-113.5,0,0,0,0,0,5,0,22
2005,MEX,25.5,-112.5,0,0,0,0,0,38,0,263
2005,MEX,24.5,-112.5,0,0,0,0,0,13,0,1
2005,MEX,25.5,-113.5,0,0,0,0,0,44,0,6
2005,MEX,25.5,-112.5,0,0,0,0,0,107.5,0,138.5
2005,MEX,26.5,-114.5,0,0,0,0,0,20,0,0
2005,MEX,26.5,-113.5,0,0,0,0,0,13,0,22
2005,MEX,26.5,-112.5,0,0,0,0,0,5,0,13
2005,MEX,27.5,-115.5,0,0,0,0,0,0,0,2
2005,MEX,30.5,-116.5,0,0,0,0,0,8,0,0
2005,MEX,22.5,-112.5,0,0,0,0,0,3,0,3
2005,MEX,25.5,-113.5,0,0,0,0,0,89,0,19
2005,MEX,25.5,-112.5,0,0,0,0,0,15,0,7
2005,MEX,24.5,-112.5,0,0,0,0,0,18,0,2
2005,MEX,25.5,-113.5,0,0,0,0,0,46.15639,0,40.84361
2005,MEX,25.5,-112.5,0,0,0,0,0,11,0,4
2005,MEX,26.5,-114.5,0,0,0,0,0,31.3296,0,29.6704
2005,MEX,26.5,-113.5,0,0,0,0,0,0,0,4
2005,MEX,25.5,-113.5,0,0,0,0,0,49.081,0,13.919
2005,MEX,25.5,-112.5,0,0,0,0,0,55.30156,0,52.69844
2005,MEX,25.5,-112.5,0,0,0,0,0,42,0,3
2006,MEX,22.5,-109.5,0,0,0,0,0,1.164603,0,9.835398
2006,MEX,29.5,-116.5,0,0,0,0,0,4,0,9
2006,MEX,26.5,-114.5,0,0,0,0,0,34,0,178
2006,MEX,27.5,-116.5,0,0,0,0,0,2,0,12
2006,MEX,27.5,-115.5,0,0,0,0,0,10,0,11
2006,MEX,27.5,-114.5,0,0,0,0,0,2,0,2
2006,MEX,29.5,-116.5,0,0,0,0,0,2,0,5
2006,MEX,29.5,-115.5,0,0,0,0,0,1,0,1
2006,MEX,25.5,-113.5,0,0,0,0,0,0,0,3
2006,MEX,25.5,-112.5,0,0,0,0,0,0,0,12
2006,MEX,26.5,-114.5,0,0,0,0,0,1.552804,0,7.447196
2006,MEX,27.5,-116.5,0,0,0,0,0,0,0,25
2006,MEX,27.5,-115.5,0,0,0,0,0,10.54042,0,24.45958
2006,MEX,27.5,-114.5,0,0,0,0,0,11,0,6
2006,MEX,25.5,-112.5,0,0,0,0,0,18,0,5
2006,MEX,26.5,-113.5,0,0,0,0,0,32.3292,0,30.6708
2006,MEX,24.5,-112.5,0,0,0,0,0,0,0,3
2006,MEX,25.5,-113.5,0,0,0,0,0,29,0,0
2006,MEX,25.5,-112.5,0,0,0,0,0,58,0,20
2006,MEX,26.5,-114.5,0,0,0,0,0,7,0,13
2006,MEX,26.5,-113.5,0,0,0,0,0,54,0,27
2006,MEX,25.5,-113.5,0,0,0,0,0,13,0,82
2006,MEX,26.5,-114.5,0,0,0,0,0,2,0,7
2006,MEX,26.5,-113.5,0,0,0,0,0,17,0,24
2007,MEX,23.5,-112.5,0,0,0,0,0,1,0,0
2007,MEX,25.5,-113.5,0,0,0,0,0,0,0,2
2007,MEX,26.5,-113.5,0,0,0,20,0,0,0,0
2007,MEX,22.5,-112.5,0,0,0,0,0,0,0,2
2007,MEX,23.5,-112.5,0,0,0,0,0,0,0,2
2007,MEX,24.5,-112.5,0,0,0,0,0,0,0,19
2007,MEX,25.5,-112.5,0,0,0,0,0,0,0,29
2007,MEX,24.5,-113.5,0,0,0,0,0,0,0,4
2007,MEX,24.5,-112.5,0,0,0,0,0,0,0,65
2007,MEX,25.5,-112.5,0,0,0,75,0,0,0,60
2007,MEX,26.5,-114.5,0,0,0,2,0,0,0,26
2007,MEX,26.5,-113.5,0,0,0,5,0,0,0,0
2007,MEX,27.5,-114.5,0,0,0,0,0,0,0,8
2007,MEX,24.5,-112.5,0,0,0,0,0,3,0,0
2007,MEX,25.5,-113.5,0,0,0,0,0,6,0,9
2007,MEX,25.5,-112.5,0,0,0,0,0,55,0,14
2007,MEX,26.5,-114.5,0,0,0,0,0,10,0,145
2007,MEX,26.5,-113.5,0,0,0,0,0,5,0,5
2007,MEX,27.5,-115.5,0,0,0,0,0,0,0,6
2007,MEX,27.5,-114.5,0,0,0,0,0,0,0,4
2007,MEX,25.5,-113.5,0,0,0,0,0,7,0,140
2007,MEX,25.5,-112.5,0,0,0,0,0,13,0,167
2007,MEX,26.5,-113.5,0,0,0,0,0,12,0,7
2007,MEX,27.5,-115.5,0,0,0,0,0,3,0,0
2007,MEX,27.5,-114.5,0,0,0,0,0,7,0,0
2007,MEX,23.5,-112.5,0,0,0,0,0,0,0,1
2007,MEX,24.5,-113.5,0,0,0,0,0,0,0,2
2007,MEX,25.5,-113.5,0,0,0,0,0,40,0,10
2007,MEX,25.5,-112.5,0,0,0,0,0,13,0,46
2007,MEX,26.5,-113.5,0,0,0,0,0,0,0,11
2007,MEX,25.5,-115.5,0,0,0,0,0,1,0,0
2007,MEX,25.5,-113.5,0,0,0,0,0,46,0,8
2007,MEX,25.5,-112.5,0,0,0,0,0,8,0,0
2007,MEX,16.5,-112.5,0,0,0,0,0,8,0,2
2007,MEX,23.5,-111.5,0,0,0,0,0,0,0,0
2008,MEX,23.5,-112.5,0,0,0,0,0,19,0,35
2008,MEX,23.5,-111.5,0,0,0,0,0,3,0,12
2008,MEX,22.5,-112.5,0,0,0,0,0,3,0,0
2008,MEX,23.5,-112.5,0,0,0,0,0,0,0,16
2008,MEX,24.5,-112.5,0,0,0,0,0,1,0,41
2008,MEX,24.5,-112.5,0,0,0,0,0,4,0,30
2008,MEX,25.5,-113.5,0,0,0,0,0,3,0,5
2008,MEX,25.5,-112.5,0,0,0,0,0,35,0,135
2008,MEX,26.5,-113.5,0,0,0,0,0,3,0,10
2008,MEX,26.5,-112.5,0,0,0,7,0,1,0,16
2008,MEX,25.5,-112.5,0,0,0,0,0,3,0,43
2008,MEX,26.5,-113.5,0,0,0,0,0,2,0,5
2008,MEX,26.5,-112.5,0,0,0,0,0,0,0,5
2008,MEX,27.5,-114.5,0,0,0,0,0,60,0,21
2008,MEX,25.5,-112.5,0,0,0,0,0,19,0,25
2008,MEX,26.5,-112.5,0,0,0,0,0,0,0,2
2008,MEX,27.5,-114.5,0,0,0,0,0,40,0,5
2008,MEX,24.5,-112.5,0,0,0,0,0,0,0,5
2008,MEX,25.5,-113.5,0,0,0,0,0,13,0,43
2008,MEX,25.5,-112.5,0,0,0,0,0,9,0,9
2008,MEX,26.5,-114.5,0,0,0,0,0,0,0,6
2008,MEX,26.5,-113.5,0,0,0,0,0,1,0,3
2008,MEX,27.5,-114.5,0,0,0,0,0,15,0,4
2008,MEX,25.5,-113.5,0,0,0,0,0,35,0,36
2008,MEX,26.5,-114.5,0,0,0,0,0,34.32707,0,34.67293
2008,MEX,19.5,-112.5,0,0,0,0,0,3,0,15
2008,MEX,19.5,-111.5,0,0,0,0,0,0,0,7
2008,MEX,20.5,-112.5,0,0,0,0,0,4,0,10
2008,MEX,25.5,-113.5,0,0,0,0,0,10.88622,0,21.86525
2008,MEX,25.5,-112.5,0,0,0,0,0,12.81437,0,10.25748
2009,MEX,16.5,-117.5,0,0,0,0,0,84,0,15
2009,MEX,18.5,-112.5,0,0,0,0,0,7,0,28
2009,MEX,16.5,-117.5,0,0,0,0,0,4,0,0
2009,MEX,23.5,-112.5,0,0,0,0,0,1,0,20
2009,MEX,22.5,-112.5,0,0,0,0,0,0,0,12
2009,MEX,23.5,-112.5,0,0,0,0,0,1,0,49
2009,MEX,24.5,-112.5,0,0,0,0,0,0,0,10
2009,MEX,23.5,-112.5,0,0,0,0,0,0,0,62
2009,MEX,24.5,-113.5,0,0,0,0,0,0,0,2
2009,MEX,25.5,-113.5,0,0,0,0,0,0,0,2
2009,MEX,25.5,-112.5,0,0,0,0,0,0,0,12
2009,MEX,25.5,-113.5,0,0,0,0,0,0,0,65
2009,MEX,26.5,-112.5,0,0,0,0,0,0,0,4
2009,MEX,25.5,-113.5,0,0,0,0,0,6,0,51
2009,MEX,26.5,-114.5,0,0,0,0,0,0,0,6
2009,MEX,25.5,-112.5,0,0,0,0,0,3,0,5
2009,MEX,24.5,-112.5,0,0,0,0,0,1,0,4
2009,MEX,25.5,-113.5,0,0,0,0,0,4,0,12
2010,MEX,16.5,-117.5,0,0,0,0,0,0,0,1
2010,MEX,17.5,-117.5,0,0,0,0,0,9,0,0
2010,MEX,22.5,-111.5,0,0,0,0,0,0,0,1
2010,MEX,24.5,-112.5,0,0,0,0,0,0,0,2
2010,MEX,24.5,-112.5,0,0,0,0,0,0,0,81
2010,MEX,25.5,-113.5,0,0,0,0,0,0,0,68
2010,MEX,25.5,-113.5,0,0,0,0,0,0,0,16
2010,MEX,25.5,-112.5,0,0,0,0,0,0,0,75
2010,MEX,25.5,-112.5,0,0,0,0,0,8,0,57
2010,MEX,24.5,-112.5,0,0,0,0,0,3,0,16
2010,MEX,25.5,-112.5,0,0,0,0,0,27,0,32
2011,MEX,22.5,-110.5,0,0,0,0,0,3,0,65
2011,MEX,23.5,-112.5,0,0,0,0,0,0,0,20
2011,MEX,23.5,-111.5,0,0,0,0,0,0,0,5
2011,MEX,23.5,-112.5,0,0,0,0,0,0,0,82
2011,MEX,24.5,-112.5,0,0,0,0,0,0,0,10
2011,MEX,26.5,-113.5,0,0,0,5,0,9,0,57
2011,MEX,27.5,-114.5,0,0,0,1,0,0,0,0
2011,MEX,26.5,-114.5,0,0,0,7,0,0,0,0
2011,MEX,25.5,-113.5,0,0,0,0,0,1,0,0
2011,MEX,24.5,-112.5,0,0,0,0,0,1,0,0
2011,MEX,25.5,-113.5,0,0,0,0,0,0,0,1
2011,MEX,26.5,-113.5,0,0,0,0,0,3,0,11
2012,MEX,16.5,-117.5,0,0,0,0,0,9,0,8
2012,MEX,16.5,-117.5,0,0,0,0,0,26,0,1
2012,MEX,22.5,-111.5,0,0,0,0,0,0,0,1
2012,MEX,23.5,-112.5,0,0,0,0,0,0,0,5
2012,MEX,24.5,-112.5,0,0,0,0,0,0,0,2
2012,MEX,24.5,-113.5,0,0,0,0,0,0,0,4
2012,MEX,25.5,-113.5,0,0,0,0,0,0,0,33
2012,MEX,26.5,-114.5,0,0,0,0,0,0,0,29
2012,MEX,26.5,-113.5,0,0,0,0,0,0,0,38
2012,MEX,25.5,-113.5,0,0,0,0,0,9,0,11
2012,MEX,25.5,-112.5,0,0,0,0,0,8,0,0
2012,MEX,26.5,-113.5,0,0,0,0,0,0,0,2.2
2012,MEX,27.5,-115.5,0,0,0,0,0,0,0,8
2012,MEX,27.5,-114.5,0,0,0,0,0,0,0,4
2012,MEX,24.5,-112.5,0,0,0,0,0,21,0,8
2012,MEX,25.5,-113.5,0,0,0,0,0,40,0,18
2012,MEX,25.5,-112.5,0,0,0,0,0,20,0,3
2012,MEX,23.5,-112.5,0,0,0,0,0,10,0,50
2012,MEX,24.5,-112.5,0,0,0,0,0,11,0,29
2012,MEX,25.5,-113.5,0,0,0,0,0,16,0,13
2012,MEX,25.5,-112.5,0,0,0,0,0,4,0,2
2012,MEX,27.5,-115.5,0,0,0,0,0,0,0,2
2012,MEX,27.5,-114.5,0,0,0,0,0,0,0,1
2012,MEX,23.5,-112.5,0,0,0,0,0,3.922784,0,11.07722
2012,MEX,24.5,-112.5,0,0,0,0,0,35.55144,0,66.44856
2013,MEX,22.5,-111.5,0,0,0,0,0,3,0,4
2013,MEX,22.5,-110.5,0,0,0,0,0,10,0,17
2013,MEX,22.5,-109.5,0,0,0,0,0,0,0,14
2013,MEX,22.5,-108.5,0,0,0,0,0,0,0,4
2013,MEX,23.5,-112.5,0,0,0,0,0,0,0,14
2013,MEX,24.5,-112.5,0,0,0,0,0,0,0,76
2013,MEX,24.5,-113.5,0,0,0,0,0,0,0,30
2013,MEX,24.5,-112.5,0,0,0,0,0,0,0,154
2013,MEX,24.5,-113.5,0,0,0,0,0,6,0,146
2013,MEX,24.5,-112.5,0,0,0,0,0,0,0,2
2013,MEX,24.5,-113.5,0,0,0,0,0,38,0,82
2013,MEX,25.5,-113.5,0,0,0,0,0,2,0,7
2013,MEX,25.5,-112.5,0,0,0,0,0,0,0,1
2013,MEX,26.5,-114.5,0,0,0,0,0,2,0,5
2013,MEX,25.5,-113.5,0,0,0,0,0,0,0,2
2013,MEX,25.5,-112.5,0,0,0,0,0,15,0,0
2013,MEX,26.5,-115.5,0,0,0,0,0,1,0,1
2013,MEX,26.5,-114.5,0,0,0,0,0,1,0,7
2013,MEX,24.5,-113.5,0,0,0,0,0,4,0,6
2013,MEX,24.5,-112.5,0,0,0,0,0,23,0,19
2013,MEX,25.5,-113.5,0,0,0,0,0,0,0,17
2013,MEX,25.5,-112.5,0,0,0,0,0,1,0,5
2013,MEX,26.5,-113.5,0,0,0,0,0,1,0,14
2013,MEX,24.5,-113.5,0,0,0,0,0,2,0,11
2013,MEX,24.5,-112.5,0,0,0,0,0,5,0,42
2014,MEX,23.5,-112.5,0,0,0,0,0,27,0,30
2014,MEX,25.5,-113.5,0,0,0,0,0,3,0,3
2014,MEX,25.5,-112.5,0,0,0,0,0,4,0,20
2014,MEX,25.5,-113.5,0,0,0,0,0,2,0,11
2014,MEX,25.5,-112.5,0,0,0,0,0,1,0,17
2015,MEX,23.5,-112.5,0,0,0,0,0,28.5,0,28.5
